date,text,headline,publisher
1842-12-06,"Q1- DR.. PETERs'S ELOZEN0Es.-The srcat ana
constantly increasing demand for Pcters Medicsied Io
zenges and the vast number Of almost miraculous
which they have performed has created great excite
men not only In the city Of Gotham but throughout the
Union Peters Lozenge for the cure Of coughs colds,
scarlet fever have rival His Worm Lozenges are
certain safe and pleasant remedy and children them
with avdty and ask for His Cordial Lozenges are
Appetite for the ofsck and headache low
spirits melancholy papiraon of the heart sickness
&c. His Cahartic Health Lozenges, for the cure of
bilious fevers fever and ague dyspepsia liver complaints
jaundce female distractions heartburn cosvensss &C.,
beyond all doubt the most valuable and scientific
medy for the above complaints ever yet discovered.


But il like guiding refined gold and painting the lilly
TO euogise Pstsrs Lozenges for the world has decided
on their merits, and, as people prefer living to dying,
Peterss Lozengcs 70 ahead


Principal ONCE i3o Fulton, corner Of Nassau Streets",,The New York herald. [volume] (New York [N.Y.]) 1840-1920
1842-07-10,"WAGES OF SNAn intelligent, interesting, and amiable
looking young lady arrested in this city the other


lay on charge Of destroying her born infant She
is one of respectable family in Rutherford county where
her educer also resides and he would feel cry indignant
at any one who should question his responsibility and
good standing She stated that she deceived and be-
trayed 10 her ruin by promise ofmarrsge and showed
letter upon which she based the vain hope that the
derer OF her peace would yet marry her. But this hope
one of other evidences that her guilt and its
quences had affected her It is altogether probable
that her infant was born dead-a least there evil
dsnce to the contrary and the nvestg defeated
by her escape.-NashpiHe Union.",,The New York herald. [volume] (New York [N.Y.]) 1840-1920
1842-09-11,"SIGNOR L. MARTINI having succeeded in bringing thu
- delightful instrument INTO extensive nnd isvorabis notice
Europe; developed the powers aud capabilities Of
the instrument IA Elementary aud Practical TIeatises
which been extensively adopted ~ France and England,
bees inform the public generally, inst he about
publishing copou extracts from he above works yheh VIII
shortly b., issued from the Press of Nless Fi'b Hall


SIGNOR MAR TIM will be happy 10 sIse instruction IN
the playing the Accordion, his residence 20 Canal
street or reside Pupils And ne ttefs
that those Ladies aud Gentemen who may avail themselves
his pofe will make rapid and agreeable advan
ces as his method is simple, clear and progressive


MI Inn","TO THE Amateurs OF THE
ACCORDION!",The New York herald. [volume] (New York [N.Y.]) 1840-1920
1842-12-31,"GARD AND AUCTION. .NOTICE.-Messrs; BELL 3
~ HOWARD (Thomas Bell and Robert Howard) give no.
tce their friends and the public that the Auction and Com
mission business all its branches and will be continued and
carried usoa and the honorable the old
stand No 30 Ann aud lis Fulton streets Liberal advances on
goods consigned for Certain sales and prompt
can depended on The regular sale Of Furniture
Of all descpons takes place Wednesday and Saturday
Dry goods clothing fancy articles Tuesdays aud Fdays
Out door sales Of groceries, furniture and all descriptions Of
property ate ndsd to. BELL & HOWARD,


de lmsec THOS. BELL, Auctioueer",,The New York herald. [volume] (New York [N.Y.]) 1840-1920
1842-10-05,"CITIZENS OF the It'll and 10th Wards you lovers of fine
Oysters II you are would take great pleasure
commencing call friend Mr. Thoms,W Wat
No 90 Division street known the Washington Oys
Houe) where will always find the finest
Oysters that the market affords well every other species
Oyster of most flavor together with every delcacy
OF the season.,


His also Is furnished with Liquors Of the finest quality,
having the direct from the importer and his inferior
sod in any other public place of entertainment


Mr. WATSON has for many years been favorably
and has always been most In his endeavo
his friends and the ublc all occasions whenever they have
honoTed him with their patronage,


hs we are certain will sufficient to recommend the wor
thy proprietor Of the Washington Oyster the
ton of his uptown friends. who will still find him harpy
them with refreshments all hours cheap and


OF",OYSTERS.,The New York herald. [volume] (New York [N.Y.]) 1840-1920
1842-10-05,"II 2O2 Broadway.


The which have been charged for fashionable
Clothing has led the subscriber adopt the cheap
and ne offers fit gentlemen with the finest Cloths
made up with Heatne aud despatch The very lowest
prices Having made for the finest
Enss Cloths Cassimees and Vestings from first hands, he


nanord them low he most experienced cutters are en-
strangers visiting the city have full suit made up
short notice.


Fall and Winter Clothing ready made Of every variety quail
ity and STYLE ofhe latest fashions aud warranted fSran
will do well to call before purchasing elsewhere


2g Imissr EDWARD FOX",PUT'MONEY IN THY PURSE.,The New York herald. [volume] (New York [N.Y.]) 1840-1920
1842-12-03,"THIS Academy established years under the pa


of the former Intendeni General the Island and
other distinguished Of the nobility and merchants Of
tins city: Its conducted the plan OF the German gvmna
sis and the method of tuition the nterrogarve All the
scholars the English language many of them
speak il habitually and fuently


The Principal has the experience of schools France Ger
many, England, and the United States His chief aim
give the youth entrusted to his practical knowledge OF
thosc branches of poll education, winch required in all
active careers, and are applicable 10 any. 49,
The course OF study therefore, compehenas the English
Erench German and Spanish languages History Geogs hie
Natui Philosophy the practical part OF Mathematics and
Drawings Of ysrions kinds.


Professors Of divers and reside the
and all the classes receive rotation instruction
nom the director


Such signal attended this plan of tuition
vea OF the pupils under elve years OF ages write and
TWO foreign languages perfectly Ineligible and
those oil nper years, correctly and easily.


The acquisition not only Of the Spanish but also OF other
anguages thus placed within the reach Of the youth OF the
lnquh the many advantages which from anEngsh ed
ucauon The object Of the Principal in desiring to receive
youths from the United States facilitate the requirement
oil the Eng accent for his Spaph pupils which service
would be douby repaid them by by the latter and to introduce
here the manly spirit Of the English schools The young cit
mate the house being and airy situated
spot at short from the city and within Its
limits fine bath and complete gymnasium for the preservation
OF the pupils health Two Youths lately arrived from Germa-
n.y. have passed the in the school In perfect ah As
the principal married and his wife and sister have
charge of the junior children received
age but tsat Of infancy.


Every pupil enjoys his religious opinions undsurbed
The $500 three months adj
vance There ex'ras except clothes nd books
Reterences-MESSRS. CHAS DRAKE * BROTHERS.


ALEXANDEa MORALES, ESQ.,,","ENGLISH SCHOOL.


HAVANA, ISLAND OF CUBA.
CHARLES DIINNE WATERI.AND pRINCIPA",The New York herald. [volume] (New York [N.Y.]) 1840-1920
1842-03-02,"ITO THE PysLIC-$soo REWARD.-Ths late repeated
toas,y circulated that Andrews celebrated Combination
Lock had opened picked and which thus far have been
character Of some pausbity BY which means upright


been their sanction aud counte


10 such REPORTS The Amer Bank Lick ConpxT there
fore with The Of esns the auesen u away to put The
natter beyond contradiction have decided TO place Of
Apdrews Combin, lsck upon iron safe enclosing
certified check for Five Hundred Dollars which amount shall
This check certified and draw able to the order Of
city the key Of the Lock and to whom reference
ia made 80 -


be bya fair open and honorable list none other
by arts Of chicanery and trick (Which with be exposed be-
comes upon the creduy acd ignorance Of
the decepon: The AMERICAN Ban. Lock Compsry BY this
bnaton Lock hch thus far whstood every test and
has saved banks from robbery and rain In doing
other Locke their being to prevent an shsctua bar


The thest will remain exposed in the Exchange Reading
Room for two months from this date.","AMERICAN BANK LOCK COMPANY.
.aNDREW'S AMERICAN LOCK.",The New York herald. [volume] (New York [N.Y.]) 1840-1920
1842-06-18,"PATH HOUSE, LONG ISLAND.-This long and well
- known boarding and bathing establishments having
Gently undergone numerous which the
erection of several elegant osues upon the margin Of
the open for the reception Of company during the
The great extent of private beach this shoee
perfect security bathing for ladies' and Children 1.-THE
bathing houses being within throw of the
the shady cool and delightful locust adjoining the house


the peaap rides in the surrounding the excellent


fishing grounds and other of heahu recreation aud
beautiful view of the All nc and the
arriving outward bound render this situation in every
spec unequalied by in the vicinity Its
ample the airy aud the temperature in the
days of anything but oppressive. The
from Brookyn the BY stages a, honrs accommodated
to business render peculiarly well adapted residence for
gentlemen of busir SIS in New York.


jel2 zmer WILLIAM BROWN, Proprieor",,The New York herald. [volume] (New York [N.Y.]) 1840-1920
1842-06-18,"From TURKS ISLAND. Captain Wells of the Indiana,
ofthis port which wrecked last month her passage
hence to Jamaca the Cacos arrived home yesterday
via Alexandria Captain Wells left Turks Island the
3Oth u On that day, another Of the Roy Mail steam
ers from England, via the WIdwsrd Islands, stopped at
Turks Island The steamer Tweed had come up from lee
ward and sailed again for Jamaica with the passcna
which were on board the steamer Medina wrecked on
Turks Island. The furniture, sc. saved from her,
sold last MONTH the Purser buying most of il in. Captain
Wells succeeded in saving about hundred barrels Of
the 1ndana cargo which sold for the gross Of about
$4,000 but after paying salvage TO the wrcckc and other
expenses the nett balance was only about $1,000. We
learn from Captain Wells that the salt akings lately had
been very unfavorable owing to wet weather, and the
stock on hand very light-Phiia3. Gaseffe, June Is.",,The New York herald. [volume] (New York [N.Y.]) 1840-1920
1842-05-28,"Before Judge Noah and Aldermen Martin and Jones


MAY 27.-A satternly looking woman named Eleanor
Orr, was convicted OF stealing Britannia pot and five
silver spoons valued at 1913 from Asa Whiting No 23a
Third Avenue and sent for six months. rough alley
customer, named William Morrow, found guilty of
stealing fifteen hats valued at SIS from John Durbrige
ofNewark n. j. The hats had been left at the Barclay
street ferry house from whence he them


He was sent for months One of the regular army
gin grcnadcrs named Mary Johnson, up for 90
days for stealing dress from Rachel News of Centre
street Frenchmen, named Joseph Valngoski, having
been caught stealing pilot cloth overcoat worth So
was sentenced to 80 days Margaret Kane hard
while little toddied stole half dozen knives and forks
from Patrick Murray, who keeps a stand in Chatham
squire, was sent up for 60 days. Sarah Bunham girl
OF the pave who has become nebrsed sot was tried


for stealing several articles wearing apparel Emma
Poe another of the fral class discharged


OF N Nye Hall ESD who stated that she subject TO fits
OF partial insanity, when aboring under the influence Of
liquor. She was sane enough TO put of the unmen-
tonabes her person. whore found when she was
arrested Jane Hall charged her husband Isaac Hail.
with cruslly heating her when drunk He having been
sent twice before for the offence the Court sen
fenced him to six months Catharinc Keeer who had
sided with Catharnc Butler sentenced TO the CITY
Prison for 30 days for stealing ock from her employ err
Margaret Clinton, whose husband is in the State
Prison charge of burglary up for 90 DAYS
for stealing merno shawl from Archibald MKnnev Of
l6i Anthony street. Hannah Jackson, Gilbert Paiten
and George Slocum blacks charged with assault and bat
terry, were discharged also boy named Charles
stewart, who stole chicken from James Rhodes 53l
Greenwich street, and William Saul who stole 80 pounds
of pig lead from Thomas Rowe 81 Third street",Special Sessions.,The New York herald. [volume] (New York [N.Y.]) 1840-1920
1842-05-31,"90 HONOR TO WHOM HONOR IS DUE.-We
cannot find words big enough with meaning this
sion to express our feelings Of gratitude Dr. Flem


ing for his Incompatible candies they beyond all
doubt the best medicines for the diseases they profess
to cure that known to the publc they purely
geabe and are sold for the trAing of shilling


stick His Diarrhea Candy is speedy for all bowel
complaints mild in its operation and agreeable the


His Worm Candy will in short time relieve the most OBJ
stnate case of worms both in children and adults His
Catharc Candy most useful in all where ply
Is necessary His Dinner Tonic Candy will most citec


uay relieve from cosveness fullness distress after
eating heartburn, &C. For sale at the Office 1876 Nassau
2l8 Broadway.",BE wise to-day-'tis madness to defer.~,The New York herald. [volume] (New York [N.Y.]) 1840-1920
1842-08-16,"EOR FOUR YEARS has fully tested the extraordinary vr
i tues Of DR. ShERMAN's INDICATED LozsN-
sarsiaclien 70 sll who have used them.


PHYSICIANS AND CLERGYMEN,
Lawye froiessors, rich and poor high .nd lowin fact
neay ahe whole American people, have given them Their
every part OF the ksown world.


us hunter Smith R'gep Wander pool, Scott, and four
shesas Lozenges, daily, in their practice Shermans Me
seated ozsnges sold by the ounce but always
ooSes with his same attached The Doctor being educated
aud experienced physician and aber Of the Medical So
ciely OF the city New York. gives his prepa
ratioss that no others enjoy


COUGHS, COLDS, CONSUMPTION,
Asthma Tgatness Of the Chest, Whoopmg Cough Cough
tending Measles and all affections If the Lungs immed
ately renewed by Shsmsns Cough Lozsnges They entirely
cure all recent few hours often the alarm
ing cases OF Consumpton Yield BY magic TO their happy
been gwen up as incurable.


WORMS CAUSE DEATH


without their ever being suspected Children
am adults oiton suffer much from them when box of Sher
mans Worm Lozcnges would give them immediate relief
Hundreds 81 instances have 10 knowledg- where
Physicians trying their skill vain aud resorting last
the only nope TO Semans Worm Lokenges which have
stored them 70 health and happiness How often have moth
ers called at the warehouse and poured forth their thanks and
blessings Tor the restoration OF then dear beloved spring,
Never before has perfect remedy been discovered for tbs
tire eradicaion OF all kinds of worms.


HEADACHE PALPITATION,
Lowness OF Spirits Fatigue Painting DesI ondsn Nervous
DISEASES generally, and Sea Sickness all subject the
curative properties OF Shemsn Camphor Lozenges They
severe eadaehes Sc In fact they ope
rate like chm and should without them,
as they are nibe in sickness Persons subject fa-
gue OF attending crowded parties, will find them relieve
Waehouse JOG Nassau street Agen s-Church's 1888 Bow
cry; Sands n East Broadway. and Chsmbe.s and
Broadway; codngon 2 Hudson Rashon and Aspinwalls
Boston, and Ledger Buildings Phlsdelphia. aulGr",EXPERIENCE,The New York herald. [volume] (New York [N.Y.]) 1840-1920
1842-08-16,"Qy- THE REAL NEUTRALITY-SUSPICIOUS.
CROWDS most Unprecedented crowd of visitors
thronged the American Museum the whole Of Yesterday
and last evening"" the most of whom drawn thher by
the that Mr.. Griins Mermaid caught
the Fejee Islands, to be there Probably less
than four Ave thousand ladies and gentlemen visited
yesterday and including nauralists and scientific men,
the expression OF surprise and satisfaction universal
1t is decidedly the most wonderful curiosity ever
brought to this country and notwithstanding the liberal
manager pays thousand dollars for the privilege
hibng it one week, have doubt he will ten
times that amount during the week. Wnchell, Celeste
Rosae the GPsey Girl and hosts of curosties are here
all for 25 cents.


0J- CHATHAM THEATRE.-Thorne being deter
mined to render his theatre the elegant the Union
has postponed the reopening until Monday the odd inst
as the extensive Improvements that making will not
be completed before that time. drama of deep and
interest and for which",{ry- THE REAL ACKNOWLEDGEMENTS,The New York herald. [volume] (New York [N.Y.]) 1840-1920
1842-10-28,"IMPORTANT Political MOVEMENT We have re-
celved the albany Tocsin,'' the organ of the
abolition party, and find that these crazy-headed
chaps have nominated candidates for Governor of
New York, Lieutenant Governor, Senators. for all
most every dlstrict-aDd members OF assembly fer
nearly every county Avah Stewart is candidate
Tor Governor They are organizing all over the
State, and profess TO be able TO poll 10000 votes.


In Ohio. Shannon, the democratic candidate was
elected by similar ACCOMPLISHMENTS plurality
being about 1000 and the aboitlonists polled 1000
mostly taken from the wings If the aboitonists
only poll as many in New York on the 9Th Novem-
Der, they ciN most asswedly deteat Bradish and the
phig party Such a result seems now almost his
tory. Alas poor wings how you do mismanage
your affairs The coon is coming down the tree,
and Captain Scott may save his powder",,The New York herald. [volume] (New York [N.Y.]) 1840-1920
1842-06-02,"Mt medicines discovered have rapidly in
IN lar estimation Peters Lozenges and for the sufficient
reasons that none the time pleasant the
taste their operations and certain their effects
the result Of chance hut OF experience
and tested by for the whose


been voted the study Of and whose UNI
,ersay known the varying and combining Of them
without parallel gave his entire attention for whole year
the perfecng of and made his discoveries pubic
unit, they beyoad the reach the requson OF improve
PETERS WORM LOZENGEs.


These dcsderaums long required They are SO
that they may eaessly administered the youngest i
and medicine heretofore discovered can be named
ia comparison with IL destroyer OF worms has an at
traction which they resist and having once
they become powcess and die The orm Loxenges
doses sufficient produce cstrtic
effect The attention especially sohced ihiAsor
- '' PETERS COUGH LOzENGES.


For coughs colds whooIng coughs and all pulmonary COM
plants Truly invaluable sr,cie aud must be
cesu used directed Neither do they keep patti. in
suspense relieve them almost proving their ecacy
be fore the passed away from the mouth Dr. Peters
the readers trial Of this and will hazard his reputation
."" PETERS CORDIAL LOzENGEs.


Dr. Peters amo speak 81 these Lozenges they
deserve lest he e.od sarte ne readers creduty, for
claiming for them tire Of nvgoatng the mind Of dis
peng melancholy and low spirits Of ubmng the inaeina
on of strengthening the Of sweetenng the bes
giving thercuno bamy and OF almost instantly
curing the adachr aud correcting affections he at
them virtue which they do no! FULLY possess In
equal 10 anything yet for sickness tonng
the stomach and Sharpening the appetite


DIR. PETERS


I-ECET1RIE SHILLING STRENGTHENING","DIR. PETERS INDICATED


IOZENGES.",The New York herald. [volume] (New York [N.Y.]) 1840-1920
1842-09-29,"90 TRUTH MORE STRANGE THAN FICTION
How many would have doubted, amongst those
who practised as surgeons and dentists well 90 ton
seurs in bygone times that possible for art to gain
such victory nature to the bald head turn
grey hair from its deathly color make the red deep
auburn and the brown glossy black until the invention
of the Tricophorous by Clirehugh. But not only IN


its victory over but its assistance nature that the en-
cacy of the TTcophorous is versally
for scru and dandru prevents the bad eeets o.
warm climates on the head and despite of mans artificial


life keeps the hair in its natural pristine beauty God
besutied the face with hair"" and when disease or any
other renders it weak grey or Cnre
knowledge of the Uranium and construction ofthe hair
along with his acquaintance with chemistry can remedy
the defects freaks or decay oil nature Hsprlncipal
Office 10 305 Broadway, up stairs",90 TRUTH MORE STRANGE THAN FICTION,The New York herald. [volume] (New York [N.Y.]) 1840-1920
1842-09-29,"07- THE HAlR.-It has been demonstrated that oils
and oily mixtures positively injurious TO- the human
hair Sprtuous preparations, extracts Of tonic roots and
slim uants strengthen the roots and cause the hair TO
grow rapidly of its natural color and the gray dead
hairs plucked out they will not come in grey when
using proper apple to keep the hair free from scurf
and stimulate the roots action. All oily matter has
directly contrary effect relaxing and facilitating the very
vessels that should strengthened The Balm Of Column
ba we have heard exolled far above any other articles for


this purpose; and the fact notorious that is becoming
ndsPensabe article for the toilette and OF the ladies
In particular Its perfume makes it desirable article TO
all wheher the hair needs preserv not


the hair grow fast and curl beautifully. There is an
immense quantity of this article sold. Those who have
used other articles have abandoned them for this This
the only original article and recent invention has
vet began to equal it. We say all this from
viction Of its truth Call at ii Maiden lane where it may
he had.",,The New York herald. [volume] (New York [N.Y.]) 1840-1920
1842-10-07,"So UNITED LINE OF NEW ORLEANS
NM PACKETS The only regular packets for the


above port The splendid last sailing packet ship
LOUISA, Capt Leavi will sail ON Monday, the 10th Octo
Der, positively, passage free.


The LOUISIANA and HOLMES lines having united for
the Of forming line sail five days. and having
commenced their regular trips under such sangemens
about the above port will fail 10 the adyan
be derived from taking passage this line they will
thereby delay which always the with
silent ships
For PASSAGE in cabin second cabin, steeg, which
low, apply board, Orleans wharf foot Of Wallstreet,



VISIT TApsCoTT. (, Peck Slip, or to",,The New York herald. [volume] (New York [N.Y.]) 1840-1920
1842-10-30,"HOW Patronise the City Cash Tailoring Establishment
IL 202 Broadway.


The which have been charged for
Clothing has led the subscriber adopt the cheap system
and he offers fiji gentlemen with the finest Cloths
made with and despatch the lowest
prices Having made aange for the finest
English Cloths Cassmeres aud Vesngs from first hands he
afford them low. The most experienced cutters
and he pledges himself to give entire satisfaction
Strangers visiting the city have full suit made up
short notice.


Fall and Winter Clothing ready made OF every variety quail
and STYLE ofthe latest fashions aud warranted 10 hStran
""a Imissr EDWARD FOX",PUT MONEY IN THY PURSE.,The New York herald. [volume] (New York [N.Y.]) 1840-1920
1842-09-13,"FOR FOUR YEARS has fully tested the extraordinary
Z tues Of DIR. SHEKMANs, INDICATED LoZEN.


PHYSICIANS AND CLERGYMEN
Lawyers pIosssoIs. rich and poor high snd ow-in fact
e he sre
every part of the known world.


Drs. Hunter, Smith. Rogers Xanderpool, Scott and four
Shermans Lozenges daily in their practice Sheman's Me-
dcaed Lozenges sold by the but always
boxes with his attached The Doctor being educated
ce,y of the city Of York. gives character prepa
''''' INC Go 81 CHS COLDS, CONSUMPTION,
tending Measles and all affections f the Lungs immed
atey relieved by Sheman Cough Lozenges They entirely
all recent few hours and often the alarm
influence of the Rev. Mr. Anthony the Rev.


Mr. Sreeter and hundreds of others, where they had
'e' "" WORMS CAUSE DEATH


To thousands without their ever being suspected Children
and adults often suffer much from Them when box OF Sber
mans Worm Lozenges would give them immediate relief
Hundreds Of instances have knowledge. where
persons brink grave wasting away and the
Physicians trying their skill van and esortg last
the only hope Shermans Worm Lozenges, which have
called the Warehouse and poured forth their thanks and
blessings for the restoration OF hsr dear beloved
Never before has perfect remedy been discovered for the
tire eradication of all kinds Of worms


HEADACHE, PALPITATION,


Lowness Of Spirits Fatigue Painting DesI ondency Nervous
Diseases generally, and Sea Sickness all subject the
curative properties of Sheans Camlhor LozeDges. They
he adache &c minutes. In fact they ope
like CHARM and person should without them
they nalbe sickness. Persons subject IA
tgue, attending crowded parties, will find them relieve


Warehouse LOG Nassau street. Agens-Churchs 1888 Bow
Sands ~ East Broadway and Chambers and
Broadway; Codngton 227 Hudson; Rushon and Aspnwas
three stores and 39 Fulton street. Brooklyn State street,
Boston, and Ledger Buildings. PHILADELPHIA auI6r",EXPERIENCE,The New York herald. [volume] (New York [N.Y.]) 1840-1920
1842-09-13,"MADAME RESTELL'S PREVENTIVE POWDERS;


These valuable Powders have been Universally optsd
in Europe but France particular forupwards thirty
as well as by this country being the only mild
safe ecacious remedy for married ladies' whose health
forbids a rapid increase Of family. .


Madame Restel is well known wis for thirty years Fee
male Phvscan m The two principal Female Hospitals Eur
rope-those vienna and Parswhere favored her
xperence and opportunities she attained celebrity
those great medical science specially adapted
10 the female frame which her medicines stand
vailed well this country as in Europe Her acquaintance
her-by tracing the decline and i'll health Of married Iemscs
dian Of life and the rapid and
often apparently nexplicable ,auses which consgn
fond mother their
r1ye knowledge of the of female ndispos
tions-especay Of married femSles-whsch 1908, led
the discovery her celebrated Preventive Powders
Their adoption been the OF preserving only
the health but the life of many aectonate wife and
fond mother.


The advertiser feeling the importance OF this subject
tmatng the vast dement's resulting thousands by their ado
ton, would most fully the attention Of tn


red by all that they hold and DEAR their considerations
is not wise and vrtuous TO evils which sub
jset by Simple and healthy means within control Every
,nsly answer the affirmative Price five dollars package,
accompanied with full and particular directions. They
can be forwarded b. mail &c part the United States All
letters must be paid, addressed MADAME HE'S
TELL, Female Physician Principal office, iis Greenwich
street, New York. Office hours from sAM. clock NJ
Boston Office No. Essex at. Al",TO MARRIED LADIES. 8,The New York herald. [volume] (New York [N.Y.]) 1840-1920
1842-09-13,"THE ATTENTION OF ALL Suffer- ing under any of the


of diseases whether protracted
is DIRECTED to Doctor Jordas specific No for the
of Gonorhoea elects and all urethra discharges and
course No2 for the prompt and permanent eradication Of We
nerea diseases These specially designed enable
the effect satisfactory without
pcion which end each package contains medicine
for the guidance safety of the patient accompanied BY
DR. Jordans private treatise, The Monitor-wheren iull
directions with plain description of the nature symptoms
consequences and estmen of secret maladeshs remedies
their different sages-w valuable information
full hints and advcc-suted alike the
lids and those who having heretofore been unfortunate,
either contemplate marriage have recently entered Hs that
state


"" The price of the Monitor cens-One dollar post.
paid will free The each $30
teed effect cure without further and admirably
from their and compactness and will be forward
ed secure from observation.


10 Sold for the Proprietor only Drug GO Prince
street, of Marion blocks Of Nibos Marion
continuation of Centre. au2O msr","MEDICINES.

PRIVATE CURE.",The New York herald. [volume] (New York [N.Y.]) 1840-1920
1842-09-13,"FURNISHING STORES,


Is MAIDEN LANE AND $40 BROADWAY.
| |. COX beg respectfully inform their friends and
81 housskeepers generally, that they opening
extensive assortment of choice goods consisting of Gra
does Tor candies, Lamps every description, rich
Clocks and Clocks for kitchen use, table and Cutlery Ja-
uanner, Plated Wares Dixon Sons Britannia Ware
Fire Irons block Tin Ums, Dish Covers &c together sh
general articles their line, which they
induced 10 offer at very low prices for cash.


Persons about TO purchase should omit call and
for themselves large assortment of the newly
Patent Solar Lamps, Just received.


They continue To manufacture Silver Ware all its variety
n. b. They also beg inform their friends public
generally that thy have opened at $40 Broadway
Leonard street. branch OF their establishments any of
the above articles can be had the prices Maiden
lane,


They have for sale, article of Polishing Pow der SUI
peor thing hitherto discovered for cleaning silver
plated ware, plate glass, &c. $40 2wr
CHEAP NEUTRALITY-SUSPICIOUS. of mahogany, rose
~ wood &c., for family of the city and vicinity
also orders executed the Southern market large assort-
ment constantly hand All furniture manufactured is war
raned OF the best quality, the elegant aud Ane
and European patterns less than the usual
prices account of having small and
by the proprietor himself and the first
fore he is enabled oil orders with despatch
raned workmanship Furniture every description repaired
and renovated 10 look equal new-charge extremely mode
Ia


The public will obige j. DESSOlR with call in their Al
ley between Franklin and White Tae above Alley
lays between Broadway and Elm street.


~ BAH appointments by letter puncualy attended


SO",cons,The New York herald. [volume] (New York [N.Y.]) 1840-1920
1842-09-13,"4 FEW IMPROVEMENTS have been made anon Fi.L;s


a fatan Novelty Cooking stove rendering impossible
that any difficulty should with managed he
who has had the Of coos
stove The Novelty Stove the only cookstove which has
been within the last three years. upon entire new


principle all others being combination Of old plans yemodtd
bearing
the sale without any regard utility economy. The No.
yey Stove warranted in all cases every purpose
for which il mended may be returned and the
money will be refunded The which much larger than
common perfect brick The fixtures which mum
Der and owing the peculiar construction of this
are neatly twice lame be used any other of the
same size Among the fixtures large boiler


ing 80 gallons ~ barrels large rotary griddle which will


bake SO ordinary sized buckwhe cakes large
oven suitable for baking large oaves of bread Of
suitable for sized kettle, from 2bareI cadron small
brass kettle The Stove only needs be examined
any that its perfect and pc cuar all
culinary purposes fully merits the high favor which has
Stove Establishment, 2os Water street The public


toned not To be deceived by those who advertise their
as being the principle Of tn Novelty Stoves
stoves made this principle xcepASy Messrs. Fisk,
their legally authorised References given the
200 WateStreet to eight hundred who have them


this ala lmer","IMPORTANT TO
III OU S e. * f. EPE RS",The New York herald. [volume] (New York [N.Y.]) 1840-1920
1842-09-01,"The MORMON DIsCUssIoN.-We have received
several articles against the continuance OF
the Mormon disclosures, now under way by Doctor
Bachelor and Doctor Bennett, somewhere up
town. One writer says that these lectures are too
lcenous for the age; and that if they are continued
both the apostles deserve tar and feathers"" An
other says that there will be in attendance ten tho
sand loafers and rowdies Friday night to hear
the lecture describing the secret practices of Joe
Smith and that unless the Mayor shall have the
Police duty, it may lead to rows and riots. These
hints are certainly worth attending to.",,The New York herald. [volume] (New York [N.Y.]) 1840-1920
1842-06-05,"ARRIVAL OF THE GREAT Observation-Disclosures
lycIDENrs.-Captain Keane gave very handsome
entertainment yesterday on board the British Queen.
The Belgian Minister, Mr.. Serruys, Mr.. Haght, the
new consul to Antwerp, number of officers of the
navy and Army, and large company of ladies' and
gentlemen Of the city, with several strangers were
present. The collation., very rich and munifcent
one, was served in the state cabin. Among the
tments Gin which the ladies' We're not forgotten),
Captain Keane toasted the Belgian Government and
her minister, when MIR. Surruys replied with 6 the
President and the American people"" In the midst
of the hilarity, while Captain Hughes Of our army,
was making very pretty response, in behalf OF the
sense his part, TO toast just given, 1t was an
nounced that the Great Western alongside =
my wife's on board"" said the captain, when the
company Immediately went deck the rigging
was all manned, and three cheers were given to the
Great Western. She came up in fine style. Captain
IIoskin answered with his trumpet, the hail of Capt
keane. Captain recognized, among the passengers,
his beautiful wife, who stood upon the quarter deck
Of the Western with her young boy in her arms and
in few moments more they were more agreeably
near The interview was refreshing and affecting,
and all who were husbands and fathers were de-
lighted We wish the Captain and his lady renewed
and continued happiness, and hope the Queen and
Western will always meet on such pleasant after
noon. H3MrG FT s",,The New York herald. [volume] (New York [N.Y.]) 1840-1920
1842-05-19,"Correspondence ofihe Herald.l


a MOBILE, May II, 1872
JAMES GoRDoS BENNETT ESQ


DEAR SIR


The mail this morning came through from New
York, with dates Of the Sd inst, but containing no
news OF interest except the Rhode Island difficulty
which suppose will all end in nothing Business
with us has now nearly closed most Of this States
crop having come to market, and the greater part
already sold for export. BY the first of next month
business will be entirely over, and even now many
merchants are leaving for the north. Where they
raise the money to take them away, the Lord only
knows, having done nothing this winter but COM
plain OF hard times. The annual encampment of
the Mob lie volunteers commenced Yesterday, and
will last for three days, during which time carous-
ing Is kept up continually. On the last day grand
ball is generaliy given in the encampn,ent, which
many ladies attend. The Theatre has closed for
the season, and fear has been losing business to
the .proprietors, who hardly deserve pity, having
employed such miserable stock company In the
course of the there have been very poor stars
here. Mrs Fitzwilliams. Blackstone, j. S Brown,
Butler, the Seguins and Manvers; the first and last
Of whom drew during their engagements very full
houses The season closed with the benefit of Miss
Nelson, alias Mrs. Hodges. b.",,The New York herald. [volume] (New York [N.Y.]) 1840-1920
1842-05-19,"/ Ofnoi
- quality for sale lots purchasers reasonable
rxic-s, by Nj. RAIDER, t6 Chatham street.


milo Inns
TORT LEE PAVHLfON-This beautiful and summer


residence and in readiness for the reception of
visitors the housc being fitted FOR gentleman boaders and
private parties STEPfIEN ANNFTT the proprietor Of the
his thanks nds and public
patronage him the and he
himself by his usual and attendance his bu
sin-ss please those honor him either boarders
visitors The bar fitted with the choicest liquors wines
Reshcs aud rcffeshme hand all Private
with dinner the shortest


Target excursions and military companies, be furnished
with dinners and wine short notice.


The public may depend the boat running according to her
alvcrtisemen


Refer advertisement the Sun PAPER for the trips the
boat during the month of May The steamboat Boston
md Aurust.",2OO dCO Ia Norma segnrs,The New York herald. [volume] (New York [N.Y.]) 1840-1920
1842-09-26,"4 FEW IMPROVEMENTS have been made upon Fisks
N paant Novelty Cooking Stove, rendering impossible
that difficulty should with when managed
who has had experience in the of kind of
The Novelty Stove the only cook,tove which has
been got MP within the last three entire
pattern bearing name incentive increase
the sale without regard TO utility economy. The No
velty warranted all
Cor which recommended. may be returned and the
will be refunded The which much than
perfect brick The fixtures which
neatly twice as be used upon any other Of
Among the fixtures large boiler,
30 gallons Ia barrels, large rotary grdde, which will
bake 50 ordinary buck cakes once; large
suitable baking large loayes OF bread;
suitable any sized kettle from barrel cadron small
any perfect simplicity aud peculiar adaptation
culinary purposes fully merits the high which has gain
all whs For sale only Fsks
Stove Establishment, 700 Water street. The public
toned deceived by those who verse their
as being the principle Of tn Novelty Stoves"" as no
their legally authorised References the store
eight hundred who have them
10 IN thus city alslm-
IvKENCH La NGUAGE.-The veIy fatterng encourage
thus far bestowed Professor Mous the
of ms pGp consequent the proficiency they have
ed time undet has tdon has induced him lower
his FERNS from s2 $40 per quarter thus placing the oppor
gusge snn the Of any LADY gentleman wishing
acquire language midi pensable good education. His
generally approved by the ladies gentlemen
abty whom he has had the honor of
Three Glasses edy formed. those persons may
desire with them, should do TINS favorable



Professor Mouls' rooms at No. 1913 Broadway.


IL IN","SELF COOKING PISTOLS.

IMPORTANT TO
III @ II = 4, X T. e. p e Z S",The New York herald. [volume] (New York [N.Y.]) 1840-1920
1842-03-08,"""Rejoice not against me- O ! mine enemy when fal
shall arise, when sit in darkness the Lord shall b.
light unto me-""


More pure the gale where the wild thistle
His mountain banner on his stemy tower,


Than odorous breath Of cultivated bower;
More true to nature DER its armed spears,
The mountain rose its lonely chalice bears,


Than many folding cups Of CHERISHED flower;
And, traversing those W lids with silvery shower,
Fen winters moon more clear and free appears!
Such is thy sister Of the northern hills,
Less honored, not less holy bowed with ills, 4
But not destroy ed-pure branch of the true vine,
Drinking her nurture from the barren rock,


or pitiless elements she braves the sheck,
And hath less earthly beauty-more divine.",The Church OF Scotland.,The New York herald. [volume] (New York [N.Y.]) 1840-1920
1842-03-08,"Cold. cold, the wind comes DER the hill,
With wild and shrieking tone
II choketh the breath, and it sends chill
To the marrow Of the bone,
Who would come forth in night like this,
Save one Of q lawless trade
Yes, there Is form that braveth the storm,
Poor Mary, the maniac maid
Fast, fast, falleth the big thick rain,


And the sleet in ziz gag fight;
II lasheth the cheek with tingling pain,
And almost blindeth the sight.
Who's 10 the spirit that quails not now,


The heart that is rot afraid
Yes, there is voice doth the more rejoice
Poor Mary, the maniac maid","Poor Mary, the Maniac Maid.",The New York herald. [volume] (New York [N.Y.]) 1840-1920
1842-03-08,"The trial Of the captain and mate Of the shin
Henry Clay, for cruel punishment of VIM. Boneli,
was postponed till next term


Tho Grand Jury came into court with true bills
against Frederick Holmes, Jane, whitlock, Mi
chacl Norton, Sydney Fox. Hervey F Hall, and
George Williams, for revolt and mutiny on board
the ship Hibernia, during her recent veyage-also
Leighton, sent from the Cape Of Good Hope by the
American Consul, for revolt and mutiny ON board
the ship Herald: The Jury also stated that they
had dismissed the complaints against Eibert Her
against the captain and mate OF the Henry Clay,
for assault with dangerous weapon, and against
Patrick e. Morton, for piracy.","u, 3. Clreu lt C00rt.
Before judge Belts,",The New York herald. [volume] (New York [N.Y.]) 1840-1920
1842-03-08,"OLD ESTABLISHED PASSAGE OFFICE


No OIL South street, New York.


THE subscriber his


appears before his friends with sincere


aspect for the able support he has received for many year,
He wise wishes IT, call the attention OF those intending
- send for their friends in England Ireland Scotland and
Waiep that they all times be accommodated BY
nne BY weekly opportunities from Liverpool well BY
Ell the well known different lines Of packet shus sailing
I'D from Liverpool the It'll, sth 18th, and2sh Of each
month, thr oughout the year.


has always study of the subscriber tohave the
migrants shown ciyy and dispatched without delay; and
Aese who send for their friends satisfied that
and dlent attention will be given BY the Liverpool
Agents to those sent for well all embark with
hem and should OF those has been paid
p:xembsk the MONEY will be refunded without
subrcrber feels pleasre maknp known the different
sps BY which his passenge during the last year
which has given general and that has consider
ahy extended and concluded his for the year","r. n0WEhL, cos LINE;
4SeWELL,S, WEST POINT AND COZ

NkW fOKK AND LIvEkPOoLC COMMERCIAL LIN


OF PACKETS.
~ 70 g. lSs u m ,&.",The New York herald. [volume] (New York [N.Y.]) 1840-1920
1842-10-17,"O}- TO ALL TIE WUHLD WHO USE LEA
TIER IN ANY FORM:-Oh oil Iannn, or Leather
Restorer, new Chemical Discovery


Most people know that skins and hides are converted
into leather by the use Of Tannn extracted from certain
barks, &c.


When the force and strength OF the Tannn worn out
leather becomes dead hard dry brittle cracked covered
with crust nc. This all KNOW 10 restore theh lie.
crust hy bliser-restore the tannn This substance
the leather never can receive the second the
whole virtues Of are in this article the OIL oil Tannn
which penerates the stfes and hardest leather mas
been twenty years in use and II II tears easily with the
fingers imparts at once strength tn utterly mere
dible until 1t becomes like new leather in all re-
spect with delightful softness and polish and makes
all leather completely and perfectly impervous 10 water


particularly boots shoes carriage tops harness. hose,
trunks and in fact all things made OF leather GIVING
splendid polish even higher than new leather has and al
least doubling its wear and durability in whatever man
ner the leather is used These are facts


To OF their rath man try ing the article","ny- TO ALL THE WORLD WHO USE LEA.
TIER IN ANY FORM.-On Of Tsnnin, Leather",The New York herald. [volume] (New York [N.Y.]) 1840-1920
1842-10-17,"90 In these times OF retrenchment and reform, those
Inclined economical carry their wishes into
execution by visiting the New York Museum. Novelties
and attractions the order OF the day This week
most wonderful Dwarf is aged being only thirty six
inches high. Also Mr.. Collins, the celebrated comic
singer and Mr. Wright whose alseo voice is universally
admired He the garb of female and represents
the character faithfully and withal makes such
good looking lady, that the men unacquainted with
his they would be likely to fall in love with him. Mr.
Delarue Miss Rosalie, Master Young the wire volane
dancer appear. Museum, curosites picture gallery anu
all for one shilling.


90 Let lover of the curious, the useful and the
amusing, forget the American Museum this week. In
addition the collection Of curiositss which
extensive than those Of any five Museums in America the
inimitabe and eccentric Dr. Valentine is engaged and
will give his comic delneations, including his celebra-
ted and unequaed buresque chronological Lecture the
most affair lisenedto. We have ALSO Miss
Hood the charming vocalist La Petite Celeste the dan.
seuse, the Gypsey Girl &C. The wonderful Italian Au.
tomaton Figures engaged another week, and give
their astonishing and sughable performances every after
noon and evening, ..",,The New York herald. [volume] (New York [N.Y.]) 1840-1920
1842-10-17,"NIBLos.-This elegant establishment was never
better graced than Saturday evening, for the be-
neft of the French Benevolent Society. The saloon
was crowded in every part, by the very elite of our
city the flower of our beauty and fashion. How
calm must have been their slumbers, knowing they
had been clothing the naked and feeding the hun
cry! The committee deserve all praise for carry
ing the praiseworthy measure through so efectualy
Tonight Madame Javel makes her first appear
ance in America. She is said to be the first rope
dancer in the world. The whole Ravel family also
appear in the first act of Jocko, and the never-fa
ing Night Owl. The attraction is great.",,The New York herald. [volume] (New York [N.Y.]) 1840-1920
1842-09-16,"THESE eines indebted for their e mani
of life and enduring them with renewed and In
hundred certned which have been made public
in almost every species disease which the human
frame is liable the happy effects OF Dr. Moa Lie Fills and
lodged by the enetted ard who previously
acquainted with the beautifully phlos )p cal principles
which they ounded and which they
ly ACT.


The Life Incidents recommend themselves in diseases of
Their first
from the of stomach and bowels the impure


and crudites constantly settling round them; and
the hardened faces which COLI the conyoluons of
the small ntesns Other medicines only partially cleanse
these leave collected behind produce
habua with all its trim of evils, sudden ar
rhea with imminent dangers. This fact is well known
all regular anatomss, who examine The human bowels after
death; and hence the prejudice of these well informed
against quack linesoT medicines prepared and heeed
TO the public by ignorant persons.


The second effect of the Life Medicines Gle the kid
and the bladder and by this ans, the liver and the
lungs the heahiu of which entirely depends upon the
regularity of the urinary organs. The blood which takes
passes into the heart being thus purified by them, and
ished by food coming from clean stomach, freely
through the VEINS part OF the system and tn
umphantly mounts the banner of health.


Dr. Noatt Vegetable Life Medicines have been thorough
Il tested and pronounced sovereign remedy for Dyspepsia
Flatuiency Filtration of the Heart Loss of rpete Heart
burn and Headache, r. slessness, LangonT, and Me!
ancholy Costveness, DiarTh9a Cholera Fevers of al
Kinds Rhe nmatism rout Dropsy of all kinds, Gravel,
Worms. tima aud Consumption Scuryy. Ulcers lnyeler-
tive comp ,ints SAlvw Cowiy and other DISAGREE able CO
pie xions, Salt Rheum Erysrlas Common Colds and lnu
Distinctions lrregnarty and all arrangements of TIE
Fe male System, Bilious Fevers Piles, Fever anu Ague and
sale by the proprietor, DR. WIN. ID. MOFFATT.


sl0 IsssEr SIS Broadway. n. Y.",DR.. MOFFATT'S,The New York herald. [volume] (New York [N.Y.]) 1840-1920
1842-09-16,"TAKE NOTICE !!!-NEW AND GREAT INVEN-
l. TION.-kRAN CfS'S HIGHLY IMPROVED MANI
FOLD WRlTER-By this wonderful invention letter aud
duplicate can written operation, with and
greater facility Than single letter with ordinary pen aud
ink.


To the mercantile professional and travelling part Of the
community, this truly invention Is of inineNaue
saving of TIME TROUBLE and The prin
advantage 10 be derived from the manifold writer that
OF the document he kept without additional
trouble to the and without necessity either
iukstand pen The instrument used for writing
agate point consequently never wcais by For banks
Offices merchants, OF business generally law
editors public officers and all who
may be DESTROYS of ese cops OF their letters documents
&c it'll immense OF timc and the satisfaction
having exact of what they have written this will be
found invaluable.


Fnciss Manifold Writer has been in successful opera-
tou years during which the proprietor has had the
of the .uniegned appreciation of all whose
has under AT he late air the Anne
Institute merits of the article examined
by three of the able chemists IN the country who
liable change color by
chemical agents. Consequently medal awarded by the
Institute.


The proprietor has lately great improve ncnts in this
United States beng made for the Mani old writer expressly
his order. The ruling of them, which has for
thought impossible has at length been bou h perfection
for which copyright has been secured The copying books
bound variety of forms and
so cents upwards.


and Country Merchants in general will fluid it to
their advantage to procure the article, they with
ready sale liberal deduction nade 10 those who buy by
wholesale.


Newspapers magazines throughout the country copying
the above entire hOut alteration inr lnng
this notce) and giving twelve inside ons shall
ceiye copy subject TO their order by sending paper
tanning the adv the Office of the ubsc iber


LEWIS FRANCIS, SO William street


slS lw~r Corner Maiden Lane, New York",MlSCELLA NEOUS.,The New York herald. [volume] (New York [N.Y.]) 1840-1920
1842-09-16,"MADAME RESTELL'S PREVENTIVE POWDERS
1hese invaluable Powders have been universally adopted
Europe France particular, orupwards Of thirty years
well by this country being the only mild
safe and ecacious remedy for married ladies' whose health
forhds rapid increase of family


Madame Reste is well known wss for thirty years Fee
male Physician IN the principal Female Hospitals in En-
ropehoe Vienna and Parswhere favorec ~ her great
experiecc and opportunities she attained mat ceebty in
those great medical science specially adapted
TO the female frame, for which her medicines stand unn
vailed well in this country as in Europe Her acquaintance
with the physiology and anatomy Of the female frame
her-by the decline and i'll health of iemsles
in the meridian OF life and the rapd and
often apparently inexpcabe sauses which consign many
fond premature graveto true sourcc-to ar
nve knowledge Of the p,ary Of female indsnos


onepecially 81 married femsles-which IN 1884, led 10
the discovery her celebrated "" Preventive Powders
Their adoption been the of preserving not on
the health, but even the life Of wife and
fond mother.


The advertiser feeling the mporasc this subject and ca
tmatng the vast BENEFITS resulting thousands their
would most respectfully atentc1 of the mar


ned by all that they hold and DEAR their consideration
Isl not WISE and vTtuous to evils which are
eet by simple and healthy within control Every
dspassIonc yirnous and enlightened mind will
nsy answer IN the Affirmative Price five dollars package,
accom- lnied win full and particular dire ctions. They
can be Forwarded By mail to part Of the United staes Az
letters must be post paid, aid addressed MADAME RES
TELL Female Physician. Principal office, Greenwich
Boston office NO. ESSEX ST Imsr",TO MARRIED LADIES.,The New York herald. [volume] (New York [N.Y.]) 1840-1920
1842-09-16,"A FEW IMPROVEMENTS have been made upon Fisls
~ Paan Novelty Cooking Stove, rendering impossible
that difficulty should with even when managed by
one had the OF kind Of


stove The Novelty Stove the only cook.tove which has
been got up within the last three years upon entire
principle all others being combination Of old plans remoded


pattern, bearing name an incentive to increase
the sale without any regard utility economy. The No
yey Stove warranted in all cases TO every purpose
for which ended be returned and the
money will be refunded The which much larger than
is perfect brick The fixtures which


neatly twice be used any other Of the
Among the fixtures large boiler
ing 50 gallons IA barrels large rotary grddle which will
bake SO ordinary sized buc cakes large
suitable for baking large oaves of of rngs
suitable for sized kste from barrel cadron to small


brass kettle The Stove only needs be examined
any that its simplicity aud peculiar adaptation all
culinary purposes fully merits the high favor which has gain
Stove Establishments 200 Water street The public


toned TO be deceived by those who advertise their
as being the same principle Of the Novelty Stoves
stoves made upon this principle exceph5y Messrs Fisk
their legally authorised store
20s to eight hundred persons who have them
in in this city. ala lm-r","MEDICINES.

IMPORTANT TO
HOJJSE X f. f. p r RS",The New York herald. [volume] (New York [N.Y.]) 1840-1920
1842-09-07,"SEPT. GA stubbcd, crook-legged darkev, named
Abraham Bostwick, was sent to the city prison for
John T. Bailey. Osman Broadmine, German,
convicted on. his own confession OF stealing
some clothing from the house of John W. Wieman,
and sent TO the city prison for thirty days fellow
named Michael Moran, sand carrier. without
shoes or hat, and but halt Shirt with black eye,
and more bruises about his face than Sullivan had
when he fought Bell was tried for beating woman
named Bridget Herman, who pummclled him with
black Junk bottle till his head was as black as
mummy. The Court sent him to the Pententlary
for three months. Charley Doughery, while drunk,


beat two boys named John Parker and VIM 4, 4;


Yates was found guilty. and sentence SUSPENDED ~,","Special sessions.

Before Judge Lynch and Aldermen Carman anc


Bonnell",The New York herald. [volume] (New York [N.Y.]) 1840-1920
1842-09-07,"Before the Recorder, Judge Lynch and Aldermen


Carnan and Bonnel.


SEPT. 6.-Francs Meyer, German, who arrived
in this country in February last, pleaded guilty to
stealing Is silver watches, diamonds, rubes, pearls,
ear rings &C., valued at 1884, and was sentenced to
the State prison for three years.


Alexander Ddnforth discharged, This well known
rogue who was arrested on the 10Th of July last on


charge of stealing silver lever watch of the value
of $50 from Samuel Dearborn, of the schooner Mas
sau, discharged the Grand Jury having dismiss
ed the complaint for lack OF evidence. This rogue
has already served one or two years in the State
prison.


HonordHy Discharged- A girl named Mary
McGill, who was charged by man named George
Wales, with taxing some few articles Of wearing
apparel from his premises, which were afterwards
found just where they were left, was discharged, the
District Attorney having entered nole proseq,si for
want of evidence Wales very prudently did not
appear to sustain his unfounded charges, and we UNI
derstand has left the city for Boston.


Disorderiy House.-A man named William Car
penter, who is as deaf as badger, was tried Tor
keeping dsorderly house at No. 90 Perry street,
and as counsellor McLaurIn said he could not de-
fend the case decently, as the witnesses gave a
very bad character Of the occupants the jury found
him guilty. and the court ordered him 10 be pre-
pared for sentence on Friday two weeks.


Forfeited Recognisances.-W William butcher, who
was indicted for highway robbery, in knocking
down and robbing Basil Banks of rs Centre street,
of $50 on the night of the 10th July last, and who
was baied out by Judge Lynch he having taken an
irresponsible man named Nathaniel Butler as secu-
rity, not appearing his recognzances were declared
forfeited, and both bail and rogue have therefore
escaped justice.


Andrew Burns, indicted for stealing property va
lued at $40 from John Reed, of the Boomingdale
Road. and who was baed by Anthony Conan,
was also called and his recognizances forfeited.


Ivers Barton, who was indicted for stealing SIS
note from Alexander Lang, baker, which had been
given him to get changed, and who was bailed by
James Osmore, not appearing, his bail was declared
forfeited.


Dennis Frie, indicted for stealing eight barrels of
flour from the tow-boat Western, and who was
bailed by John Docherty and James Mlldoon, not
coming to the scratch his bail was declared forfeited


Robert Giles and John Giles, indicted for beating
James Dougherty and Simon Groesbeck, John Ry-
der, alias William Valentine, for beating Alfred
Roath, not appearing, their recognizances for
feited.


Discharged. -James S. Fredercks, committed for
a grand larceny, was discharged, he having agreed
to ship and allow his pay to be given in return for the
goods stolen. The Grand Jury did not return bill
against him.","General Sessions.

Before the Recorder, Judge Lynch and Aldermen


CarInan and Bonnell",The New York herald. [volume] (New York [N.Y.]) 1840-1920
1842-11-13,"GO The Manager of the New York Museum has full
filed his promise, of manufacturing Fudge Mermaid
is formed of monkey and fish, skuy put together
render the deception difficult to discover. The pub


lie decide whether it is superior to the recently
exhibited Master Hughes and their sister the celebrated
WEIGH Harpists, engaged. The skill they evince
the harp VIOLIN and concerna, perfectly surprising
In finish and execution they vie with the most eminent
professors. The violin solo with the variations on one
string surpasses conception. The performer is perfect
Psganini in miniature; the infant Hyra, only three years
of age displays extraordinary ability the harp Miss
Rosale, Boyce, and Master Diamond, appear.",,The New York herald. [volume] (New York [N.Y.]) 1840-1920
1842-11-19,"The reduction ofhc currency Of the south from high
paper imitation specie lew with that of the of the
world has reduced the prices Of products level afford
ing now scarcely any profit and will in future years afford
than the ordinary average profit pro
duction. This simple fact carries with it the conviction
OF the utter insolvency fall those institutions whose cap
tas borrowed in Europe and reloaned rates of
terest varying from to l0per cent per This has
been done to the extent Of In period of
paper prices the production cotton and other
produce may yield sufficiently high nominal profit
the producers to pay 10 per cent for the of the
capital This has been the supposition, but have
proved aacy Most Of the Banks situated those OF
Alabama in particular boast that their loans draw high
rate of interest That very tact proves the worhessness
ofths loans they beggarng the country. As long
the debtors able to rake together the interest by
newed and extended loans will be paid; but every pay
ment brings the catastrophe much nearer Cotton
planting cannot pay even s. per cent for the of
capital and those who imagine that in Alabama 1t will
yield and above that tax a!sum sufficient support
the planter and ultimately pay the debt to the bank will
be entirely mistaken To do must yield per cent
per annum clear of all expenses On this result depends
the sovency of the Alabama banks with such prospect
the the Legislature puts them into liquidation the
better for all parties",,The New York herald. [volume] (New York [N.Y.]) 1840-1920
1842-10-28,"THE NEW JERSEY Railroad and Transportation Com
pany have established Freight Line between New
Brunswick and New York. which they intend perma
nenty.


ceped and the foot OF Lber tyeet New York. at IN NJ
To country dealers and the above line de-
Of every description, and particularly to DIoven and
Dealers Live Stock who $50 head Of cattle
ed between New Brunswick and New York, the day
whenever required


The for the transportation of cattle, HORSES mules,
sheep hogs Sc and all other kinds of merchandise are very
low, exceeding steamboat prices.


Merchandise b. this line not subject to any extra
charge i'll crossing the North River -
The Company fitted mp large storehouse at New
Brunswick. adjoining the Railroad Depot, which will always
eopen for the reception of merchandise ~
Passengers purchasing their tickets the ticket Offices, will
receive ieny tickets gratis.


q FreIsht fer Newark Ellzabethtown Railway, West
field PlAined Scotch Plains Boundbrook and Somervle
the above lines and delivered the day when
received auI4 3ms",,The New York herald. [volume] (New York [N.Y.]) 1840-1920
1842-08-19,"TsE NEUTRALITY-SUSPICIOUS. xPEcTED.-We are
perfectly satisfied that the present session OF the
legislature will end In a veto-with squalls, ""sus
pended animation"" appoplexy,"" and ultimate dis
order TO the credit of the State and all existing
banks.


Governor Seward will veto any apportionmen
bill, and the wings will electioneer on internal i'm
provements, and drive the democrats TO do the
same. The State will then run into more debt
call upon the banks TO loan their money-and boti
state and banks will run the same career that Penn
sylvania has done, and end where she has ended
Ohio is in fair way, and New York will sool
follow


The angel has not yet poured the seventh vial o
wrath over the country-h he is only drawing thu
cork. Prepare.",,The New York herald. [volume] (New York [N.Y.]) 1840-1920
1842-09-01,"I1AKOCZY WATER on the European continent has the
reputation OF being the chaybcate murac saline
known o the Medical Faculty.
The Rakoczy has acdulous saline favor, and being
powerfully rromove OF secretion and cxceticn, punfyer
strong solvent and the time strengthening without
heating acs like Wiesbaden aud Karsbad without inur-
ing the stomach) as durcc specifically upon the
liver the systna and uterine system, and diss
pang existing obstruction. The disorders and disc
which this manifested the decidedly
effects, the following al aflrccn Of the
banes and obstructons in the digestive organs
local debility combined III inactivity Of the
OF appetite haluency worms bio tedness
structions Ia the liver and systea hemorroida az
tections against which has proved medy
likewise against By hvpochondra spleen when based upon
organic affection disorders Of the chest and lungs aothna
nc attacks. from psgm and peei morbid deposits such
ten, ieguany IN menstuation, too scanty
menstuaiIon stenlity. nocalous henorhos, stus
80 far as these disorders originate from local weakness obtuc
tons and plethora sbdomnas; 81 obstinate rheumatic and
EQUITY affections. especially when at the time obstpc
sys,em are Uncovered ~ chronic diseases Of the cnay
the blsdd y plethora and obesity h) chronic
disposition 20 profuse perspirauon, susceptibility,
tendency colds ID giandula syelrgs indurators from
scrophula and other causes.
Regular shipments constantly received.


fresh suppy lust landed Venelis, via Rotterdam


Printed crcufi ,pd directions be


FL )i.IAN STRAUSS, 323 Pearl strict,


Sole Agent in the United States
To be had also Of NJ, Forenbach Of Rsade and u
"" AZ lmAr","MINERAL WATER,
FROM THE q GELEBRATED Royal BAVARTAN",The New York herald. [volume] (New York [N.Y.]) 1840-1920
1842-05-18,"ONE box Of ihese inestimeble Pills worth all The Quack
~ Medicines the world for the of disease.


If We examine tie n1nrr OF the above disease
and the situation of the PARTS affected consider
important object be able obtain remedy
tain action, and the composed of such
hent will the possibility discovery while
IT. fact well known to many that most of the remedies
offered for these diseases composed Of such
to render almost impossible continue their without
creating sickness the stomach other unpleasant
quence Such the there be doubt but such
remedy as VALIERs FRENCH PILLS viii NEE, the. uni
yera APPRECIATION, being entirely from those obi cciions
in their operation and prompt removing the disease.
The proprietor would here remark that the efficacy of these
Pills in the disorders alluded based upon suppo
on The CONTRARY il founded uon RATIONAL experience, having
used them practice for upwards
feel, confident of their superiority the remedies hitherto
employed


Sold az No. 20 Nassau 80 Broadway, and ~ North
sixth street. Phede, Frcc 81 per box mlB Imsc","New York, May iIth, lGi2. mlSr
VALIER'S FRENCH PILLS.",The New York herald. [volume] (New York [N.Y.]) 1840-1920
1842-05-18,"LAUNCH or The FALMOUTH SwAurEp-
launch of the United States ship Falmouth says
the Norfolk Beacon, while going from the Navy
Yard, with stores for the ship now lying in
Hampton Roads, and having on board Midship-
men Moore and Woodwork, with sixteen men,
was capsized in the squall of Friday evening last
and swamped off Craney Island, about three miles
from shore. They drifted with the boat until her
mast, about sixteen feet long, struck the bottom:
when they Were taken off by some fishing boats and
landed on the shore. after being in the water about
four hours. Mdshipman Moore lost all his clothes
which he had with him in the launch.",,The New York herald. [volume] (New York [N.Y.]) 1840-1920
1842-05-18,"To- SHE is SECOND FALSTAFF, BUT is
considered handsome. Two months since she red
haired and her face disgusting with euptons and eckle
We need not tell those who know her that her skin is
now beauniully clear and that she has fine dark hair
altered by using the italian Chemical Soap for the skin
and Jones' Oil Of Coral Circassia for the hair. Now
thesetwo articles sold by Jones of 80 Chatham eee
the most excellent things knew There is man
living in Mott street whose face like small pox with
pimple freckles &c. and this soap cleared IT, The Oil
need speak Of II is the best thing made for
the hair They both sold very reasonable For further
particulars advertisement headed ""a Miracle clear
the Skin"" and THE Human Hair Restored""",The Fat Lady I'm the broadway.,The New York herald. [volume] (New York [N.Y.]) 1840-1920
1842-10-02,"90 The celebrated Mr. Nellis, born without arms
whose performances have elected applause
from all who have him, is engaged this week tho
American Museum where thousands will flock see him.
These wonderful automaton figures also reengaged
besides Miss Hood La Petite Celeste Mr. Collins the prince
ofcomic singers the Mysterious Gypsy Girl and perfect
host of other novelties For the accommodation Of ladies'
and children, who cannot conveniently be attended by
gentlemen, the same performances given in the
evening will also be given every afternoon This is the
most neat and orderly place Of amusement in the city
Nblos only excepted attractions for 20 cents
without parallel.",,The New York herald. [volume] (New York [N.Y.]) 1840-1920
1842-03-31,"Till our own weakness shows us what we are,


Arthur NJ was the son Of one Of England,s
wealhies and Proudest and Nature had
her best gifts upon him as lavshly Fortune had
form and face ofAutnous like perfection were bat the
and his time properly employed had still intervals
which afforded him abundant opportunities of &C.
curing those lighter accomplishments which fair mai
dens value at perhaps too high rate; sought aerand
fatered he was need not be wondered that vanity
wa: awakened in him. and though restrained by the
poenes fhAnaure not TO lessen his aractivenesg
still had been fully aroused and he csntered by the
side of the fair mistress of his young heart and marked
the bright gances and the admrng which follow
must be owned that self lovs scanned as though


were about to enter the lists with the ether and purer


But there came change DER the unaloyed happiness
which ha had hitherto experiened-the roseleaf was
crumpled, and the dreams ofhe ybane disturbed


his friends remarked that while the outward cir
cumstances existed which had wreathed his face in
smiles that fsce expression which might have
been the effect OF steal suffering, but which they as
cribed to deeper seated cause; when questioned by
them he evaded giving answer, said their imagina-
tons had deceived them; after another, however,
his favorite active displaced by those
which he had before termed dull Chess suPplansd bill


ards and the club received Of his attention
than the horse and the dance At length in the height
Of love, and the season. he left London bury or cure
his GRIFFIN seclud ed villa his absence but BRIEF
he soon with all his former vivacy Of man.
nsI and beter far than that free from the vanity which


One evening. confidential friend with whom he vas
enjoying bottle Of wine in his dressing room asked
him for an explanation of these strange changes in his
character Arthur hesitated for while length thus
answered"" complaint hich have always consider
ed a. misersbly insign6cant rendered Of al
that dexterity and grace which much prided
myself and my vanity received death blow; when re-
hected upon how slender foundation built there
remained then he fault being cured only to subdus the
disease which had Effected the this will explain
ala"" he handed him small bottle, which he had taken
from his escritoire while speaking was labelled ""ays
Pile Lini snt.m


This 10 the article which has acquired 20 high
recaputation in this country Of late and be had At NJ
W. corner OF Ninth and Chestnut Streets and 8. E.
ner OF Third and Race streets and II Mai
den Lane, New York.


90 A NOTICE OF THE GRAND (FREE) CON.
CERT, at The Climax"" Saloon, in Ann street. last
night, shall appear TO- II will suffice now to
state that the LADY, who has just been engaged
there ELECTED from crowded and fashionable audience
the most rapturous plaudits and eneores.


90 ROCKWELL AND TURNER'S MAGNET.
CENT TRAVELLING CIRCUS 10 drawing tremsn.
dousy at the Bowery Amphitheatre. Napoleon Turner.
the Adons OF the troupe, and his brother Tim the irwin
chile horseman, both ride this evening. Besides the
reckless and frighul hersemanshp of Oscar Stone q
the Cumanchee Indian Gossin keeps the house con-
tnua with his failing merriment and thrice
told jokes The vanltng tumbling dancing posturing
every thing done by this inmtabe corps goes beyond
any thing ever witnessed. They trsveInext week.


90 SHERMAS's LozESGEs are geing II strong in all
the principal cities, coughs, colds headaches and all
nervous diseases yield Ia thu than to any ether
medicine. The Doctor be at his office, i06 Mas
sau street. his medicines be had Ledger Build
ings Philadelpha; State street, Boston, and Franck
Taylor's Washington City.","oo- THE FOLLOWING SKETCH IS FROM THE.
LONDON TINES =",The New York herald. [volume] (New York [N.Y.]) 1840-1920
1842-03-31,"90 There 10 an old man in this city-we dare not
give his name he lives in B-d street. Two months
last week. rich young heress, doomed The old
got BETTER but a. his face was famed and still had
erupions II, his skin was yellow, brown and an.
healthy; and worse STILL his hair ell fell OF the top Of
his hesd and the sides covered with rusty grey
hair burnt with fever and filed with danarG He now
looks young rakish and handsome his skin 10 healthy
and elearhis hair dark, clear and growing fast What
caused this The great Italian Chemical Soap cleared
his skin and Jones' Oil Of Coral Cireassa restored his
hair. This old refuses to give his mama These
articles sold the sign Of the American Eagle 80
Chatham street. Try them once",Base Inrrasis ude In an Old Man.,The New York herald. [volume] (New York [N.Y.]) 1840-1920
1842-08-20,"90 TO THE PUBLIC.-Having had occasion to visit
Hartford took passage board the steamboat Globe,
which was very pleasant and agreeable therefore,


would recommend her to the public boat worthy Of
patronage. She is new and strong built and owned by
the enterprising Connecticut River Company, and com
manded by Captain Roah gentleman long and familiar
ly known the obging and attentive captain formerly
of the steamboat Charter Oak who is assisted by the gen
temanly Mr. Wordsworth who together spare no pains 70
make every thing pass pleasant and agreeable To the
many passengers who travel in the favorite steamboat
Globe which provided with Life Boats and leaves the
foot of Beeknan for New Haven and Hartford every
Tuesday Thursday, and Saturday afternoons.


'' JEREMIAH FERRIS.",,The New York herald. [volume] (New York [N.Y.]) 1840-1920
1842-10-31,"Moses. All our suferings, at last, this happy day will
end Under the guiding hand OF Moses the Hebrews will
enter the long.promised land
.4aron The power OF Pharaoh Ow we may safely deny!


Enter an Tuaeiite in alarm.
Tsraele. We lost Pharaohs self is deserted with
numerous host pursuing Surrounded in this spot by his
forces refuge can now be left us but the depths OF the
Sea


T,raees (,cih eon,ena,ion Phsraohs host our stops
pursuing.
In Him then place your trust and abide his holy will
Follow the steps of Friend Of Father and fear
ye nought but of offending your God Over my soul de-
scendng fell at this dread moment strength that makes
more than mortal.


an. In thy power conding, Moses! we thee invoke!
Moses Aud Moses invoksth Israeps God


AIR CHORUS


(From thy bright starry throne. Lord
Noses )ArraydIn light for e'er,
knesiing With mercy now look down. Lord.


SAnd hear thy ChdreE's prayr!
Israeiitss. With mercy now look down Lord!


And hear thy Children's pray'r.


oh. hear oh, hear
Eiirene In thee, dread Lord connding
kneeling. 5 To seek thy aid we dare
final { Our wandering footsteps guiding,
Nnsslingo Now us from despair.
Israeiites. Our wandering footsteps guiding,


Now IRON despair


FuLL CHORUS.


From thy brig starry throne, Lord
(.4H >Arraydin light for e'er,
knssiins) With mercy nov look down Lord


And hear thy Chidrens pray'r!
.qnai (rising in alarm. What noise!
EHf. On Heaven!
Anal. Descending from the mountsin, armed men,
spreading wide, now rush into the plain
Ehz. They are advancing
final. Death is our lot!
Aaron. OF fight no means appear!
Lrastes 10 Moses upbraidinsy). Hast thou brought
forth from Egypt into the Wilderness TO diet Better
still have served in Egy pit than perish in the Wderness
Aaron How resist theml
Eiz Where fy1


Moses, stand still and fear ye not Behold and see the
of the Lord hch he will show to you this day.
for the Egyptians whom yon see, ye shall them
again more for ever.
advancing to the Sea, he extends his Rod over the
Waters when the pillows receding and curling up
on each side, divide, leaving free passage betw
them. Moses advances FIRST and Is followed In
der by the Israeites)
Israsttes Amazing! The Waters dividing the Sea
fecometh dry land. Loi behold! lsft,
right, the waves unto wall
(The lsraelites disappear, continuing their unnter
ruptod march through the midst OF the Sea-


Enter Pharoah, Mambre. andhe Egyptians.
Phar. Whsreunto they fed7 Within the roaring
Sea destruction have they sought -
Nam. No; through the parted waves yonder penoio
them making their way.
Phar. Let haste and their footsteps pursue anu our
swords dealing death, let us destroy al 'ne o'u'eo
80
pharaoh and the Egyptians enter the pain among the
Biows taken by the Hebrews MOSES, VINO, with
ha Israei,es has already gained the land stretches
Wv, -, 49, ever the Sea, when the Waters furionsly
$500 again together, the Egyptian host s drowned
While the Hebrews, with bright celestial glory
beaming on them, are discerned on the opposite bank
,rnisg thanks the Lord for their miraculous pre-


Solo .4ra'.
Sound the loud timorel DER Egypts dark Sea-
Jehcy yah hath trumphed, his people are free


(Repeafedin Chorus)
QuARTErr-.4nai, Aaron, Ehrens and Mosss
Sing for the praise OF the tyrant is broken,
His chsriots his borsemen all splendid and brave;
How vain was their boastng the Lord hsth but spoko
And chariot and horssmen are sunk IN thh wave


repeated in Chorus)


Qu.pTrTr Foul CHopus.


Sound the loud tmbrel. &c NC","SCENE II.
THv BORDERS OF THE RED SRA.",The New York herald. [volume] (New York [N.Y.]) 1840-1920
1842-10-08,"GO II always affords pleasure to speak favorable
of the American Museum. The immense collection Of
curosites which have been nearly forty years in the
recollection, and which fill six spacious halls
their utmost capacity is astefuly arranged and every
article labelled that strangers perfectly at home
there. That Museum is at the pride and ornament
OF our city, and independent of the performances az
fords great and pleasing study for all classes and ages in
the country. The entertainments in the saloon al
ways Of the very highest order, audaord rational
ment and real delight the intelligent audiences always
found there There is catch penny system carried
there's the contrary the pablo surprised that
much valuable attraction be afforded for the low
price Of admission. The lecture has been neatly
decorated and cushioned the manager sparng
pense where the taste and comfort Of his patrons
cerned Splendid day performances this afternoon",,The New York herald. [volume] (New York [N.Y.]) 1840-1920
1842-10-08,"SAD AccrDENr-BUr FORTUNATE REscuE.-Yes-
terday morning the steamboat Iolas was coming
up from Shrewsbury, Lieutenant Hunt Of the Navy
with another officer and thirteen men in a barge
attempted TO board her; when, by the mismanage
meht of the coxwain the barge came in contact with
the steamers wheel which instantly destroyed the
barge and left them all floating in the water; some
saved themselves by the wheel and some by ropes


but Lieutenant Hunt and six men went floating
astern. Passed Midshipman Bartlett of the Nays
passenger on board, rallied crew quickly and
launching the yawl OF the steamer from the upper
deck, was after them in moment, and succeeded IN
rescuing Lieutenant Hunt and all the men from
watery grave. One poor fellow was taken up from
beneath the surface quite nsensible, but was soon
resuscitated. Too much praise cannot be given TO
Captain Aaire, his crew. and all the passengers, for


their promptness and assistance in the rescue.",,The New York herald. [volume] (New York [N.Y.]) 1840-1920
1842-07-09,"Before Judge Noah, and Aldermen Leonard and Gcdney


July SJohn Walker, for nssaultng Robert Lewis, an
officer was sent to the city prison for days George
Zee black for stealing watch worth SIS from Captain
John Mckenzie was sent up for six months Solomon
Simmons, black, for swapping pistol in the face of VIM
Ores was sent Tor three months Joseph Clark wharf
rat sent up fer six months for assaulting female
named Mary Carson. John Smeley, for stealing pair
OF pants from John Diche for three months
Dennis Hurley for stealing piece Of satinet worth $40,
from the store OF SAITH sent TO the city prison for
thirty days only Sarah Wyse black, for stealing hat
from J. w Tottcn, sent up for month only John
McGrath, not the officer up for six months, for
beating bis wife.","Special Sessions.

Before Judge Noah. and",The New York herald. [volume] (New York [N.Y.]) 1840-1920
1842-07-09,"M AT FOIJR O'CLOCK THIS AFTERNOON A
rich salmagundi of entertainments will take place at the
American Museum for the accommodation OF families


strangers children and others who cannot venienty
attend in the evening The Gpsey fortunetellng girl
remains here vet together with many other novelties
This is the day and evening of the celebrated Banjo
player whitloc, and Master Diamond the King Of Ne
gro dancers. The Washingtoninns must have roaring
benefit Wednesday next Let every man, woman ana
shid come forward and give lit to cold water Bal.
ascends from the Museum Garden this afternoon az
halfpast five O'Clock.",,The New York herald. [volume] (New York [N.Y.]) 1840-1920
1842-01-31,"Verdict.


The closing scene OF this extraordinary drama,
exceeded in interest every other act of it, The Jury


went out about SIX at night, and remained out ten
hours. During that time large mob collected


around the City Hall, and knots and groups of per-


sons assembled all about the Park, discussing the
probable verdict and all the facts in the case Hour
after hour passed by, and the interest increased
All sorts OF rumors were afoat to the position OF


the Jurors, and the scenes in the Jury Room. The
officers listened at the key-hole and reported pro-
gres and it spread like wildfre through the crowd.
that the Jury stoed seven for MURDER three for man
slaughter, aud two for excusable homicide Then,
alter discussing it hour, they stood seven for MUIR
der, and five for manslaughter. Then they discussed


1t another hour and they stood ten to two and there
they seemed likely TO stand. There were, in short,
all sorts of rurlors about the vote in uryroom, but
nothing certain.


In the mean time, the Judge had returned, waited
till midnight, and then gone back home. Groups OF
anxious persons fingered about the Courtroom
The prisoner, tired, and worn out, gave way to
the impulses of nature, laid down on BENCH threw


handkerchief over his face, and slept soundly while
the Jury were deciding the fate of his existence.
The time-the p!ace-the circumstances-thes solemn
stiffness of the night, ALI combined to form scene
not easily forgotten


AT last, when the verdict was agreed upon-the
Judge was sent for and it was soon whispered about
that it was fatal The prisoner was awoke, and his
countenance fell. The Judge and Jury at last faced
each other for the last tmethe prisoner was told TO
look on the Jury, and when to the "" How say you
gentlemen - Of the Clerk, the words Guilty oil
Murder fell from the lips Of the foreman. Colt ap
peared horror stricken His counsel, Mr. Morrill,
ordered the Jury pslled, and they answered, one
or TWO burst into tears The prisoners heart almost
died within him. Morrill, then applied TO the Court
for time to present their exceptions, and the Court
agreed to meet this morning at ten o'clock, to hear
them Colt was then removed to prison.


Now comes, then, the most exciting part OF the
drama will he be hung-or will new trial be
granted Will the Governor dare to pardon him =!
We think not. The verdict seems to give general
satisfaction. The public have had their eye on Colt
rom the time of his arrest till this hour and had
he verdict not been MURDER"" we don't know
what would have been the consequence. The pub
c have been cheated so often, that Colt has to sui
Ter for the sin of Ezra White, Robinson, and all who
lave escaped for the last ten years. 1t is very
Unjust thing. But so it is. We shall see what
o-day will bring forth.","The Closing Scene Of Colts TrlaI-The


",The New York herald. [volume] (New York [N.Y.]) 1840-1920
1842-06-23,"T RADfNEAu informs his friends and the public that In
d New Bath VOW OPEN his old station, south side OF
Castle Garden Bridge the Battery where he will be pleased
them ALL lie might aid mvsS in ference his
aud extensive Swimming rnh the ,ey cmnsiioa, Private
Baths the retired, id safe Ladies' Baths with
sweeping ,waer through the whole building But come
and scejud sor yourselves Added all this the
Of Of the pessanest and coolest about
New iok in the Great saloon the budinr-we supplied
with comfort from dish Of good coffee the sparkling
champagne. Directions for bathing, under experience OF


ufty odd years always freely given Also Shower Baths
usual and improved. je2 imsr",,The New York herald. [volume] (New York [N.Y.]) 1840-1920
1842-06-23,"NO4 PECK SLIP-DocoT Carpenter, usual devotes his
~ entire person senon to the relief o the afflicted and
Fortunate the eectul and speedy all diseases his
old established and well known Peck slip Dspensay No.
Peek slip Pearl street Dr. Carpenter begs leave apprse
physician and surgeon graduate q Union Nollege. and
tanned his diploma in this city tie year 1919 But what
important the patient know the fact that he speedily and
eecuy his PATIENTS thousands might and will
testify His offices ard entrances veneny adapted
the comfort and privacy of patients who exposed
observation, and his charges will be found reasonable.


DIR. CARPENTER.","MEDICAL, AID",The New York herald. [volume] (New York [N.Y.]) 1840-1920
1842-06-23,"TO Farmers Planters and Horticultu rtsThe compound
Chemical Whale OIL Soap may be considered in the pre-
sent the best preparation that eye was compounded
vegetable Kngdommaggots slug roebugs peach
apple and pear insects and snail cabbage
lice and all the smaller which parasitic indigo
and excite flowers such the oeander cactus, fcg
observation-disclosures, gerana erica all by
application he thoroughly exteminated Besides the
extraordinary ceapness most important item economy
renders accessible for all large scaeo00 peach
of land may be kept free from the maraudinx
insects for the trifing expense Of one dollar.


Farmers raising potatoes turuirs caboagea
may the expense Of few dollars realize hundreds BY saving
their fields from the devaatons Of the vermin The Com
round Chemical Oil Soap be had in bulk or In
Of four pounds dozen Of which packed ~ box ply to


DR. LEWIS FEUCHTWANGER,",HIGHLY IMPORTANT,The New York herald. [volume] (New York [N.Y.]) 1840-1920
1842-07-03,"BROADWAY, NEW YORK. The subscriber r.
esly fIom the National ah Hc,. Troy vii reopen q.
house is undergoing thorough r-par and will be
complete order and iuInsed in haDdsnv style The locaie
Of eade short distnc. vm the Park and Pot
Office and but few minutes walk from all street and the
business part Of the city The commodious aid
pleasant and the nte nton Of the host TO accommodate the
satisfactory for the prices charged Hang lopg experience in
for the pnblic tase he all that
him with their patronage that his hesr eterons will be mae
70 please; and from the s:son IL desirable location for
Boardng and cannot but offer Inducements
visiting the city make the Marshall House their homs The
bar will be furnished with choice liquors. and the srder with
the sbstanss and decaees Of the and with
servants and eyory regard for the comfort Of his guests the


Iaylg ]nsc f.. 8. MONROE","HOTELS. BOARDING. &c.

MARSHALL HOUSE,,",The New York herald. [volume] (New York [N.Y.]) 1840-1920
1842-05-06,"MANUFACTURER FROM LADIES' AND GENTLK-


MEMS HAIR,


MOT inches long, hundred different designs,
Rings, Wigs, and Scalps.


A c. BARRY'S Wigs and Scaps will stand pre- mnent
above ell Others Their peculiar light and ventila
ting character their being shaped exactly natural hair
grows their elasticity their superior material and workman
ship well their style Of md all
bine form such perfect heads of hair that they be
to be fully appreciated


Any lady gentleman using A. c. Barrys Tricopherous
for the Hair and do find the and cheapest
known in this country he will with pleasure the
for 81 quackery discarded Gatutous advice given
diseases with the Hair the Hair Cutting looms
of liberty staira Inn",ARTIST IN HAIR,The New York herald. [volume] (New York [N.Y.]) 1840-1920
1842-07-24,"HOW THEY CUKE DISEASE!
THERE principles in the human body always al


work the principle of hie-the other the principle of
corruption They may be kened Of scales and when
duly balanced free from sicknssswhen tbs principle
of life predoinates robust health and have energy
equal thing undertake. When the principle of
corruption bears down the balance then sick and
the disease declares itself with less violence. Now
all we have do health from body
the corruption and the reby the balance of the
healthy Life Principle To do this have only make
Of Brande,hs Vegetable Universal Pills medicine which
only the dross corrupt from the DO leaving
the blood pure and free from all impediments


ENCOURAGEMENT TO THE AFFLICTED.
DR. BRANDRETH wants Coege--no iustitution--
these bodies whether otherwise always having
the ultimate oppre Of the public in Beware OF all
proeSsed copo bodeshee is always danger from them
They are opposed the Spirit Of Liberty whether Politics
Medicine


READ-REFLECT","BRANDRETH'S PILLS,",The New York herald. [volume] (New York [N.Y.]) 1840-1920
1842-02-05,"Before Judge Lynch and Aldermen Timpson and
..t.t Innes.


FEB. John Derrick. impleaded with Thomas
Nealis, for an aggravated assault and battery on
Charles Jones, was sentenced TO six months impri-
sonmeRt. The case Of Neslis was sent to the Cen
eral Sessions for trial Horacs Hunt, for commit
ting az aseait and battery on Patrick Coyle, was
fined So Nicholas Davis, for stealing five pounds
Of butter from Henry Vail, was found guiliy, bat
appealed ia the General Sessions for trial. Ann
Voorhees,, for stealing piece Of mousseline dc
laine from John b. Pudney, was sent up for sixty
days. Chauncsy Bailey. Lewis Tharston, and
Robert Smith, tried for ste aing two gallons Of
molasses from William Radiord Eailey was sent
to the pententisry for sixty days, and Thur'ten
and Smith were acquitted Mary MCGOWAN, for
stealing carriage cover from Heary Eldridge, was
sent up for thirty days. Henrietta Oliver, for an
assault and battery on Mary l.. Davidson. was sea-
fenced to sixty days imprisonment. John Peters
stole twelve sides Of sole leather from Ambrose
Parish. Jr., and was sentenced to three months.
Barley Meyer, for stealing keg Of white lead
from, Joseph Della TORI, pleaded guilty, and was
sent to the city prison for thirty days. George
Bath and Samuel Warner, charged with assault
and battery, were discharged by the Court.",,Morning herald. [volume] (New York [N.Y.]) 1837-1840
1842-03-23,"Before Judge Noah and Aldermen Balls and Lee


MARCH 2.-Mary Ann Murphy. for stealing a
pair Of cotton drawers, from the store of Messrs
Vernols was sent to the city prison for sixty days
Cstherine Ryan, for stealing hat and shawl from
Martha Preston, was sent up for sixty days. Den.
mis- Mehan, for en- assault and battery on A. lie.
w, was sent up for six months Thomas Jackson,
aud BENJAMIN Jackson, blacks, and James Nelson
white, all lads, were sent TO the house Of refuge for
stealing a number Of toys from the store Of George
Bosler T. Miller, colored, was sent to the penten
tisry 60 days for stealing trunk, containing cloth
ing, worth ST. So, from Joseph Webster. John
Hamer, fer stealing pair of pantaloons from Jas
Mccormick was sert up for sixty days. John
Thompson, for stealing a shawl from Mary Carlton


was sent up for three months. Cornelius Su Ivan,
for stealing thirty pounds Of moss, sentenced nine
ty days to the peaitentiary. James O'Brien, fer
stealing piece Of cashmere worth S2l %, from
James Beers, thrse months. William Roberts,
anegro, for stealing some provisions from the sloop
Catherine, was served ditto. Sarah Oliver, len
McGnw, Eliza Flynn, Patrick Stanley, Peter Ril.
Ter, charged with petit larcenies, and John Touch
bone, James Cloyne, and Henry Garribrance,
charged with assault and battery, were discharged.",special Sessions.,The New York herald. [volume] (New York [N.Y.]) 1840-1920
1842-08-03,"TNHURCH'S GENUINE VEGETABLE LOTION recon
"" menled by the faculty for all diseases the face AMI skin


eadcates tan pmpes, eckles srots, redneSs
so skin; transforms the saiow complexion into
radiant wheness; renders harsh and rough skin beautifully
soft smooth aud mprts the face, neck aud
healthy and uvenlle bloom and BY due IA its


caon the result will he beautiful complr The Lotion


exceeded BY other ia the world Suffice that II
been used with the u States and West
Indies without single complaint of its efficacy. For sale
Church's Dpensay 1888 Bowery, of Spring seet
Pric, IS cents per bottle. i've ln-r","FOR CLEARING AND BEAUTlFYIMG Til


COMPLEXION.",The New York herald. [volume] (New York [N.Y.]) 1840-1920
1842-07-24,"INFORMS the Ladies' of New York and Females that she
continues 70 give advice and prepare her popular and eca
cious dcnes for the disc of females. Madame hap
ny 70 announce that her treatment has much satisfaction
the who have relied upon her abilities
C. has felt herself undertake the response
bic office of Female Physician from long experience and
uce shaving knowledge of the of the human frame
ignorance Of which renders the unbushng pretensons and
ecoyiAg of Adventures useless
her ski and maternal socitude female physician. How
distressing be their complaints her medical acquire
ments will be found adequate the In short she grounds
t, notice the successful results Of thorough medical edu
cation and reliance appointed Of mpang health
igor and happiness all who honor her with their confidence
aud All letters postpaid. Office and residence ""a
Lispenard st. je2l lmsc","MADAME COSTELLO,",The New York herald. [volume] (New York [N.Y.]) 1840-1920
1842-07-24,"CHURCH'S GENUINE VEGETABLE LOTION ,recom-
"" mended by the faculty for all diseases of the face and skin
eadiestes tan plmples freekes spots redness rnswo
soft skin transforms the sallow complexion into


radiant whitenes; renders harsh and rough skin beautifully
soft smooth aud 10 the face neck and
healthy and uvene bloom and By due in ITS


pcation the result will be beautiful compile The Lotion
exceeded by other in the world. Suffice il say that 1t


has been used with the u States and West
Indies without single complaint OF its efficacy For sale
Churchs Dspensary 1888 Bowery Of Spring seet.
Price rs bottle. Imsr","FOR CLEARING AND BEAUTIFYING TIT


COMPT EXION",The New York herald. [volume] (New York [N.Y.]) 1840-1920
1842-11-03,"POLICE, &c.-No ""big business"" before the police yes
terday. A dirt cart man. named Stephen Williams, was
arrested and committed for wantonly and malcieusly
driving his cart against light onehorse vehicle contain


ing Dr. Archer the Coroner of the city, and breaking
one of the axles Bill RUSSELL the celebrated passenger
runner jagged for beating officer Barber while
gagged in serving warrant upon him for stealing butter


And the Coroner held inquest the body of boy
named Henry r. Durham, r., aged six years, who had
died from compression of the brain produced from fall


received while playing the game Of tag in company
with some other boys. He accidentally in collision
with one OF them, while running, and was thrown upon
the pavement severely as to cause his death. III",City Intelligence.,The New York herald. [volume] (New York [N.Y.]) 1840-1920
1842-05-20,"CARL KING, the well known and celebrated Millinery and
"" Ladies' Straw HIT Manufacturer Her Majesty the


QUEEN OF ENGLAND,
respectfully beg leave the Ladies that lie has
handa splendid and fashionable of Ladies'
Straw and SIX Has. The Straw Hats manufactured
fascinating and becom;n. shape, called


THE ELSSlER COTTAGE,
with Gipey sides aud Swiss Flare around the front. The
braid esc Hats made Of is of the most elegant patterns
the Albert Straw in raIcular ., patrcniscl by


QUEEN VICTORIA
The Sill department conducted T the most ingenious and
style fresh imported. Trimming and Flowers correspond
Those who wish convince themselves may call No.
Canal, Broadway, and II Division street


~ Bills Paris Ribbons and French Flowers Of the
latest k and can be purchased either of his establishments
AZ wholesale and tail O reasonable mil mrr",MILLINERY GOODS.,The New York herald. [volume] (New York [N.Y.]) 1840-1920
1842-05-20,"MANUFACTURED GENTLE


MEMS HAIR,
MOT inches long, hundred different designs
~ Necklaces Bracelets Watchguards, Earrings, Flower
Rings Wigs, and Scalps


A. C. BARRY's Wigs and scalps will stand pre- minen,
above all others. Their peculiar light and yen,ls
grows their elasticity, their superior material and workman
ship, well their style Of finish md all
bne form such perfect ads Of hair that they be
to be fully appreciated.


Any lady gentleman using A. C. Barrys Trcopherous
for the Hair and do find the best and cheapest article
knownin this country he will with pleasure return the
diseases with the Hair the Hair Cutting Rooms
Broad of syreet m sta lmx",ARTIST IN HAIR.,The New York herald. [volume] (New York [N.Y.]) 1840-1920
1842-02-28,"No 81 South street New York.


THE subscriber his arrangements for the


before his friends with sentiments
for the able support he has received for many year,
He likewise wishes IT, call the attenio Of those intending
70 send for their friends England Ireland Scotland and
Waiss that they at all times be accommodated BY this
ell the web known different lines Of packet shps sailing
end from Liverpool the 7th Ish 18TH and 2s Of each
month""; throughout the year.


has always been study Of the ssbsesber tohaye the
hoss who send for their friends may rest satisfied that every
and dilieent attention will be given BY the Liverpool
Agents To- those sent for well all who may embark with
them and should any Of whose has been paid
The subrcrbsr feels azure making the different
ships by which his during The last
which hes given general and that has consider
aby extended and concluded his for the",".4&IL!16 !. s s.. 49,. ~.


OLD ESTA1LiSHED pAsSAI,E OEEICE",The New York herald. [volume] (New York [N.Y.]) 1840-1920
1842-08-10,"PENNSYLVANIA REPUDATloN.--The Courier
and other Wall street prints, shed tears the
pudiatlon OF the State of Pennsylvania, and yet
they are urging New York to the same fatal result,
by crying out for more debt-more expenditures
more internal improvements.


Such Is one of the strange inconsistencies of the
miserable politicians of the present day. We have
now SIX western States, and one, if not two, Allan
tic States declared bankrupt-unabe to pay their
lnterest-and yet there are men in Wall street, and
round about the country, who would double the
debt OF New York, and produce like bankruptcy
IN less than four years Go ahead our withers are
unwrung""",,The New York herald. [volume] (New York [N.Y.]) 1840-1920
1842-07-02,"ITO Farmers, Fantes and OBSERVATION-DISCLOSURES compound


Chemical Whale OIL Soap may be considered in the pre-
moment the best that compounded
for the total destruction every species Of insects nesng the
vegetable Engdommaggots sugs osebugs, peach necane
apple and tree insects cut and snail cabbage
lice and all the smaller insects which parasitic indigo
and exotic flowers such the oeane fcus
mesembrianhem gerania erica, rosacea all by
application be thoroughly extermnaed Besides the
extraordinary cheapness most important item
renders accessibe for all purposes large caleloOO peach
insects for the triflsng expense Of one dollar.


Farmers raising oats potatoes, urups, cabbages
the of few dollars realize hundreds by
their fields from the devsations of the vern. The Com
pound Chemical Whale Oil Soap be had in bulk
of four pounds dozen Of which packed box A, ply


DR. LEWIS FEUCHTWANGER


je2 1msc Chemist No. Wall street.",HIGHLY IMPORTANT,The New York herald. [volume] (New York [N.Y.]) 1840-1920
1842-06-03,"THE PAVILLION.-This new commodious Hotel will be


for the reception of visitors and after the first
June next At the Village Of Sharon Springs, Schoare County
The clear pure Of the springs, greatly resembling
those OF the white sulphur springs Of Virginia, have been
proved be highly ehcaclous Rheumatic Cutaneous, Bill
Sathcum Scroiua Liver Complaint and general debility,
and III ether respects las certified by the
most ennt medical professors in the United States) medici
nal and healing properties unsurpassed and believed to be unc
qnlled by any IN this country. 49,
Added TO these, the rides in the vicinity villages
extensive views nei2hhonng and
the attractions offered to these seeking the heat
Of summer, either health or pleasure.


These springs but few hours ride FROM Sarooga Troy
Albany &C. and ssable from Canaioare the Alba.
ny and Utica railroad Whore carriages daily await the arrival
the Springs, distance of about eight miles arriving
time for dinner; also by the Albany and Cherry Valley
pike by daily stages boing about foyfve miles of the
CITY of Albany.


Warm cold and shower Baths furnished all times, either
OF III mneral fresh water and every attention
der the stay of visitors agreeable.


An abundance OF the puest mountain spring Ice stored FOR
the season.


ISAAC G.. WILLIAMS.
THE SPRINGS HOTEL.-This Hotel will be opened at
the above village OF Sharon Springs for the OF
tors and combining all the advantages Of tins delightful
residence.


a29 l0w2taw-r WILLIAM f.. JONES.
T'HE COLTS PATENT REPEATING FIRE ARMS
Rifles with Eyht Chambers


Carbines with Six Chambers


Shot Guns or Fowling pieces, with six Chambers


Pistols, Pocket. Ielts and Holsters with five Chambers.


And an extra cylinder with five charges.
As also, percussion caps balls and powder improved
prices No III Broadway end door below Coudlan street
Purchasers from abroad be supplied with reasonable
quantity short notice.


The advantages Of these FIRE over any other fire
quality Of mater as well established that not ncces.
sary To describe the same now. ieI lmsc","MISCELLANEOUS.

SHARON SPRINGS.",The New York herald. [volume] (New York [N.Y.]) 1840-1920
1842-05-14,"Correspondence Of the HERALD
Movements Of Fanny Eissier-Departwe for Mcri


co-7he Opera.


HAVANA, April 30, 1912.
Fanny Elssler goes hence in few days to Mex
co--this is new ground for her ""divne"" tread
and she will reap, probably, a rich harvest there
AT this place she has made some money but no
thing TO compare with last year. People were moi
tired of the performance, but they were paying
three to four dollars for single seat and the mana
s'r sunk round sum by the first contract for eight
nights at the principal theatre. The opera corps
have returned from New Orleans, and open to-mor
row night with Belisars.","havana.
Correspondence Of the Herald. ]",The New York herald. [volume] (New York [N.Y.]) 1840-1920
1842-07-24,"SARATOGA SPRINGS, July 10Th, 1872.
German Band Of Music The United States Hotel


Loafers from other Hotels.
DEAR BENNETT =


Since your departure, the fashionable season at
this delightful spot has fairly opened. The celebra-
ted German band of your city, under the lead OF
Schneider, the prince of music has arrived and we
were tripping the light fantastic toe"" last evening
TO their inspiring strains, al the United States Hotel
They are engaged exclusively, as understand for
this magnificent establishment, and play at dinner
tea, and every evening, either in the ASSEMBLY or
drawing room-its effect, through Its shady groves
and spacious halls, cannot be appreciated, without
being heard


The distinction among the visiants, at the differ
ent hotels here is more marked this season than
ever. Congress Hall has given up its rivalry with
the United States, and has gone into competition
with the smaller and more common houses. The
result is, that it has company than any house
here, except the United States and of the same class
that you formerly saw ounging upon the piaZzas of
the Montgomery, American, and Adelphi hotels
They consist principally of the substantial woman
ry, from the nelghborlng States, Vermont Massa-
chusetts and New Hampshire and are to all appear
ance, family of real ""beef eaters"" They will
put more pork and beans and Congress water inside
their Jackets, I'll warrant you, than they will either
old port or champagne. 1t is amusing to some
oiyour city chips, who stop at second and third rate
hotels SIT, and smoke, and walk about the garden
OF the United States, and to see how quick porters
and walters can detect them. discovered a couple
of these young men, smoking upon the portico this
morning. enjoying the balmy atmosphere of its
grounds and garden, with such apparent compacen
cy and self satisfaction, that had the curiosity to
ask our squnteyed porter their names he replied,
"" they were Mr. LII and H---y, of New York,
slept and eat at Congress Hall, and picked their
teeth upon the stoop of the United States hotel
We are well represented here from all the large
cies-New York, Philadelphia, Boston, &c, and
from the south, and | shall remain some little time
to give you a sketch of passing things as they may
occur, and are worth reading.


YOurs CAuSTIC.",Saratoga 1pribus.,The New York herald. [volume] (New York [N.Y.]) 1840-1920
1842-09-05,"MADAME RESTELL'S PREVENTIVE POWDERS.


These invaluable Powders have been iverxay adopted
ia Europe but France particular upwards Of thirty
well by thousands this country being the only mild
safe, and ecacous remedy for married ladies' whose health
for,ids rapid increase Of family.


Madame Reste well known, wss for thirty years Fee
male Physician the principal Female Hospitals in Eu-
ropethose Vienna and Parwhee favored by her great
experience and opportunities she attained tat celebrity in
those great medical science specially adapted
the female Frame for which her medicines un
Vailed well in this country as in Europe Her Acquaintance
herby tracing the decline and i'll health of married lemses
often apparently inexpcable ,auses which consgn many
knowledge Of the pr'nay causes Of female ndpos
he discovery her celebrated Preventive Powders
the health bur the life Of sectonae wife and
fond mother.


The advertiser feeling the importance subject and %
tmatng the vast benefits resulting thousands by their adop
ton would respectfully attention OF The mar


RED by all that they hold and DEAR their
Is not wise and yituous TO prevent evils which
ject BY simple and healthy within control Every
dpassonate ytnous and enlightened mind will nh, stat
,nsy answer the affirmative Price five dollars package.
can be iorwadea 81 mani any Part of United An
TILL, Female Physcian Principal Office, iis Greenwich
Boston Office No. 7 Fssen Fl lmsr",TO MARRIED LADIES.,The New York herald. [volume] (New York [N.Y.]) 1840-1920
1842-09-05,"DEG LEAVE inform the inhabitants of New York, that
they will be happy wait upon all who desire their
Mons and Mad Bernard have been praccng in the
United States but few months and that short time have
eeyed from Of the e%nen, gentlemen
ceved since they have by them They have
honor to inform the public that by and peculiar method
without cutting Mons and Made B, do not attempt to offer
nosum secresy faith its ecacy but
confidently those who suffer from troublesome and
painful Cons that have the of carrying
away their tormentor the Corn, in their hands,


Mons and Made have in their possession upwards Of
thousand certificates from those who have relief
their hands Mons and Made B. have pratced their profess
for several in Germany France and England and
have acquired skill and much practical fact
aested certificates from the most celebrated En-
the nobility and gentry OF those countries delivered to them
after four years The operation will occupy
thus treated Immediately their shoes and walk
without the least Inconvenience.


Ladies and gentlemen will be waited their resi-
dence, if they desire II.


At home in the morning from till IL, and in the afternoon
from till o'clock


Office at Boston, ISL Courtst. jys 3m*r","CORNS, COINS. CORNS.


Murray street.
MONS. AND MADAME BE r HARD",The New York herald. [volume] (New York [N.Y.]) 1840-1920
1842-01-28,".OOk AT THIS The cry Of hard times and Ida
a. trade i, the mouth Of almost every Now the
remedy for this IS take OF your pence welleYSry
body excaims must have wearing aspnrc-wcll, so
where they sell goods for low prices coorcd and white
spool Cotton cent each Linen Tape ccut piece
Waddug cent shect;=Cot Balls three for
cent; infants Socks three cents mems Socks cents
Wooden Hose shilling pair; scaut:fu Towels with
red borders Tor shilling each good VIDE white Table
Diaper one shilling yard; Fannells 3D., Wooden
Plaid for children, l.. Sd large # Silks
loa and plain Satinct and Cassimares, Cloths and
Beavcrccrs, Shawls large and snail ladies' fine and
good black Silk Hose, As Cd; Ribbons aud Lace very
cheap Paniaoors, Shirts and Drawers, very cheap;
Table Covers large for G Calicoes and Muslin, cheap


Ladies' Collars. nine cents; and almost every article in
the lin. of Dry Goods, cheap as above specified. Cali
and look for yourselves. SCOTT 4 BELL,


i33 Tvs 30 Spring street",,New-York tribune. [volume] (New-York [N.Y.]) 1841-1842
1842-02-05,"90 Several nefsrious attempts have been recently
made, especially during this unexampied, tyinG
and unhealthy winter an the consequent
and sale Of Psaes Horehound Candy to induce unprn-
cpled per sons counterfeit article Of unryslled
lebrty, and many in testing the spurious article have
discovered late, the imitation PersoRskhould there
FORE be particularly cautions In examining each peck
age when purchased any but the regular and author
ised agents whose attached, and satisfying
themselves Of the purity OF specific that now enjoys
such universal reputation for the Of ell the caia
logue Of diseases, incident to season unexampled for
the numbers Of coughs, colds, consumption, pleursy
and deaths from inaeniion and indifference TO the first
symptoms. Remember the Fountain Head 10 Of las Di
vision and its streams ow through every respectable
channel in the city gents, Z,eher, 81 Dock street,
Philanephia Pa Reddng los State street Boston, Mass
Rawls Co. 81 State street, Albany Robinson, ITO
Baltimore street, Baltimore",,Morning herald. [volume] (New York [N.Y.]) 1837-1840
1842-09-17,"THIS Luiment from etatns and healing properties


is warranted TO eradicate land that efectudly) all
Rheumatic nflammaory almost incredible short
OF time So the nostrums accompa
ned with certificates AID protesting complaint
that the public extremely slow land justly tool appre
eating any le whatever may be its utility Some OF
the respectable this bear iul
testimony the astonishing effects of this Linment But
positive rooi every bottle of this LInmt will be
MED with refund the price of each bottle all
where has been faithfully applied accordng to the
effects For sale only the Depot OF Health and Strength
No. 50 Canal street, one door east of oadway.


Inns ere Aeon","RHEUMATIC
ERADICATING L1NIMENT",The New York herald. [volume] (New York [N.Y.]) 1840-1920
1842-09-17,"Corn Doctors. from Paris,
PEG LEAVE inform the inhabitants of New York, that
they will be happy wait upon all who Sdesire their
Mons and Mad Bernard have been praccing the
United States but few mons and i'll that short time have
ceiyed testimonials from Of the eminent gentlemen
and Others the benefit and comfort which they have
ceved since they have hen ndd by them They have the
honor to inform the public that by and peculiar method
they Hard and Sof CoIns Bunions, Calloes &C.
without cutting Mons and Made B. do offer
nostgm requiring secsy or faith 70 ensure its scacy but
painful Cons that yay have the satisfaction Of carrying
away their tormentor, the Corn, in their hands.


Mons and Made have in their upwards Of two
thousand from those who have experienced relief at
their hands, Mons and Made B. have pa-tce their profess
for several years in Germany, France and England and
have acquired skill and much practical experencea fact
Sh French and German well as from several Of
the nobility and gentry OF those delivered to them
after four years cure. The operation will occupy
than minutes and the relief that the
thus treated dately their shoes and walk
without the least Inconvenience.


Ladies and gentlemen will be waited their resi-
dence, If they desire


At home the morning from till H. and in the afternoon
from 2 till O'Clock.


Office at Boston. iva 3msr","CORNS, COINS, CORNS.


Murray street.
MONS AND MADAME HARD,",The New York herald. [volume] (New York [N.Y.]) 1840-1920
1842-05-24,"BRAvURA-SoPHIA.
Hank It's the deep.toned midnight bell.
That bids sad and long farewell
To the departed hour:
How like dirge its music falls,
Within these cold and dreary walls,
Where stern misfortunes lower.
All, vainly through these prison bars
Glide the pale beams Of moon and stars,
To cheer this lonely tower:
From evenings close to dawn of day.
Hopes star sheds not single ray,


To light the solemn hour.
Alas ! what pangs must guilt conceal.
When innocence like mine can feel
So crushed in such an hour
] know not whether love be crime,
But if it is, in every cline,


IT'S woman's fatal dover!",BRAvURA-SopHIA.,The New York herald. [volume] (New York [N.Y.]) 1840-1920
1842-05-24,"Rejoice rejoice We're safe and sound,
And shelter for the night have found


Within this snug abode.
The dust may rise, the rain may fall
Beneath this roof we'll laugh at all


The troubles Of the road.
Then let the cheerful board be spread.
Tosupper first, and then to bed,


Till birds their songs begin.
Thus whether sleeping or awake,
The wary traveller will take


His comfort at h is inn.


Chorus.
Rejoice rejoice We're safe and sound.
And shelter for the night have found


Within his.snug abode.
The dust may rise, the rain may fall
Beneath this ROCKWELL laugh at all


The troubles Of the road",CHORUS OF PASSENGERS.,The New York herald. [volume] (New York [N.Y.]) 1840-1920
1842-08-23,"90 CHATHAM THEATRE.-Never the walls
ofths theatre graced with such beauty
and fashion, that which assembled the re-openng
last evening The splendid decorations of the house
general satisfaction and the delight Of the audience
testified by loud and continued cheering The address de


vered by Manager Thorne also received with shouts
Of appreciation and when native ragedans Forrest
and Clifton made their appearance. the applause was re-
mendous They appear tonight Othello and BESIDE
mona, supported by j. r. Scott Iago and Mrs. Thorne
as Emelia. The musical farce Of Turn Out, in which
Mrs Thorne enacts Marian Ramsay terminates the per-
formances.",,The New York herald. [volume] (New York [N.Y.]) 1840-1920
1842-08-23,"NEW YORK * ALBANY RAN Roar COMPANY,


2 Park Place New York.
NOTICE hereby given the Stockholders Of the New
York and ALBANY Rad Road Company that the Prssien,
and Directors have directed cali Tor nstanen Of five
the Capital stock Of the Company. payable the
fifth day of September


Subscribers resident New York and WeStchs str will
their nsament Josiah Rich G. arman of the Fnsnc, Com
mtte and Treasurer for the Southern District 72 Front
Subscb, resident in Dutchess Putnam and Coambil
ties will pay eirnstamens Jona Akin Taber FL
Conttee and Treasurer for the Middle Dstric
Rawlings. Subscnb resident in Rensselaer, county will
their Jonas c. Heart the Finance Committee
Of Troy",,The New York herald. [volume] (New York [N.Y.]) 1840-1920
1842-06-22,"MOI rECK SIlP-Doctor Carpenter usual deyotes his
~ entire personal attention the relief Of the afflicted and
fortunate the ee cua and speedy Of all diseases, his
old established and well known Peck slip Di,pensa No:
those whom he is unknown that he regularly educated
physician and surgeon graduate Of Union College and
liceiiae Of the New York State Medical Society, and OBJ
tanned his diploma IL this city e year 1913. But what
the know 'r that he speedily and
eecslly his patients Thousands might and many will
testify His Offices and entrances conveniently adapted
the comfort and privacy of patients who exposed
observation and his charges will be found reasonable


DIR. CARPENTER.","MEDICAL, AID",The New York herald. [volume] (New York [N.Y.]) 1840-1920
1842-06-22,"MEMBEK OF THE ROYAL COLLEGE OF SUR
VI GEONS, of London and Edinburgh, and Of the Medical
College OF Philadelphia confines his practice select branch
OF his profession.


Nocet empts dolore voluptas.


Dr. f. Is encouraged by the uniform attending his
mode the of yenereal geets
seminal weakness, aud mercual affections with ali
those other bad symptoms which unde the constitution
and lay the foundation of decay either NAL.
treatment other In such persons the appetite
gene rally defective and the relish for life almost
His mode of treatment is universally adned-hs medicines
being pleasant the and smell gently esnge
Of the stomach and give that tensity what good dge
ton requires His treatise constitutional deb-
affords observations seyu.l debility
mnal weakness and impotency brought by delusve habits
all its attendant symptoms physoogcaliy explained This
work be obtained his Office Fulton street.
Doctor be consulted all the day night
Letters post paid will receive immediate attention","DENTISTRY.

",The New York herald. [volume] (New York [N.Y.]) 1840-1920
1842-06-22,"THE MONlTOR-This is the title given to treatise show
the symptoms consequences and treatment OF
the diseases called their best modes Of regiment
plainly described the remedies proper for their different
with useful nts important advice, and all
directions to enable the aien. to effect private prompt and
permanent To the unfortunate, Dr. Jordan offers the
Monitor with the fullest confidence containing Does the


fruits devoted experience extensive practice and
than this that the Monitor has reached the seventh sd
ton.


, Sold for the proprietor, only Apothecares Hail. GO
Prince OF Marion where also HAY be had Dr. Jorans
thal discharges and Course No fer the permanent of
yenerea diseases all These packages comprise
every medicine wash and requisite needed either for in
tena external use They excite suspicion loss


2; 60 Prince street, Of Marion, blocks east Of
Nhlo Gardens Private entrance 69 Marion street. next door
10 the drug MP I'M","Office open unit! 10 o'clock T. NJ. m22


PRIV ATE CURE",The New York herald. [volume] (New York [N.Y.]) 1840-1920
1842-12-01,"The subscriber in announcing his arrangements for the year
appears befope his friends with sentiments Of sincere
pect the able support he has received for
He likewise wishes call the of those intending
send for their friends residing England Ireland, Scotland
and Wales; that they all times be accommodated by this
the well known different lines Of packet ships, sailing and
rom Liverpool the st h 18TH 10th and 18th of each month
throughout the year.


always been the study of the subscriber have
emgrants shown cty and despatched without delay and
who send for their friends satisfied that
due and gen attention will be given by the Liverpool
those for well all who may embark with them
park, the mouey will be refunded without any charge
The subscriber feels pleasure making known the differ
SHIPS by which his during the last
which has given aacton, and that he has consdera
extended and concluded for the 1872
The following is list OF ships


Ships Scotland, Robinson. Ships Albanian Lane


Fairfield, Wilson Printlce, Hopkins.


frankfort, Russell. Tyrone, Speare.


Russell Glover, Howes. Wales, Watts.


Hbernia, Wilson. Westminster, Ferris.


Alfred, Cheever Osceola, Chlds.


Clifton, lngersoI ST. Cloud, Emerson.
Louisville, Allen. New York Nyen.


Sobieskie Emerson. Warsaw Grifhths.


Oswego Wood. Ocean, Willard


Talbot, Storey. n. Hampshire, Harding.
Psnthea, (}oodmanson. Robert lsaacs, Tmeman.


piryin1, Eaton. Europe batcheldor.


y. Jenkins Seymour.


free from the different OF Ireland and Scot
and be secured and drafts furnished for
payable National and Provincial Bnks Of Ireland and
their respective branches, and also Messs W. Robin
Liverpool which paid free o. any charge throughout
he United Kingdom


For further particulars pppiy 70


or j.. w. ROBINSON, l6 Goree Piazzas, and
sul6 NEPTUNE Waterloo Dock Liverpool.","NEW YORK AND LIVERPOOL REGULAR COM


MERCIAL LINE OF PACKETS.


Sailing TO and from Liverpool, Weekly.
~ ~ ~ @
OLD ESTABLISHED PASSAGE OFFICE, 81 SOUTH",The New York herald. [volume] (New York [N.Y.]) 1840-1920
1842-09-06,"Seventyfive black Indians are at this time para
ding the city at midnight TO punish offenders Free
negroes who have misbehaved, and white men who
whip their wives are taken out by the black Indians
and whipped severey-also, white men who are
found sleeping with negro women are served in like
manner; and those who have not yet been caught
are lodging about the town in daylight, and hide
at night The citizens have met several times TO do
something with regard to the disturbance but could
not effect any thing. The County Court meets to-
day to see what they can do with the Indians.


Our Railroad is going on finely, but the Railroad
bonds go slow. Our brokers shaving them in at
zoe. for the dollar


Our money loaners are doing well, owing to the
scarcity of the artice-they can get almost any per
cent.


The citizens are anticipating great time in about
three weeks. They expect more people in the city
than was ever known to be in it before. The great
Match Race, the renowned National Circus, and
the Methodist Conference will all come off at the
same time. Fifteen thousand people are expected
in the city.


The Methodiss expect great time-they have
made preparations sufficient to entertain two hun
dred ministers.",,The New York herald. [volume] (New York [N.Y.]) 1840-1920
1842-09-06,"WHOLESALE AND RETAIL. .
THE CANTON TEA COMPANY continue to offer Tor
sale and fragrant Teas OF variety ana style
Their specially includes the most delicious aud
stamp Of neafness aud elegance Teas therein
thoroughly from light and air that their quality and
power viii unimpaired climate Their system
Of prosecuting business perap. scarcely TO be eiceed IL
founded the rights OF the custcm
en- especially with respect weight and quality and unrya
led All purchasers called upon TO return
articles which fail 10 the fullest when
the money will be cheeray and promptly refunded Country
merchants public heads of FAMILIES, and ship
masters will decided advantage to supply themselves
from this establishments.


{ ofee roasted every day.


Orders from all parts Of tho Unea States executed with
promptituds and despatch.


= The only WAREHOUSE IN America for the sale ST Hou
quas celebrated Black Tea. au2i lmsr","MISCELLANEOUS.

UNITED STATES
TEA EMPORIUM,",The New York herald. [volume] (New York [N.Y.]) 1840-1920
1842-09-23,"TO MEssRS. J. PEASE x SON,
Manufacturers Of the celebrated Hoarhound Candy.
I"" Severe the pains that rack my shiv ering bones
Days spent in tears and nights in anguishd groans
To die were bliss, compared with such hard fate.
Come, come, o Death, and ope the funeral gate""
Thus spoke youth whose thin and ncklied frame
Looked as if life to him was but name.
Consumption's web was gathering round him FAST
And friends we're dreading each day as his last
When all things failei, the Hoarhound essence
brought,
Gave lie anew-a miracle seemed wrought.
The youth arose in health and strength again,
Free from all ills-released from every pain.
Afflicted enc! would you this medicine greet
IT'S PEASE'S, forty five Division street.",Sonnet,The New York herald. [volume] (New York [N.Y.]) 1840-1920
1842-12-28,"SC.


article OF Solar Lamp. very superior article.
Also article Of Defecte improving the light of
the old pattern Of Astral Lamp


Also style Of Fioeutne Bronze color inmov able.
Together with Of Lamps and Chande
churches halls and public buildings


PLATED WARE.


Baskets Castors Trays Toast Racks Candle sticks Ma pkp
Kings Butter Tabs butter and Fruit Knives Shutters and
rIys, Coffee and Tea Urns &c.
Fine Table Cutlery and Japanned Tea Trays
great ranty Of patterns and forms; ne glass Bews
titchers TunbeS Dishes, Goblets Decante Water Bot
ties Sugars &c. &c. "" ""
W. H. beg respect ully inform their friends Customer
MD the public general that their the ma
sucn sthey sell all articles their line
Remarkably low and respectfully to call
aud see their showro which alone sufficient compen
sate Tor the trouble 3mbr",,The New York herald. [volume] (New York [N.Y.]) 1840-1920
1842-08-30,"90 FLORENCE'S DINING AND SUPPER
LOON.-Our old friend John Florence, yesterday TIN
open his new saloon on the corner of Park Place
Broadway, which, in connection with his former ceel
ted establishment. now constitutes the most splendid
fectory in the United States Our limits will not per
us to give detailed description of the embelshme
which OF the most costly and magnificent characte
vet such exquisite TASTE that the eye never often
with redundant ncongruous ornaments. The Ba
the elegant and at the time the neatest we h
ever SEEN Splendid mirrors, rich damask curtains {
beautiful paintings meet the view every side while
richly furnished apartments for private parties, invite
luxury and ease.


Thus much for the decorations for the eye Every DO
knows the ability of John Florence to please the pala
his well stocked bar and larder proverbia and we
confident he will spare neither pains expense to ma
tain his well earned celebrity in these particulars


His bills of fare for dinners and supPers include eve
delicacy and luxury in the market At no other plscs
the city oyster be enjoyed in such perfection
we are assured that all the skill of the French, Ensl
and American cuisine will be brought into requsitior
afford satisfaction the public whose liberal patr
age will doubtless amply repay the vast expense
proprietor must have incurred in fitting up this truly
nicent establishment",,The New York herald. [volume] (New York [N.Y.]) 1840-1920
1842-10-01,"NO. 3i3 BROADWAY, NEW YORK.
THE subscribers respectfully inform their friends and the
public general, they have finished newly invented
instrument called the Transporting Piano Forte, which they
introduce To the musical community


This Instrument io-ms beautiful rich and exterior
both shape aud neatnss, besides full brilliant and
melodious. The antage from this
ton is that music be nsposed into any key desired
the vocas for accompaniment of other
men and therefore worthy the attention of the amateur
well as the artist.


mahogany and Ga octaves with French grand
also constantly kept hand all of which respectfully sub
nit TO professors and tn. trade in general
warerooms and mandatory, above.


n. B-Pano Fortes tuned and repaired the shortest","NEWLY INVENTED THANKSGIVING


PIANO FORTES,",The New York herald. [volume] (New York [N.Y.]) 1840-1920
1842-10-13,"90 THE BELLE.-Every eye was turned upon love
ly young lady as she promenaded Broadway few day
since but scarcely any knew who she was where
she belonged ""What a lovely, deliccste complexion
eyebrows Whispered another. Did you ever behold
such lovely cresturef"" sighed third. After much
lecture and supposition, gentleman TO tip his
beaver very gracefully which gentleman declared that
she owed her beauty to DR.. Felix 0ouraudhs Poudres
subties gave intellectual beauty to her forehead and
his Eaude Beauty impaired the transparent skim La
dies, If you desire to look charming call at 81 Walker
street. door from Broadway, the Doctors only oce
For list of country agents advertisement in another
column.",,The New York herald. [volume] (New York [N.Y.]) 1840-1920
1842-10-13,"Arose then well may aooraton move


Mans breast for one OF beauty more sublime.


90 BEAUTY HAS EVER BEEN he THEME
OF poets the time Of Virgil and Euripdes the pre-
sent day and find that Venus when she from
old ocean, shook her lovely tresses, and doubtless felt
Just pride in her lovely locks Of Auburn hair Our city
bellies ouve all the gods and goddeses by using Pha
Ions Dahia Cream which the plus ultra Of ell com
positions for making the hair grow dark, SOFT and plsble
Il combines al the qualities Of Rowands Maccssssr Oil,
without any ingredients that may be injurious This
tcle stays the hair from falling out, and improves its
growth rapidly Sold by Phalon, sole proprietor and in
ventor, ala Broadway, opposite st. Paul's.","Beauty was ever worshipped from the time
Fsbled Venus from the ocean slime",The New York herald. [volume] (New York [N.Y.]) 1840-1920
1842-01-31,"These figures taken from the returns made to the
Auditor General. The stocks do not include the canal
and railroad stocks held. The institutions after thus al


lying themselves to the broken fortunes Of the United
States Bank followed fast to destruction. They have
nearly reached that point when the confidence Of
the public leaves them entirely the case with the
United States Bankt January when the committee
reported. This the with the Grard Bank At
meeting of the stockholders held in November last
statement of its affairs reported which as fol-
lows compared with the late statement Of the Cashier",mean. salt d hi. may Be seen in The following,The New York herald. [volume] (New York [N.Y.]) 1840-1920
1842-01-16,"The PHILADELPHIA AoENr OF THE HERALD, thankful
for the very liberal patronage which has been extended
to his establishment hopes by unremitted attention 10
his business, a continuance OF the same.


Within the last two years. perfect stem has been
established for the distribution of the Herald to suoe
beers in this city, and has attained permanent
circulation, and influence which its believed ohy
surpassed by one paper now published here
Those who wish be supplied regularly viii phrase
leave their names at the Office No. 81 DOCK STREET
opposite the Exchange where single copies ootn oil the
Weekly and Daily, may always he obtained;


a. b. ZEBER. 81 Dock street,


Agent for the Herald.",To our PhiIadelphia subscribers,The New York herald. [volume] (New York [N.Y.]) 1840-1920
1842-10-23,"RE compounded the College of Pharmacy and MedcAe


""A No Berkman established for the suppressiono Quack
and Nosum mongers where professional advice all
cases given the purchaser gratis BY the attending physician
under whose direction all medicines compounded and
dispensed These medicines have stood the thirty


eradcating diseases of the malignant and private
and London hosmas OF the day. Cancers cured with
cutng malignant ulcers. scro1ous scorburc
diseases and pains joints; nodes on


the shin bones, Remedies put up suit all classes
derae charges for the Of syphtc and gonouha dis
charges from the ureta and OF both


requiring no restnctment IN particular Patients treat
ed by regular physician Of thirty experience, whose
diplomas exhibited 10 view his office, Beekman
Of Park Row. (under Lovejoys Hotell New York.","THE GENUINE FRENCH
M EDICT s.",The New York herald. [volume] (New York [N.Y.]) 1840-1920
1842-07-16,"Before Judge Noah, Alderman Leonard and Cjedney.


July l5.-Alichael Burke for beating his wife, sent
up for one month. Albert Wilson, who stole umbrella
stand worth So from John s. Martini proprietor of the
popular Broadway House OF Broadway and Grand
street, adudged guilty, but promise to quit the
city and not steal elsewhere he let off for the present
William Buckley, sailor, for committing assault and bat
terry ON Margaret Baxter sent to the penitenary for
6months. Mary Dowyer, Catharne Anthony and Mary
OBren, tried for stealing piece Of muslin worth
S. from the store Of Dorance Co.. and the former
the city prison for ten days. and the two latter dis
charged. Patrick Dodge and John Gerald for stealing
the jb stays Of the soop william Henry, sent to
Blackwells Island for two months each. A white
named William Egbert, and negro named VIM. II. Van
Voorhees,, for beating Lewis Van Geier, were found
guilty and Egbert sent to the city prison for ten days and
Van Gelder to the penentiary for month. John ia.
cob audged guilty OF beating his wife discharged
promise TO behave better in future. John Harvey for
beating black GIRL Lydia Ann Stew art served ditto
a similar promise William Morris blacksmith was
charged by his wife good looking little English woman
with beating her and not providing for his family The
Court acquitted him his promise to the Temper
Society and behave himself John X. Lewis, crow
months for stealing three frame pictures from John Boot


pedlar. Lewis sentenced to the city prison for six
months not long since, for stealing cow but the keep
having allowed him to go in and out, his promise
not to away, he sloped, and has committed
Their larceny while at large on French leave The Court
stated that this giving prisoners the free of the city
limits after being sentenced to confinement in the city
prison. high handed stretch of power that would be
inquired into. John Staery, charged with stealing pig
iron from somebody sent up for two months Eliza
Miller, white girl ofthe town. up for oneimonth
striking good looking mulato woman named Julia
Ann Johnson. John Monaham, for stealing some rope
months,","Special Sessions.
Reforo Iuloa Noah AIJarr,,n 4 oo,or1 M 4",The New York herald. [volume] (New York [N.Y.]) 1840-1920
1842-11-03,"MI boz OF these lnestmabie Pls worth all the Quack
"" Medicines the world for the certain dsesse


ConnENr-h we examine the OF the aissass
and the situation Of the Affected consider


Important object be able remedy Ger


tain IN its and composed ingrr-
diens will the possibility discovery while using
It. fact well known TO many that most Of the remedies
offered Tor such
a. to render almost impossible their without
creating sickness at the stomach other
Such being the such
remedy as VALlEh'S FRENCH PILLS will meet the uni.
versa aprobaon being entirely free objections
pleasant their and the


The proprietor would here remark that the efficacy
Pills the disorders alluded
on the contrary founded experience having
used them successful for upwards year, he
feel: confident Of their superiority the remedies hitherto
employed.


No. 90 Nassau street. 49, Broadway and % North
Sixth stroes, Phadep hia Price 81 per box. 81",VALIER'S FRENCH PILLS.,The New York herald. [volume] (New York [N.Y.]) 1840-1920
1842-12-24,"NOTICE TO HUFTUKED PEHSONN.
DERSONS afflicted with ruptuIes rely upon


instrumental aid the world affords, application
o6cs. No. Messy either Of the agents
principal towns the United States Be careful the
back pad Of HULA If they endorsed by
Hull! writing. None genuine, be relied upon
good, without his signature.


Many have undertaken vend limitations HuIs
celebrated aud thousands imposed
quence. These limitations cannot be relied upon they
made by unskfu mechanics and better than the ord
nary trusses


Rooms have been fitted No Vescy street, exclusively
Tor ladies' having entrance from the business
ment where female IN constant attendance wait upon
female Patients nil lmr",HULL'S TRUSSES.,The New York herald. [volume] (New York [N.Y.]) 1840-1920
1842-08-09,"MONS. AND MADAME BERNARD,


Corn Doctors from Paris,


DEG LEAVE TO inform the inh,hitiuts of New York that
II thsy VIII be hppy TO wait all who desire their
Mons. and Mad. Bernard have practcng
United States but few months and in that
ceived testimonials from Of the eminent anemen
and Others the benefit aud comfort which they have
eeved since they have been attended by he They have the
honor TO inform the public that by and peculiar method
they exrcate Hard and Soft Cors, Bunon Caosi;es &c
without cutting Mons and Made. B. do Offer
requiring secresy faith efficacy; bat
confidently those who suffer from troublesome and
painful Cos that they the satisfaction Carrying
away the ii tormeptor the Corn, in their hands.


Mons and Made B: have in er possession upwards Of
thousand from those who have relief
their hands Mons and Made b. have teed profess
sion for several in Germany France and England
nave acquired great skill and much practical fact
aested by numerous certificates from the celebrated En-
gh French and German yscians we'll from several
the nobility and gentry q those countries delivered them
after four years cure. The operation will occupy
than minutes, and the that the per-
thus treated dately their and walk
without the least Inconvenience.


Ladies and gentlemen will be waited their resi-
dence II they desire II.


home in the morning from till H. and in the afternoon
from ti O'Clock.


Office Boston. Isl Court yms or","CORNS, COINS. CORNS.


81",The New York herald. [volume] (New York [N.Y.]) 1840-1920
1842-08-17,"DEARSALL'S OAR ESTABLISHMENT, founded IN


1893, at a02 Water street. FIVE doors above Ceharne
ke the only establishment of the kind in the United States
Spanish steamers-has sped all the boats and club
for the last four has
OF oars sweeps, and SOULS collected in place.


N. B-The Branch Oar Store the North River side, is
shut and removed 400 Water and all
EXPENSES Of store will sell enough cheaper 70 those who
Race boats club boats and scus sold g less
than last ms smsc


WATCHES AND JEWELRY VERY LOW.-The sub
w scrber is selling all descriptions Of gold and silver
Watches gold and silver pencils gold chains keys Sc
TAIL lower than other place the CITY, Gold Watches
low rs 30 dollars each Watches and Jewely exchan
ged bought. All Watches keep
the money returned Watches and Clocks repaired tbs
best and warranted much less than the usual prices
porter of Watches and Jewelry wholesale and retail Wall
street. up stairs. jy2I msr",,The New York herald. [volume] (New York [N.Y.]) 1840-1920
1842-06-24,"NEW BRUNSWICK AND NEW YORK
THE NEW JERSEY Railroad and Transportation Com.
4 pany have established Freight Line between New
Brunswick and New York, which they intend perna-
nenty


Leaving New Brunswick ga A. NJ. daily (Sundays
celtcd) and the foot of Liberty New York. 2 r. Nj.


70 country dealers and merchants the above line
sirahe for the speedy OF merchandise
Of every description and particularly Dovers and
Dealers Live Stock who have cad of convey.
cd between New Brunswick and New York, the day
whenever required.


The for the transportation of cattle horses mules
sheer, hogs SC. and all other kinds of merchandise very
low, exceeding steamboat prices.


Merchandise by this line subject any extra
charge in crossing the North River.


The Company have fitted up a large storehouse at New
Brunswick adjoining the Railroad Depot, which will always
htopcn for the reception of merchandise.


Passengers purchasing their tickets the ticket Offices will
receive ferry tickets gratis


IL Freight for Newark Elizabehtown, Railway, West
field Plsned, Scotch Plains Boundbroo Some vii-
conveyed by the above ne and delivered the day when
received. 3n","RAILROAD NOTICE.
MARKET AND FREIGHT LINE.
$500 5000 .Sssl $50. .lass",The New York herald. [volume] (New York [N.Y.]) 1840-1920
1842-05-04,"Before Judge Noah and Aldermen Woodruff and Jones.


MAY S-Mary Eliza Poole convicted and sent to the


House Of Refuge for stealing 80 from drawer the house
Of Ransom Parker ""a Factory street with whom she


dai as servant Patrick MCGOWAN and Peter Barry for
stealing from John Wood corner of Harrison and
Staple streets sent to the Penentiary for six months
George Reed, negro was sent to the City Prison for six
months for making a brutal attack man whose name
not given. Jerome Latour, boy for stealing grid
ron let off on condition that he would behave him
self in future Mary McClusky for stealing 20 lbs of
beef from the stall Of William Baou and sent TO the City
Prison for 6months Catherine Elliot aged female
shopting piece of muslin from James II. Birdsa
discharged account OF her extreme age and promise
to behave better in future Adene Byran
by request OF Susan Williams "" HON she had committed
assault and battery John Segar and James Carney
charged with assault and battery, we're discharged",Before Judge Noah and Aldermen woodruff and Ion,The New York herald. [volume] (New York [N.Y.]) 1840-1920
1842-02-10,"Tais return Slves inc glowing results


Nsr York. INDIAN.
Froro-tien sfdebt to each inhabitaxt 81 50 SIS W
This gives vast disproporton which is s6ll more in
favor Of New York, from the fact that her works, for
which the money was spent, are productive while her
produce always drst commands the market at large
profit Again. the and county taxes ofthe western
states are always heavier in proportion than those ofthe
Atlantic States We may turn to the fact that the
state Of New York. with all these immense advantages
In it's favor cannot raise money for less than ten Per
cent How then can any improv Of credit be ex.
pected from the western states1",rais return siyes inc 70 10 ring sults,The New York herald. [volume] (New York [N.Y.]) 1840-1920
1842-03-10,"AMERICAN BANK LOCK COMPANY.


ANDREWS AMERICAN LOCK.
ITO THE PUBLlC-S5oo REWARD-The late rep eated
rmors and reports which have been wide and indus-
triossly circulated that Andrews celebrated Combustion
Lock had opened and which thus far have been
segarded unworthy Of ootice begjDang
character FEASIBILITY By which many upright
men have deuded their sanction and
to such reports The Aedcan Bank LSes Conp..y tsre
fere with ne view OF testing tine question Put the
natter beyond contradiction have decided to place of
Andrews Combn on Locks upon iron safe enclosing
certified check for Five Hundr Dollars which amount
reward Of who may open pick the Lock
T. Cammann Esq, Cashier of the Merchants Bank this
city the key Of the Lock and whom reference
10 made.


presumed that the public banks and officers OF banks
be Satisfied byt fair open and honorable test none ether is
wanted wncn bold attempts have been nude practice
by ofchicanery and trick (Which will be exposed be-
necessary the creduiity aud ignorance of
whose would be allowed they had been Of
the deeepons The American Bank Lock COMPANY BY this
mode seek establish the inf security Of the
bnaton has thus far whstood test and
banks from robbery and In doing
this they disc aim int aon of making upon
other Locks their bssness being to prevent ectua bar
rier 10 Bank RprRIen.


The Cheat win exposed in the Exchange Reading
Room for two months from this date.


WADSWORTH & SMITH
.ao tonftb s Ava ,<o, Rail",AMERICAN BANK LOCK COMPANY.,The New York herald. [volume] (New York [N.Y.]) 1840-1920
1842-05-20,"PHILADELPHIA, MAY 10, lSl2.
The Rhode Island DisrJance-Sunday School Ceebrq-
tion-Reiigious. Conrentions-- Phreno Ma gnefism
Charcoal Sketches in Disguise.


The from Rhode Island last night has created the
velies sensation in this city With many there strong
apprehension of bloody collision taking place this.
Right or wrong the sympathy here is nearly all the
side of the Suffrage Party and have thousands among
us, who should blood be split by the Government troops
would not hesitate rush the aid of their fellows Col
lsion in such quarrel could not fear from demonstra
tons here and elsewhere be confined the limits of the
plantations,


Governor Porter who review the troops Mary land
at the encampment near Baltimore yesterday expected
in this city this afternoon his way the Reading en-.
campment The Walnut theatre annou nces in its
bills that the Governor will be present the entertain.
mens at that house tonight


The Sunday school scholars attached to the several
Sunday schools of this city, will hold annual ceebra
ton at independence Square Monday afternoon next
and interesting display It was ascertained last snnday
that fifteen thousand scholars had registered their names
and procured badges for the 1t expected that
several thousands more will yet come forward What a
scene for contemplation will be presented


The General Assembly Of the Presbytery of the United
States and khe annual Convention of the Episcopal
Church for this diocese both session in this city
Bishop Onderdonk presdes the latter and the Rev
Mr.. Breckenridge over the former


Night before last there expe riments before
large select private party in magnetism at the
Pennsylvania the subject and the experiments
that character to convince every beholder Of the
truth of both sciences The patient thrown into the
somnambulc state in about three minutes after manipua.
ton commenced. When the organ of music was excited
the subject clapped both hands to his lips and the
fashion Of blowing trumpet, held forth in laundering
soundW hen the organ fphiloprogenveness ed
motions and language of the fondes and chidende
ing character were expressed When the organ Of ami
tveAess excited there such demonstrations Of
love- that out ofrega for the subjects moesy and
eorship will not notices; would not have it understood
that there was thing in the slightest particular indie
movements.
were thorough in their conviction of the scepca
they were also greatly amusing and kept the spectators
IN continued oflaughter The character the par
ties is such to put all idea of assimilation the
question: There were great many experiments per-
formed and almost all with results similar to those noticed
above


Nothing Of consequence was done in stocks.","PHILADELPHIA.

Correspondence of the Hcrald.]",The New York herald. [volume] (New York [N.Y.]) 1840-1920
1842-05-21,"Before Judge Noah, and Aldermen Martin and Jones.


MAs GOWN. II. Dennings, black boy, for stealing
live pigeons from John Nahany sent to the cs
prison for three months Elisha Norris for stealing
copper kettle from William Smith, up for sixty
days Mary Duon piass g he or stealing shawl snd
yenson sent the city prison for thirty days Bar
ney Jones who escaped from Blackwels Island Mon
day night, committed larceny of jacket Tuesday
up for six months in addition to his previous
tence. Peter Kernan for committing assault and bat
terry on Jonathan Richardson and Henry H. Van Welt
was packed off for like Nancy Beers black
man. for stealing dress worth So, the property Of Ra
chel New was sent up for six months Francis Denard,
for stealing paint brush oil can, sc. from Robert W.
Hggs worth $3.50. sent up for six months Reuben
Swift for robbing the money drawer OF Dieerich selck
man. of &c. was sent up for six months Hugh Herman
for assault and battery VIM. n. Marsden, was sent up
or six monhs John Tempany, John Mansfield and
George Neil for stealing two iron boilers worth 49, from
Albert Blevin. wero sent up for six months The Court
then adjourned.",Special SeSsfOna.,The New York herald. [volume] (New York [N.Y.]) 1840-1920
1842-08-10,"In Massachusetts the crops of wheat rye and oats have
seldom ever been better. The rye, which is generally
harvested in good order of unusual growth upon
the ground and the kernel remarkably plump and hea
sfavorably will be as good as was ever known The
hay crops large and very much of has been made and
housed during the fine weather of last week The crop
decidedly good that old hay which has been kept for
higher prices lis freely offered and sold at prices
sideraby lower than might have been obtained for


time since. Potatoes doing finely Those which
planted for early yield well and the promise is good
for an abundant crop in the fall Without excess Of
moisture there has still been rain sufficient and their
growth has been vigorous and strong Indian Corn also
presents very healthy appearance with good size and
orw ardness for the With weather next month
hardly fail of being large",State of the Crops.,The New York herald. [volume] (New York [N.Y.]) 1840-1920
1842-06-23,"PRO BONO PUBLICO.-The extraordinary novelties
and attractions put forth at the American Museum nav
fairly be said to be for the public good large portion Of
the public are daily grat6ed with view of the interior
arrangements of this establishment and a still larger por
non enjoy free gratis and for nothing, the magnificent
o'clock from the garden the top of the Museum This
positively the last week Of the wonderful Signor Btz
also oil the Industrious Feas Miss Rosale La Petite
iese and others perform and experiments in Animal Mag
netsm are made. The wonderful fortune telling Gpsey
GIRL continues to astonsh all who consult her",,The New York herald. [volume] (New York [N.Y.]) 1840-1920
1842-06-08,"Before His Honor the Recorder Judges Noah and Lynch


and Aldermen Smith and Crolius.


WILLIAM SHALER, Esa. as Acting District Attorney.
Just 7.At the opening of the Court it was found hat
owing to the absence of witnesses the part of the pro-.
s.cution number of called by the District Ator
ney ready for trial. The Court stated that they
should order attachments to issue in all where wit
nessos had been summoned person and had neglected
attend when so summoned So witnesses will look out
for squalls.


The witnesses not appearing in the Of Margaret
and John Tgh for assault and battery Mary Rey.
nolds, they were both discharged until sent for.


No other cases being ready the Court adjourned till
eleven O'CLOCK this morning.","General Sessions.

Before His Honor the Recorder, Judges Noah and Lynn",The New York herald. [volume] (New York [N.Y.]) 1840-1920
1842-08-25,"Corn Doctors. from Paris,
DEG LEAVE inform the inhabitants of New York that
ID they will be happy wait upon all who desire their
Mons and Mad Bernard have been pacticng in the
United months and in that short time have
ceiyed testimonials from Of the gentlemen
and Others benefit and comfort which they have
honor inform the public tina, by and peculiar method
without cutting Mons and Made B, do attempt offer
requiring secresy faith to its efficacy; bat
painful Coms that have the satisfaction of carrying


Mons and Made have in their possession upwards Of two
thousand certificates from who have relief
hands Mons and MaB have practced their profess
sion for several in Germany France and England and
have acquired skill and much practical expeence fact
certificates from the most celebrated En-
gsh French and German physicians well from several OF
the nobility and gentry OF those countries delivered them
after four The operation will not occupy more
than and the relief that the
thus treated their shoes and walk
without the least Inconvenience.


Ladies and gentlemen will be waited their
dence, If they desire 1t.


At home the morning from till II, and in the afternoon
from till o'clock


Office at Boston Isl Courtst. jy8 3msr","CORNS, COINS. CORNS.


Murray street.
MONS. AND MADAME BE RHARD,",The New York herald. [volume] (New York [N.Y.]) 1840-1920
1842-06-23,"BROWN cos One Price Hat Store, wholesale and re-:
TAIL f9 Chatham Square, corner of Mott street where
fashion beauty durability and economy combined to adom
che head. - - "" 5000
The popetors have the pleasure offer IN addition
70 iher recently improved short mapped Hat style
limitation OF beaverr which so closely resembles that of all
the most costly and beautiful that the difference not easily
perceived Price three dollars We strictly adhere the
price cash system, which enables furnish very
Hat for the price charged In presenting these Hats TO the
public the proieors think they have reached the umatum
OF tsauty, durability cheanness and comfort. 3m.
ITO The STRAW HAT TRADE.--The unde rsiyned


having determined to establish Beach-house and Manu-
factory complete in all respects the neighborhood New
YORK city, invites all Interested in the Straw Hat business
MAKE arrangements with him. which he doubts will be
equally to their and his Advantage aud satisfaction Having for
some had the endence Of the celebrated Bleach
ing Works of Thomas Vyse in dorshire, England and
having since made further investigations with the
factory resusl into the important branch of Bleaching
~ Europe aud Amercahe prepared give all goods
the utmost beauty both color and finish Of which the
is susceptible. THOMAS REYNOLDS


Jel3 w.r S. +. Corner of Bridge aud York ST. BrookIyn
A N IMPORTANT QUESTIONS here presented for the


serious reflection of the purchasers of Hats. l. it conss-
tent with true economy common five dollars for
Beaver Hat when the article be bought Wall
street tbelMeen Broad and New seets for -FOUR DOL
LARS 1hs Is deceptive assertion. single
Inspections viii satisfy the sksptica thar Beaver
Hat now Offered far from being the inferior article often sold
for less than five dollars The fact that the article now offer
ed generally equaed and in surpassed
the MATERIAL together with the economical policy OF this
tabment-and the roprieto engaging personally in the
wa.uactue-hat the present inducements offered
such as offered before.


WARBURTON & WEBB,


JelO lm'r Hitters Wall street","HATS


HATS! HATSl HATS ~",The New York herald. [volume] (New York [N.Y.]) 1840-1920
1842-09-17,"EPICUREs EPICURES! EPICUREs!
THE Subscriber formerly known Of the firm of Blew


and Ten Eyck, Of No. Broad street. having opened
house No. 54 Broadway few doors below Nbo Garden
where he sill continues 10 all the Delicacies of the
Season. viz--Game. Poultry, Fish, &c. &c. together with his
celebrated Mill Pond, Shrewsbury and all choice Oysters fresh
picked, which obtained the premium the last Annual Far
at Nblo's.


Having fitted up saloon unequaed in the city, where
teen and their families visiting Nibos with the
poprety have served their comfort such
refreshments they call for reasonable


N. B-Clubs and Private Parties wishing rooms,
commodated as above, by


81 liner JOSEPH TEN EYCK",,The New York herald. [volume] (New York [N.Y.]) 1840-1920
1842-09-17,"""A. PASTOHS HAIN :
OR, COMPOUND ESSENTIAL OIL OF ALMONDS
~ For dstr yng dndrG and preventing the hair from
turning pared by Antonio PASTOR Hair Cutter 1865
Greenwich street. New This ninitsble oil has been
the product of Of experience and for the last
New Yors where have been practcipg the
Hair Cutting busnes, and the public rely on y thai A.
Pastors Compound Oil is the whoesomes and best Oil for the
Harakes grow thick and long, prevents its falling off
turning grey, and If hair has begun grey such
hair that by will 10 its nsur
color Also prevents hair from becoming shaded and hair
air shaded which great Disagreement young la
dies IL used for short time will il
color the scu and keep the m ad and hair
eyebrows and whskercd liberal discount made Wholesale
purchasers Price 80 cents per bottle highly periumed


A. PASTOR,


oh",,The New York herald. [volume] (New York [N.Y.]) 1840-1920
1842-06-19,"WOULD respectfully beg leave inform his friends


and the public generally that he has completely renovated
and reopened his Saloons for the of those
who may be pleased honor him with their patronage He
hatters himself will be sufficient say those who have
been acquainted with the established reputation of his Ice
Creams &c for the last nine that nothing shall remain
his RETAIN and possible excel his former efforts


He still continues the manufacture of Confectionery in all its
branches and prepared supply families and callers in city
country, wholesale retail Not forgetting to tender his
grateful acnow edments for the patronage he has received
he by his future efforts deserve continuance Of the


les im.r JOHN BRADEN 70 Canal street.",J. BRADEN,The New York herald. [volume] (New York [N.Y.]) 1840-1920
1842-06-19,"Peters Shilling Plaster easy and effective remedy for
pain in the breast side somach weakness Pain in the
limbs JOINTS whether produced by rheumatism other
causes habiua pain the head stomach colds coughs
complaints weakness the spine predspcson 10 break out
in bes and rmples sesness of the frame and for general
deblitaon


Children well adults may derive great advantage from
Peters Shilling Plaster especially when suffering from coughs
colds teethng whoopng cough and uch like all
it is a simple, and speedy remedy.


Dr. Peters prime pal Offices $50 Broadway 25 Fulton
and 90 North Sixth Philadelphia. ArcWsl50 and
Bowery Fulton street. ais Hudson street. and 2D Chatham
street. N. Y. mi m","VEGETABLE SHILLING STRENGTHENING


PLASTER.
TWELVE HUNDRED THOUSAND",The New York herald. [volume] (New York [N.Y.]) 1840-1920
1842-06-19,"LIN. Z L T. ND M LDlOh J. LII


LOZENGES.


MO medicines discovered have risen rapidly popu-
~ lar estimation Peters Lozenges and for the sufficient
that have been the time pleasant the
their operations and certain their effects
These the result of chance but of experience
bas science ard tested by for the whose
versay known the varying and combining of them
influence the great mass OF human Diseases almost
without parallel mp his entire attention for whole
the perectng of and made his discoveries public
ment


PETERS WORM LOZENGES


These the beside long required They
pe rectly pleasant the and gentle in their tions
that they fearessy administered to the
FAINT and medicine heretofore discovered be named
traction for them which they cannot rct and having
tasted they become powcess and de- The Worm Lo7enges
be administered doses sufficient produce cahac
effect The attention OF parents especially solicited in favor


PETERS COUGH LOZENGEs


For coughs colds whoopng coughs, and all pulmonary
plants these truly invaluable article and must be
cesul fused directed. Neither do they keep patients
suspense but relieve them almost proving their efficacy
before the has passed from the mouth Dr. Peters
the readers trial of this and will hazard his
the result.


PETERS cordial LOZENGES.
Dr. Peters almost fears speak these Lozenges they
deserve lest he should sae the readers creduty for in
claiming for them TIE of nvgorating the mind Of dis
peng melancholy and low spirits Of sblming the imagna-
giving tereuno balmy fragrance and of almost instantly
the headache and correcting affections he attr
bues them which they do fully possess. In
addition they the most delicious of all Lozenges and
the stomach and sharpening the appetite.


DIR PETERS,","MEDICINES.


DIR. PETERS INDICATED
LOZENGES.",The New York herald. [volume] (New York [N.Y.]) 1840-1920
1842-06-19,"MEMBER OF THE ROYAL COLLEGE OF SUR
WI GEONS of London and Edinburgh and of the Medical
College of Philadelphia confines his practice select branch
Of his profession


"" Nocet empta dolore voluptas.


DR.. f. encouraged by the uniform attending his
mode of the Of venerea glee structures
seminal weakness and mercuria affections ali
those other bad which undermine the constitution
and lay the foundation of decay either from NAL
other In such persons the appetite
generally defective, and the relish for life almost subdued
His mode of universally admircd-hs medicines
being pleasant the and smell gently esrnge the bes
of the stomach and that ensy what good dges-
ton requires. His treatise constitutional deb
affords extensive observations sexual debility
mna weakness and mpoency brought by delusive habits
all its attendant symptoms Ihysologcally explained This
work be obtained his Office 96 Fulton where the
Doctor be consulted all hours Of the day and night


Letters post paid will receive immediate attention","DENTISTRY

DIR. FAWCETT.",The New York herald. [volume] (New York [N.Y.]) 1840-1920
1842-02-01,"Corn TRADE.


There still continues frmness in the -four
ket and prices Of canal range from six dollars to
six dollars and eighth barrel This shows chsnge
from Saturday and we believe there hes been in
any iosher description oil breadstus, manufactured or
not.


Prices Of hour throughout the country, range from
Eve to six and half dollars and such will probably be
the rates till navigation open, produce sgain
to market. We are Of opinion, from what data
have that prices must decline when that takes place. say
by May nsxs.


Very small shipments abroad have been made lately
too small almost to notice. Several thousand barrels
hence and few thousand from New Orleans only have
been bought for England prices ranging from 90 10
IS barrel According to last advices from the other
side ofthe Atlantic cannot expect any demand thence
Of consequence and taking into view therefore, the fact
that there immense quanttea in the States
ready for shipment to other conclusion
than that shall have low prices in the spring And
even grain is much lower than it was two msnths ago,",Corn Trade.,The New York herald. [volume] (New York [N.Y.]) 1840-1920
1842-09-30,"% MAIDEN LANE, Uf SIAINo-
IN THE EXTENT Of the vaeties in this department. the
proprietor safely challenge competition with other
establishment the world and has his own immediate
materials for executing description Of Xyogaphic En-
craving and Printing.


Original and Plates Of every description executed
the tsty of The and beautifully printed in Bronze
Fancy Colo Druggists. PerfumeIs, Manufacturers 0roceis
and other Labels constantly hand wholesale RETAIL and
all art Giles connected with the trade.


Job Printing Of style execued n the best
manner order, and on the most easonable terms
STEEL PLATE AND COPPERFLATE ENGRAVING


AND PRINTING


Notes, Checks, Drafts, Bills Of Exchange, Certificates Of
Stock do Deposte Blanks professional, webbing and
Cards neatly engraved and printed at q notice and
ged for all werk done at this establishment.


All orders from the punctualiy attended and
tcles ordered forwarded TO part Of the United States
the Canadas.


SIG imsr CHAs. sdfELDs, Prorriesor.","THE NEW YORK
PHOTOGRAPHIC PRESS,",The New York herald. [volume] (New York [N.Y.]) 1840-1920
1842-12-13,"THIS Academy established years age under


uonage OF the former lnendepi General oths Island and
other dis OF the nobility merchants oil
this CITY, III conducted on the plan q he German gymna
scholars understand the English language many Of them
speak u habitually and fueutly


The Principal has the of schools in France Ger
many England, and the United States His chief aim TO
give the youth entrusted 70 his practical knowledge Of
The Of study therefore, compehenas the English
Ereuch German and Spanish ianguages History eogrs hies
Natnul Philosophy the practical of Mathematics aud
drawings OF varions kinds.


Professors Of divers and reside the
ablshment and all the classes rotation. instruction
from the director


Such signal has attended this plan uion that
vera OF The pupils under elye OF and speak
two foreign languages perfectly nreSible and
those OF nper years, correctly and easily.


The acquisition only of the Spanish but also Of other
anguages thus placed within the reach Of the youth OF the
nquh the advantages which from anEpgsh ed
ucaon The object of the Principal in desiring receive
youths from the United States facilitate the requirement
Of the Eng sh for his Spanish pupils which service
would be douby repaid them by by the and introduce
here the manly spirit Of the English schools The young
NATE the house being and airy situated heahiu
spot short dis from the and containing within ITS
limits fine bath nd complete gymnasium Tor the preservation
Of the pupils health. Two youths lately arrived from Germa-
have passed the the school IN perfect health As
the principal married man. and his wife and have
age but tnat of infancy.


Every pupil enjoys his religious opinions undsurbed


The terms 500 payable three months IN
vance There extras except clothes End books -
References-MESSRS. CHAS, DRAKE BROTHERS.


ALEXANDRA MORALES, ESQ.,.","ENGLISH SCHOOL.
HAVANA, ISLAND OF CUBA",The New York herald. [volume] (New York [N.Y.]) 1840-1920
1842-12-13,"Asrai Lamps, Hail and Lanterns, Heading Lamps
SC.


Also article of Defecter Tor improving the light Of
the old pattern Of Astral Lamp
Also style Of Fiorenne Bronze, color mmovable.


Together with variety Of Lamps and Chandeliers for
churches, halls and public buildings


PLATED WARS.


Baskets Castor Trays Toast Racks Candle Ma pkn
Rings Butter Tabs butter and Fruit Knives SnuieIs and
Trlys, Coffee and Tea Urns, SC.


Fine Table Cutlery Japanned Tea Trays
~ great Of and forms; fine glass Bowls
ptchers Tumbers Dishes. Goblsts Decanter Water Bot
ties, Sugars, sc. Sc. ttt'r


W. beg respect July inform their friends customers,
and the public geaerai that their with the
nutaetu.rs sucn sthey sell all articles their line
al remarkably low and respectfully them call
aud see their showro which alone 10 sufficient to compen
safe Tor the trouble 500 3m$r",,The New York herald. [volume] (New York [N.Y.]) 1840-1920
1842-12-13,"The subscriber in announcing his for the
1872 appears befope his friends with Of
the able support he has received for
He likewise wishes call the attention of those intending to
send for their friends residing in England Ireland Scotland
and Waes that they at all be by this
the wen known erent lines of packet ships, sailing and
from Liverpool the lst 7 18TH 10th and 18th Of each month
throughout the year


Ii has always been study of subscriber
cmgants shown civty and despatched without delay and
hose who send for their friends rest satisfied that every
to those for, well all who may embark with them,
and should of those whose has been paid
park the mouey will be refunded without charge.
The subscriber pleasure in making known the differ
SHIPS by which his during the last
which has and that he has considers
The following is list Of ships -


Ships Scotland, Robinson. Ships Alabamian, Lane.


Fairfield, Wilson. Printlce, Hopkins.


Frankfort, Russell. Tyrone, Speare.


Russell Glover, Howes. Wales Watts.


Hbemia, Wilson. Westchester, Ferris.


Alfred, Cheeyer. Osceola, Chids.


Clifton, Ineersol St. Cloud, Emerson.


Louisville, Allen. New York. Niyen.


Sobieskie, Emerson. Warsaw, Grifhths.
Oswego, Wood Ocean, Willard


Talbot, Storey. n. Hampshire, Harding.


Pantnea, Goodmanson. Robert Isaacs, Treman.
Virginia, Eaton. Europe Batcheldor.


free passage from the different ports of Ireland and Scot
and also be secured and drafts furnished for amount
payable the National and Provincial Bsnks of Ireland and
their respective branches and also Mesrs. W. Robin
SON. which are paid free o. charge, throughout
For further particulars syply


or INV R6BTNSoN is Goree Piszzas, and
ssi6 Ne NEPTUNE ST.. Waterloo Dock Liyerpool","NEW YORK AND LIVERPOOL REGULAR CON-


MERCIAL LINE OF PACKETS


Sailing 10 and from Liverpool, Weekly.
~ M @ @
Old EsTABLlsHED pAAsss SAG OFFICE. 81 SOUTH",The New York herald. [volume] (New York [N.Y.]) 1840-1920
1842-07-16,"ECONOMY, ELEGANCE, AND GOOD


LYING.


THE unde rsigned has greet expense fitted up of the


largest and splendid Coffee and Eating Houses in
New York which hundred at least down
excellent and substantial breakfast dinner and tea IRON
the choicest supplies ofthe markets. bill of fare
cellcd either regards quality number OF dhcs by ho
tel in the United States and varying prices from cents
shilling and eigteen dish The Java and
Mocka coffee and the very best aud served only three
per cup And all other Refreshments proportion. The
waters uniformly cyil and polite and every visitor may be
assured of feeling this abshment quite ""st home In
fact every department Of the business under the superine
whose and
directed the comfort and convenenccs Of and
HENRY GOSLlNG,


Proprietor Of the French and American Eating House,


Nos Nassau between chm and Miidcn Lane
sOpen Sundlys for breakfast DINNER aud tea le0 5mr
DEARSALL's JAR ESTABLISHMENT. FOUNDED ~


1885, i92 Water street. FIVE doors above CathaIine mar
Bet NE only establishment Of the kind in the United States
continues TO supply the Navy, the American Russian and
Spanish steamchas sapIed all the boats aud club
boats the last four yesrand has the largest assortment
oars, Sweeps and sculls cole cted IN place


v. B-The Branch Oar Store the North River side. n
shat up and removed 400 Water street, and as all the
of store will sell enough cheaper 70 those who
come from the North River side TO pay them for their trouble
Race boats club boats and SOULS sold 20 per cent less
than last ND inc","MISCELLANEOUS.

------------


ECONOMY, ELEGANCE, AND GOOD",The New York herald. [volume] (New York [N.Y.]) 1840-1920
1842-07-16,"DROWN & cos One Price Hat Store, wholesale and re:
- tall l79 Chatham Square, Of Mott where
fashion, beauty durability aud economy combined adern
the head.


The pTopretors the pleasure offer addition
their recently improved short mapped Hat STYLE the
imitation of beaver which closely resembles that of all fs
the costly and beanrul that the difference is easily
perceived Price three dollars We strictly adhere TO the
price cash system, which enables furnish very superior
Hat for the price charged In presenting these Hats TO the
public the popetors think they have reached the umstum
of beauty bility cheapness and comfort. mi 3ms","HATS

HATS! HATS! HATS f!",The New York herald. [volume] (New York [N.Y.]) 1840-1920
1842-08-28,"Z d


Corn Doctors. from, Paris,


REG LEAyE to inform the inhabitants Of New York that
serces Mons Mad Bernard have been praccng in the
United States but few MONTHS and that short time have
and Others the benefit and comfort which have
ceved since they have been attended by them They have the
honor inform the public that by and peculiar method
they Hard and Soft Corns Bunons, Cailosies &C.
without cutting Mons and Made. B, do attempt offer
nostpm recurring sscres or faith % ensure its bat
painful Corns say have the satisfaction of carrying
away their tormentor, tbe|Com, in their hands.


Mons Made. have their possession upwards of
thersand from those who have At
their hands, Mons and Made B. have pratced their profess
sion for years in Germany France and England and
have acquired great skill and much practical expeence fact
aested by certificates from the celebrated En-
ysh French and German physicians wen from several Of
the nobility and OF those delivered them
after four years cure. The operation will occupy
than and the relief that the
thus dately their shoes and walk
without the least Inconvenience.


Ladies and gentlemen will be waited their resi-
dence m they desire Il.


AT homc in the morning from till II, and in the afternoon
from till o'clock.


Office at Boston, ISL Courtst. jys 3msr","CORNS, CUKNS. CORNS.


Murray street.
MONS AMI MANA ME- RE r n n",The New York herald. [volume] (New York [N.Y.]) 1840-1920
1842-08-28,"DR GREGORY long med prescribe for diseases
- Of private nature, resides 81 Mott Street He has
peen iamlir with these complaints years. and
oeen particular and close observer Of and effect he has
profession which has enabled him introduce valuable
Improvements INTO his practice He does boast Of making
rapid and hssty but his satisfaction
rough and radical cures and short Of time
possibly De done with advantage and safety the and
generally speaking for the
feet from
OF secondary symptoms; like
fequenfly follows the of advertised remedies for


THIS reasoLthat medicine however good the first
power and influence the system when MS
administration has beer locg continued and thus while the
uent swallowing medicine from day day his disease


not changing TO chronic FORM the least very likely
10 terminate IN permanent debility, perhaps thing
As for instance sctnre-how many hundreds
may be at this very time taking medicine under ccum-
stances that appear dlscouragng when, the real facts
oil the known, the disease might prove TO be
streure and should this be the case, is Important for
the patient 10 know that medicine a,ne did
that the patient may have structure many mouths
even Years, without his knowledge and without any ee
except TO increase the time required make a
Those victims findiscreon misfortune who about
select medical adviser, would do well to call and obtain lit
tie book treating entirely these complaints il is small
gnage very PLAIN and easily understood Price so Dr.
Gegorys residence 81 Mott about from Chat
ham nearly opposite the church, lie does limit his
attendance 10 few hours but be found home
has rooms well arranged for the reception Of his patients
and his charges moderate.


The Book also be had Sands Drug Stores in Fulton
ST.; AZ the of Chambers and Broadway the Bow
cry, No g. corner Walker ST. and No 1885, Spring


No ""a East Broadway and lag Delaney ST. Suffolk.","MEDICAL.

MEDICAL AID",The New York herald. [volume] (New York [N.Y.]) 1840-1920
1842-08-28,"II - SPRINGS AT KISsINGEN


kAKOCZY WATER on the European continent has the
reputation of being the caybcatc muac saline water
known 70 the Medical Faculty.


The Rakoczy has acduous Saline flavor, and being
powerfully promove OF secretion and cxcretion runfyer,
strong solvent and the time strengthening without
heating acts like Wiesbadep and Karlsb,d without inur
ing the stomic potent ductc specifically upon
liver, the ysema and uterine system, diss
rating existing obstruction The disorders and disc
which this water has manifested the decidedly aubrous
effects te following al affection. OF the
branes and distractions in the digestive organs arising from
local debility combined with inactivity OF the intesnal
us, want Of appetite faplency worms boaedness and OBJ
ections, against which has proved sovereign nedy
organic affection disorders Of the lungs
tic attacks from phegm and pec morbid deposits
equity herpetc and psorc arrangement Of the
TEN, rreguary IN menstruaton scanty copious
mensuaiion, sterilty anomalous hemouhos slbus
far these disorders originate from local weakness
tons and rlethora abdonina; obstinate rheumatic
equity affections especially when the time obstruc-
tons in the lower Of the body above all uterine
system discovered ~ chrome diseases Of the urinary
gans Benorrhee, bcmonhods the bladder, spass Of
the badd,r stu g plethora and obesity I'D chronic
tsneous disorders debility of the skim which manests selfn
disposition TO prose persJiaton extreme susceptibility,
tendency to colds ganduar sweings, indurations from
scrophula and other causes


Regular shipments constantly received.


A fresh supply just landed Venelis via Rotterdam


Printed circulars and directions for be had gratis


FLOR1AN STRAUSS, 529 Pearl street,


Sole Agent in the United States.
To be had also Of Mr. Forte nbach Of Rssde
TON AZ I'm","MINERAL WATER,
LIROM TIE CELEBRATED ROYAL RAXARIAN",The New York herald. [volume] (New York [N.Y.]) 1840-1920
1842-06-04,"81 LIsPENARD STREET, N. Y. CITY.
MADAME COSTELLO grateful for the extensive patron.
u literally bestowed she opened the above OF
fee respectfully soc the attention Of females and mothers
IN particular the following Medicines her own preparation
which have proved eecual arncying the diseases for
which they recommended, wiz


Madame Costellos Pile Ointment certain cure for the
Piles in all cases. -
German Soothing Syrup, prepared expressly for children
tessivhing ~ .fec,usliy prevent fits, screaming &c.


Madame Costcilos Nipple Taste, the most successful remedy
Tor sore NIPPLES and which no mother should be without
rally requiring but few doses to effect perfect cure;
redness, tam suI-buEi and reckles


Hair Renovaor positive preventive to the Hair falling
VIII restore in bald places and give rich dark glossy
pearance.


Also Beautiful Dye f9r the Hair does color the skin,
hut will red, gry light HAIR beautiful back La
dies can have applied at the Office By Madame Costello
Madame C's Ointment and Lotion, positive for the
salt rheun letter, scad head and other crupuons
of the skin.


Cases Of Liver Complaints which have been standing
have been cured short time by Madame C
cel,ent remedy and restored TO perfect health. :
Madame Costelo Syrup for after pains failing
NEEDY.


Each and all Of the above medicines prepared and sold -
LsPenard ST. and where be obtained such proofs of
facts viii conyincethe public there fancy these
ser;ions.


Madame would inform ladies that coed nurses may be OBJ
tanned at the shortest notice by applying at her Office


All m",MEDICAL OFFICE.,The New York herald. [volume] (New York [N.Y.]) 1840-1920
1842-11-07,"ONE box Of inestimab.e Pitts all the Quack
"" Medicines the world, Tor the disease


ConMErr-H examine the OF the above aisease
and the situation of the parts affected, consider NJ
important object be able remedy
tain IN its acon and the composed Of
dents will prevent the possibility while
It. Tact well known to many, that most OF the remedies
offered Tor these diseases drugs
to render almost impossible continue their witnoa
creating sickness the stomach other conse
Slch the doubt but such
remedy as vALlERS FRENCH FILLS will meet the uni
versal appobation being entirely free
pleasant their and prompt removing
The proprietor would here remark thai the efficacy
Pills III the disorders alluded biased upon supposon
the contrary is founded rational experience, having
used them successful practice for Of
fee confident OF their the remedies hitherto
employed


Sold No. 80 Nassau street, 4s Broadway and 30 North
Sixth strcef, Philadelphia, Prizes 81 box. s2l mSr",VALlER'S FRENCH PILLS.,The New York herald. [volume] (New York [N.Y.]) 1840-1920
1842-11-07,"CAU TION 10 FEMALES.
MADAME RESTELL, FEMALE PHYSICIAN, would
I1 inform ladies who with proper decacy, have repug-
the treatment of their complaints except by Of their
that all she attends them personally her
perence, practice and knowledge enables do She
deems this she does wish be
advertising Feme Physicians, who ignorant and
incompetent emseves obliged less
quack TO instead Consulting paros and
residence 8 Greenwich street, between Courlandt and Ii
bey Hours Of tendance from A. M NJ.
OILS 1msr


WONDERFUL DISCOVERY.
ST2IKEPS SOLUTION FOR THE HAIR, which will
~ change grey hair original color few minutes This
solution from yet offered and fail of
growth


Those who doubt virtues requested have their hair
changed before paying their IL humbugs would take
this method there would be to complain.
One trial will prove the fact.


Sold wholesale and retail and applied No. Chatham
opposite the Hall of Records New York
o2QIm ms",CAUTION TO FEMALES.,The New York herald. [volume] (New York [N.Y.]) 1840-1920
1842-05-07,"Wholesale and Retail Furniture and General Fu'-
nishing Warehouse, No. 81 Chatham street, cor


ner Of Duane street, NeD York.
WHERE he keeps for sale assortment Of the follow


ing articles viz: Sideboards Bureaus, BsdseAds Cots.
Tables Chairs Office and Portable Desks Glass Cases Book
Gases, Looking Glasses Dining Centre Tea and Pier fables
Pianos, Sofas Sofa Bedsteads Beds Bedding Paesse
teses, Carpets, Oil Cloth, Mating and Fire Irons Wash
Dressing Bureaus. Safes, &c.


Also large of and womens Wearing Ap
rarel, and second handed.


All the above articles offered the public at very
low prices. Persons in Of said articles would find 10
their advantage to make early call the above establish



Shipping orders punetually attended and packed the
shortest notice aud reasonable terms. Maesses Bedding
&c for fitting out vessels constantly on hand.


All orders 70 the above establishment will be punetually
tended to and thankfully received,


N B-The highest prices viii be given for Second Hand
Furniture and Gentle mems and Ladies' off Clothing
fin -",GEORGE w. DAWSON.,The New York herald. [volume] (New York [N.Y.]) 1840-1920
1842-05-07,"LATEST FROM FtoRIDA-By tho steamer Charles
ION, the savannah Republican of the I'd inst has late
adyices from Florida. 1t appears from several pri-
vate letters. that IIalleck Tustenuggee has been
ovcrhaued by the troops in the vicinity of the Okce-
hum-kee. Three Successive brushes were had with
his warriors about the Doth inst. our accounts diff
Ter some rs 10 the particulars. One letter says,
blood letting"" thereby indicating others wounded
Another letter says, ""Col. Worth was with the
troops in pefron. Sergeant Cooper OF the ""a Dra-
Soons Capt keT's company and one soldier were
retired over the Ocklawaha. and will doubtless se-
crete himself if possible about the -. Johns. The
whole force is in pursuit Of him.",,The New York herald. [volume] (New York [N.Y.]) 1840-1920
1842-05-07,"MEMS HAIR,


NOT two inches long, hundred designs
~ Necklaces Bracelets. Wa,chsuars. Earrings. Flower,
A. BARRYS Wigs and scnlps will stand pre-e minent
above all Others Their peculiar light and ven,.
ting character their being shaped exactly tie natural hair
grows their sa.iey their superior material and workman
bne Z form such perfect heads Of hair that they be
Any lady gentleman using A. C. Barys Tncopherous
for the Hair and do find the best and cheapest article
known this he will with pleasure the money
for 81 quachery discarded ratutous advice given on all
diseases connected with the Hair. the Hair Getting Rooms
40 broadWay, corner OF Liberty I'm","ARTIST IN HAIR.
FROM LADIES' AND CENT?",The New York herald. [volume] (New York [N.Y.]) 1840-1920
1842-01-15,"WINTER CONCERTS AT NIBLo's GARDEN The fas-
clnating promenade concerts, which were 30 greatly


the rage of our fashonablss last winter, are about
to be resumed, and host Of the most approved ia
lent both vocal and instrumental are secured Sin
clair will delight with his beautiful ballads, Frances
chini with her highly finished style, Miss Sloman
with her wondrous execution on the Piano forte,
and the Germans with the full harmonies Of their
wind Instruments. Besides all this, here is the pro-
menade in which we can enjoy the sight Of hun
dreds in motion, with happy faces, and in security
from the weather; here is also the conservatory,
amply supplied with all that is curious from every
region of The globe in short, here can be found de-
light for the eye the ear, the TASTE the Imagination,
and the Judgment These concerts were highly sue
cesslul last winter, and cannot fail to be 80 again
Our warmest wishes attend them.",,The New York herald. [volume] (New York [N.Y.]) 1840-1920
1842-05-20,"Nc medicines discovered have risen rapidly in pop-
~ lar estimation Peters Lozengc aud the sufficient
reasons that none have brn at the the
taste so easy IN their operations, and
based science and tested by time; proprietor
life hes been devoted 10 the study medicines and whose uni
versaly known success IN the and combining them
Ia influence the great of human diseases almost
without parallel up his entire for whole wear
the pcneciing of them and made his public
until they beyond the reach the rcson Of improve
ment.


PETERS WORM LOZENGES


These the desideatums long required They are
pc ecty pleasant the aud gentle their operations
that they may be itaressy administered the Youngest
FAINT and yet no medicine heretofore discovered named
III comparison with t destroyer Of II has
traction for them which they resist and having
tasted they become powe and die The Worm Lo,enges
TO be administered in doses sufficient produce c.hariic
effect. The attention OF parents is especially solicited in favor
OF this vailed article


PETERS COUGH LOZENGES.


For coughs, colds, whooping coughs and all pulmonary
plants these truly Invaluable article and
cessiu used directed Neither do they keep patients
bur relieve them at almost proving their efficacy
before the taste has passed away from the mouth Dr.
courts the readers trial of this and will hazard his reputation
the result


PETERS cordial LOZENGES


Dr. Peters almost fears speak of these Lozenccs rs they
deserve, lest he should sartle the readers credult
claiming for them the power of nvigoratng the mind of dis
peng melancholy and low spirits of subming the imsgin,-
ton OF strengthening the of sweetenng the BREATH
giving eeunto bamy fragrance, and of almost instantly
the headache and correcting he att-
addition, they the delicious of all Lozenges and
equal ching dscove for cuTn. sickness tonng
the stomach, and sharpening the appetite.","DR.. PETERS INDICATED


LOIENGES",The New York herald. [volume] (New York [N.Y.]) 1840-1920
1842-10-07,"WIN. SrRANo, Acting District Attorney.


Der. 6--.dssauh an Officer Of Poice.-Willam Ryer
tried for assaultRg and beating Teunes Fokkes city
marshal and Patrick Burns, while they were attempting
for assault and battery prev
ously committed on his wife Ryer pleaded his own cause
and attempted defend himself the ground that his
wife in public porter house. and that he was endea
vorine 10 get her home. The Jury returned verdict Of
guilty and the Court sentenced him 10 the Penentary
for four months. M


He then entered plea Of guilty to indictment for
assault and battery Isaac Cockear acty marshall who
was beaten by him while endeavorng to arrest him for
the assault on Fokkes and Burns. Ryer snstched the
warrant his arresom Cockears hand and tore II
pieces The Court sentenced him this Indictment
the Penentiary for two months making six months in
all.


he Judges Of the Court of Sessions expect that such
punshments equivalent for such outrageous offence
the time will arrive when but DULLES and ruff
fans will consent TO in the capacity Of officers of
police. This should have been sentenced for six
months on each offence.


I'm Old Koneyacksrn Tried-Eliza Severance one of
the cute OF the band OF dealers in counterfeit money that
nfes city was placed upon trial implicated with Bird
get Farley for attempting to pass 50 counterfeit
the Snfolk County Bank Of Boston, Patrick Commsky
the evening Of the 10th Of June 1t proven that
she came to the store Of Commsky the above named
evening, in company with Bridget Farley, another noto
dealer in spurious money and after purchasing some
few articles Of little value, offered the bill for pay men
She was told that the bill counterfeit and was also
proved that she afterwards attempted TO pass the same
note Dennis Dempsy of 292 Madison street, whereshe","General Sessions.
Before Recorder Tallmadge and Judge Lynch.",The New York herald. [volume] (New York [N.Y.]) 1840-1920
1842-05-10,"IIy- AMERICAN MUSEUM.--The immense collection
of the works OF found here embraces every thing
wonderful which has yc; been discovered in air. eith or
sea- From the great Sea Lion 10 the Talpoc: from The
Elephan. the Mole; from tho Whale to the Goldfish:
from the Ostrich to the Humming Bird; all all are here.
This collection of wonders affords great field for he
reflection and instruction every mind. In
reviewing all these wondrous productcnso Of Creator
and wrapped in solemn Meditation, the Christian exclams


Almighty Being


Cause and support OF all things, can view


These objects of my wonder, can feel


These Gne sensations, and not think OF Thee y
4 company Of indian Warriors and squaws also
gagged here this week, with many other rational amuse.
.uenss Cor which soc advertisement",,The New York herald. [volume] (New York [N.Y.]) 1840-1920
1842-11-18,"The elections took place the 7th During the
ten days which have since elapsed, all denominations Of
New York State stocks appears. have advanced nom
Ito per cent The greatest advance has taken place in
per cents which the last investment They have
than recovered the decline which the fears Of
a wanton increase of debt had occasoned. The city
stocks rank still higher.


Notwithstanding this rise New York and other sound
stocks the Federal government has been unable to OBJ
tain money its cent stock and the Treasury
notes have fallen per cent. few weeks since they
would command premium, they will not bring per
cent discount in any amount although the amount out
standing not greatly increased The increased activity
capital has rendered them longer desirable tempo
rary investment for the banks and capitalists seeking per-
manent esment, having all fears in relation to the
soundness oNew York stocks removed their money
into that channel Every day increases the dscred Of
the Federal government The late tariff which has very
materially injured commerce. has ruined the revenues
and with constantly increasing arrcarages the depart
ment struggles with the payments due the bonds Of
former years. As long Treasury notes at pro-
mum the government received cash for those bonds The
rate of the Treasury notes makes profitable to pay
them into the Treasury instead and thereby deprive
all means. Congress very meets, when
measures must be adopted As matters stand, the
and and the trade Of the country
well as the national iah all to be sacrificed the
idle phantom Of protection class Of citizens who
the whole population to 20.


The stockholders of the Erie Railroad the Broad
street Hotel There present a vast assemblage
very large capitalists both Of this city and the southern


tier Great enthusiasm evinca ed for the prosecution
of the work. The meeting addressed by SAUL Alley
ESQ., of this city, j. p MANRow ESQ., Of steuben county,
and several gentlemen from Rockland county, who
acquainted with the nefarous transactions of certain
family there


After much consultation, the following ticket was
agreed upon",PRrcrs OF NEW YoRx STATE srocx.,The New York herald. [volume] (New York [N.Y.]) 1840-1920
1842-06-12,"THESE celebrated articles have now used for nearly
four years and the greatest proof Of their efficacy IN re-
moving the diseases for whch they recommended
is demand for them has rapidly and
persons who have used them only continue their use
but recommend them their friends


COUGH LOZENGES.
Are the best medicines the world for coughs, colds, con
sumption asthma whooping cough &c.. discovered


THE WORM LOZENGES
Are the only articles which fail in removing worms OF
every description, both from children and adults.


THE CAMPHOR LOZENGES
Are sovereign remedy sickness headache,
paptation lowness q spirits and al nervous diseases
The Hon. Clark, Hon. Edw. j. Porter. Rev. Mr.
Handbook Rev. Mr. Dunbar of the McDougal street Church.
have used them


Office 1906 Nassau street-Agents, Rushton & Aspnwas
three Sends 273 Broadway IT East Broadway Cod
,rington, 227 Hudson H22c","DR.. SHERMAN'S
MEDTCATED T,OZENGES.",The New York herald. [volume] (New York [N.Y.]) 1840-1920
1842-10-19,"CARL KlNG-The well known and celebrated Millinery
and Ladies' Straw Hat Manufacturer her Majesty the
Queen of England respectfully begs leave the
ladies' that he has hand most splendid OF rch
plain and Tareton andre Satins and


VELVET HATS,
Of colors and the latest and admired Partisan
fashions such have heretofore bec exhibited
similar establishment in the city.


THE STRAW DEPARTMENT
conducted usual by himself with great and the


MILLINERY DEPARTMENT
under the of the ingenious American and
PaIlsian young ladies.


Mr. KING determined keep up his reputaon for
and fashion in his department. and will sell the best and
fashionable work lower than house in the call from
his tueads will convince them of this TACT
Bills Paris Ribbons. Taft Velvet and Flowers of
the latest French and be purchased either Of his
establishments at wholesale retail.


so Canal street, Broadway,
ol0 lmr' and n Division street",MILLINERY GOODS,The New York herald. [volume] (New York [N.Y.]) 1840-1920
1842-05-31,"CANNOT refrain nom mentioning the public, that


actually asonhed and surprised the injury done this city
BY taking the spurious pills. drs and mntus: ndscrminate
disease. These facts have ascerared entire salts
faction from the hundreds of patients which have cured who
the of medicines inudciousIy
ken Thus will say be himself well
MIXTURE for dollar. which will him. without knowing
the TIME whshe be by doctor not and third
such No for 50 for all he hysean advice in the city
would have comprised the Of the bone and


OF country Iwoph you gentlemen, that those
wish after life probably after are married and have for
days. rheumatism weakness Of the
spine all dull esdachcs
son deafness loss Of sight and scrofuous children then go
on If You should PHYSICIAN; visit him every
three four days until well and probably he MOI
charge much you anticipate Should You select
your Physician you will find Office 81 Broad street.


mvi7 lmsr j. PROVOST, NJ. D.",A COMMUNICATTON.,The New York herald. [volume] (New York [N.Y.]) 1840-1920
1842-05-31,"THE MONlTOR-This is the title given treatise show


the symptoms consequences and
the diseases called private their best modes Of treatment
plainly described the remedies proper for their different
with useful hints advice and all necessary
directions to enable the paen! to effect private prompt .sd
Monitor with the fullest confidence, containing does the


fruits Of devoted experience extensive practice aud
successful Nor does he
than this that the Monitor has reached the
ton.


"" Sold for the PROPRIETOR only Apothecsres' Hail.
Prince Of Marion where also be had Dr. Joan
Specific Courses No. L. for the oc-p gleets and all


ral dsehsrses and Cene No for the permanent of
venereal diseases all These packages
every medicine wash and requisite needed either for
erna external They excite suspicion loss
oftime, and used with safety and


"" = CO Prince street, of Marion, 8 blocks OF
Nibo Gardens Private G91s Marion door
to drgs store. m2t i'm","O.nce open uht'i ~ oclock 4. W.


PRIV AVE CURE",The New York herald. [volume] (New York [N.Y.]) 1840-1920
1842-05-31,"DIX. PE ERS' INDICATED


LOZENGES.


NJ medicines discovered have rapidly in popu-
~ lar estimation Peters Lozenges and for the
that have bsn the so pleasant 10 the
their and certain
Those not the result of chance but
based upon and tested by tme for the opc
s has been devoted 10 the study of medicines
,ersaly known success IN the varying and combining of them
without parallel his whole year
the peectng of Them and made his discoveries public
until they beyond the reach the acquisition Of improve



PETERS WORM LOzENGES


These are the dcsteratums long required. They
rfecy pleasant the and their
that they be fesrlessy administered the youngest
FAINT and yet medicine heretofore discovered be named
IN COMPARISON with u as destroyer of II has
traction for them which they cannot resist and having
TO be administered doses sufficient produce cahac
effect The attention Of parents especially solicited
of this unriyalled article.


PETERS COUGH LOzENGEs


For coughs colds whocping coughs and all pulmonary
plants these truly invaluable artice and
suspense but relieve them almost proving their
before the taste has passed from the mouth Dr.
courts the readers trial Of this and will hazard his reputation
the result.


PETERS CORDIAL LOzENGEs.


Dr. Peters almost fears speak these Lozenses they
deserve, lest he should sartc the readers creduty for in
clnng for them the Of inv igoratng mind
nens melancholy and low spirits Of subliming
on oil trengthenins the Of sweeenng brca
giving ereunlo bamy fragrance aud Of almost Instantly
oie 70 mem no virtue which they do fully possess In
addition they are the delicious of all Lozenses and
na 70 thing yet discovered for curing toning
'e s'omach' ana sharroning the aprctite","DIR. PETERS INDICATED


T,O/ENGES",The New York herald. [volume] (New York [N.Y.]) 1840-1920
1842-05-31,"DR DAVID BRENNA has the honor of informing his
- friends aud the public that e has the Granite
Building IFS Chambers street. where WILL without the
mercury radically and few days, the most in
yeerate syphc Diseases Dr. Benna remedy is en-
teIy any corrosive poisonon, mineral and when
taken according his directions will the painful
symptoms which invariably follow the abuse Tor rather the use
Of mercury and other nosons medicines universally admin
Dr. Bcnnas remedy simple that 1t
can administered without the least danger of bad
the patient being able during the treatment to attend
10 his business and live usual. -


Dr. Benna practice is confined to the cure Of the above
but will his professional ADVICE 10
ten administer medicines the homeopathic system
the only that has chronic diseases


Office hours, from O'Clock, and from to NJ
Chambers street l75 m29 lmr",,The New York herald. [volume] (New York [N.Y.]) 1840-1920
1842-05-30,"THE Proprietor of this fashionable respectfully bsgs


leave to announce TO the public of New York that the
will commence ""Wednesday next, June when the
wonderful Raye Family augmented by several eminent artists
from Paris, and now numbering 20 persons, will appear
Many costly have effected during
both the Grand Saloon and Garden. The
been redeconted and the latter filled with and beautiful
Shrubs aud Flowers.


Edge the nimitibe Pyroechns has engaged for
months in executing unusual expense series Of
novel displays in his pleasing


The Pomnade Musicale, which last gave sucf,
quyocal satisfaction will be resumed by fun and efficient
Orchesta under the direction of Mr.. f. Woolf from Covent
Garden London and effort will be left untried the
extensive patronage bestowed this establishment hereto
fore.


The Garden will be thrown open half past and
the anusements commence 0 O'Clock.


Admission so Gents.


B limited number of Season Tickets will be issued
mcp",NIBLO'S GARDEN.,The New York herald. [volume] (New York [N.Y.]) 1840-1920
1842-10-16,"The Eugena from Vera Cruz, brought SOL 900 in spe-
ce also about in other vessels arrived yesterday
from foreign ports.


The packet hence for New Orleans to-day took out a
large sum in specie.


There generally little better feeling at the stock
board this morning. but sales were not large Bank
of Commerce rose Long Island fell Kentucky 6s /;
Sales of bills on Philadelphia discount Mobile 10 IA
discount.


The operations in exchange for this packet have been
limited and prices still show downward tendency
There now little demand for remittances and will
be still less The rates are as follows:","NONE Y MARKET.


Saturday. Oct. l5-6 p. Nj.",The New York herald. [volume] (New York [N.Y.]) 1840-1920
1842-05-05,"MEMS HAIR,


NOT two inches long hundred different designs
~ Necklaces, Bracelets Watchguard, Earrings, Flower
Rings, Wigs, and Scalps.
""A. {, BAtiYS Wigs and Scalps will stand pre-cmnent
above all Others Their peculiar ist, gossamer and vent.
ting Character their being shaped exactly the
grows their elasticity their superior material and
SHIP well their style of finish and all
bne form such perfect head hair that they mus, be
TO be fully appreciated. -
Any l,dy gentleman using A. C. Barrys Tricophcrous
Tor the HAIR and do not find the best and cheapest aHce
for 81 quaskery arded advice given all
diseases connected with the Hair the Hair Cutting Rooms
u al I'M","""a. W
Sworn before me, this 27th day Of

ARTIST IN HAIR.
FROM LADIES, AND CENT?",The New York herald. [volume] (New York [N.Y.]) 1840-1920
1842-02-17,"RE alike benefited by Shemap's Lozenges They stand
n high among all and need puiog to make them known


ENVY AND MALICE
have make psalm of worthless
articles place c shermans Lozenses which have done 80
much good, aud cure 20 many.
in fact have experienced their happy and beneficial effects
Asthma Oonsun ption Ppitaton and all Nervous diseas-
e and known Of failing to do all that 70
claimed.


high and low unite in them to all who need
safe and sautary medicine.


CLERGYMEN
have their virtues their pupit and amidst
have recommended them their patients when their skill
had failed TO give relief.


OLD AGE


soened to boyhood and their declining years made com
for Shermans Lolenges and that you get them-they
alone will you Shermans Warehouse Is at los Mas
street. =,
Agensilo and .7s Broadway 1873 BswsEv y East Broad
1855 Fslton street. Brooklyn Kdding State ST. Boston
Rurpess South Third street, Phi~delphia. fill",RICH AND POOR,The New York herald. [volume] (New York [N.Y.]) 1840-1920
1842-08-06,"ORRIS TOOTH WASH-Prepsred from the original re-
~ cipe at Nos Gold street, New Yrok-The Onis Tooth
Wash purely vegetable PREPARATION possessing the proper
ties is.e.nag The teeth ana mouth restoring the
healthy state and preventing unpleasant oaou in
the mouth whether arising from decayed teeth fo lie
ranged state of the stomach.


1t designed be used with tooth bruh and will be found
the necessity of powder tbs teeth clean
and the wearing away the gums the teeth


particularly Of spungy gums the m
healthy state and causing them around the
teeth In painful of the teeth and arising from
exposure to cold Will be found highly Beneficial u Is par
before retiring res This m-hod recommended by emf
dentists by doing all PARTICLES of food which
mulate during the day entirely removed and the mouth
kept Though The night clean, sweet and healthy state
of poor humanity; bat how many neglect the attention
their when surrounded by all the
ede Among these know of pleasant
and eectua than the Ors Tooth Wast cleanses and w
the teeth strengthens the pures the mouth and
sweeens the breath We recommend its to ALL and
old-I Boston Morning Post


The Os Tooth Washs the best detergent used
enamel-[ Boston Transcript


For sale by the principal druggists in the CITY ma",PERFUMERY.,The New York herald. [volume] (New York [N.Y.]) 1840-1920
1842-08-06,"JUST PUBLISHED, PRICE FIFTY CENTS-By Dr.
- Fawcett of 1876 Fulton street. New YoTk-The great
Consosr for the Mind in Disrea popular enquiry into the
encea that destroy the physical the ability
on manhood with observations the baneul eeeots solitary
hdasspie local constitutional weakness nervous irritation
Sounpoh ana the partial total of the repro
Gueye powers The Dr. is also THOR ofa treatise which
written Cor the sensitive female, who while she


soashed az The idea of ang her suferngs, may find
III us page. CONFIDENTIAL and capable adviser,


Doctor continues direct his attention IA the entire
dcansn 81 goinorhea elects sctures nocturnal emissions
Ihl worst forms, nervous irritation constitutional de
au an diseases brought on by solitary habits Female
jy23 Inc OTco toe rI,ou -,",,The New York herald. [volume] (New York [N.Y.]) 1840-1920
1842-08-06,"FROM THE CELEBRATED ROYAL BAVARIAN
l. SPRINGS AT KISSINGEN.


hAKOCZY WATER on the European continent has the
reputation of being the cha murac saline
known to the Medical Faculty.


The Rakoczy has acidulous saline flavor, and being
powerfully pomove of secretion and excretion, purfyer
strong solvent and at the time strengthening without
heating IT acts like Weshaden and Karlsbad without
ing the somach) potent diuretc specifically upon the
pang existing obstruction The disorders and diseases
which this water has manifested the decidedly salubrous
effects, are the following az affection. of the
branes and obstructons the digestive organs arising from
local debility, combined IN inactivity of the
tus want of appetite atuency worms, bio and
stucon in the liver and systema potarum hemorhodal az
cons against which has proved sovereign medy
likewise against b) hpochondn Spleen when based
affection c disorders of the chest and lungs asthma
tic attacks from phlegm and spec morbid deposits such
equity, hepec and psorc arrangement of the
sey, anomalous hemorrholds Tor albus in
far these disorders originate from local weakness
tons and plethora abdomnais e) obstinate rheumatic and
equity affections, especially when the obs,ruc
the lower of the body above all the ut le
discovered ~ chronic diseases Of the urinary
gans, Benorrhee, hemonhoids the bladder spssms of
the bladd ~ plethora and obesity h) chronic
aneous disorders debility of the skim which maness tsefn
disposition to oiuse periration extreme susceptibility
scrophula and other


Regular shipments constantly received.


fresh supply just landed per Venea, via Rotterdam
Printed circulars and directions for be had gratis


FLORIAN STRAUSS, 523 Pearl street


Sole Agent in the United States.
To be had also of Mr. Forenbach, of Reade and Hud
son street. az lm.r","MISCELLANEOUS

MINERAL WATER.",The New York herald. [volume] (New York [N.Y.]) 1840-1920
1842-11-12,"COURMOND QUI vIvEt THOUSANDS
VI Of good Of good fare have been
some weeks suffering severe disappointment from die
fevso now, however, over, and agaa may they feed
WE'LL for be known thai the John Adams, of
memory, hangs his hat the Tenapn also
pe,o! Of nsst little fellows IN Chrsendom yclsp
Turtle Soup and steak line the mantle Of Sandy has fallen
Iohn Perfection good eating and drinking be
Ice Bor will appes.e the hunger Of him with the shon
uckie tie palate Of the veriest anchorite.


Greeu Turtle served this day and day during
the OH I'm m","TERRAPlN LUNCH,
yrNDCD THE AMrpIcAN MIfSrvrM",The New York herald. [volume] (New York [N.Y.]) 1840-1920
1842-11-23,"The transactions at the Board to-day small in the
sound stocks with little change in prices. The fancy
'tocks fell heavily particularly the Railroads-Long
Island T. Harlem per cent. The great fall is bringing out
the stock rapidly Those who sell rst lose least The
reduction in fares the Mohawk has knocked the
down per cent. The unpopularity of that road has
been great that it has been heretofore unable to
tend against the stage ne The opening of the Troy
road will probably destroy its travel altogether.


The holders of bank stocks in this city getting
ous realize something from their capital which he's
been so long lying dead The following is lis. of the
non dividend having stocks:-",MONEY MARKET.,The New York herald. [volume] (New York [N.Y.]) 1840-1920
1842-06-07,"VIRGINIA SPRINGs.-We hear Of number Of our
fashonables who about taking their summer
trpto the Virginia Springs, todrnk Of the white sui
phur water in that most romantic and delicious
gion Of country Large parties are also going from
Boston, Philadelphia, and Washington. Mr. Bodis-
and family, Russian Minister, and Mr.. surrys.
Belgian Minister are among those going from the
capital, and number of members of Congress, with


their ladies' There will be many pleasant Irritation,
in the beautiful groves of the White sulphur ths
summer, so many bellies and beaus being on Their
way there. The White Sulphur istwo days journey
from Washington, half railroad and half turnpike
Expense for the trip from New York, thirty dol
lars.",,The New York herald. [volume] (New York [N.Y.]) 1840-1920
1842-06-12,"CASILE GARDEN.


ELIAS THOMAS respectfully informs the public that he
II has completed and placed the above location the
most extensive and onamened this for ladies' and gentlemen
that hoated the American waters paned and hull
BY Mr. Calvin solesrd and adapted to all the
eme ltnsth i6l feet by IS feet The gentemen's
feet by 49-ts ladies' which also attached several
ones Of varions depths) As by 40 and juvenile swimming
school Of considerable extent The shower bath. ugoa
whole interior with saloon comprising every LUXURY
reshment under the experienced OF Mr. Okle
OF BROOKLYN designed STYLE Of comfort and
suite. . 10 The wants and wishes ofthr visitors,


Elias Thomas appeals those friend, who warmly
tanned him last when manager of the franklin BATH
now placed the foot Of Montgomery stree for that support
sr?ed euteprize and for the support that hismerts may
claim from the citizens OF New York aud its citizens","FRANKLIN
SALT WATER BATHS.",The New York herald. [volume] (New York [N.Y.]) 1840-1920
1842-11-29,"HAIR OIL-There Il no oil in the world that can do good


bad to the hair Every body knows that when the hair
is burned II will again good All tho powders
for dying the hair nothing but of and hrege
and the hrr but literally burned Liquids for dying
the hair composition, of causiic the
the powders, and don't dye hair and the
will grow matter how times buIned; and
body knows also, that when the head u Of dandu the hair
otwen!y years being hair and having the opportunity
myself composition known "" Pastors Hair Oil,
Compound Esscutia Oil Of Almonds for destroying danduf
preventing the hair from coming aud turning grey This
mabe Hair Oil will make the hair wel no matter how
much dandruf or soreness the head.


For sale, wholesale and RETAIL A. PASTORS, Hair Cut
65 Greenwich street, New Aork Price 10 cents bottle.
nj lunts",,The New York herald. [volume] (New York [N.Y.]) 1840-1920
1842-07-04,"ITO Farmers. Planters and Observation-Disclosures compound


Chemical Whale OIL SOAP may be considered in the pre-
sent moment the best preparation that compounded
for the total destruction Of every species insects nestng tbs
vegetable Kngdommaggots sugs rosebus peach necrne
lice and all the smaller insects which parasitic indigo
nous and exotic flowers such the oeale cus
mesembriant gerania erica rosacea may all by
proper application be thoroughly extermnaed Besides the
extraordinary cheapnes most important item economy
renders accessible for all large csei000 peach
ees or 30 acra Of land be kept free from the maraudng
insects for the tnfiing expense of one dollar


Farmers raising rye potatoes urups cabbages
may at the of few dollars realize hundreds by saving
their fields from the deysstaons Of the vermn. The Com
pound chemical Whale Oil Soap be had in bulk jars
oil Tour pounis dozen Of which box Al ply


DIR. LEWIS FEUCHTWANGER


Je2 lm""c Chemist No. l Wall street.",HIGHLY IMPORTANT,The New York herald. [volume] (New York [N.Y.]) 1840-1920
1842-07-04,"FOUR DOORS EAST OF CATHARINE MARKET.


THE Subscriber having his mandatory and under his
own immediate sgperine ndense of the oldest and
expeenced builders IN this citv and the best
building every description OF boats which enables him TO
furnish at De shortest notice. Boats of the approved
del apd Workmanship on the most libe raj terms.


BUILDER of the Sultan of Museats Pleasure Barge, the
Wave Sszele Victoria, Atlantic Wskona, sc. Also, the
Hyde Park, Sylph and Wave, of Mobile, Geo stsvnt, Of
The sui boats VIM CIous, Fashion, Zanon Star and Ed
win Forrest SC, Sc, Nc ieilm-c


1898 at 1902 Water street. five doors above Catharne
ket ae only establishment of the kind the United States
continues TO supply the Navy, the American Russian and
Spanish steamehas Supplied all the boats club
boats for the last four has
OF oars Sweeps and SOULS collected in one place


y. B-The Branch Oar Store the North River side
shut and removed 10 40, Water and the
expenses OF will sell enough cheaper those who
from the North River side nay them trouble
Race boats club boats and SOULS sold per
nan lasfye","CROLlUS'
BOAT ESTABLISHMENT.",The New York herald. [volume] (New York [N.Y.]) 1840-1920
1842-08-27,"M DEATH SHOULD NOT BE RIDICULED-But
here IL story that may do the living good young
lady living in Sc street, Boston, died lately Of
sumption During her last few months she famous
the delicate texture Of her cheeks and neck and the
gloss Of her bright delicious rcsses Methnks her
poor glazed eyes, beaming with joy she display
her lovely trcsses that month since together with her
yellow face. covered with fever spotsreader, you may
think this fiction She has used the famous Italian Che
mca Soap her skim and jones' Oil Of Coral Circassia
on her hair and the ravages Of death worked not
and In her coffin her friends exclaimed What beaut


full corpse For particulars advertisement in anoth
column headed Eruptons Cured and Restore the HUI
man Hair"" Both articles sold by Jones, 81 chatham
street. New York, and his agents.


o. wINCHELL's FAREwELL--DAY PERFOR-
MANCEs-This is the last day and evening Of the mimi
table Winchell at the American Museum Splendid and
diversified day performances take place at o'clock this
afternoon. The wonderful Mermaid is still exhibiting
here and daily the attention and admiration oil
thousands of ladies' and gentlemen The real existence
of this extraordinary is established beyond all
doubt and IL therefore regarded by naurass and
scientific persons the greatest curiosity IN the world


Let none fail to visit it, The admission TO the whole is
but % cents","The beautiful C0rpse-A Tragic Story.
~ mr. ATH SHOULD NOT Re RInICIrIEn-B,",The New York herald. [volume] (New York [N.Y.]) 1840-1920
1842-05-24,"NORTH RIVER DISPENSARY, 2oiIs Fulton street near


Greenwich DR.. Morrison, member of the Royal College
of Physicians and Surgeons, London and formerly
the British Navy continues be consulted daily diseases


delicate and all those sessin symptoms
o. nuicous and the imprudcnt of quack iedi
ees Mr. NJ has had Of % trcan. de-


cac diseases all their and complicated forms
uses mild safe and nfalbe substitute for mercury eradicate
the ycaerca with certainty, without sublccng
patient 10 risk restricting him his usual die,
suits, while his medicines agreeable and smell
Permanent distractions the and
accompanied with much irritation and dull pain the
consequences Of mlltreament, and leading ultimately
hsulas DR.. NJ treats structures scientific manner gra-
duay promoting absorption Of the thckened membrane with
pain.


CONSTITUTIONAL DEBILITY.-Thousands of young
men suffering from the consequence of indulgence
eret destructive habit and whose further injured


from the of nosums and pretended specifics which
late only To induce depression DR.. NJ.
purely ra,holoslca principles and fails in establishing
cure the most obstinate yield his plan trcamc
Letters post paid and suitable Fee will
correspondent full advice and the Union
by his history of his detail The
cOnhience observed. Fulton","MEDICAL.

DIR. MORRISON",The New York herald. [volume] (New York [N.Y.]) 1840-1920
1842-11-15,"| HANSON. WILCOX HANSON, Plumbers Brass
No 1913 Broadway, New York.


From long practical experience in business this and other
cities possessing Water Works W. Il. have confidence in
thus the public that all oders entrusted them will
a woikms Mike style, and of the best materials


Their charges will always moderate can be re asona
bly, atored By competent and respectable concern


Water PIPES OF every approved description, for introducing
the Croon Water Patent lead pipes Iron composition
and timed pipes Brass cocks water Closets of their own
superior Hydants of Carolina red cedar bathing
tubs bath boilers the best Phadeuha plan and other
articles in the foregoing branches of business. OILS msr",CROTON WATER.,The New York herald. [volume] (New York [N.Y.]) 1840-1920
1842-06-02,"QU- CAUTION CIRCULAR.-To Druggists and Coun-
try MerchantsThose valuable articles Oiridges Balm
Of Colombia for the Hair and Hays Linimcn for the
Piles, SC, have been extensively. counterfeed. Those
wanting these preparations will please always write when
ordering from any other house for Comsocks articles
The true articles have that signature always on
the wrapper, and vendors will do well to remember that
when ordering the limitations exposed in nearly
all the newspapers throughout this country that they
could not be sod should they be unfortunate to get
them
Our friends throughout the Union requested to give
immediate notice by letter should any Of the
feits appear in their respective places.


Respectfully,


COMSTOCK CO.


II Maiden Lane.",,The New York herald. [volume] (New York [N.Y.]) 1840-1920
1842-02-17,"These vessels, for the most part, carry more guns
than their rate would lead the reader to suppo sc
The line ofbattle- rated seventy -four mount
from eighty to one hundred and ten guns. The only
three decker in the navy, the Pennsylvania, mounts
40 guns. The frgaes Of the first class mount from
fifty -four TO sixty.four guns. The frigates Of the
second class mount fory-eight guns The sloops-
owar Of the first class mount, with two exceptions,
twenty-four guns The two exceptions are the Cy-
ane and Levant. These vessels mount no more
than the number they are rated The sleeps ofthe
second class mount twenty-five guns, and those
Of the third class mount the number of guns that
they are rated. The briggs and schooners rated ten,
mount from twelve to fourteen guns, and Those
marked without any rate, mount from one to six.
The two small steamers mount four guns, and the
Missouri and Mississippi each mount eight sixty
eight pouuders on their quarter decks, and two 10
Founders forward, all Paixham guns. Two Of the
steam ships mount eight, and the third six gnns.


Persons unacquanted with naval affairs would
most probably imagine, from the rates, that there
were actually bu. 2044 guns in our navy, where as
there are about double that number.


MEDICAL MOVEMENTS IN THE MErRopoLIs.-The
Faculty Of the New School of Medicine have Just
completed arrangements for the establishment of
three ci,iques devoted to Surgical cases under
the efficient and skful management of Professor
PArrlsoS another for Medical cases, under Profess
scr REvERE, most judicious physician and
third devoted 10 Obstetrics to be conducted by Pro-
fessor BEDFORD. This triad of ciiniquss will be
brought into full operation as soon as the College
season terminates, and continue throughout the
summer.


The College of Physicians and Surgeons have
abundance Of material, and we trust they will not
suffer their young nva TO oustrip them in exertions
in the ""work of mercy and labor of love-, to re-
lieve the suffering poor, promote the interests of
science-and, ahem obtain students. noble and
generous rivalry between these able Faculties, -
which ited,presen powerful array Of talent and
skill, will do much to elevate the character of the
medical profession. The Lancet will faithfully and
imparaly report the progress Of both establish
ments, and the members of the professiyn and stu
dents throughout the country, will thus every week
be invited to the delightful and profitable task Of
scrutinizing the proceedings and comparing the


judgment and talents of the teachers in the respec-
tive schools. Success to the great medical revolu-
ton.",. Paixhan guns.,The New York herald. [volume] (New York [N.Y.]) 1840-1920
1842-01-11,"90 THE AcADrAs CIRcus-It is our firm opinion that
since the days OF the Circus Maxmus where all the wit
talent genius fun rolc and morals OF the ancient
man Empire, used to assemble TO witness the sporsi OF
the ring athletic exercises and equestrian eats Of the
olden time that no circus has been crowded aud
popular than this new establishment There see all
the dsrk eyed beauties Of the west end,n with their
rosy cheeks and smiling faces applaud the graceful and
extraordinary ees Of Mrs. Cullen, the most daring ie.
male equesrisn OF the world. Mr. Stone gives his fear
less deneaion OF savage life, with power and inrepi.
dity perfectly astounding The clowns stand unrv allied
ior ingenuity fun jokes and lrolics and in addition TO


display rarely elualled in this city, those celebrated
pugelists. Woodruff and Donley will this evening give
an exhibition o. The or. Of self defence. 49,",,The New York herald. [volume] (New York [N.Y.]) 1840-1920
1842-08-18,"W}-PRESERVE AND REGULATE NOT DESTROY
the constitution by paying heed to the diseases which
nrse from comparatively slight causes. These causes,


IKE small leak in large ship, which, though small at
FIRST increases in sze until it the destruction OF
the vessel The of the diseases which the hui
man frame is liable either arise from exerton colds
or an Impure state of the blood thus proving that
der to enjoy good health only necessary to
stopping the leak while the pumps able keep the
ship afoat but when consumption seizes person
there is no medicine that will readily relieve them and
cleanse the blood and system thoroughly, the Hoar-
hound Candy, manufactured and sold by j. Pcase Son.
40 Division street. We have observed upon the
which accompany this preparation representation
Coed Samaritan, which consider quite appropos as
They have agents ITO Broadway, 10 Aston House. Sc Will
liam street, l65 Greenwich street, and Sixth
High street; Crscker corner of Atlantic and Pine Appe
streets; Mrs Berry Sand street, and Stiles 1853 Fulton
street.",,The New York herald. [volume] (New York [N.Y.]) 1840-1920
1842-08-18,"90 THE HAIR.--r has been demonstrated that oils
and all oily mixtures positively injurious to the human
hair Sprituous preparations extracts of tonic roots
and stimulants strengthen the roots, and the
hair to grow rapidly OF its natural color and if the
or dead hairs are plucked out they will not come in
scurf and stimulate the roots to action. All oily
has directly contrary effect relaxing and facilitating
the very vessels that should be strengthened The Balm
of Columbia have heard extoled far above any other
articles for this purposes and the fact notorious that is
the ladies particular Its perfume makes it desirable
article to ALL whether the hair needs


causes the hair to fast aud curl beautifully There
an immense quantity OF this article sold Those who
have used other articles have abandoned them for this
This the only original article and invention
has yet began to equal it. We say all this from ere
conviction of its truth Call at ri Maiden lane where
may be had.",90. THE HAIR-I has been demonstrated that oils,The New York herald. [volume] (New York [N.Y.]) 1840-1920
1842-07-06,"O,CONNELLS REPLY TO EARL SHREWSBURY.
~ Authentic EditionThe subscriber has received from
the Libcraiors publisher in Dublin this cels
bted work directed be hereby the distinguished author
himself II is erby printed Those who wish have the
genuine work. neither eascuated by corrections dhgured
by absurd wbuy this edition. Those the contrary
Of The miserable print and paper viii purchase that pu. forth
with the of the .7nefrcdn editor Patrick Cas-
serley Mind however this only genuine edition. the
other being much improved by the American editor thai
longer OConnelrs reply Those therefore who wish
the real work Of OConnel win be careful order Dublin
Edition. JOHN DOYLE,


iva Bookseller, 1863 Broadw nv.","GYMNASIUM.
FENCING AND SHOOTING Cal I Err Y",The New York herald. [volume] (New York [N.Y.]) 1840-1920
1842-11-18,"IN pursuance Of law, l. JOHN TYLER, President of the
United States of America do hereby declare and make
known public sales will be held the aforementioned
Land Offices the State of illinois, the periods hereinafter
Al the Land Office at DIXON commencing on Moaday,the
rfetnh day January merit for the disposal Of the pubc
lands within the undo mentioned townships, 10 Wit
Norm ~ the base line, aud East Of The fourth principal me-


yididn
townships twenty ami twenty-one of range four
townships twenty, twentyone, twenty-five and twenty
thee, OF range i've. .
townships twenty twenty eight and wenty-nne oil
range *.


townships twenty eight and rweny-nne oil



townships twenty-seven and y-nne, Of range ten.
IownshIs twenty-five, twent, three twenty FOUR anu
Al the Land Office at CHICAGO, commencing Monday.
me ireh ddyg January nsrt for the disposal o the pub
le lends ~ltin The unds townships, to wit
North Of the base line and East Of the third PRINCIPAL msri-
townships thirty thltyeight rtynine. foy ana
forty one, OF four aud i've.
iownshls thy-seyen thirty-nine forty ana oyohe' Vi
range IL. ,
townships thyseven, hirtynine forty and foEtyone OF
range seven.


Township thirty seven and fouy-one, of range eight
townships thu -eIght, thirty nine, forty, and forty one oi
nine.
Fractional township thrtyeight north Of the old Indian
boanuary hue. aud townships thirty nne forty aud oty-one
fractional townships thrv-egh and thirty north Of the
Old Indian boundary line and townships forty aud forty ONE oil
range eleven.


Lands appropriated by law for the of schools military
other purposes, will ne excludei FROM the sale.
The safes will each BE- kept for weeks (uness the
lands disposed off, and longer aud private
trs OF land the townships offered will be admitted until
alter the expiration OF the weeks.
Given under hand the OF Washing ton, this TWEEN
ty-seventh day OF September Ammo Domln, 1912 -
BY the Presidents",BY THE PRESIDENT OF THE UNITED,The New York herald. [volume] (New York [N.Y.]) 1840-1920
1842-11-14,"GROUND SPICES AND COFFEE
THE HOPE MILLS, IA MarketGeld street. between


Broad aud Whitehall late 267 Elizabeth street, New York
Office i2o Froptst Constantly hand the market
prices and in the usual varerv OF packaaes s27 ansm
NHlLYEXPKEss LINES FOR ALBANY. UTICA
BUFFALQ. CHICAGO AND CANADA.-The sub
ming the Albany and Bafao Express, in connection with
Harnden Co.'S New York and Albany Line, have recently
extended their Express Lire from Buffalo Albany through
to this city their own account will eceiye and forward
DAILY, (Sundays excepted) Specie, Bank Notes. Parcels
Packages Bundles and Cases o. Goods, and from the fol-
lowing places, viz. =


Canapdaeua, Rochester, Batavia Lochpor Buffalo, Cieve
Also, Oswego, sacketn Harbor, Kingston and Toronto
Canada.


Will promptly attend the collection payments OF bills
aotes drafts and purchase and sale OF goods pro
luce by sample, and such other ansclen business
entrusted 10 their


Each Express will be accompanied by competent messen
together with responsible the principal town.
upon the Merchants and others may be that re
will be in this received speedily than any
other possible way.


~ BSpeeal Expresses any part Of the country at
short notice and upon reasonable terms


sDr POMERoY co. No. Wall street",GROUND SPICES AND COFFEE,The New York herald. [volume] (New York [N.Y.]) 1840-1920
1842-11-14,"WRIGHT'S INDIAN VEGETABLE PILLS HAVE
stood the test trial and have been triumphant of which
better proof be adduced than the fact of their i'm
popularity, and the nnumerable attempts which
have been made to initiate them The Of their
is sufficiently obvious While other medical prepare
tons merely deaden the of suffering Wrights Indian
Vegetable Pills entirely the of disease. The
organs OF digestion smuatedo activity and the pur
fed blood flows natural and healthy current after
has been made ofthese pills.


Offices devoted exclusively to the sale ofthe medicine
wholesale and retail, No. 2sS Greenwich street. New
York; No 1913 fremont street. Boston, and No. 100 Race
street, Philadelphia.","wRIGHT,s INDIAN VEGETABLE PILLS HAVE",The New York herald. [volume] (New York [N.Y.]) 1840-1920
1842-11-14,"MANUFACTURED FROM


LADIES' AND GENTLEMEN'S HAIR.
NOT les, than inches long, hundred different de-


signs1Neckaces, Bracelets, Watch guards, EARRINGS
Flowers, Rings, Wigs and Scalps


A. Q. BARRY'S WIGS AND SCALPS
Still stand pre-eminent above all Others Their peculiar light
gossamcr aud venatng character their being shaped exactly
hair grows; their elasticity and their superior
tera and workmanship well their style finish
arrangement all combine form perfect head Of hair
that they must be seen to be fully appreciated.


Parties having of hair Of living friend
can get formed by him into design the mind
In such form il will be keepsake inv aluable.


ratuous advice gwen on all diseases connected with the
hair, at the Hair Cutting Rnoms,


jyl2 ems Tn Stair","A r T / ST IN H AIR.
MANUFACTURED FROM",The New York herald. [volume] (New York [N.Y.]) 1840-1920
1842-11-09,"The GEKMAN 81 KGEUN.


SOLOMON HINE M. D., No 81 Reade street, New York.
~ In scrofua and chronic eases charge made till the
patient neutrality-suspicious. delivered gratis All persons de-
formed under have their bones straight
ened References given TO numerous patients who have
cured in this city o97 3msr
LIAR OIL-There ""a oll in the world that can do good
II hair Every body knows that when the hair
is burned IL will grow again good All the powders
for dying the hair nothing but mixture OF lime and hr
and the hr yed but literally burned Liquids for dying
the hair compositions caustc burns In the
the powders, and don't dye ha and the han
will grow matter how times buIncd and every
body knows Also thar when the head full o dandru the hair
grey and badness folio From experience
Of twenty years beiRg hair and having the opportunity
Of xaminng many he and olockheads have made
myself composition known Pastors Hair OIL
Compound Essential Oil ofAlmonds"" for destroying dandru
preventing the hair from coming aud turning This
mitab Hair Oil will make the hair WE'LL matter how
much dandmh the head.


For sale, wholesale and retail at a PASTORS Hair Cut
nj lmss - - ~ "" """,THE GERMAN SURGEON.,The New York herald. [volume] (New York [N.Y.]) 1840-1920
1842-11-09,"ONE BOX of these invaluable Pills is worth all the quack
medicines advertised for certain delicate diseases Let the
the unfortunate that there
serng these Pills be speedy and radical for


years prescribed by the celebrated Abee,hy all stages Of
the above diseases In the first box usually su


Client effect few days In long protracted chronic
stages obstinate gleets &c. they equally CERTAIN having
hundreds who had taking other medicines for months
which tended more destroy the constitution than to the
dsse They leave the subje TO the
weakness which frequently after using other med-
cines. They have unpleasant SMELL and any
taking them might frequent the refined society without
having their msortunes suspected They are composed
generally For sale only in New York BY WIN. Watson Apo
hecarie Hail. 36 Catherine and in Brooklyn by Bagrove
druRg oil lint",ALTERNATIVES BOTANICAL PILLS.,The New York herald. [volume] (New York [N.Y.]) 1840-1920
1842-12-07,"MI. BRAHAM's CONCERT went off with great
eciat last evening. The concert room was filled
with highly respectable and delighted auditory.
The Brahams sang with great power and effect, and
Mr. Charles Braham maintained the high reputation
he has acquired the duet ""Gallop on Gaily,"" was
well sung and enthusiastically received. ""Stand
to your Guns"" was sung by Mr.. Braham in very
brilliant style, and the fine song Nc Gregors Ca
thering,"" elected much applause.


The PARK.-This house was well attended The
new piece entitled ""Alma Mater, +"" is noisy, bus
Ting affair, and seems to take favorably. The wit
is often rather equvoca, but altogether the piece is
toerable enough. Mrs. Brougham played with
great spirit. Billy Williams as the ''Boots at the
Swan"" was very well received, and deservedly so.


CHATHAM THEATRE"" Norman Leslie"" having
made decided hit, will be repeated this evening,
for the benefit of Miss Emma Ince, and Mr. and
Mrs. Bonnie, the elegant dancers, being the last
night of their engagement. The successful drama
of ""Adriani, the Brigand,"" is also announced, and
together with the charming dances that are offered,
must secure an overlooking house. The perform
ances last evening were for the benefit of Mr..
Charles Mesayer, and the house, as we predicted,
was crowded to the ceiling.",Theatrlcals. &c.,The New York herald. [volume] (New York [N.Y.]) 1840-1920
1842-09-27,"THE undersigned has at great expense fitted Of the


largest and most splendid Coffee and Eating Houses in
New Ysrk which hundred persons least sit down
70 an and substantial breakfast. dinner Iron
ceed either regards quality number of dishes by no.
tel in the United States and prices from
Mocka coffee and the very best and served only three
waters uniformly civil and polite and every visitor be
assured Of feeling in this quite at home In
fact department Of the business under the
dence competent whose sole and attention
directed the comfort and conveniences Of and
guests HENRY GOSLING,


Proprietor of the French and American Eating House,


Nos 81 and &c Nassau between John and Maiden Lane


S-Open SUNDAYS breakfast dinner and","ECONOMY, ELEGANCE, AND GOOD


LIVING",The New York herald. [volume] (New York [N.Y.]) 1840-1920
1842-09-27,"DAILY EXPRESS LINES FOR ALBANY, UTICA,
~ BUFFALO. CHICAGO AND CANAOA.-The sub
scrbers having been engaged for the last twelve months
ming the Albany and Baffalo Express, in connection vita
Harnden Co.'S New YORK and Albany Line. have recently
extended their Express Line from Buffalo Albany through
to this city their account will receive and forward
DAILY, (sundays excepedJ Specie Bank Notes, Parcels


Packages Bundles, and Cases Of Goods, to and from tie fol-
low ing places, viz.


:, Albany Troy Utica, Syracuse, Auburn Ishsa, Geneva
Canandagua Rochester, Batavia Lockport, Buffalo, Ceye
Ian Detroit, Chicago, and the intermed places


Also Oswego iSacketts arbor, Kingston aud Toronto
Canada.


Will promptly attend to the collection and payments of bills,
notes. drafts and accounts purchase and sale of goods
duce by sample and such other transient business be
entrusted to their


together with responsible the principal towns
the route Merchants and Others be
will be in this received speedily than any
other possible way.


ESPECIAL Expresses run to any Part of the country at
short notice, and upon reasonable terms,
SI5 No all","SOLOMON& HART, Uphostertrs, &c.
5 e6dimsrc 1877 Broadway opposite John street",The New York herald. [volume] (New York [N.Y.]) 1840-1920
1842-09-22,"MADAME RESTELL'S PREVENTIVE POWDERS.


-hese invaluable Powders have been adopts
in Europe but France particular upwards Of thirty
well by this country, being the only mild.
safe and efcacous esnedy for married ladies' whose health
forbids a too rapid increase OF family


Madame RestelI, well know wu for thirty years Fe-
male Phvsiesn in the principal Female Hospitals
rope-those OF Vienna and Pas-where voree her
eYperence and opportunities she attained celebrity
those great medical Science specially adapted
to the female Frame for which her medicines stand
vailed well in this country in Europe Her acquaintance
with physiology and anatomy Of the female Frame enabled
herby tracing the decline and i'll health of married iemses
often apparently inerplieabls sauses which eonsgn
knowledge Of the praary cause, Of female ndspo.
the discovery her celebrated Preventive Powden0
Their adoption mas been the means of preserving only
the health but the life Of many aectonae wife and
fond mother.


The advertiser feeling the importance Of this subject and
tmatng the vast benefits resulting thousands by their adop
ton would fully attention Of the


ned by all that they hold and DEAR their confederation
not wise and vlrtuous evils which sub
jsc by simple and healthy within con,s Every
dspassonte viruou and enlightened mind will unt stat
,nsy answer the Affirmative Price five doars package,
can be forwarded By mail to any Part United stss AZ
TELL, Female Physician Principal office. As Greenwich
street New York. Office hours from AM to clock PM
Boston Office No. 7 Essex 81 lm*r",TO MARRIED LADIES.,The New York herald. [volume] (New York [N.Y.]) 1840-1920
1842-05-28,"THE MONlTOR-This is the title given treatise show.


the nature symptoms consequences, and


the diseases called private their best modes of treatment
rlliny described the remedies proper lor the different
useful hints, advice aud all
directions to enable the patient effect private prompt, ssd
permanent To the unfortunate DR.. jordan offers the
Monitor with the fullest conid. containing does t-
fruits Of years devoted experience. practice and
successful Nor does he deem
than this that the Monitor has reached the seventh
ton.


u Sold for the proprietor, only Apo,hecaes' HILL, 60
Prince sreetccr Of Marion where also be had Dr. Jors
Specific Courses, No FOR the oc-p geets all
hra discharges; and Course No. for the Of
venerell diseases all its Thse packages conpise
medicine wash and requisite ever needed either for l.
emal external They excite suspicion, loss
oftime, aud used with safety and un,arying


= GO Prince street, Of Manon, blocks 81
Nbo Gardens. Private 6l, Marion door
NJ I'm",PRIVATE CURE.,The New York herald. [volume] (New York [N.Y.]) 1840-1920
1842-09-29,"NO. 343 BROADWAY NEW YORK.
THE subscribers respectfully inform their friends and the
L public in general they have just finished newly invented
instrument called the Transporting Piano Forte which they
introduce TO the musical community


This Instrument beautiful rich and exterior
bot shape and neatnss, besides tone full brilliant, and
meodous The great advantage derived from this
ton Is that music be ansposed any key desired
SUIT the vocass for accompaniment OF other nst
ment and therefore worthy the attention Of the amateur
well as the artist.


large OF Tablet Piano Fortes, rosewood and
mahogany and 6z octaves with French grand
also constantly kept hand all Of which respectfully sub
NIT to professors and the trade in general
warerooms and mandatory, above.


N BPano Foes tuned and repaired the shortest
tIce.


LINDELL, WENNERsTROM co.","INVENTED THANKSGIVING


PIANO FORTES.",The New York herald. [volume] (New York [N.Y.]) 1840-1920
1842-09-18,"III, late 1873 Chatham, street, New York


WHOLESALE AND RETAIL.
THE CANTON TEA co .PANY continue 10 offer foi
sale and fragrant Teas OF every variety and style
Eh n assoumtn specially includes mot delicious a,l
weu grades OF Green aud Black Every package bears tht
lamp o. neatness and elegance and tlr T. therein are
thoroughly scared from light ali that err quality and
will remain unmpaed in any climate. Their system
Of prosecuting business perhaps sctrcey be exceled u
founded upon the almost regard 10 the rights OF hr cnem
especially with respect weight and quality, and unTva
chea n-ss All purchasers are called upon any
which fail 10 them the fullest when
he none, will he ,heefnily promptly efmded CountD
uerchans public shmen,s, head Of iamilrs ship
masters viii find decided advantage supply hemse YES
rom this sblshmsm.


Office roasted day.


Orde all parts %. the Uniten States executed with
prompttule and despatch.


o. The only warehouse in America for the sale ST Hou
uas celebrated Black Tea. suA lm'r","MISCELLANEOUS.

UNITED STATES
TEA EMPORIUM,",The New York herald. [volume] (New York [N.Y.]) 1840-1920
1842-10-02,"N1AGNIN'S LUCINA CORDIAL, Tor the sure and speedy
1 of ncpen consumption barenness impotency, lu
eohg whites gee obstructed dcut painful menstr
and for the prosr Of the matter whet
the result ofnheTent of produced bv irregu
arity, Illness accident. -


The widespread celebrity of this wonderful and inestimable
cordial both hemisphercs sufficient for
quck positive curing all the above affections
ard complaints Nothing be surprising than its
goang effects the frame Persons all weakness and
taking become robust and full Of
emery under nilatce Immediately the
ooseness Of the female frame which the only
of barrenness and which prior Dr. Magnn's dscove
~ considered be ncurahe And it speedily
guen deter men from getting married Language indeed


annot justice to the the Lucina Cordial which
the important medical discoveries of Price


bottle Sold at 90 Nassau street. and No 30 North Sixth
tree Philadelphia s28 lmsr",LUCINA CORDIAL.,The New York herald. [volume] (New York [N.Y.]) 1840-1920
1842-10-02,"ONE box of these nes,imable Pills worth all the Quack
~ Medicines in the world for the of certain disease


CoMNENT-If examine the nature of the above disease
and the situation Of the parts affected consider
very object be able obtain remedy


its action and the time composed of SUCH ingre-


will prevent the possibility Of discovery while using
it. is fact well known many that most OF the remedies
offered for these diseases composed Of such drugs
render almost impossible their wnou;
creating sickness the stomach other
qencs Such being he there be doub, but such


remedy VALIER'S FRENCH PILLS will meet the uni
versa aro aon being entirely free from those OBJECTIONS.
pie Their operation and prompt removing the


The proprietor would her. remark tht the efficacy Of these
Pills la the disorders alluded based supposition;
the contrary founded rational experience having
used them for upwards Of he
feels confident of their superiority the remedies hitherto
4, mployed.


Sold No. % Nassau street. $50 Broadway and 90 North
Sixth stree PHILADELPHIA Price 81 per box. s2i lm*T","VALIER'S
f ENCH pill S.",The New York herald. [volume] (New York [N.Y.]) 1840-1920
1842-10-02,"DIV INNr.


THE undersigned has, expense fitted up OF the
largest and most splendid Coffee and Eating Houses in
excellent and substantial breakfast dinner tea iron
the choicest supplies ofhe markets. with bill Of fare
tel in the United States and varying PRICES from cents
shilling and eighteen DISH The Java and
Moca coffee and very teas only
cents per cup And all other refreshments proportion The
assured Of feeling in this establishment quite a home In
competent whose sole and
directed the comfort and conyenences Of and
HENRY GUSHING,


Proprietor Of the French and American Eating House


Nos ""a and 66 Nassau Jshn and Maiden Lane
p S-Cpen SUNDAYS dinner and n 3mr","ECONOMY, ELEGANCE, AND GOOD",The New York herald. [volume] (New York [N.Y.]) 1840-1920
1842-05-31,"During the intervals between the plays the reeshment
rooms Oft the upper box lobby filled with guests.
who had their choice of every thing suitable for the
sion, such tea, coffee cake lemonade, ices &C. SC


This n the first exhibition of Private Thcaricals which
has been got in this city and from the which
attended it, trust to have another. The nimta-
Bile Boz matter of course, the star of the good
lie companie"" and many eager TO get peep at the


literary lion of the day in character in which comparative
ly few can have opportunity of seeing him. All


may read his works and receive enjoyment from their
rusa but is allotted many hear his own huInOr
from his swn lips and him personify individuals
scmblng his original characters


After the performances closed select number OF the
select down elegant supper, which was served
ur the stage.


The band OF the 23d fseors formed the orchestra and
tho music excellent, but too loud


Ills Excellcncy the Governor General warmly up.
paudsd the performers repeatedly",,The New York herald. [volume] (New York [N.Y.]) 1840-1920
1842-10-16,"NEW AND GREAT NEUTRALITY-SUSPICIOUS.
~ HIGHLY IMPROVED MANIFOLp WRITER'S
By this wonderful invention letter aud duplicate can De WIT
in operaon with ond facility than


To the mercantile, professional, AID travelling rart OF the
community his truly oil INFINITE value as ""
saving time trouble and The principal
advantage be derived from the manifold writer hs
py Of may be kept without additional trou'
bic TO the writer and necessity OF using either an
nkstand The instrument used for writing agate
point. Consequently by For banks insu'
off merchants Of business generally lawyers
editors, public officers, and all who may
desrous OF preserving OF the letters. DO umen
wing copy Of what they have written this will be
found invalu able


FrsncIss Manifold Writer has been in successful opera
ton during which the hs had tbs
pleasure Of the unfe gnd APPRECIATION Of all whoe
under. At the late Far OF the Ame
three of able chemists the country who pronounced
ingenious useful and not liable
chnge air moisture chemical agents.
consequently medal was awarded by the Institute.


The proprietor has lately made great Improvements IN this
article. The paper the best quality manufactured IN the
United States beng made for the manifold writer expressly 10
his order The ruling OF hem which has for time been
thought impossible his at en2th been brought 10 perecton
for which has be secured The copying books
bound Of forms and sizes ing In price from
50 cents and upw ards.


and Country merchants in general will find
their adv the article they meet with
ready sale. liberal deduction made those who buy by
wholesale.


Newspapers magazines throughout the couprv copying
the above enrire without alteration abrdgemeot ncudng
ceive copy subj thei order by sending contain
the advertise the office Of the subscriber.


LEW,S FRANCIS, SO William street,


oil imsr corner Maiden Lane, New York.",TAKE NOTICE.,The New York herald. [volume] (New York [N.Y.]) 1840-1920
1842-10-16,"WHOLESALE AND RETAIL.
THE CANTON TEA COMPANY continue TO offer for


sale and fragrant Teas OF every variety and style
Thsr specially includes the delicious and
powerful grades OF Green and Black Every package bears the
and elegance, and the Teas
thoroughly secured from light and air that quality and
will unimpairrd in climate Their system
prosecuting business perhaI. to be exceed
founded the utmost regard to the rights OF the
especially with weight and quality and unrva
lei ceu.es All purchasers are called upon to return
which fail them the fullest satisfaction when
the money will be- cheeully and promptly refunded Country
public head, Of Iamiics ship
will find decided advantage TO supply themselves
from THIS establishment.


Office roasted every day.


Orders iIom all Of the Unea States executed with
prompitude aud despatch.


? The only warehouse in America for the sale If lou
qua's celebrated Black Tea. $50 lmsr
DIAVO FOKTES TO HIRE.-G. GODONE, 403x


Broadway between Walker and Lspcnard streets, keeps
large Of Piano Foes hire from three eight
dollars per month


Also, Foreign Music of the latest Operas OF Italy.


Sig A. Bagios method Of singing Solfeggs for
two voices.


Roman Strings tor Harps, Violins, Guitars, &c.


All kinds OF Musical Instruments repaired. sid cod tmsr","UNITED STATES
TEA EMPORIUM,",The New York herald. [volume] (New York [N.Y.]) 1840-1920
1842-10-16,".
Ihave been lately the physician MIR. Maynard and
called him during his Illness time in the month of
August September last, and say much
rrsed and aonshed Mrs Maynard Officiating nurse,
and attending 10 his wants while he SICK.


Her with but pre-
scrbed for Procide and for the Of
eight she had besn obliged be
house and nursed in cradle constructed the purpose I'm
al commenced the Brstos Sasspaa her dsease
resisted the best medical frequently called to
with DR. Gaze her the disease had assumed
such form that opinion that medicine would have
effest in producing


that her entirely
yihutshe 20 the useof Brisfols Ssr,apzrilla.",,The New York herald. [volume] (New York [N.Y.]) 1840-1920
1842-11-22,"CHARLES dunno WATERLAND, PRINCIPAL.


THIS Academy established age, under


tIonage Of the former lntendem General Of the Island
other distinguished individuals the nobility and
sa and the method of tuition the nterrogative"" All the
scholars deand the English language many of them
speak II hsbitualy and huently.


The Principal has the experience Of schools in France
many. England, and the United States His chie
active careers, and are applicable TO any.


The OF study therefore, comprehenas English
FRENCH German and Spanish languages History Biographies
Narul Philosophy the practical Of Mathematics and
Drawings OF vdrons kinds.


Professors Of divers nations and reside In the es
tabishment and all the classes rotation
from the director.


Such signal has attended this plan of tuition that SC.
yeTa OF the pupils under t~ Give
two foreign languages, perfectly ineligible manner and
The only of the Spanish but also Of
nguage thus placed within the reach Of the youth Of the
United States without its being for the
nqu'h the advantages which from ed
ucation The object Of the Principal in desiring receive
youths from the United States TO facilitate the requirement
oil the Ehg for his Spanish pupils which
would be douby repaid them by the and introduce
here ths manly spt OF the English schools The young c
OF the United Suites have nothing 10 fear The cir
the house being and hu
limits fine bath and complete gymnasium for the
OF the pupils health Two youths lately ed from Germa-
have passed the in the school perfect he ah As
the principal married and his wife and have
charge of the junior children received
age bu. that Of infancy.


Every pupil enjoys his religious opinions undsturbed.


The terms are $500 per annum payable three months in adj
vance There are extras except clothes end books
References-MESSRS. CHAS. DRAKE BROTHERS.


ALEXANDEn MORALES, ESQ.,,","ENGLISH SCHOOL.
HAVANA, ISLAND OF CUBA",The New York herald. [volume] (New York [N.Y.]) 1840-1920
1842-11-22,"MADAME fESTELL'S PREVENTIVE POWDEhS.


These invaluable Powders have been VERBALLY adopted
IN Europe but France particular orupward Of thirty years
well by ousandsn this being the only mild
safe and efcacous remedy for married adics whose health
forbids too rapid increase Of family.


Madame ResteiI well know was tor thirty years Fs
male Physician the principal Female Hospitals in E
ropethose of Vienna and faswhcre Avorec ~ her gIea.
experience opportunities she attained t,br,y in
great medical specially adsss
to the female rane which her medicines stand unr
vailed well in this country as IN Europe Her scuantnce


with the physiology and anatomy Of the female FRAME enabled
herby tracing the decne and i'll health Of ienses
indian Of life and the consequent rapid and
often apparently inerpccbls sanses which consgn mlnys
fond mother premature grsve-to their
knowledge Of the pnnry causes Of female ndisIos
the discovery her celebrated Preventive Powdrsp
Their adoption been the Of NOT rnv
the health but the life Of wife ans
fond mother .


The advertiser feeling tire importance this subject and a.
timans the vast benefits resulting thousands by their aop
red By all dat they hold near aud DEAR their
not wise ana yrtoos 10 prevent evils which
ect by simple and healthy means within control Every
dispassionae yrnous aud enlightened mind will uas sst
nsy a.swei n the s5nstys P1cs Eve dollars package
can DC forwarded oT nail To part Of the United Ses Ar
letters must be post PAID aid adore MADAME HES
IELL Female fhysicaa. Principal Office, Greenwich
street, New York. Office hour An. 3 clock PM
Boston sffce No. 7 Essex a. ofI","TO MARRIED LADIES.
MADAME RESTEII,S PREVENTIVE p",The New York herald. [volume] (New York [N.Y.]) 1840-1920
1842-11-09,"MANUFACTURED FROM


LADIES' AND GENTLEMEN'S HAIR.
NJ OF thar inches long, hundred different de-
~ sgns-Neeklaces, Bicees, Watch guards, Earrings
Flowers, R,ngs, WIS aud Scaips.


A 9. BAERY'S WIGS AND SCALPS.
Still stand above all Others. Their cuar light
and snarg their being shaped exactly
the natural HAIR their ascy and their
teria aud workmanship well their style OF finish and
arrangement all combine form such perfect heads Of hair
that they must be 10 BIZ fully appreciated.


Parties having of hair Of living deceased friend
omed by him into design the mind conceive
In such form u will b. a keepsake invaluable.
Gatuous advice all diseases connected with the
hair, at the Hair Cutting Rnoms.


lac BROADWAY, cor of Liberty street,
jyl2 ems Up Stairs.","A RITZ ) L IN II A r..
MANUFACTURED FROM",The New York herald. [volume] (New York [N.Y.]) 1840-1920
1842-11-09,"NEW BRUNSWICK AND NEW YORK.
THE NEW JERSEY Railroad and Transportation Com
pany have established Freight Line between New
Brunswick and New York. which they intend perIne-
nently.


Leayng New Brunswick at 81 a. ~ daily, Sundays
cepted) and the foot OF Liber eet New York T. M


To country dealers and The above line very
sable for the speedy and OF merchandise
OF description, and particularly Droyers and
Dealers Live Stock who head
ed between New Brunswick and New York. the day
whenever required.


The rates for the transportation of cattle torsas miles
Sheep hogs &C. and all other kinds Of merchandise
low, exceeding steamboat prices


Merchandise b. this line subject
charge in crossing the North River.


The Company have fitted mp a large storehouse New
Brunswick adjoining the Railroad Depot which will always
eopen for the reception of me chandise.


Passengers purchasing their tckea the ticket Offices will
receive fery tickets gratis


U = Freight fer Newark, Elizabehtown, Railway, West
field Plainfed Scotch Plains Boundbrook iie
conveyed by the above lines and delivered the day when
received au 1n",,The New York herald. [volume] (New York [N.Y.]) 1840-1920
1842-12-11,"LAIR OL-There oil in the world that do good
IL bad TO the hair Every body knows that when the hair
burned will again good as ever All thu powders
and the Rrr dyed literally burned Liquids for dying
the hair compositions Of caus and spirits that burns in the
same way the powders and don't dye hair and the hair
will grow matter how many times burned; and every
body knows also, the head full the hair
oftwen!y being hair and having hf opportunity
myself composition known !"" Pastors Hair Oil or
Compound Essential Oil of Almonds for destroying dandru
the hair from coming and turning This


mitabe Hair Oil will make the hair grow wel no matter how
much dandruff soreness is on the head. -


For sale, wholesale and retail A PASTORS, Hair Cut
ter Greenwich street. New Ao Price 80 cents bottle


Inns",,The New York herald. [volume] (New York [N.Y.]) 1840-1920
1842-01-31,"TRENTON, Jan. ""a, 1872.
FdU-Po'itieai Caucus, Sc.-Resumpfion of he


Jersey Banks.


DEAR SIR


Our town, famed for its tameness and mon otony
is now being distracted by the most powerful Of
the elements-beside the repeated shocks of earth
quakes, the great convulsors Of the ply steal ord
Party politics, and the influence of woman, the
violent agitators Of civil society,"" are compelling
peaceful Trenton to yield UP her serenity, and
tumble beneath their omnipotent, calm stro wing
energies.


Last night, there were assembled at the Epsco-
pal Fair, a Heterogeneous multitude, Of divers
casts and character, from the fairest Of the Al
mighty's creation to Afric's of ebony. There
were seen the lovelest of the lovely beaming upon
the nice young men with soaplocks dangling so
gracefully DOWN smiles so fascinating and
powering, that even Calypso, had she been there,
with all her insinuatRg arts, would have been
PEELED to yield up the ghost, and cry out enough.
The stubborness Of the rugged gender yielded at
discretion-the green, the timd the ripe Veterans,
and they that were wont to cling fast the golden
purse all with one consent simultaneo usly sheed
forth the yellow charms, thick rafting hail
stones before the driving winds At one corner Of
the hall, stood the incumbent Of the pos-oce, at
tracing with her fascinating countenance, and
epislles for the anxious lovers and trembling hus.
bands, who, Cine innstus like, were compelled to
leave their plcughs, their wives and sweethearts,
for the preservation Of the State. In another
you might behold terrible exhibitions, and more
terrible lottery shops. Aloof from the crowd, were
the sons Of Epcurus, gulpng down oysters, chick
en- salad, gingerbread, sc. Lovers with stately
SEN wcro menading the hall with looks inter-
rogatipg, Don't you wish that you were we!""
Here and there were clustered groups Of loud
laughing, game-making, withered up bachelors, and
envious disappointed suitors. Another section of
the room as monopolixed by vigilant nstrens and",,The New York herald. [volume] (New York [N.Y.]) 1840-1920
1842-12-08,"N3- SIR:--PM DlsGUSTED WITH YOU AND
all Your family You rich. and your children amia
ble but look at their faces covered with eruptons and
ireckles. and their fine shaped necks ""yellow as a
guinea and you have the supreme folly to tell me that
the truly wonderful Italian Chemical Soap would rid you
OF all your complaints make your children's necks
smooth and white monumental alabaser, all their
erupons be they pmpes bloches salt rheum, spelas
it could cure your chapped hands too, and make them
smooth supple and white and almost make your old rz
zled face young again. Hold hold. where shall get
Why at Mr. Jones sign of the American Eagle 81 Chat
ham street New York Also Jone' Coral Hair Restorative.
to make the hair grow and stop il falling. His agents
live at the Of Third and Dock street. Philadeph
and next to the American Hotel Washington DC. and
State street. Boston, 81 State street. Abany 1870 Fulton st.
Brooklyn.",,The New York herald. [volume] (New York [N.Y.]) 1840-1920
1842-07-25,"FENTADE III oICIAN,


INFORMS the Ladies of New York and Females thar she


continues give advice and prepare her popular apd efca-
cous dcns for the diseases of females Madame G. IS hap
by that her has much satisfaction
TO the patients who have relied upon heT abilities


Mad c. has felt herself induced undertake the eponsi
bic Office of Female Physician from long experience and pac-
tc shaving knowledge Of the of the human frame,
ignorance of which renders the unbshng etensons and
decoyag plnaceas of mecenarY Adventures useless not
furious Single and married ladies' rely with confidence
her skill and maternal solicude female physician How
distressing be their complaints her medical acquire
mens VIII be found adequate the In short she grounds
this notice the successful results of thorough medical edu
cation and reliance appointed of imparng health
Igor and happiness all who honor her with their confidence
and All letters postpaid Office and residence 81
Iisnenard ST. ic2l In","MADAME COSTELLO,",The New York herald. [volume] (New York [N.Y.]) 1840-1920
1842-07-25,"CHURCH'S GENUINE VEGETABLE l. OTION recon-
"" mended by the faculty for all diseases the face and skin
endcaes tam pmpes freckles Spots redness nswoms,
end all eruptons gradually reang delicate clear
soft skin; transforms the most saow complexion into
radiant ""henessi renders harsh ana rough SKIN beautifully
healthy and juvenile bloom and by due in its


plcaOn the result viii he beautiful compile xion. The Lotion
IS exceeded by other the world Suffice il say that it


nis w;tbou, single eomnain, of lis efcscv For sale al
Church Dspensay, 1873 Bowey, of Spring seet.
Price IS cents per bottle. ly2 lm-r","FOR CLEARING AND BEAUTIFYING TIKI


COMPT ,EXTON",The New York herald. [volume] (New York [N.Y.]) 1840-1920
1842-05-17,"Whiting might have inserted that without sakng the in.
tegrty Of his indictment.


The District Attorney then said that His Honor had not
drawn quite many indictments he had and that
then, excepted to that part Of the charge


The jury then took all chem papers,"" and left the
at five minutes before - O'Clock.


After the Jury in the of Col Stone had retired the
District Attorney stated that he ready with
the other trials Tor libel the order that had been
down. lie then called that of Mr. King of the Amsri-
can One OF the counsel for Mr. X. being compelled to
ea' the city motion made put the trial Off till
next week The counsel for Messrs. Townsend and
BROOKS a'ed their readiness proceed but the District
Attorney replied that he preferred the other being brought
on rst Judge Kent stated that he Of getting
through some OF the civil business the calender and
postponement must take place he would prefer that il
be to the week after next TWAS finally decided that the


mel should be SET down for Monday both inst The
Of the famous Col Edw ards been set down for that
week The trial of Topping for murder will take place
""Wednesday next.","Price Two Cents.

saking the in.",The New York herald. [volume] (New York [N.Y.]) 1840-1920
1842-08-01,"FOR CLEARING AND BEAUTIFYING THE


COMPLEXION.


OHURCH'S GENUINE VEGETABLE LOTION, recon-
"" mended by the faculty for all diseases Of the face and skin
Ii eaoatss pimpes freckes spots redness rngworns
soft skim transforms the saliow compile
radiant whitenes renders harsh and rough skin beautifully
Soft smooth and imparts the face neck and
healthy and juvenile bloom and by due its
alton the result will he beautiful compe The Lotion
exceeded by other in the world Suffice IL thar it
used with great the u States and West
indies without single complaint of efficacy For sale at
Churchs Dspensay 1888 Bowery, Of Spring stee
Pr,c. rentxn erb hot",,The New York herald. [volume] (New York [N.Y.]) 1840-1920
1842-09-24,"MADAME COSTELLO need hardly state that her Perio-
AVt deal Pills. for the of all the diseases peculiar
males all Others that they the only
ones recommended by the medical faculty in their private
practice; these facts sufficiently known the public
general Equally celebrated Madame Cosello's Soothing
Syrup for eethng childen which almost Immediately ulls
the irritation OF the and
vqlsions and likewise her Nipple Paste"" for nipples;
which good leave nothing DESIRED such
Is the most popular article in the country.


All Madame Cs edicines patromsed 81 the medical
faculty. which than said of the Of
q her mtato however thew may obtain transient nooety
through the Post paid for medicines from
all parts OF the United States attended TO- TemsPecdcal
Pulls one dollar Syrup, fifty bottle.


Remember that Madame Costello the Gully legitimate bred
Female Physician New York. sl4l r%r","FEMALE PHYSICIAN,
""a LISPENA ARD STREET.",The New York herald. [volume] (New York [N.Y.]) 1840-1920
1842-09-24,"WHOLESALE AND RETAIL.


THE CANTON TEA COMPANY continue offer for


sale and fragrant Teas Of variety aud style
Their assortment specially includes the delicious and
powerful grades OF Green and Black Every package bears the
stamp and elegance the Teas therein
thoroughly secured from light and air that tier quality and
power VIII remain unlmpaed climate Their system
OF prosecuting business perhaps scarcely be eIceled IT
err especially with 10 weight and quality and
led eesy.es An purchasers called upon TO return any
article, wch fail To them the fullest satisfaction whom
the will be cheeully and promptly refunded Country
merchants public heads Of Iamilies and ship
will find decided advantage supply themselves
from tins establishment.


Office roasted every day. .
Orders from all parts of the Untea States executed with
promputude and despatch. -


y The only warehouse America for the sale 81 Iiou-
qua's cee brated Black Tea. su2i lmsr","MISCELLANEOUS.
/ UNITED STATES


TEA EMPORIUM.",The New York herald. [volume] (New York [N.Y.]) 1840-1920
1842-09-24,"A. PASTORS HAIR OIL.


ar COMPOUND ESSENTIAL OIL OF ALMONDS
-For ds yns dandrif and preventing the hair from
ing turning Antonio Pastor Hair Cutter 65
Greenwich street. New This inmitabe OIL has been
the product OF wenour and for the last
xtee New Hors where have been the
ham Cutting business and the public rely tina, A.
Pastors Compound Oil the whole Oil for the
haitmakes IL thick aud long, prevents falling of
turning and even HAIR has grey, such
noursher [. the hair that by will
color Also prevents hair from becoming shaded and il hair
has air. ady shaded, which la
DIES and used for short time will
color clear the scn and keep he ad and
eyebrows and whiskercd liberal disc made Wholesale
purchasers Price 30 cents per bottle highly periuned,


A. PASTOR,
so9wsr I65 Greenwich 81. ~. Y.",,The New York herald. [volume] (New York [N.Y.]) 1840-1920
1842-01-24,"ITO THE PUBLIC-S5oo REWARD.-The late rep Gated
and reports which have been wide and indus
rously circulated that Andrews celebrated Combination
had been opened picked and which thus far have
dsregardd unworthy Of notice beginning assume
character OF plausiby By which many upright
have been dended give their and eoue
to such reports The Anne Bank Lock Company
fore with the view testing the question toTut the
Andrews Combn on Locks upon an iron safe enclosing
certified check for Five Hundred Dollars which
be ward Of who pick the Lock
This checks serh,d and drawn able to the order
city who retains the key of the Lock- and whom
is made.


be satisfied by fa, open and honorable none other
wanted and bold have been mpde 10
by arts ofehcanery and trick (Which will exposed be-
necessary the creduIty aud ignorance Of men
would be allowed they had been aware Of
the deception The American Bank Lock Company by this
buaon Loci which has thus far whsood every test and
has saved banks from robbery and In doipc
this however they dscam making war upon
cther Locks their business being to
rier 10 Bank Bprgles.


The Chest will exposed in the Exchange Reading
Room, for two months from this date",AMERICAN BANK LOCK COMPANY.,The New York herald. [volume] (New York [N.Y.]) 1840-1920
1842-08-19,"STRAW GOODS.


n, BENNETT, % John and ny William streets i'm
porter and manufacturer Of Italian and English Straw
goods respectfully informs his and the public In
gene thai he has hand splendid and asso
Of ladies fashionable goods which he offers for
sale very much reduced prices viz French aud English
Dnnstables, Italian Itands Fancy Sche and Imperial ""a
fashionable and beautiful arcle) fine Tuscans, Albert
Staws &C. &c.


Also, an entirely article, the White Siberian Hair
Bonnet which for the all the styles
yet introduced being ely light durable white and beau
tfi-- and will clean as well IS a tuscan. as imsc
THE CHEAPEST CASH TAILOR YET .-pETEH ""
= Hustled, Merchan, Tailor, No. Chatham square, cor
ner OF chatham street cont make Clothing order
th neatest style 10 cheaper than the cheapest cash
TAILOR IN the city good fit warranted and hereafter dis
appointments aul6 liner",STRAW GOODS.,The New York herald. [volume] (New York [N.Y.]) 1840-1920
1842-08-19,"ECONOMY, ELEGANCE, AND GOUD


LIVING


THE undersigned has, at expense fitted up one of the
largest and most splendid Coffee and Eating Houses in
New York in which hundred down
10 an excellent and substantial breakfast dinner and Iron
the choicest supplies ofhe markets, with bill of fare
celled either regards quality ishesl By
tel in the United States and prices from six
one shilling and eighteen DISH The Java and
Mocka coffee and the best and served only three
DENTS And all other refreshments proportion The
walters uniformly civil and polite and every may be
assured Of feeling this establishment quite cat home In
fact department of tie business under the upernn
dence of competent whose sole and
directed the comfort and conyennces Of and
guests. HENRY COSTING,


Proprietor of the French and American Eating House,


81 and &C Nassau between John ST and Maiden Lane
S-Open SUNDAYS breakfast dinner and tea je3O","ECONOMY, ELEGANCE, AND GOOD",The New York herald. [volume] (New York [N.Y.]) 1840-1920
1842-09-18,"UICTORINE & GOWN commence business their es.


adjustment, No 395 Broadway, up stairs.-N1adre VIC
TORNE whose name has become popular from frequent
mention in the Parsisn Journals of Fashion, and whose house
al Paris was the ndezvous of the fashionable world the
honor announce the ladies' of New York. that she will
Tuesday the goth Of September, her establishment
m the sale of French Fashions consulting Of Closks ShaN
Msneletes, Aprons, Hats Caps Head Dresses and Fancy
Partisan Articles. -


Tne correspondents Of Mad1o Victone will keep her
stantlv supplied it'll the latest Fashions. Two sklf
French wokwomsn are always in attendance SIT msr",,The New York herald. [volume] (New York [N.Y.]) 1840-1920
1842-09-18,"A. PASTORS HAIR OIL.


OR, COMPOUND ESSENTIAL OIL OF ALMONDS
~ For ds yns dandrf and venting the hair from
ing turning AIRED Antonio Pastor lair Cutter 16j
Greenwich street. New This nnitebe oil, has been
the product OF wenyour Of experience and for the last
New Yor where have been practciug the
Hair Cutting busnes, and the public may r,y on tina,
Pastors Compound Oil the whole aud best Oil for IN.
Ha-makes grow thea and long, prevents falling off
turning grey, aud Il HAIR has grey, such
noursher hair that by will restore 10 its nstur
color Also prevents hair from becoming shaded and hair
has air ady shaded which Disagreement TO la
dies aud used for short lime, will restore 10 its
color clear the souri, and keep the he adj aud hair Clean
eyebrows and whiskerc liberal discount made Wholesale
purchasers. Price so per bottle highly periuned


A. PASTOR,
o3wsr 1865 Greenwich 81, N. Y.",,The New York herald. [volume] (New York [N.Y.]) 1840-1920
1842-09-08,"MADAME RESTELL'S PREVENTIVE POWDERS.


These invaluable Powders have been orally adopted
in Europe but France in particular for upwards OF thirty
well by thousands this country being the only mild
safe and ecacious remedy for married ladies' whose health
foIbids too rapid increase of family.


Madame Reste, is well KNOWN wss for thirty years Fee
ropethose Vienna and Parwhere favored by great
experience and opportunities she attained a celebrity in
great medical science specially adapted
the female Frame for which her medicines UNI
Vailed well this country as in Europe Her acquaintance
her-by tracing the decline and i'll health of married
the meridian Of life and the consequent rapid and
often apparently nsrpheabe sauses which eon.iTn
knowledge Of the Iri,aary cause; Of female indpos
the discovery her celebrated I"" Preventive PowdemS
Their adoption been the of preserving oplv
the health but the life Of wife and
fond mother.


The advertiser feeling the importance this subject and es
tmstng the vast benefits resulting thousands their ador
ton, would fully attention OF the mar


ned by all that they hold and dear their
Isl not wise ana yuous 10 prevent evils which sub
isct by simple and healthy means within control Every
dspassionate vrtuous, and enlightened mind will
ngiy sweI in the Affirmative Price Eve dollars package
can be Forwarded By ms to part Of the United stae Az
leers must be post paid addressed MADAME RES
TELL, Female Physician. Principal Office l4s Greenwich
Boston Office No 7 Essen IL, al imsy",TO MARRIED LADIES.,The New York herald. [volume] (New York [N.Y.]) 1840-1920
1842-09-08,"BRELAZ & BARRAUD'S
ODON LGIC OR BALSAMIC ELIXIR, FOR


ce IL offered to the public possessing the properties
of strengthening the pongy gums, cleaning the mouth and
whitening the teeth refreshing the palate and taking all
unpleasant taste odor in the mouth arising from dranged
state of The stomach, smoking, from decayed teeth
with bottle, and it will speak for itself.


b. Each bottle bearing the directions the label Sold
by Mess Souillarc Deluc 5S Broadway and Park
Mr.. II. King Co. t6l Broadway, Grand Mr. Milhau
1888 Broadway; Messrs Guion l73 Broadway Corandt
Messn Rushton Aspnwa ITO Broadway 90 William aud
10 Aston House. aul5 lusrc
ORRls TOOTH WAsH-PTeparsd from the onglna re-
Wash purely vegetable PREPARATION possessing the proper
ties isieanIEs the teeth and Ioxth reorpg the
healthy state and preventing any taste odour
the mouth whether arising from docayed teeth from do
ranged state of the stomach.


II designed be used with tooth bush and will be found
and preventing the OF the fr the teeth.
particularly useful OF spungy them
healthy state and causing them to around the
teeth In painful Of the teeth aud arising from
cuary ervceablc the Ors Tooth Wash night
before retiring This method recommended by emf
dentists by doing all PARTICLES of food which
mulae during the day entirely removed and the mouth
kept through the night in clean sweet and eahy


Sound eeh and white teeth the valuable
for their when surrounded by all
needed Among these know of pie
and eectua than the Ous Tooth Wat cleanses and WIFI
tens the teeth strengthens the pures the mouth and
sweetens the BREATH We recommend its to ALL and
old-t Boston Morning Post.


The Ons Tooth Wash the best
our ename.-t Boston Transcript.


For sale by the principal druggists IN the CITY","PERFUMERY.

BRELAZ & BARRAUD'S",The New York herald. [volume] (New York [N.Y.]) 1840-1920
1842-09-14,"A. PASTUKS HAIH OIL
DR. COMPOUND ESSENTIAL OIL OF ALMONDS
For dstr ying dsndf and preventing the hair from
Greenwich street, New This nimitsble oil has been
the product of twenyour Of and for the last
in New Yor& where have been practiciug the
Hair Cutting busnes and the public may rely on = tia, A.
Pastors Compound Oil the whole and best Oil for the
HaiImakes grow thick and long, its falling off
turning aud even if hair has grey such
nourisher e the hair that by will TO its natur
color Also prevents hal. from becoming shaded and hsir
has already shaded which Disagreement la
dies and II used for short ie will its
color clear the scu and keep the h, d and hair
eyebrows and whskercd liberal discount made wholesale
purchasers. Price 30 cents bottle highly periuned


A. PASTOR,


3wA .,chs Y","PETER ROSE, Cutler SC.

oo,,no,A, PAsTQKS HAIR oil; a,",The New York herald. [volume] (New York [N.Y.]) 1840-1920
1842-05-04,"Wholesale and Retail Furniture and General Fur
niMing Warehouse, No. 81 Chatham street, cor
ner Of Duane street, NeW York


WHERE be keeps for sale large Of the follow
W articles, deboads, Bureaus Bedsteads Cots
Tables Chairs, Office and Portable Desks. Glass Cases book
Gases Looking Glasses Dining Centre Tea and Pier Tables
tresse Carpets, OIL Cloth, Mating and Fire Irons wash
Dressing Bureaus, Safes. &c.


Also large assortment OF and womens Wearing Ap
pasel and second handed.


All the above articles offered the public at very
low prices Persons of said articles would find il 10
their advantage to make early call the above establish





Shipping orders puneually attended and racked on the
shortest notice and on reasonable terms. Mattresses Bedding
Ne for fitting ont vessels constantly N hand.


All orders the above establish will be ppncualv AZ
tended 10 aud thankfully received.


N B-The highest prices will be given for Second Hand
Furniture and Gcnlemen's and Ladies' off Clothing


NiE packet ship UTICA for HAVE will be detained until",GEORGE w. DAWSON.,The New York herald. [volume] (New York [N.Y.]) 1840-1920
1842-05-04,"MANUFACTURED FROM LADIES' AND GENTLE.


MEMS HAIR,


NOT over two inches long, in hundred designs


Necklaces, Bracelets, Watchguards, Earrings Flower
Rings, Wigs, and Seaps,


A c. BARRYS Wigs and Scalps will stand pre- mncut
above all others Their peculiar light and veutila
ting caacte their being shaped exactly the natural hair
their elasticity their
ship well their style Of finish com
bine form such perfect heads Of hair that they be
to be fully appreciated
Any lady gentleman using A. c. Barry's Tricopherou
for the Hair and do find the cheapest srtcle
known IN this country, he will with pleasure the money
Tor I'll quaekery discarded Grauitous advice given
diseases connected with the Hair ahe Hair Cutting Rooms
lag Broadway Of Liberty street up STAIN ala Inns","ARTIST IN HAIR.
MANUFACTURED FROM LADIES' AND CENT",The New York herald. [volume] (New York [N.Y.]) 1840-1920
1842-02-02,"AHAsuERus a PoEM BYA Vrac1s1As Harper Brothers
- 2s C!ii:-street


The general rnderst tanding that the eldest and
private secretary Of President TYLER i the author Of
this work has caused it to be looked for with more


interest than usually attaches poctica c;iu>ion
bv one who has not vet evinced the ability 10 touch
the lvrc with a masters hand The subject Is the
world-klowu Story Of the Wandering Jew one
who nockcd the Saviour at his Cruciixion, and
sgas therefore dooRed to remain on earth iii that
Saviour Second Coming in glory. The following
passage. describing the supernatural appearances
attending the Crucitixion will afford specimen Of
the character of the work


Wha; sudden horror seizes on the crowd
Shrieking they fy, for earth itself dssolves
The roaring earthquake rushes through the land
The kissing Dreaths OF ,empests scaia the earth;
Trees rocks and hill. and mountains sroan with pain
The floods of ocean seem 10 Ell the SKY.
The eagle Idly flaps mis- heavy Kings.


8-rne headlong down the thick and murIly blast
Dash'd from his erric-rock, the monarch dies
The lien, painting. seeks the ,hcket shade.
Where track Of rran hath never prcssd the soil,
In former time his safe and silent lair;


But seeks in vain 20 battle with the storm
In vain he tears the earth with g5,'ning ianss
In vain he struggles with Porten;ous strength,
In vain with glarng eyeballs seeks his foe:
The earthquake demon epes his horrent jaws,
And grinds 10 dus, the lions fearless heart
Men stand aghasi, and women's prayerless tongues
Cleave TO their throats like cold and cot,ed blood
Some saak with fright, and sank to rise no more
And many died beneath the empest's shock
But when al last amid encircling fires,
And with lond crash, as if some mountain torn
From its deep base, were hurld against the sky
The Temples mighty dome in twain as rent
Livid despair shrunk up their withering hearts,
Each slnote mis- fellow with maniac hand
Or, barring TO the steel their raging breasts,
Quench'd fear and madness both in their own blood",AaAsvERus: PogM gYAv1sclx1Ax Harpsr B7otaers.,New-York tribune.
1842-05-07,"MAY 6--.4nempt al Reroh.-The ship Hudson, Captain
Page started on Thursday morning for Charleston.
tween and O'Clock r. NJ while still inside of the Hook
adicuty took place between the mate and Henry
one OF the seamen, whom he severely assaulted. The
other men took part with Graves and refused duty
The Captain brought the ship TO anchor when he was
boarded by the Revenue cutter The still persisting
IN their refusal they were placed in irons and brought
the city Their names are james Bagley, James Sw elm
John Jackson, John johnson, Henry Graves, Robt
Stevens, James Taylor John Reynolds and Peter FoI
ner. Yesterday they examined before Judge Eve
ret and fully committed for trial.",,The New York herald. [volume] (New York [N.Y.]) 1840-1920
1842-06-18,"Before Judge Noah and Alderman Crolius and Smith.


JUNE Thames Haggerty sent up for six months
for stabbing female, named Bridget Downing, with q
knife in three different places twice the forehead and
the hand This person should been tried FOL
assault and battery with intent to KILL and his
acted upon by jury in the Court Of General Sessions.
Thomas Foster charged with robbing the money drawer
Of Frederick SEEKER Of 81 Vack street. of 50 in bank bills
acquitted. Henry lndorc aud William Kerr two
boys convicted stealing $40 worth printing pa
per from the store of Robert Walsh ~ Fulton street. but
judgement was suspended Henry Craig, a colored man
found guilty stealing three pairs Of gentlemens gal
ter boots, worth $780, from the store Of John Mcclure
was sent up for two months John Dickinson TO
the City Prison for go days for stealing barrel Of moasses
worth 50, from Wilson g. Hunt Henrietta Jones a
her Of shirts, collars, &C. from drunken man. whose
name unknown. Marietta Dunn for beating an aged
named sherlock, and otherwise assaulting her
sent back TO the City Prison for 30 days. Henry Jack
colored, for cutting coored woman named Henriet
ia Jackson with razor and threatening to kill her.
sent up for six months.",Sneclnl Sessions.,The New York herald. [volume] (New York [N.Y.]) 1840-1920
1842-07-27,"THESE celebated articles have been used og neIy
four years, and the greatest proof Of their efficacy in NJ
moving the various diseases for which they
is that the demand for has been rapidly and
but recommend them 10 their friends.


COUGH LOZEN0ES.
Are the hes, medicines in the world Cor coughs colds con
''''F''"" THE Worm L0ZES0Es
Az, only articles which fail in removing
every description both from children and adults.


THE CAMPHOR LOZENGES
Are remedy for sickness and headache
paiptaon lowness Of spirits and all nervous diseases
I'll. Hon. Aaron CLARK, Hon. Edw: j. Porter Key MIR.
Handbook Rev Mr. Dunbar of the NcDouga street Church.
have used them. a.,
Sends Broadway II East Broadway Cod
drinv Hudsa","MEDICINES.


DR.. SHERMAN'S
MEDICATED T.OZENGFS",The New York herald. [volume] (New York [N.Y.]) 1840-1920
1842-11-16,"FLAEE Ur AMONG THE PIPE LAYERs.-The City Hall
yesterday afternoon the OF considerable excite
men produced from the presence several hundred work.
men who have been recently engaged in putting down
Croon Water pipes for Messrs Sherman, Bolster and HILL
contractors for work in Fourteenth street. between the
Third Avenue and Broadway. 1t appeared that these
could get pay for their labor they took possession
of the foreman, named Dixon, German, and marched
him down the Board of Alderman's ROOM where the
Board Of Supervisors happened be in session. when Al
derman Dawes Of the 18TH Chairman of the Croton Water
Committed, addressed them from table in the pasageway
He said that the had been paid any money
the work Fourteenth street. and il the would
agree dispense and 60 their homes quietly he would
guarantee that money should be paid the contractors
until arrangements made to pay the men the 400
due them Alderman West of the l4h also pledged his
word the effect and the crowd then gave them
three cheers and dispersed Bolster is grain
under Governor Seward and Hill is the who
Gently engaged in the works Governors Island This
pipe laying is dangerous business in these days.
THE ELEcrIoS.-The Board of Supervisors still
engaged canvassng the votes at the recent cleo


ton this city, They had proceeded last evening far
the Eighth Ward only, but will probably complete the
during this day. is yet unknown which Of the
two wing members OF Assembly elected although the
probability that Smith and Webster the lucky can
didates.


THE FIRE DEPARTMErr-The new arrangem ent for d.
vdng this city into three Fire Districts goes into opera
ton Monday next


The first district embraces all that part of the city
the Halls Of Justice and west of line running from
the Halls OF Justice through Lafay cite and Irving Places


The second fire district embraces all that part of the
city lying east of the first district and north of line
running from the Halls Of Justice to the foot of Roosevelt
street.


The third fire district embraces all that part of the city
lying south of the first and second district.


No fire company shall remove their apparatus out Of the",,The New York herald. [volume] (New York [N.Y.]) 1840-1920
1842-11-16,"CKOION WATER.


HANSON, WILCOX & HANSON, Plumbers, Brass
II Founders and CoppesmIths door the
No 1913 Broadway, New York


From practical experience in business this and other
cities possessing Water Works w II. have confidence
thus the pnbc that all des will
be promptly executed, with view
woikms Mike style, and Of the best materials.


Their charges will always be moderate be
bly, afored By competent and respectable


Water pipes ofevery approved description introducing
the Croton Water Patent lead pipes, ron composition
and timed Brass cocks and Closets of
superior Manufacture Hydnts Of Carolina red cedar bathing
tubs bath boilers the best PHILADELPHIA plan and other
articles the foregoing branches OF business OILS msr",,The New York herald. [volume] (New York [N.Y.]) 1840-1920
1842-10-18,"ONE box of these nestmable Pills worth all the Quaek
~ Medicines world for the of certain disease.


CoMMESr examine the nature of the above disssss
and the situation of the affected consider
action time composed OF ngre-
dents will prevent the possibility Of discovery while using
it, fact well known many that most Of the remedies
offered for these diseases of such
creating sickness the stomach other
Such being the there be doubt but such
remedy as VALIER'S FRENCH PILLS will meet the uni
versa appreciation being entirely free from those objections
pleasant their and prompt removing the disease
The proprietor would here remark thai the efficacy Of these
Pills in the disorders alluded based supposon
the contrary founded rational experience having
used them successful practice for upwards Of he
feels confident Of their superiority the remedies hitherto
employed.


Sold at No. 90 Nassau $50 Broadway, and 80 North
Sixth Philadelphia Price 81 box. s24 lmSr","VALIER'S
f ENCH Pill L s.",The New York herald. [volume] (New York [N.Y.]) 1840-1920
1842-08-25,"WHOLESALE AND RETAIL.
THE CANTON TEA COMPANY continue offer for


sale and fragrant Tear Of every variety and style
Their .,sornsn specially includes me most delicious and
stamp Of neatnsss and elegance and Mas therein
thoroughly secured from light hat quality and
will remain unimpaied in any climate Their system
Of prosecuting business perhaps scarcely be eIceed
founded the utmost the of the
err especially with respect weight quality and
led cheanrss All purchasers called upon any
articles which fail To them the fullest when
the money will be chee1uy and promptly refunded Country
merchants public heads Of Iames ship
from this establishment.


Office roasted every day.


Orders from all parts the Unitea Satss executed with
promptituds and despatch.


The only warehouse in America for the sale sf Hon.
qua's celebrated Black Tea. au2 lmsr","UNITED STATES
TEA EMPORIUM,",The New York herald. [volume] (New York [N.Y.]) 1840-1920
1842-09-12,"BRITAIN AND IRELAND WEEKLY.
THE subscribers continue make bring


from the old country BY ships OF de first class
all American built and commanded by long and fyoraby
known in the trade The esses composing this line sail week
ly from Liverpool consequently all unnecessary delay
sengers is avoided.


Persons abe make for friends emigte
the ensuing will study their interest,"" and the
and comfort of their friends by making such
with the subscribers pains spared 10
that preference which has for been extended to
them.


As has always been customary with tins line, when the
settled for decline coming the passage money
promptly refunded to those from whom was received. with
deduction.


free passage per steamboat from the various ports Ireland
and Scotland, to Liverpool, likewise be secured


Cor fufhe arficua rsannv",,The New York herald. [volume] (New York [N.Y.]) 1840-1920
1842-10-10,"MUSICAL ACKNOWLEDGEMENTS seem to be all
the rage now, no. only in this city and country, but
through the whole province of Canada. Braham,
his son, Charles, Signor Nagel, Signor Nouru,
Madame de Goni, Mons. Knoop, and Mrs. Gibbs,
have all been engaged giving brilliant concerts from
Maiden down to Quebec; and all with great sue
cess, particularly the first named individuals The


latter end of last week they all congregated in
Kingston, where Nagel gave concert under the
patronage Of Lady Bagot on Thursday. and Braham
under that Of Sir Charles and his lady, Saturday
night, both of which were crowded",,The New York herald. [volume] (New York [N.Y.]) 1840-1920
1842-05-27,"WOULD respectfully beg leave inform his friends


and the public generally that he has completely renovated
and reopened his Saloons for the reception of those
who may be pleased honor him with their patronage. He
naers himself will be sufficient say those who have
been acquainted with the established reputation his Ice
Creams for the last that nothing shall remain
his aud possible excel his former effos


He still continues the manufacture of in all its
branches and prepared supply families and dealers in city
country wholesale retail Not forgetting tender m
grateful acknow ledments for the patronage he has received
he by his future efforts deserve of the
same viii not be unayailing.


aSn lmsr John BRADEN. u Canal street.",J. BRADEN,The New York herald. [volume] (New York [N.Y.]) 1840-1920
1842-05-27,"MO PECK sLlP-Doctor Carpenter usual, devos his
~ entire personal attention the relief of the afflicted and
Fortunate the eectual and speedy of all Diseases his
old established and well known Peck slip Dspensary. No
Peek slip near Pearl street Dr. CARPENTER begs leave to 9prse
those whom he Is unknown that he is regularly educated
physician and surgeon graduate Of Union College and
hcentiate of the New York State Medical Society and OBJ
tanned his diploma this city the 1919. But what
important the patient know the fact that he speedily and
eectullly his patients thousands might and many viii
testify His Offices and entrances conveniently adapted
the comfort and privacy of PATIENTS who never exposed
obser alton, and his charges will be found reasonable


DIR. CARPENTER.","MEDICAL, AID.",The New York herald. [volume] (New York [N.Y.]) 1840-1920
1842-05-27,"81 LlSPENARD STREET, n. Y. CITY.
MADAME COSTELLO, grateful for the extensive patron
"" age literally bestowed since she opened the above Of
fee respectfully socs the attention of females and moe
particular the following Medicines Of her preparation
which have proved eectus remedyng the diseases
which they are recommended, viz


Madame Cossllo's Pile Ointment, certain for the
Piles in all eases.


German Soothing Syrup prepared expressly for children
teelhng, Will eiectually prevent fits, screaming, &c.


Madame Coseilo Nipple Paste the successful remedy
for nipples, and which mother should be without


Darroel Cordial the eectusl remedy possible
rally requiring but few doses 10 effect perfect


Lip Salve Cream of Amber for removing pmpes, blotches
redness tan, sun-burn and ireckles.


Hair Renovator positive preventive to the Hair falling
will restore II in bald places and give it rich dark sglosy





Alsoa Beautiful Dye for the Hair does color the skim
but will red grey light HAIR beautiful black. La
dies have tapped the office by Madame Costello
raited.


Madame c.. Ointment and Lotion positive for the
salt rheum letter. scad head and other erupons
of the skin.


Cases of Liver Complaints which have been standing for
years have been cured short time BY Madame C
cele remedy and restored 10 perfect health
Madame Coselo's Syrup for after pains failing
medy


Each and all of the above medicines prepared and sold
Lspnad and whore be obtained such proofs these
facts will conyinceshe public there fancy
sertions.


Madame C. would inform ladies that good nurses may be OBJ
tanned at the shortest notice by applying her Office.
All communications and etter be postpaid.",MEDICAL OFFICE.,The New York herald. [volume] (New York [N.Y.]) 1840-1920
1842-11-05,"ONE BOX of these invaluable Pills is worth all the quack
~ medicines advertised for certain delicate diseases Let
the unfortunate assured that there
seng these Pills to be speedy and radical for gonorr
prescribed by the celebrated Abemethy all q
Client effect few days In long protracted chronic
stages obstinate elects &c they equally certain, having
cured hundred who had been taking oth medicines
which tended more destroy the consultation than to the
weakness which frequently after using other med


cne They have unpleasant taste SMELL and any
taking them might frequent the refined society
having their inspected They composed
generally For sale only New York by VIM. Wafson Apo


hecaries Hail. 6 Catherine and in Brooklyn by Blagrove
drugg 81. oil I'm",ABERNETHY'S BOTANICAL PILLS,The New York herald. [volume] (New York [N.Y.]) 1840-1920
1842-04-30,"WHEN the warm sun, that brings
seedtime end harvest has returned again.
Tbs sweet to visit the still wood where springs


The fast aower Of the plain.


love the season WELL
When forest glades are teeming with briefforns,
Nor dark and any-iolded clouds foretsu


The coming-in OF forms.


From the earths loosened mould
The sapng draws its sustenance and thrives:
Though stricken TO the heart with winters cold


The dropping tree Tevives.


The softly warbled song
Comes through the pleasant woods and colored wings
Are giancing in the golden sun, along


The forest openings.


And when bright sunset fills
The silver woods with light. the green slope throvg
Its shadows in the hollows of the hills


And wide the upland CLOVIS


And when the day is gone
In the blue lake, the sky o'erresching far
Is holowedont, and the moon dips her horn,


And wrinkles many star.


Inverted in the tide
Stand the gray rocks and trembling shadows throw,
And the fair trees look over, side by side,


And see themselves below.


Sweet April, many a thought
Is welded unto thee, as hearts are wed
Nor shall they fail, till, to its autumn brought,
Lies golden fruit is she'd",April.,The New York herald. [volume] (New York [N.Y.]) 1840-1920
1842-04-30,"Launch OF ""A Battle shin.
America halls thee with emotion.
Mightiest child OF nsvalart
Heaven resounds thy welcome Ocean
TOkes thee sHiling TO his heart.
Giant oaks Of boli expansion


Der seven hundred acres fell,
All ia build thy noble m sion,


Where our hearts ofoak shall dwell.
Midst those trees the wild deer bounded
Ages long ere wsrw ere born
And our great grandfath ers' sounded
Many ajovial hunting horn.
Oaks that living did inherit


Grandeur from our earth and skv.
siiil robust, the native spirit


In your timbers shall not die.
Slin to shine in martial story.


ihou shalt cleave the oc cans pa,h
rreighted with Americas glory.


And the thunders OF her wrath
Foes shall crowd their soils and av ,h..
Threatening havoc to their deck
When aiar they 6rst descry thee.


Like the coming whirlwind's soeok
Gallant bark thy pomp and beauty
Storm or battle n.'er shall blast.
Whilst our tsrs, in prize and duty.
Nail thy colors to the mast","Rfies Svro Cent?

Launch OF a Battle shin",The New York herald. [volume] (New York [N.Y.]) 1840-1920
1842-04-30,"Sweet warblers Of the sunny hours,
For ever on the wing
love them, az love the flowers,


The sunlight and the spring.
They come like pleasant memories,
In Summers joyous time,
And sing their gushing melodies
~ would sing rhyme.
In the green and quiet places


Where the golden funlish falls,
We sit with smiling faces,


To list their silver calls
And when their holy anthems
Come pealing through the air,
Our hearts leap forth to meet them,
With blessing and prayer.
Amid the morning g fragrant dew
Amid the mists Of even
They MARBLE on as if they drew


Their music down from Heaven.
How sweetly sounds each mellow note
Beneath the moons pale ray,
When dying zephyrs rise and float,
Like lovers signs, away!
Like shadowy spirits seen at eve,
Among the tombs they glide
Where sweet pale forms, for which we grieve,
Lie sleeping side by side.
They break with song and solemn'hu.h
Where peace reclines her heed,
And link their lays with mournful thoughts
That cluster round the dead.
For never can my soul forget


The loved Of other years
Their memories fill my spirit yet


I've kept them green with tears;
And their singing grests my heart a. times.
As in the days Of yore,
Though their music, and cir loneliness.
ls o'er-for everoer.
And often, when the mournful night
Comes with low, sweet tune.
And sets q star on every height,


And one beside the moon
When not a sound Of wind or wave
The holy stiffness mars.
look above, and strive to trace
Their dwellings in the stars.
The birds the birds Of summer hours
They bring gush Of glee,
To the child among the fragrant flowers
To the ssilor on the sea.
We hear their thrilling voices


In their swift and airy fight,
And the Utmost heart r. joicea


With calm and pure delight
In the stiffness oftha starlight hour,


When am with the dead,
oh may they futter mid the flowers
That blossom DER nv head
And pour their songs Of gladness forth
In one melodious strain,
Ger lips whose broken melody


Shall never sing again.",The sum mer Birds,The New York herald. [volume] (New York [N.Y.]) 1840-1920
1842-08-26,"WHOLESALE AND RETAIL
THE CANTON TEA COMPANY continue TO offer for


sale and fragrant Teas OF variety and style
Their assortment specially includes the delicious and
powerful grades OF Green and Black Every package bears the
thoroughly secured from light and air that their quality and
power will remain unmpaired in climate Their system
Of prosecuting business perhaps scarcely to be eIceed IL


founded the utmost regard the rights of the
LED cheaincs All purchasers called upon
articles which fail TO them the fullest when
the will be cheeruy and promptly refunded Country
merchants public establishments head Of rames and ship
aste viii ind decided advantage to supply themselves
from this establishments.


Office roasted every day.


Orders from all Of the Uniteo States executed with
prompitude and despatch


= The only warehouse in America for sale ST Hou-
Qua's celebrated Black Tea. auA lmsr","UNITED STATES
TEA EMPORIUM,",The New York herald. [volume] (New York [N.Y.]) 1840-1920
1842-08-26,"NOTICE is hereby given the Stockholders Of the New
IN York and Albany Rail Road Company President
and Directors have directed call sament of five per
cent the Capital stock of the Company. payable the
fifth day Of September


Subscribers resident in New York and Westcheser will pay
their nsment Josiah Rch Chairman the Financ. Com
mtee, and Treasurer for the Southern District, 72 Front
ties will their nstamen iona Akin Taber Of the FL
Rawlings Subscribers resident Rensselaer, county will pay
their Jonas Heart the Finance Committed
and Treasurer the Northern District his Office the city
Of Troy.


By order of the Board
a2tsep5r JOS. Z. BLOOMFIELD. Secretary.",New YORK & ALBANY RAIL koAp COMPANY,The New York herald. [volume] (New York [N.Y.]) 1840-1920
1842-11-01,"90 That worthy lady and splendid songstress, Miss
Hood takes her benefit at the Aaercan Museum on We'd
nesdsy next day and evening rare verety of new and
extra performances will be given in the afternoon and
another in the evening Several performers of talent have
volunteered The free visitors of the Museum and the
public generally will now have opportunity of exhb
ting their lberaly 1t better procure tickets TO day
to prevent confusion at the door Wednesday. The at
fractions this week at the Museum unusually rich
and diversified The eccentric DR.. Valentine appears in
all oil his best Characters signor viyalds Liputian
family numbering eleven performers are engaged besides
Miss Hood Celeste the accomplished dansuese, Niagara
Fails with real Croon water the fortune telling Gpsey
girl, Albino lady, and 100000 curiosities",,The New York herald. [volume] (New York [N.Y.]) 1840-1920
1842-10-24,"NEW BRUNSWICK AND NEW YORK.
THE NEW JERSEY Railroad and Transportation Com
pany have established Freight Line between New
Brunswick and New York. which they intend to perma
henty.


Leaving New Brunswick at 81 A. NJ daily, (SundaXs eH
ceped and the foot of Lber tyreet, New York. IN T. M


To country dealers and the above line very de-
ssbe for the speedy Of merchandise
OF every description and particularly Drovers and
Dealers Live Stock who have $50 head Of cattle
ed between New Brunswick and New York, the day
whenever required.


The rates for transportation OF cattle, korsss mules,
sheer hogs &C. and all other kinds of merchandise very
low, exceeding steamboat prices


.~Nerchandise b. this line subject
charge in crossing the North River. -


The Company have fitted large storehouse at New
Brunswick. adjoining the Railroad Depot which will always
eopen for the reception of merchandise. ~
Passengers purchasing their tickets the ticket Offices will
receive feny tickets gratis: 49,


n > Freight for Newark Elizabethtown, Railway, West
field Pained Scotch Plains Boundbrook and Somerville
the above lines and delivered the day when
received au4 3m~",,The New York herald. [volume] (New York [N.Y.]) 1840-1920
1842-10-24,"~ HIGHLY IMPROVED MANIFOLD WRITER'S
by hs wonderful invention letter and duplicate writ
Ten Que operation, with ond greater facility than
asnss euer win an ordinary pen and INK.


10 the mercantile professional aud travelling Of the
community THIS truly great inyention OF infinite value as
great saving OF time, trouble and The principal
70 De der ed from the manifold that CO.
Poi any document be kept without additional tou
PIE 10 te witef and without OF using either AN
nkstand or The instrument used for writing agate
point consequently never by For banks insn
rance oces merchants OF business generally lawyers
postma,ters editors reporters public officers and all who may
oe deous OF preserving copies of the letters do umen
&c with an and the satisfaction OF ne
wing exact Of what they have written this viii be
found invaluable.


Fancss Manifold Writer has been in successful
ton two during which time the proprietor has had the
APPRECIATION has under. At the late Far OF the Amer
Institute the OF the article examined into by
three the able chemists the country who pronounced


TO be ingenious useful continuance, and not liable
change color by exposure MOISTURE chemical agents
Consequently amedal was awarded by the Institute.
The paper the best quality in the
United States being made for the manifold writer expressly
his order The ruling OF them which has for time been
thought impossible has length been brought perfection
for which copyright has been secured. The books
bound variety Of forms and Sizes price from
80 cents and upwards


Stsoners aud Country chants general will find
their procure the article they with
ready sale. liberal deduction made who buy by
wholesale.


Newspapers magazines throughout the country copying
the above enre without alteration abrdxemen ncudng
this noce) and giving it twelve inside Insertions shall
ceve copy subj their order by sending paper
ing the advertisement the office of the subscriber


LEWIS FRANCIS, SO William street,


oil lmsr Maiden Lane New York.","TAKE NOTICE
NEnWHc ANp GREAT yENTIoN;-7FRANCIs's",The New York herald. [volume] (New York [N.Y.]) 1840-1920
1842-12-04,"Not chiefly for thy stored towers and halls
For the bright wonders oithy pictured walls;
Not for the olives wealth. the vineyards pride,
Thatcrown thy hills, and TEEN Amos side;
Dost thou delight me, Florence can meet
Elsewhere with halls as rich and wales as sweet
prize thy charms OF nature and OF art
But yield them not the homage OF my heart.


Rather to Santa Croce repair,


To breathe her peaceful monumental air
The age, the deeds, the houOrs to explore
Oh those, who sleep beneath her marble floor -
The stern old tribuues Of the early time
The merch ant lords of Freedoms stormy prime -
And each great name ia every after age,
The praised the wise the artist, bard aud sage.


feel their awful presence ; To- thy bust,
Thy urn, On Dante, not alas thy dust.
Florence, that drove the living from her gate.
Waits for that lust, in VAIN, aud long shall wait
Ravenna k the glorious Exile's trust.
Aud teach remOrseless factions to be just,
While 'ne poor Cenotsph, who bears his name,
Procla at once his praise-his counry's shame.


Mex, imam note7l, though cold as thine.
Moulders o mortal shrine,
OBJ Micharl y still and hard.
Speak to me, tala..r, builders sculptor, Bard!
And shall those cunning fingers, stiff an cold,
Crumble to meaner earth than they did mould7
Art thou, who form and force to clay couldst give,
Aud teach the quarried damant to live,
Hd-in the vauitings ofthy mighty dome,
Pontifciai, outvie imperial Rome,
Portray unshrinking, to the dazzled eye,
Creation, Judgment, Time Eternity,
Art thou so low, and in this narrow cell,
Doth that Titanic genius stoop to dwell
And, while thine arches brave the upper sky,
Art thou content in these DARK caves lie 7
And thou illustrious sage thine eyen closed,
TO which their secret paths stars exposed.
HAPPY thy spirit, in some higher sphere,
Scars with the motions, which it measured here.
Soft he thy slumbers, Seer, Tor thanks to thee,
The earth now turns, without heresy.
Dost thou, whose Keen perception pierced the
Which gives the pendulum its my site laws, Irelu
Now trace each orb, with telescope eyes,
And solve the eternal cl0ck.work oil the skies,
While thy frame enjoys its long reposs,
And Santa Croce heals A, cetIps woes Z


Nor them alone ION her maternal breast
Here Machiavellis tortured limbs have rest.


oh that the could upon his tortured fame t...-f
Might pass away and leave an honest name.


n ne Power Of princes sr Thy limbs is staid,
Psscefo thine ashes --who can have the heart Is
Above thy grave. to play the censor's part
read the statesmans fortune In thy doom D'nN
Toll, greatness, woe ""a late and ly ing tomb li
Aspiring aims by grovellng arts pursued,
Faction and self baptized the public good, ~
lite traduced-a statue crowned with bays,
And starving service paid with funeral praise.


Here too at length the indomitable will
And fiery pulse OF Astis bard are still l asgs.
And she-the stuart's widow-rears thy stone,
Seeks the next aisle, aad drops beneath her own.
The great the proud, the air--alike they tall
Thy sickle, Santa Croce, reapeth all H'


Yes, reapeth all, or else had spared the bloom Is.
Ofthat fair bud, now closed in yonder tomb.
M eek, gentle, pure and yet to him allied,
Who smote the astonished nations in his pride:
Worthy his name"" 20 saith the sculptured line
Waster OF man, would he were worthy thine!


Hosts yet unnamed-the obscure, the known--I leave
What throngs would rise could each his marble heave
But we who muse above the famous dead,
Shall soon be silent, as the dust we tread
But not for me, when shall fall asleep, %
Shall Santa Croces lamps their vgils keep.
Beyond the main, in Auburns quiet shade,
With those loved and love my couch be made
Springs pendant branches DER the hillock wave A
And mornings dew-drops glisten my grave ~
While Heavens great arch shall rise above my bed
When Santa Croces crumbles on her dead
Unknown to erring or to suffering fame,
So may leave pure, though humble name.",Santa Cr0ce.,The New York herald. [volume] (New York [N.Y.]) 1840-1920
1842-12-04,"SO's8s
o, why should woman ever love,
Throwing her chance away,
Her little chance Of summer shine
Upon a RAINBOW ray: r
Look back on each old history,
Each fresh remembered tale
They'll tell how often love has made
The cheek Of woman pale;
Her unreqnitsi love, flower
Dying for air and light;
Her loue betrayed. another flower
Whherins before aLIignt.
Look on her hour Of solitude,
How manv bitter cares
Belle the smile with which the lip
Would sun the wound II bears.
Heart-sicknsss, feelings tortured. torn,
A sky ofstorm above,
A path Of fhorus--tnese are loves gifts
All, why must ssoman love",Song.,The New York herald. [volume] (New York [N.Y.]) 1840-1920
1842-11-14,"PAhR'S LIFE FILLS.


THE the sale of these Pills for


they have introduces this country, truly
astonishing and proof of the conquerng power
ofthe when the relaxed by the heat
of this invaluable edicine will clear off and
humos which heat invariably The liver which
sluggish, will be into healthy action and
thus be able perform the fractions allotted the body
altogether vii be renvgorae and prepared undergo what
change the winter bring In bilious complaints,
heavy colds and they afford speedy relief and
the female constitutions they particularly applicable
who have tried them certify In fact who
used PARIS Life Pills be insled with life
for their fine properties invariably the stomach


healthy longing for food, sound Sleep and all the
attendant good health The which they
used in Europe among all classes Of society beyond
ing that all who them appreciate their worth They
sold exclusively by the following agents. viz


Ruston Aspinwa druggists aud chemists &c William
ITO Broadway and 10 Astor House.


Abraham Sands Codruggiss and chemists buildings.
1913 Broadway, corner of Chamberst


John b. Dodd. druggist Broadway, corner Bseckerst
A. w. Badeax Bowery Medicine Store, $50 Bowery
John c. Hart, druggist, 3i8 Grand corner Norfolk
Symes' Medicine Store, 60 Bowery, Of Walker
4. B. Trpler Fulton and Water st.
horace Everett druggist 367 Greenwich the


Franklin st.


j. Coddngton apothecaIes Hudson steeet
T. Cotton chemist apothecary Beeckec ST.
J. Wendover druggist and apo,heay, al Eighth avenue.
BrookynWm Armstrong, seed, drug and patent medicine
warehouse, l8l3a Fulton ST.
And wholesale, at proprietors' office,


Clarendon House, corner of Duane and Broadway","PAR R,S T.lEk, PILLS",The New York herald. [volume] (New York [N.Y.]) 1840-1920
1842-11-14,"~ HIGHLY IMPROVED MANIFOLD WRITER'S
BY this wonderful letter and duplicate
operaton with ond facility
a single letter with an ordinary pen and ink. 49,


To the mercantile, PROFESSIONAL and travelling of the
saving time trouble and expense. The principal
advantage be dery ed from the manifold writer that
by of document be kept without additional
BILE to the writer and without necessity of either
inksand The nsumen used Tor writing
point Consequently it never by For banks,
editors reporters public officers, and all who may
desrous OF OF their letters Documents
SC with immense saving time, and the satisfaction of hs
wing exact of what they have written, this will be
found invaluable.


Franciss Manifold Writer has been successful ope
during which time the has had the
pleasure the uneigned APPRECIATION of all whose
APPRECIATION has under At the late Far Of the Amer
Institute the OF the article examined
three of the able chemists the country who
change oelp by exposure moiste chemical
Consequently amedai was awarded by the Institute.


has lately made
article The OF the best quality in the
United States being made for the manifold expressly
his order The ruling them which some time beer
thought impossible has length been brought perfection
for which copyright has been secured The copying
bound IN variety of forms and Sizes price from
so cents and upwards.


SstoneIs and Country merchants general will find il TO
ready sale liberal deduction made those who buy by
wholesale.


Newspapers throughout the copying
the above without alteration abridgemen ncudng
this notice) and giving II twelve inside Insertions shall
ceive copy subj their order by sending paper contain
LEW S FRANCIS, 80 William Street,


oil imsr Maiden Lane, New York.",TAKE NOTICE.,The New York herald. [volume] (New York [N.Y.]) 1840-1920
1842-11-14,"THIS Academy established two under the


tIonige OF the former lntendem General of the ard, and
other distinguished indy dIas the nobility and chants of
tins CITY, IL conducted the plan of the Gre gymna-
s and the method of tuition the inerrogative"" All the
scholars understand the English language many of the
speak habitually and fluenty -- N


lhe inelpa has the experience of schools france Ger
many Eugand, and the United States. His chief aim
give the youth entrusted TO his practical knowledge of
those branches OF poe educaton which required al
active careers, and are applicable TO any.


- Inc course OF study, therefore, comprehend the English
FRENCH German and Spanish languages; History Biographies
Naiul Philosophy the practical part of Mathematics and
ID awlngs of varions kinds.


Professors of divers nations and reside
bsment and all the classes rotation instruction
from The director.


Such signal has attended this plan on tina,
vera OF the pupils under eve OF and
Two foreign languages perfectly Ineligible and
those OF nperyears, correctly and easily.
The acquisition only of the Spanish but also of other
nguae is thus placed within the reach Of the youth of
nquh the many advantages which from anEngh ed
ucaton The object of the Principal in desiring receive
youths from the United States facilitate the requirement
OF the English for his Spanish pupils which
would be douby repaid them by the latter and introduce
here hs manly spirit the English schools The young cit
mate the house being and airy situated heahfu
spot at short dis from the cily and containing within
limits fne bath and complete gymnasium for
o, the pupils health. Two Youths lately arrived from Germa
ny have passed the summer in the school perfect he ah As
the principal married man. and his wife and have
age but tsat of infancy.


Every pupil enjoys his religious opinions undisturbed
me terms are SiOO per annun payable three months adj
vance There are no extras except clothes and hooks
Reierences-MESSRS. CHAS DRAKE & BROTHERS.


ALEXANDRA MORALES, ESQ,","ella ltaw j r

ENGLISH SCHOOL,


HAVANA, ISLAND OF CUBA.
rHARLES DIINNE WATERIA PRINCIPAL",The New York herald. [volume] (New York [N.Y.]) 1840-1920
1842-11-14,"DIX. HULI'S UTERO ADD OMINAL SUPPORTER.


THIS Instrument for the radical Of Poapus Uer


Falling Of the Womb by external application suppressed
ing the use Of the Correctional Pessay confidently recon-
health having failed Of performing under
the most aggravated circumstances. -


The Supporter has attained high character Europe
as ws this country adopted the entire di;use of
aud all other painful surgical expeden the Lying
nHospitals of London and Paris and universally
mended Europe by medical of the highest rank ln this
sustained by the leading members of the faculties
Colleges end Hospitals and by all the eminent private
titioners


Rooms been furnished exclusively for ladies' No
Vesey having from the business de-
partmenf where lady attendance apply
Irusses and Supporters female % lmr",,The New York herald. [volume] (New York [N.Y.]) 1840-1920
1842-11-14,"FTNHE largest of Stoves of house New


YorkTheir newly invented Paror Stove needs but
be universally adopted Its radatng
exceeds that other
with the consumption Of less fuel than former
Ii also discharges ashes by simple process without
sollng lodging dust the furniture of the which
il used 1t viii be the che pes and economical
Stove brought before the public.


Also, Cook Stoves. air tight SIC. in all varieties from
three dollars upwards Every ar,cis warranted


RlLEY'S PATENT BOILER AND IRON HEARTH
Is admirable artcle-hey be fitted to
and Of unequaed value in boing steaks toastng bread
and also IN heating irons for ironing clothes Riley the in
ventor and sole paentee.


o2i imsr RILEY MYERS, % Bowery.
FISK'S PATENT NOVELTY COOK STOVE.
THIS Stove was pronounced last year, and is this by all
only stove they ever had by which baking boiling and
ing, could be done perfectly, and at the time


This the improvement has such, that double
of cooking be done iaDd that perecon)
than upon other Stove Of the size for proof
which you have only call Fsks Stove Establishment
209 Water street. where quantity of references will be
given-and further every Stove warranted the money
funded Fsk Regulating Premium Drum for parlors, Hall
Drums and hall p,9r and office and all the ordinary
cooking stoves, for sale cheap


FISK'S Stove Establishment, 200 Water street.
The above and also the regulating drum be
seen at the Fair but those desiring requested
call the establishments where them
better advantage, 2c9 Water street. ole I'm","3nsm

ST0VESC0VENS",The New York herald. [volume] (New York [N.Y.]) 1840-1920
1842-11-24,"CHARLES DUNE WATERLAND, PRINCIPAL.
THIS Acaeu established two under the


OF the former ntendcrs General OF the Island, and
other distinguished in sd1ss Of the nobility and Of
s; and the too Of tuition the inerogative"" All the
scholars underaEi The English language many Of them
speak it hibitusly ARD husnlly
The Principal has c experience of schools France, Ger
give the youth his practical knowledge Of
ofa polite educ aon which required In al
active careers, and applicable TO any.


The study therefore, compIehenas the English
French and Spanish languages History Biographies
Naru Philosophy the practical part Of Mathematics and
Professors Of divers nations and acquire reside the
Enlistment; and all the classes rotation instruction
Such signal has attended this plan Of tuition that
TWO foreign language in perfectly Ineligible manner and
those of ripper We ars correctly and easily: .


only Of the Spanish but also OF other
placed within the reach Of the youth Of the
United States without its being necessary for tht TO


quh the many advantages which from anEngsh ed
youths the United States facilitate the requirement
OF the English for his Spanish pupils which
would douby repaid them by the latter and to introduce
manly spirit OF the English schools The young, cit
the United States nothing to fear from the cir
mate the being spacious and airy heahfu
spot dis from the city; and containing within its
hints bath and complete gymnasium for the
of pupils health Two Youths lately arrived from Germa-
n.y. passed the school in perfect he ah As
the principal married and his wife and have
charge of the junior fment children received
age Blu. that OF infancy. -lali


Every pupil enjoys bis religious opinions undisturbed


The $500 per payable three months in adj
vance There extras except clothes nd books


ALEXANDRA MORALES, ESQ.,",ENGLISH SCHOOL.,The New York herald. [volume] (New York [N.Y.]) 1840-1920
1842-09-12,"VEGETABLE LIFE MEDICINES.


THESE medicines indebted for their then mani


fest and sensible action the and channels
of lic and enduring them with renewed tone and vgor In
many hundred which have been made public,
and in almost species of disease TO which the human
frame liable the happy effects of DIR. Mofatt Life Fills and
Phenx Btters been gratefully and publicly ackpow
lodged by the persons beneed ard who previously un
which they compounded and which they consequent


The Life Medicines themselves in diseases of
and Their rst operation TO loosen
from the cor OF the stomach and bowels the various impure
and crudtes constantly settling round them and to
the hardened faces which collect IN The convoiuons oil
small Other medicines only partially cleanse
these and leave such collected behind as TO produce
habitual with all its OF evils sudden dar-
rhoa with dangers. This fact well known TO
all regular who examine The human bowels alter
death and hence the proadce of these well informed men
quack iitnesor medicines pared and heraded
TO the public by ignorant persons -,


The second Life Medicines cleanse the kid
neys and the bladder and by this the liver and the
lungs the heathn action OF which entirely depends upon the
regularity of the urinary The blood, which takes ITS
red color from the agency the liver and the lungs before
into the heart being thus purified BIZ the and nou
through the VEINS part OF the system and tn
umphantly mounts the banner OF health.


Dr. Moat Vegetable Life Medicines have been thorough
"" tested and pronounced sovereign remedy Tor Dyspepsia
burn, and Headache, Resessness, Lansonr, and Mel,
ancholy, Costiveness, Diahea Cholera Feyers OF ai'
Worms Ahma aud assumption, scuryy. Ulcers! Inyeler-
Ute Sores scrobutic Eupons and bad Comp. xons Eru-
tive complaints Savw Cowdy and other dsagTesabe Com
pexons, Salt Rheun Erysplas Common Colds and lniu
Distinctions lire gnlarty and all arrangements Of tie
Female System Bilious tevers Piles Fever and Ague and
various other diseases which the human Tame liable For
sale by the proprietor DR. VIM MOFFAlI,,
slO l,S,s~ Rrotd NY","MISCELLANEOUS.

DIR. MOFFATT0S",The New York herald. [volume] (New York [N.Y.]) 1840-1920
1842-09-12,"WHOLESALE AND RETAIL.


THE CANTON TEA Company continue TO offer for
4 sale and fragrant Teas every variety Style
Their assormem specially includes delicious and
sasaes o ulseh ana biaek Every package peais he
thoroughly secured from light and air that their quality and
power will remain unimpaired climate Their system
Of prosecuting business perhaps scarcely be exceed IL
is founded upon the utmost regard the rights OF the cuscm
er especially with weight and quality and unriva
led eheaness All purchasers called upon TO return any
the money will be cheeruy and promptly refunded Country
merchants public heads Of ramies and ship
will find decided advantage supply themselves
from this establishments.


Office roasted every day. :,
Orders from all parts Of the Untea States executed with
promptltude and despatch. -
U The only warehouse IN Amenca Tor the sale Hou-
quas celebrated Black Tea. au2i lmsr","MISCELLANEOUS.

UNITED STATES
TEA EMPORIUM,",The New York herald. [volume] (New York [N.Y.]) 1840-1920
1842-09-12,"LUKE DAVIES 4 SON,
Jog william street, corner John, New York.
PURCHASERS win at all times find the most extensive
the United States of the following articles
the most reasonable terms, wholesale and retail


CAPS youth and children of velvet CLOTH
rno silk glazed silk Sc. SC. Full and trimmed with fur
and plain Arm, and Navy officers dress and undress caps
STocKs of every style quayof satin bombazine
&C. made plain trimmed with bows, ties, Paris
dress apron stocks, SC. &C.


The OF frames well known by the light
perfect fit, and elasticity of every stock
SHIRTS OF all linen plain and led ofmnsls plain and ned
with linen collars bosoms wrstb nds the app owed
patterns Fancy cambria shirts OF all quail tiles.


LINEN collars and bosoms of style and quality, oiled
silk white plaid and fancy of superior manufacture. Ladies'
misses and cfdren's oiled silk aprons. -
OILED silk medcated for the Of govt rheumatism &c
leather linen and muslin suitable for harness and
coach manufactures, cap fronts sc SC. .
The above articles made under inspection the
best possible and of such materials and workmanship
will be found on examination equalled by none.


To which added OF fancy articles OF
various qualities and prices.


Gloves suspenders, Cravsts, scaIfs Umbrellas Handler
Chiefs Hosiery, Cavat Stiffness GuardChains Under Gar
msnts every description and quality Shaker Knit and
Flannel Shirts and Drawers.


The of the public generally invited to the above
extensive assortment of goods of which Of own
importation and will be sold such prices fail suit


JOHN NJ. DAVIES JONES'
I'm","THE OR pS SIEEb SILK ksA SA s


JOHN M. DAVIES & JONES",The New York herald. [volume] (New York [N.Y.]) 1840-1920
1842-03-02,"No 81 South street, New York


THE subscriber his year


appears before his friends with sentiments
rect for The able support he has received for many
He Likewise wishes call the attention Of those intending
10 send friends England Ireland Scotland aud
Waes that they at all times be accommodated By this
oil the well known different lines Of packet sh'ps sailing
and from Liverpool the th sh sth and 25h Of each
month, throughout the year


always been the study Of the subscriber ohave the
thoss who send for their friends rest satisfied that
and dssnt attenon will be given by the Liverpool
Agents 70 those sent for, well all who embark with
them and SHOULD Of those whose passage has been paid
The feels peaSrc maxine known the different
shps by which his during the last year.
which has and that has consider
sby extended and concluded his for the",".4&lLg6 s !, A. ! 3, ! }, . 8!!!|s A. #",The New York herald. [volume] (New York [N.Y.]) 1840-1920
1842-02-26,"The Lancet now presents the best medium Of addressing
hs medical profession Its circulation is nearly three
thousand copies weekly and extends to every section Of
the Union Publishers Of medical works. surgical in
strument makers, dentists &c. cannot fluid des
rable and useful vehicle for their than
this popular periodical Druggists in the city cannot in
any other way effectively address country apothe
carries great number Of whom practitioners, and
Subscribers 10 the Lancet.


themselves who wish to dispose of their
practice procure assistants form partnerships, the
Lancet affords unequaed opportunities Of extensively
communicsting with their professional brethren To
professional young DESTROYS Of obtaining situations
the same facilities are offered. The various medical
schools and colleges throughout the Union-canddates
of private hospitals and nrmaries &c should also avail
themselves Of the advantages thus presented The Ian
Get now Giro in every considerable city and village
throughout the Union


ApvERrrsiNG TERMs;-One square, one insertion, 81
So Each additional insertion, 81; per annum, $5 One
column one insertion, SIC; each additional insertion,
Sc; per annun,, $50.


Bills stitched in moderate terms. Three thousand
copies required.",To Medical Advertisers.,The New York herald. [volume] (New York [N.Y.]) 1840-1920
1842-10-26,"PEG LEAVE TO inform the inhabitants of New York, that
- they will be happy wait all who desire their
Mons and Mad Bernard have been practcng the
csyed testimonials from some of the most eminent ganlemen
eeyed they have attended by them They
honor inform the public that by and peculiar method
without cutting Mons and Made B, do attempt offer
nostrum faith efficacy; but
confidently those who may suffer from troublesome
painful Corns that hepay have the satisfaction of carrying
away their tOrmentoi, the Corn, IN ther hands.


Mons and Made have IN their possession upwards Of two
thousand from those who relief
their hands Mons and Made have prastced their profess
for several Germany France and England and
acquired skill and much practical fact
ateet by certificates from the most celebrated En-
gish Fench and German physicians well from several OF
the nobility and gentry OF those countries delivered them
after four Ths operation will not
than and the relief the
thus treated Immediately their and walk
without the least Inconvenience.


Ladies and gentlemen will be waited their
dence, II they desire II.


AT home ON till ii, and in the afternoon
from tall o'clock


Office at Boston, Isl Courst. jy8 3msr","CORNS, CORNS, CORNS,


6MURRAY STREET.
MONS. AND MAD A M f b E H A RID,
Corn Doltars from Puris",The New York herald. [volume] (New York [N.Y.]) 1840-1920
1842-10-26,"A SPLENDID and well selected assortment Of eh
""A Fall Goods, Just eceyed per latest mpoations, the
Broadway Cash Tailoring Establishment red TO the
Inspection OF customers, and comprising
TO the fall fashions, viz English and French Cloths Of every
shade beaver asphum nohar and csmels' hair Cloth for
coats peltos, &c English and French elastic Cassi-
endless of rich silk, silk velvet
purchases for cah the low prices sqd
will be made order the best and most fashionable
Style and garment warranted at the SIN est advance
possible which Will be supplied wifh
splendid article prices which defy competition and nsurng
assvne Of least 3< or this the most scepcsl
NAV convinced by examining the materials workmanship
prices and the with other fashionable
tablishments.


N. B. full suit furnished in less than twenyfour hou>-
Terms cash on delivery. -


ARTHUR 8. LEVY,


159 Broadway, between Courtlandt and Liberty SITS.",TO ECONOMISTS AND THE FASHIONABLE,The New York herald. [volume] (New York [N.Y.]) 1840-1920
1842-10-26,"BRITAIN AND IRELAND WEEKLY.
THE subscribers make arrangement bring
passengers from the old country, by ships Of the first class,
all American built and commanded by long and fayoaby
the trade The ssels composing this line sail week
!, from Liverpool consequently all unnecessary delay
sesgerx is avoided.


Persons abe make engagements for friends emgrae
the ensuing season, will study their interest,"" and the
and comfort Of friends by making such
with the subscribers spared
that preference which has for been extended
them.


As has al been with this line, when the
parties settle fr decline coming the money
promptly unded to those from whom it was received, with
oH deduction.


free passage per steamboat from the ports Of Ireland
and Scotland to Liverpool, likewise be secured
For further particulars apply to",", e. - IS -",The New York herald. [volume] (New York [N.Y.]) 1840-1920
1842-05-22,"BROADWAY NEW YORk.--The subscriber


Gently ,om the Nsgfl Hotel Troy win re reopen S The
house it is undergoing thorough rer, and vii be tut in
complete order and furnished ~ handsome style The location
central being side of Broadway, No $50 the
of Reade shot distance from he Park and Post
Office aud lu few walk from w all street and the
business of the CITY The comnodions and
pleasant The the host accommodate the
travelling community and boarrrs in manner tat shall be
ssetor for the prices charged Having lon. eXperienc.
him with th alsr that his best eyertion, will be made
please; and from the situation desirable location for
Boarding and but offer many Inducements persons
visiting the city ske the Marshall House their homs The
bar viii be furnished with choice liquors, aud the ader with
the sub.tanals and decae of the and with attentive
servants and for the comfort of his the
hopes and receive share of patronage,


,nvta MONROE.",MARSHALL House.,The New York herald. [volume] (New York [N.Y.]) 1840-1920
1842-07-13,"Drown & cos One Price Hat Store; wholesale aud re-;
ID tail, 10 Chatham Square, Of Mott where
fashion beauty durability and combined TO adcm
the head


THE prorristorS have the pleasure offer addition
their recently improved short mapped Hat style the
of which closely that of all
the most costly and beanti that the difference not easily
perceived three dollars We strictly acrr
price cash system which enables furnish very superior
Hat for the price charged. In presenting these Hats To the
public the pulctors think they have reached the ultmaum
of beauty durability, chrnpncSs aud comfort
A n &PORTANT QUESTION: is here presented for the
y reflection of the purchasers Of Hats. j.
with true economy common to pay five doat for
Hat the article be bought w I'll
street. lbetweeu Broad aud New street,. for FOUR DOL
LARS This is deceptive assertion. single uill
inspection viii satisfy the skplica that the Beaver
Hat Offered Is far from being the inferior article often sQld
for less han five dollars The fact is that the article oe
ed generally cquaed, and instance Surpassed
that price II consequence Ola reduction the price
with the economical policy Of this
tabhment-and the proprieots engaging personally the
uianuactureta the present great inducements offered,
such As offered bstnre. -


WARBURTON * WEBB,


iel0lmEr Hlt,ers 5 Wall street.","

HATS! HATS! HATS u!",The New York herald. [volume] (New York [N.Y.]) 1840-1920
1842-07-13,"MONS. AND MADAME Der HARD,


Corn Doctors. from Paris,
- EG LEAVE TO inform the inlabmt of New York that
ID they will be ippy upon all who may esirt
services Mons and Mad Bernard have been practcing u
Uued States but few months aud in that short time have
ceived tcsmoni from of The most eminent santlunen
and others the benefit aud comfort which they have
ceived since they have been attended by them. They have the
honor to nlorn the public that by and peculiar method
extrca Hard aud Soi Con, Banions, Ca'losties &C.
without outline. Mons and Made b, do attempt offer
nostrm requiring sccrcsy Hath ITS efficacy; but
contdenty those who sn!r fo'n Troublesome and
painful COINS that they have the islactioH OF
away their tormentor, the Corn IL their hands.


Mons. and Made y have in their upwards of
those who have rterenced relief
their hands Mons and Made D. hayc ced their p,oes,
for several Germany France and England, and
acquired great skill and much practical cxper,encca fact
atcstcd by certificates from the celebrated I'm
gsh French and German physicians wed from several of
the nobility aud gentry OF those countries delivered to them
after four years cure. The operation will not occupy
than minutes and the relief iusta that the
thus treated tdatcly Wt their shoes and walk
without the least Inconvenience.


Ladies and gentlemen Will be waited their resi-
dencC IL they sire 1t.


Al home in the morning from till II, and in the after
from 2 till % clock.


Office at Boston, Isl Court iy8 nr","MEDICINES.

CORNS, CORNS, CORNS.


q Murray strcct.",The New York herald. [volume] (New York [N.Y.]) 1840-1920
1842-07-13,"COMPLENlON.


CIIURCH'S GENUINE VEGETABLE I.OTION ,recom-
"" mended by the faculty for all diseases of the face and skin
eaicatcs pimples reckes, spots, redress ngworn
Tnl all cutaneon eruions gradually reasng delicate cle
soft skin transforms the sllow complexion into
radiant whtenes; renders harsh and rough skin beautifully
soft smooth and mparts TO the face, neck and arms,
healthy and juvenile bloom and by due perse its
pcation the result will be beautiful compile The Lotion
exceeded by other in the world Suffice il say thar il
has been used with the u States aud w
Indies without single complaint of its efficacy For sale at
Churchs Dspcnspy 1873 Bowery, OF Spring steet
InIc, lcnuf. nnrh Il","DR. CLEARING AND BEAUTlFYING THE


COMPLEXION",The New York herald. [volume] (New York [N.Y.]) 1840-1920
1842-12-31,"90 Emmit and Brewer at the Bowery Amphtheatre,
drawing immense audiences witness their negro
extravaganzas and drolleries Emmts banjo playing is
fully equal to 10 Sweeney and far ahead Of any other
now in the United States. The dancing and Carolina
negro characteristics given by Frank Brewer, quite
original and comic any thing OF the kind given in
this city. Master Walter Aymar complimen,ed on
Wednesday evening with wreath thrown into the ring
by company OF ladies and gentlemen in the dress crc
upon which inscribed, ITO Walter Aymar for supe.
rior horsemanship.' The company, altogether, is the
best in the Union.",,The New York herald. [volume] (New York [N.Y.]) 1840-1920
1842-06-14,"From CENTRAL AMERIcA.-We have received the
Ballze, Hon. Gazette of the Nth ult.


1t appears therein that the claims of 3Grea Britain
against the Central American States, has been press
ed with some vgor, and the probability is that they
will shortly be paid in full.


No decidedlmovement had been made by Nora
ian. When last heard ofhe was passing the Port Of
Realejo, and taking the direction of Coasta Rica.
He had with him fivee vessels, one armed with ten
guns, and about 500 men, with all his old officers
They appeared not TO want for money, having
bought largely from the vessels the Coast provi-
sons, guns, arms, and ammunition for cash. and Of
fered money down for French brig.",,The New York herald. [volume] (New York [N.Y.]) 1840-1920
1842-06-14,"This extraordinary, and wearying, and exciting
trial has at length been brought to close The
Court was crowded all day and over hundred la
dies of all ages, and of all styles of beauty were
there. Col Edwards was the most happy looking
and unconcerned creature in the whole room. Many
distinguished lawyers and legislators were present;
and very, very lovely young girl sat at the right
end of the bench, but took part in the delibera
tons except with her eyes.


Mr. WHITING concluded his very able speech by
half past 2 He spoke in all SIX hours. The Jury
then went to dine at Baron's-so did the prisoner,
walking through the park as free as air-almost.-
AT four they all returned, when Judge Kent deli
vered his charge, which occupied hour and forty
two mntes, and which was dead against the pri-
sonsr. The Jury then retired few minutes, appa-
parently disposed to disagree.


IL O'CLOCK. Court kept open till this hour.
Judge Kent and the Aldermen went down into the
tea-room, and there refreshed themselves for less
than an hour They have just sent to the jury TO
know if they had agreed, or were likely to agree.
The jury sent word back that they had not agreed
they could not agree-and there was no possibility
of their agreeing. The Court then adjourned to 10
o'clock on Tuesday morning, leaving word with the
officers that if the jury should come to an agree
ment during the night, that the Court should be
for.


IL o'cLocK.-The jury still out. They have
been out hours. No agreement yet.


ONE o'CLocK.-The jury have not yet agreed and
one or two Of the fat men getting very sleepy. A
good deal of angry discussion going on.


HALF PAST ONE o'cLocK. Still no verdict; the
jury who were tolerably noisy and argumentative
about and 8 o'clock, have now settled down into
tolerable calm; still looking angry and black at
each other.


Two o'cIocK.-No verdict One of the Jurors
asked for glass of water; two or three asleep and
snoring Monroe Edwards in his cell, dreaming Of
lands in Texas, and slaves in Martinique, but not
snoring. He's too accomplished for that No re-
freshment allowed the fury except little tea and
bread and butter to the sick man. John G. Coach
mon. Officers kicking their heels against each
other, and smoking segar.


Judge Rents Charge at full length and verbatim
will be found the outside of this days paper. An
abortion, called the Charge published last night
and several other abortons will published to-day
but the only correct report of the Charge will be
found in the Herald.",Trial OF Col. Edwards /.,The New York herald. [volume] (New York [N.Y.]) 1840-1920
1842-12-16,"IHlS Academy established yeas ago. under e rsr


tonnage Of The former lntendeni General Island
oher distinguished individuals Of the nobility
tms CITY IL conducted the plan Of the gymna-
scholars understand the English language, many
speak Il hsbualy and huently ' -


he fnnepal has the experience OF schools France
many, England. aud the Unted States His chief
give the youth entrusted 70 has psctea knowledge Of
aenye Careers, and are applicable TO any. -


Inc course OF study therefore, compehends the English
rench rman and Spanish languages History eogrs hies
natar tnlosophy the practical part OF Mathematical and
drawings oi vsrons kinds. y
Professors Of divers naons and reside IN the e.
hom the director


such signal has attended plan of that
vra o; ie pupils, under Give
Two foreign languages, perfectly Ineligible MANNER
th9ss OF nper years, correctly and easily.


acquison. not only Of the Spanish, bat also OF other
aneusges thus placed within youth of the
Emted states. without its being necessary for them to re-
ihqush thr many advantages which from English
ucaon The object Of the Principal in desiring TO receive
yeuth; rom the United States factas the requirement
OF e Engsh accent for his Spanish pupils which service
here the manly spirit Of the English schools The young cit
Len Of the United Suites nothing fear the cir
mate the house being and airy
spot at short from the city and containing within
limits me bath and complete for
OF pupils health Two youths lately arrived from Germa
The principal married man, and his wife and sister have
charge Of the Junior department. children
age bu. that OF infancy.


Every pupil enjoys his religious opinions undisturbed


ne terms are $500 payable three months in adj
vance There are no extras except clothes snd books


ALEXANDER MORALES ESQ,


NIL Havana","ENGLISH SCHOOL.
HAVANA, ISLAND OF CUBA.",The New York herald. [volume] (New York [N.Y.]) 1840-1920
1842-08-06,"SIR


Your two most extraordinary letters received as
Informed you, the l4h of March last containing
request for promotion and the other that you may have
copy Of charges which to be preferred against you
the earliest opportunity that the public service will ad
dntv when Won were ACTING as senior Medical Officer
board the Porpoise. have only to add that had
there been vacancy in the squadron under these cir
cumstanc es you would and could not have received
appointment whatever might have been your rank and
Icannot help expressing surprise that any officer cir
cumstanced you are should have thought of making
such request.


am very respectfully


Your obedcnt servant


(Sgned,) CHARLES WILKES,","ICoPyD


U. S. SHIP VINcENSEs, !


April .. 1910. !",The New York herald. [volume] (New York [N.Y.]) 1840-1920
1842-11-09,"NERANCIS'S PATENT LIFE BOAT"" has been tested


the past four SERVICE and by experiment
follows MANNED and thrown from the deck steamboat
while under dropped endwise from the stern OF
loaded the gunwae with and with the bottom
Of men keep her so upset BY hsr PASSENGER. and
by landing rocky shore and then owed out to
landing in surf when all other boats swamped taking crew
and passengers from wreck in at with the bow
stove in and plugs arding wreck with the bottom bro
ken leaving sinking wreck full Of with the
breaking from end to end making coral reef
wreck and bringing off n leaving the ordinary
boas swamped thrown from the deck Of ship endwse and
saving sides and bows broken through and bottom
and rowed deep sc. and finally blown up by


submarine explosion and then again manned and vwed
before. JOSEPH FRANCIS,


Office No. Wall ST., at Adams Co.'S Express Office.",,The New York herald. [volume] (New York [N.Y.]) 1840-1920
1842-10-17,"LIENS PRIORITY CREDITORS BANKRuProY.


Judge CoNxLNo, ofthe Northern District of New York,
has decided that judgment creditor by fling BILL &C..
in Chancery. prisr to application by against the
judgment debtor, for decree Of bankruptcy acquires
lien the property Of the bankrupt not bound by the
Judgment execution and IL entitled to satisfaction Of his
judgment out Of it, before the assignee can claim such
property. ti'l


Judge BErrs the Southern District has decided that
the State statute enlarges the remedy by creditors BILL
beyond its scope under the general principles of Chan
Gerry law but does vary its effect in respect 10 the pro-
pery coming within its power That by the general law


CREDITORS bill is only suit in equity for relief conform
ably the powers and Of the That until
the ultimate the court the suit has eectupon
the rights and interests Of third parties beyond that given
a lis pendsns for any other relief That
the bill does not create specific lien property
but only secures the sueing creditor preference
priority Of payment over other creditors, out
Of such property the suit may discover. That
the bankrupt law abrogstes all preferences between
tcreditor except where the statute itself the pr
GRITTY and appropriates tho bankrupt,' estate equally
amongst them, without regard to their relative diligence
In prosecuting their claims and that the bankruptcy Of
the debtor occurring pending proceedings under
dors BILL and before final decree takes away from the
prosecuting creditor the right to priority of
general creditors.


Judge sroRr has decided that an attachment levied by


creditor his debtors estate 10 diverted by subse-
quent application for decree Of bankruptcy the attach
ing creditor not having scquired thereby lien on tho
property. l1it 3T rali Etgf UI",Ban krupt Decisions.,The New York herald. [volume] (New York [N.Y.]) 1840-1920
1842-07-26,"During the present crisis in relations with
England-the passage of the new tarfi-the expec-
ted veto OF the President-we shall issue


Second Edition OF the Herald
every evening al 3 o'clock on the arrival Of the
afternoon mails, with the latest intelligence OF all
kinds from Washington. The latest and most aecu'
rate intelligence from the Capitol viii be found II
this edition of the Herald, much better and more
condensed, than any evening paper can furnish In
two hours up 10 five O'Clock, our splendid double
cyender presses can furnish 1000 copies, ready Tor
circulation throughout the city and by all the after
noon mails 10 the north and east","NEW YORK HERALD.



second Edition OF the Herald.",The New York herald. [volume] (New York [N.Y.]) 1840-1920
1842-10-06,"ONE box of these nesmab Pills areworth all the Qaack
~ Medicines the world for the of


CosraENrf examine the OF the above disease
and the situation Of the parts affected, consider
object be able
tain in its action and the time Of such ingre
dents will the possibility of discovery while using
it. Is fact well known many, that of the remedies
offered for these diseases composed Of such drugs
render almost impossible continue their
creating sickness the stomach other
Quences Such being there doubt such
remedy VALIER'S FRENCH PILLS will meet the uni
vesa APPRECIATION. being entirely free from those obj cons
pleasant their and prompt the dise


The proprietor would here remark thai the efficacy Of these
Pills the disorders alluded based upon suppoon
the contrary it founded rational experience having
used the successful practice for upwards
confident Of their over The remedies hitherto
employed.


Sixth street. Philadel phia, Price 81 box. m<r","VALIER'S
F FRENCH PILLS.",The New York herald. [volume] (New York [N.Y.]) 1840-1920
1842-10-29,"RLUNT sYMs. Importers and Manufacturer. No. q
the Six Barrel Self Revolving Self Cooking Pocket Pistols


These pistols have the advantage all others Of the kind
the mpossIby of losing the the nipples being placed in


horizontal direction and there being cock in the way
taking sight with the ordinary pistol
gun. The above pistols be furnished lower than any Others
the market wholesale retail We have great yarie
other of Pistols be found with Rifles u s.
Muske for shipping and military; Prize Musket,, dol Fowl


Peces single and double double and single
Guns for duckng Their with Powder Shot Flasks Bags
Caps, Locks Barrels &C.. &c. in large small quantities


~ B-Couny dealers requested to call and
ment before purchasing else where. SO 2msr","GU Ms A ND Pts OIL S


- EVOT IrcIvyu,T "" 70

SELF-COCKING PISTOLS.",The New York herald. [volume] (New York [N.Y.]) 1840-1920
1842-09-07,"Strange is that persons who attend strictly personal
cleanliness batns &c. should neglect the headihe hair


the most essential the most exposed and the beau
tful when properly cared for of all the gifts of the Crea
tor. PerfeGiy free may be kept Of dandru scurf,
with certainty that the hair fall out the of
the Balm of Columbia from II Maiden lane. Ladies' will
you make your toilet without this arcle1 answer fear
lessly if you have tried and experienced its pur
flying efiects-its sweet perfume. hundred articles
have been put forth the credit of thshe only first
the only really valuable article of testimony
from all classes to these facts.",o+CLEANLINEss OF THE HEAD ANDuAJR-,The New York herald. [volume] (New York [N.Y.]) 1840-1920
1842-09-07,"% MANY MAY SMILE AT THIS BUT We
have the experiment tested. Wehave several
lately who have assumed what they had before viz
beautiful clear skin and uxwrant hair One young lady
and gentleman whose skin and face truly disgusting
with eruptions and freckles, and the Italian Chemical
Soap cleared and cake too also changes the color
Of sun.burnt yellow skin to healthy clearness. We
ourse speak from using jones' Oil Of Coral
Our hair falling out and filled with scurf and this
entirely remedied it. 1t has been used by the
chants of city, who tell it certainly does make the
hair grow and give light red grey hair fine dark look.
-Picdyune.


This sold very reasonable by Jones, Sign ofthe Amc
rican Eagle, 50 Chatham street.","Who Wants to be Handsome and Good


Looking!",The New York herald. [volume] (New York [N.Y.]) 1840-1920
1842-07-27,"What vast quantity of cheap woods are here imported
and come duty Free directly in competition with large
proportion Of that of American growth AT the same time
the grower Of American wool was paying the manuiac
turers tax of 50per cent all the manufactured goods
consumed by him. What atrocious injustice this The
perpetrators have the audaciy tell the farmer that the
duty is laid in order to increase the market for his
produce


The effect of these glazing attempts at oppression will
be to cause the people to the operation taxes
direct and Indirect and gradually they will perceive the
vast difference between direct taxes upon property and
indirect taxes upon consumption Under the present sys
TEN Of taxes upon consumable goods the laboring man
with family, and earning his dollar per day. pays
toward the support than does John
Jacob Aston with his 100000 of property And YET the
chief argument used against the extension of the right
suffrage is that those who have stake-tha is proper.
ty-in the community! should not make its laws What
direct and papabe cheat is here Under the present sys
tenn every individual is taxed for support Of the gov
eminent not in proportion his land but upon what he
eats, drinks and wears. This stem is which has i'm.
povershed the people Of England enrich its lords who
make the laws. Yet she is called great nation Why
Because it's arsocacy do not hesitate order the expen
dure Of $40 600 900 for the purpose paying to cut
the Threats Of few million Chinese. The expenditure
comes not penny of out of their pockets but will be
squeezed romhe starving popuace by additional
consumable goods The people this country will crush
the system here in its bud and levy the upon the
property ofthe country, and not upon its industry.","IMPORTS OF Raw Wool INTO THE UNITED STATES AND


VALUE OF WooLLENs IMPORTED EACH YEsR.",The New York herald. [volume] (New York [N.Y.]) 1840-1920
1842-06-16,"FASHIONABLE MILLINERY GooDS-The g9grie-
tres Miss KING daughter Of the celebrated Carl King,
eers for sale select and choice Of Millinery
Goods for the spring trade yet presented the psb
c both regards the quality and cheapness of the articles
The assortment consists Of the following =: o,
The celebrated SILK HAT, CALLED CAPOTTE DOR
LEANS, as worn By La Dnchesse D'Ohesns Of France
SHED SILK, ENTIRELY NEW AND ORIGINAL
STYLE--And Lawn Hats do do-An entire style
Hats called


""MODINE CAPACITIES, EISSLER


COTTAGE""


Partisan and English FANCY sTRAWs, Of the finest
ure in great variety.


The Propriercss respectfully soc the ladies favor her
with call and examine her elegant and varied stock Of Mil
ney for themselves before they purchase elsewhere, it
will be saving them in icc and adv anfage
regards the variety aud quality Of the goods.


MISS s. KING. Magazine de Modes,
milf Ivu~ 2931 Broadway",TO THE LADIES.,The New York herald. [volume] (New York [N.Y.]) 1840-1920
1842-10-26,"Wing NOMINATION FOR REGsrER.-The Wing or Coon
Delegates met at the Broadway House last evening"" and
after number Of ballotings adjourned without selecting
any candidate for Register. The prominent candidates
George Eichel sailmaker, Alderman Calvin Balls
and Capt Schultz, formerly OF the Independence
boat Echell stands first, Balls second and Schultz
third should be rice versa Schultz will carry
force than any other in the wing ranks They meet
again tonight when the nomination will be completed
= PoLITIcAL MEErNes.-The locos meet at Tammany
Hall Tuesday next to pass upon the Assembly ticket
The very devil will be kicked up and if he does not ap.
pear in the midst of them, won't be the fault of Mike
Walsh, who understand intends to deliver speech
that will shake something out of the old sachems and
wre-puers of old Tammany, that long since has been
needed.


The Young Mems General Committee meet at Tammany
tonight


The of the Third Cong rsssiona District meet at
the Shakespeare night to receive the nomina.
ton Of Phenx and Of the Sixth Friday night at Con.
stitution Hail. to adopt reject that of Hamilton Fish,


The locos have not yet called their meetings confirm
the nominations for Congress,


In the sixth district composed OF the upper wards the
delegates of the locos stand Wood H. Moore H. Roose
welt D. and they likely remain from present ap
pearances. Why not refer the nomination back, and
have done with it, Nominate Churchill c. Cambreleng
or you will lose the district and the wings elect two
members certain.


The GREAT TRor between the horses Americas and
Rpton comes OIL this day at two o'clock over the Beacon
Course for 81 900 aside, three miles and repeat The
speed and bottom of horses sufficient guarantee
for much sport.


The Camden races commence this day. Fashion and
Blue Dick come together Saturday next when thou.
sands will be there to see.


STOLEN CorrgR REcovEREp.-A'rogue named welton
was arrested yesterday, charge OF stealing
thousand pounds OF old and new copper, from Messrs",CITY Intelligence.,The New York herald. [volume] (New York [N.Y.]) 1840-1920
1842-08-17,"About these days we may expect general eSplo-
sion of the whigs-not only at Washington, but
throughout the country There are indications that
if they cannot carry their points at the Capitol they
will secede back out, resign, or away from Con-
gross, and leave the country without government
at all In the Ohio legislature, the revolutionary
movement has Just been made by the wings, because
they found that they could not carry into effect their
views in dividing the state into districts. This is
new game in politics, and imposes new duty on the
President. Political excitement is rising higher
every day","The Grand Crisis and Explosion Mt WASH


ingtOn.",The New York herald. [volume] (New York [N.Y.]) 1840-1920
1842-01-12,"AMID the watches.af the windy nigh,
a poet SAT, and listened to the fox
OF his own change:ui thoughts, until there passed
a vision by him, Inu~nuring, as i moved,
A Wild and mystic Iay-,o which his thoughts
And pen kept iire-and thus the measure ran:
All is but as it Seems


The round green earth,


With river and glen


The din and the lnirth


OF the busy, busy men;
The worlds great fever


Throbbing for ever


The creed of the sage,


The hope Of the age,


All things We cherish,


Al! tina, live and all that PERISH
These are but inner dreams
The great verdi goeth on


TIE thy dreaming


To thee alone


Hearts arc making their moan,


Eyes are streaming.
Thine i. the White raoon turning night to day,
Thine is the dark wood sleeping in her ray:
Thee the winter chills;
Thee the spring time thrills;
III things nod TO thee-=
All things come 10 see
If thou ar! dreaming on


IL t!if dream SnoulC breaE,
And thou shsulds. awake,
All things would be gone.
Nothingis, il thou art not.
From thee, as from root.
The blossoming stars upsioot-
The flower cups drink the ram
JOY and Grief, and weary Pain
Spring aloft from thee,
And toss their branches free.
Thou art under, over all;
Thou dost hold and cover al!
Thou art Atas-thou art Jove
The mightiest truth


Hath all its youth
From Thy envelopng thought
Thy though, itself lay in thy earliest love.
Nature keeps time to thee


With voice unbrokep;
Still doth she rhyme 10 thee,


When thou hast spoken.
When the sun shines TO thee,


'Tis thy own JOY,


Opening mines 10 thee


Nought can destroy.


When the bias, means to thee,


Still doth the wind


Echo the tones TO thee


OF thy own lnina.


Laughter but saadeny thee


When thou art glad.


Life is not life 10 thee


Blu. as thou livest;


Labor is strife to thee


When thou least strivest.
More did the spirit sing, and made the night
Most musical with inward melodies,
But vanished sooR, and left the listening bard
,Nrapt in unearthly silcnce-till the morn
Reared up the screen that shuts the spritworld
From ofiest poet and from wiscs. sage.","From The Dial.

I n w O r T. D .",New-York tribune.
1842-03-10,"""Still, gentle Lasy, cherish flowers
Truly fairy fiends are they,
On whom OF all thy cloudless hours
Not one IL thrown away;
BY them unlike mans ruter race,
No care conferr'd 10 spurnd,
But all thy fond and fostering grace
A thousand fold returned.
The Rose repays thee all thy smiles
The stainless Lily rears
Dew in the chalice Of its wiles,
As sparkling as thy tears,
The glances Of thy gladd'ning eyes
Not thanklcssly ATE poured;
In the blue Violet's tender dyes
Behold them all restored.
You bright Carnation-once thy cheek
Bent DER it in the bud
And back il gives thy bushes meek
In one rejoicing food
That Balm has treasured all thy sigh,
That snow-drop touched thy brow,
Thus, not q charm Of thine shall ole,
The nainted people yOW,v",,The New York herald. [volume] (New York [N.Y.]) 1840-1920
1842-08-21,"MADAME RESTELL'S PREVENTIVE POWDERS;


These invaluable Powders have been universally adopts


in Europe but France particular forupwards Of thirty years,
well by thousands in this country being the only mild
safe efcacous remedy for married ladies' whose health
forbids a rapid increase of family. :,


Madame Reste well known wis for thirty years Ee
male Physician the principal Female Hospitals in Eur
rope-those Vienna and Pawhere favored by her great
experience and opportunities she attained tat celebrity ~
those grea medical science specially adapted
the female frame which her incidence now stand un
Vailed well in this country in Europe her
herby tracing the decline and i'll hsah Of married es
the merdan of life, and the consequent RAPID ana
often apparently inexpicable saoses which eonsgn many
fond mother premature grave-to their true ar


ve knowledge of the raary causes 'emae eda ndsPs
the discovery her celebrated Preventive Powders
Their adopon mas the means OF preserving not only
the health but the life Of many afectonat wife and


The advertiser feeling the %por.Hes of this subject and es
tmang the vast benefits resulting thousands by their adop
ton would most respectfully arouse the attention Of The mar


not wise and yrtuous prevent evils to which we are sub
dispssonate viruous and enighsened mind will pn stat
tejj recommends ndeds Price five dollars
accompanied with full and particular dire ctons. They
can be b. nail part Of the United States All
letters be paid add essed TO MADAME RES
TELL Female Physician. Principal Office, iis Greenwich
street. New York Office hours from AM to clock M
Boston Office No ESSEX jy23 lmsr",TO MARRIED LADIES.,The New York herald. [volume] (New York [N.Y.]) 1840-1920
1842-08-21,"MONS AND MADAME Der HARD,


Corn Doctors. from Paris,
DEG LEAVE to inform the inhabitants OF New York. that
they will be happy wait upon all who may desire their
United States months and in that short time have
ceved testimonials from OF the eminent gentlemen
and Others the benefit and comfort which they have
since they have been attended by them They have the
they Hard and Soft Corns Bunons Calloses &c
without cutting Mons and Made b. do not attempt to offer
confidently those who suffer from and
away their tormentor the Corn, in their hands


Mons and Made have in their possession upwards Of two
thousand certificates those who have relief
their hands Mons and Made B. haye pa;tced their profess
sion for several years Germany France and England and
have acquired great skill and much practical fact
attested by certificates from the En-
rsh French and German physicians as well from
the nobility and gentry Of those countries delivered to them
after four years Tbs operation will not more
than minutes and the that the
thus put on their shoes and walk
without the least inconvenience.


Ladies and gentlemen will be waited their resi-
dence, Il they desire II.


At home the morning from till II, and in the afternoon
from till o'clock.


Office at Boston, ISL Courtst Jy8 3m&r","CORNS, COINS. CORNS.


Murray street.",The New York herald. [volume] (New York [N.Y.]) 1840-1920
1842-07-01,"T


INFORMS the Ladies of New York and Females, that she


connesto give advice and prepare her popular and efca
ccs medicines the diseases of females Madame C. hap
that her treatment has much
the patients who have relied upon her sblties
C. herself induced undertake the RESPONSE
bic Office of Female Physician from long experience and
tce knowledge of the of the human Frame
ignorance of which renders the unbhng and
decoyng Of adventures useless not in
furious Single and married ladies' may rely with confidence
her skill and maternal solicitude female phvscn. How
distressing be their complaints he dcl acquire
men will be found adequate the Ia short she grounds
this the successful results of thruu. ne;ca edu
c,tion and reliance appointed Of russfs health


igor and happiness all who honor her ytn , confidence
and All letters postpaid. Cce residence 81
Iisnenard 5 n",MADAME COSTELLO.,The New York herald. [volume] (New York [N.Y.]) 1840-1920
1842-07-20,"INFORMS the Ladies of New York and Females that she
conhpes to give ADVICE and prepare her popular and eca
TO announce that her treatment has given much satisfaction
the patients who have relied upon her sbres
Mad C. has felt herself induced undertake the response
bic Office of Female Physician from long experience and
ignorance of which renders the unbshng prtensons and
of Adventures useless,
furious Single and married ladies may rely h confidence
her skill and maternal solcitude female physician. How
distressing be their complaints her medical acquire
men will be found adequate to the case In short she grounds
cation and reliance appointed means Of mpatng health
and happiness all who honor her with their confidence
and All letters postpaid. Office and residence ""a
Lispenard 81. je2l lmsc","MADAME COSTELLO,
EIHAI L Il DIINSIl,IAM",The New York herald. [volume] (New York [N.Y.]) 1840-1920
1842-12-17,"Dire. To- Patrick Mahony Nm. Chapman.--This -
action brought to 800 for horse, cart har
ness &C. which taken by virtue Of execution is
sued ofthe 10th Ward Court The defendant is OFF,


Ger. The landlords warrant oath Of danger.
And II is claimed that the property was exempt under the
$3.50 exemption law. The plaintiff had very rihng fur
nure besides the horse and above stated which
his means earning livelihood The defence that
the plaintiff had horses and two carts and two sets OF
harncssend that the plaintiff himself wished the ofccr
Chapman levy upon the property aforesaid Also that
there had been accord and satisfaction between the plain
tiff and the defendanhat the proceeds the sale alluded
to than satisfied the execution leaving balance Of
sl7. which the defendant paid over to the plaintiff who
gave him receipt for the Verdict for defendant


For plaintiff Mr.. Vultee. For defendant, Mr.. Warner","Marine Court.

Before Judge Hammond.",The New York herald. [volume] (New York [N.Y.]) 1840-1920
1842-12-17,"We were boys together,
And never can forget
The school-house near the heather,
In childhood where we met
Nor the green home TO memory dear,
Its sorrows aud isjoys,
Which called the transient smile or tear
When you and we're boys.
We were youths together,
And castles built in air
Your heart was like feather,
While mine was dashd with care.
To you came wealth with manhoods prime,
To me If brought alloys
Meier inaged in the primrose time
When you and were boys.
We're old men together,
The friends we loved Of yore
With leaves of autumn weather,
Are gone for evermore.
How blessed to age the impulse given
The hope time ne'er destroys
Which led our thoughts from earth to heaven,
When you and were boys.","From I"" The Deserted Bride, and other Po-


ems"" by Geo. p. Morris.

We were Boys Together.",The New York herald. [volume] (New York [N.Y.]) 1840-1920
1842-12-20,"90 If the public really knew, that General Tom
Thumb was all that he is represented viz perfectly
formed, lively talkatve and intelligent young gen e-
eleven years of age only the size of sn infant mea-
suring but one loot and ten ncees high and weighing
only fifteen pounds, wesay IL the public knew this fact
the American Museum would not be large enough to
hold the visitors Such however truly the fact and


the General is by far the most interesting and wonderful
living curiosity in the world. The Museum shronged
day and night, with the first families in the city The
General remains FIVE days longer The entertainments
this week in the Lecture Room Of the very FIRST order
Next Monday, Barnum opens the ball for the holidays
with new and magnificent exhibition that will eclipse
all his former efforts SO look out for when Bsrnum at
tempts great thing he spares expense in ensuring
success.",,The New York herald. [volume] (New York [N.Y.]) 1840-1920
1842-12-20,"The PARK-The performances last night were
for the benefit of Mrs. Brougham, and that charming
actress had, as she deserved, bumper. The house
was crowded. The Love Chase"" was presented.
and went off toerably well Mrs. Brougham sus-
tanned the character of Constance"" with charac-
teristic joyousness and spirit. Mr.. Brougham, as
Master Wilirake,"" was not so happy There was
too much Of Count Pave about his personation Of
this character. Mr.. Placide as Sir William Fond
love was, as usual, excellent. Mr.. Burton makes
his first appearance. at this house tonight


CHATHAM THEATRE.-The new play Of Swing
and Wing"" having been received last evening with
much APPRECIATION by large and fashionable audi
ence, weperceive is announced for repetition this
evening. The interesting drama of ""Mary, the
Mad of the nn,"" together with the highly success.
ful piece of the Kings Word"" are also offered,
forming unusually splendid ard entertaining bill,
and onr which will, doubtcss, secure an overHowne
house",,The New York herald. [volume] (New York [N.Y.]) 1840-1920
1842-12-20,"STEAMBOAT COLLISION, AND SINKING On Thurs
day evening about nine O'Clock, the steamboats,
Missouri, bound hence for Vicksburg, and the Sam.
Dale, bound down from Louisville, came in contact
while rounding Bonet Care Point, when the former
ran completely upon the Dale amdshps, and sunk
her at once 10 her hurricane deck Most, if not all
on board the D. escaped to the Missouri and the
last accounts rendered it doubtful whether some
few persons on the lower deck had persisted or not
The Dale was new boat, built at New Albany for
the Alabama river and had an assorted cargo taken
in at Louisville and below, comprising one item of
800 bales of cotton. The crew and passengers were
brought down by the Boque Houma. The Missouri
started some of her butts in the coision-she leaked
some on getting afioa, hut after slight repair pro-
ceeded on her upward trp.-NeD Orleans Bulletin,
DEE. 10",,The New York herald. [volume] (New York [N.Y.]) 1840-1920
1842-08-15,"Returns his thanks the professional and commercial gentle
and the public for the liberal support he has received


since occupying The above named lio. and hoFes by
hitting attention 10 retain the patronage hitherto generously
Afforded W. H. his patrons that endeavos shall
spared TO promote their comfort and aers himself that
Vands it being his ambition the choicest for the
approval of his supporters and conducting business the
liberal system. The daily bill of fare, containing the
variety combined with moderation of prices cannot
Tail giving general satisfaction Breakfasts plan) Sd EACH
Lodgings los cd per week Public Meeting and Committee
I'M","HOTELS, BOARDING, SC.

English Advertisement.
N Office TO R ALL w A Y


TRAVELLERS.
ANDERTON'S HOTEL.",The New York herald. [volume] (New York [N.Y.]) 1840-1920
1842-10-12,"THE ATTENTION OF ALL Suffering under any Of the


symptoms diseases whether recent proraced
is directed Doctor Jordans specific No for the
of Gonorhoea elects and all urehra discharges and
No.2 the prompt and eradication OF
neea diseases These specially designed to enable
the effect satisfactory without
picIon which end each kaye contains incidence
wash Sc required either internal external and
for the guidance and safety of the patient accompanied by
DR. Jordans private treatise, The Montor""-wheren full
directions with plain description of the nature symptoms
consequences and treatment of secret madiehs remedies
their different valuable Information use
fu hints and important advcesued alike the present inya
lids and those who having heretofore been unfortunate
either contemplate have recently entered nte that





"" The price Of the Monitor is so cen-One dollar post
paid will Free The each 80 gnaran-
effect without further expense and admirably
adapted strangers travellers residents the country


from their completeness and copactnes and will be forward
ed secure from observation.


"" Sold for the Proprietor, only Drug GO Prince
street of Marion blocks of Nblo's. Marion
o Centre. au20 lmsI","MEDICINES.
PRIVATE CURE,",The New York herald. [volume] (New York [N.Y.]) 1840-1920
1842-08-11,"MADAME RESTELLS PREVENTIVE POWDERS


These invaluable Powders have rsally adopts
Europe but France particular for upwards Of thirty years
well by thousands this country being the only mild
SAFE and efcscou remedy fer married ladies' whose health
forbids rapid increase Of family.


Madame Resel is well known wss for thirty years Fee
male Physician the principal Female Hospitals in Eu
ropethose Of Vienna and Paswhere favored by her great
experience and opportunities, she attained that celebrity
those great medical science specially
the female frame for which her medicines
vailed well in this in Europe Her acquaintance
herby tracing the decline and i'll health of married females
often apparently inexplicable which consgn many
fond mother to premature grave-to their true sourco
nve at knowledge Of the primary causes Of female indispcs
,hs discovery her celebrated Preventive Powders""
Their adoption been the Of preserving only
the eah Blu, the life of afectionate wife and
fond mother


The advertiser feeling the mpora of this subject and
tmatng the vast benefits resulting thousands by their adop
ton would most respectfully arouse the attention Of the
not wise and yftuoa TO prevent evils TO which sub
dsgsssonse yituou and enlightened mind will snh, stat
tell recommends recommended. Price dollars
package panied with full and objections They
be forwarded by mail part Of the United States All
letters be paid and adore ssed MADAME RES
TELL, Female Physsian Principal Office, ias Greenwich
street. New York Office hours from AM to clock PM.
Boston Office No. 7 Essen jy23 lm<r",TO MARRIED LADIES.,The New York herald. [volume] (New York [N.Y.]) 1840-1920
1842-08-11,"ORRiS TOOTH WASH-Prepared from the original re-
~ cpe at No8 Gold street, New Yrok-The Orris Tooth
Wash purely vegetable PREPARATION possessing the
ties fsie thu eth and oEth rsserirg the gums
healthy state and preventing unpleasant taste oaour
the mouth whether arising from decayed teeth from
ranged state of the stomach.


1t designed to be used with tooth brush, and will be found
70 the necessity OF Keeping fs teeth clean
1t particularly useful in Of spungy them
to healthy state and causing them around the
teeth In painful Of the teeth and arising from


cularly servceable the Ors Tooth Wash night
before retiring This method recommended by emf
nent dentists by doing all PARTICLES of food which
mulae during The day are entirely removed and the mouth


Sound and white eth are the most valuable poon
of humanity; but how many neglect the attention
for their when surrounded by all the
means needed Among these know of pleasant
aud ehectual than the Os Tooth Wash ceanses WIFI
the teeth strengthens the pues the mouth
sweetens the breath We recommend its all, young
oldI Boston Morning Post


The Ons Tooth Wash the best detergent
our enamel-C Boston Transcript.


For sale by the principal druggists the city md",PERFUMERY.,The New York herald. [volume] (New York [N.Y.]) 1840-1920
1842-08-11,"EEMALE PERIODICAL PILLS, guarante ed in every


where the monthly periods have been irregular from colds
other Their certainty of action has long been
knGwedged by the medical and hundreds that have
usecssly boosted Tenedes indeed
these pills their effects that sometimes necessary in
their though they contain medicine detrme sta the
constitution. Advice all who the pills by
Madame Costello, 81 Lspenard where the pills sold
genuine Iice S per box. jy2l lmsr
MOST EXTRAORDINARY CURE.-If any have had


w doubts they may dismiss them and the most ncredu
ous consider deafness curable Numerous
cures aud many of them very remarkable by the use of


scarras OIL have been published but this caps the climax


lady IN Smthfeld Pennsylvania and about years
OF age had been gradually getting deaf for than years.
Ihat impossible make conversation
IN the oudest tones OF Last winter she induced
that she has used two bottles and that her hearing perfectly
be obtained the of Dr.. JAYNE 20 South
Third street. Philadelphia which pace also the medicine
for sale.


Sold in New York by the agents, Sands druggists
70 Fulton street corner of Gold and 100 Fulton seet
sale end retail also sold by David Sands Co II East Broad
of Market street, Abraham Sands * Co, 273
Broadway, corner of Chambers street.


Pnce 50. iyog Imr",MADAME COSTELLO.,The New York herald. [volume] (New York [N.Y.]) 1840-1920
1842-11-22,"The subscriber announcing his for the year
1872 appears befope his friends with of sincere
pect the able support he has received for many years past
He likewise wishes call the attention Of those intending to
and Wales; they all times accommodated by hi,
line weekly opportunities from Liverpool well by ali
well know different lines OF packet ships sailing and
from Liverpool on the st h 3th 18th and 18th month
throughout the year.


who send for their friends rest satisfied that
due will be by the Liverpool
10 for well all who may embark with them
should any those whose has been paid
ark the money will be refunded without any charge.
The subscriber pleasure making known the differ
which has general satisfaction and that he has consdc
ny concluded his for the l8
The following is list OF ships - -
Ships Scotland, Robinson Ships Albanian Lane.


Fairfield WILSON, Prntice, Hopkins.


Frankfort, Russell. Tyrone, Speare.


Russell Glover, Howes. Wales, Watts,


Hiberna, Wilson. Westchester Ferris.


Alfred, Cheever. Osceoa Guilds


Clifton, Ingersoll. St Cloud, Emerson


LOUSY lille, Allen. New York, Niyen


Sobieskie, Emerson. Warsaw, Grihiths


Oswego Wood. Ocean, Willard.


Talbot Storey. N. Hampshire, Harding


Panhes, Goodmanson Robert lsaacs Trueman.


Virginia, Eaton. Europe, Bacheldor


s. jenkins, Seymour.


free passage the different ports Of Ireland and Scot
pay able at the National and Provincial Bfns Of Ireland and
their branches and also Mess j. w. Robin
son. Liverpool which paid free any charge throughout
he United Kingdom;


For further particulars eppy 70 ,,,.>,


John HEEDMAN, 81 souah street


inv. ROBINSON, I6 Gorse piazza,, and
sue ENo Neptune ST. Waterloo Dock. Liverpool.","NEW YORK AND -LIVERPOOL REGULAR COM


MERClAL LINE OF PACKETS.


Sailing TO and from Liverpool, Weekly.
~ 40 - ~
Old ESTABLISHED fAssAoE OFFICE, 81 S66Thf",The New York herald. [volume] (New York [N.Y.]) 1840-1920
1842-01-15,"How fair each scene OF early Joy appears,
Beheld bright through the tiIne-worn veil of years
The youthful sports, the faces long revered
The fleeing grieis which fleeing pleasures cheeres
The idle strife, where Anger scarce could trace
A settled fro-vn upon the smiling face;
The old school house where Study mixed with Play
And Jest aud Laughter whiled the hours away;
The softly murn'ring stream; the steep hillside;
The green cid wood; the meadow fair and wide;
The flower CIR. lake; The gently rising hill,
Adowp whose side eaped wild the babbling NIL
The groves of pae, whose verdan, boughs among
The ieathered bards their songs of gladness sung
The level green, where sinless Riot reigned'
Anc shout and haloo wond rous feats sustained:
These swiftly crowd upon the gazing mind
JOYS purely sweet, for ever .et; oehind
But rising Youth scarce turns TO view the Past,
For Mapfool's aims his spirit feier fast.
The busy world the never-ending strife;
The ,vild excemen; of the dawn of life,


When ali his soulran waste with giant schemes,
And Glory smiles and beckons in his dreams
The clang OF arms makes music wildly sweet,
And bleeding hosts lie vanquished at his feet,
While shouting crowds pronounce his honored narse,
And send him down to everlasting fame
Or If, perchancc MS country need not him
His hearts best blood, nor cen single limb
He deems, as other visions rAaet his eye,
Z is sweeter far to live for her than die!'
His country's good still drives hin on 10 find
Employment fit for his prolific mind;
And with leud voice, and high, indignant rage,
The beardiess statesman utters maxiEns sage!
And each long word coined from his ready mint
Or reasoning new, drawn from some antique print





Tie loud harangue, the labored argument,
On listning carE and ,sond ring brains spent
Till he and all, by patriot ardor stirred
Deem nations fa,es hang on each sounding word
And with loud tongues and maddened orbs they. cry
I'VE II for count-y's rights do all--but die !
But for his brain. born dreams alas he finds
That in the strife and blood!ess clash of minds
a sig,less world o'erlooks his fancied powers,
And Gorgons dire usurp his lonely hours
Till like the fly, by dazzling night.fres burnt,
Experience sage has him her lessons learnt
That he who lives for man aud home alone,
And makes his country's welfare all his own
Obeys her cas-fron love of self su5dued,
Lives most for his and for his sountry's good
And Manhood too, with onward purpose strives
Leaps in the race and runs where Glory drives,
And scarcely deigns his long.past joys recall,
For what are these when Glory claims him all
With varions fortune he his way pursues-
Now joyous wins, and is doomed to lose,
Till Time has called him from tn unequal strife,
TO move adown the ,horny hill of life
But houry Age his boyh""ods sports surveys,
And longs to live once more his early days
Each little JOY which he had all forgot.
When Fortune smiled upon his manhood's lot,
Like lonely stars seen through the evening air
Glow on his eye and twinkle brightly fair
Blu, all in vain his earnest longings rise
His pulse beats slow, and close his aged eyes
But still they cheer the feeble spirits gloom,
And light with smiles his pathway to the tomb
Normich NY H. II.
This line is not literal translation of the wel!-kuown
sentence, Dnicc est pro patria mort","or tie New.York Tribune

i VI VI 1'' y 4 U ~ II 10 IT, =
EA RLY JOYS.",New-York tribune. [volume] (New-York [N.Y.]) 1841-1842
1842-04-02,"THE sub erbtr, having lsase the above establishment,


spectfuy informs his friends and the public that he will
open for the summer, on Saturday next, Aprili:t.


To those who have visited this romantic ard
beautiful place is Leed to speak IN its praise and those
whohave may b. convinced BY sibEle wit that
IN naturally beautiful and picture que scenery ursurpass
ed by any spot the island Of Manhattan


Strikers Bay miles from the City Hail. on the Bloom
ngdae Road The house situate OF the margin of the Hud
river along the banks Of which the garden and pleas
grounds consider abe distance, the walks wnc
through be autfu! grove oflocust trees.


During The past many have been made
on the pems-s road leading 10 the house has been wild.
graded sbor having been spared
order render this deserveily f4vor,e summer resort


The stock wines and liquors has been selected without
regard to cost by experience and competent Judge the
ice the eoaf, cionay and all other will
those Of any other spectacle establishment. .


garden and well supplied with flowers and
fruits every description that vors ing to obtain
b-uqaes baskets Of tru in their several be
supplied $50 80,
pleasure ride early breakfast will be provided from till in
the morning. - -,


The comfort and convenisn Of ladies visiting this house i'll
be especially studied and ciyy and attention may always
be lied on.


Stages every hour from No. 90 Bowery and
can alipht al the gate. w. CORBYN.","STRIKERS BAY ON THE BLOOMINGDALE


ROAD",The New York herald. [volume] (New York [N.Y.]) 1840-1920
1842-04-05,"90 THE EXTRA DOUBLE NEW WORLD, Sc
coAd edition, containing the whole of Bulwer's New
Novel, Zahon will be published and for sale this day,
the Office 80 Ann street. The public may be assured
that the Extra Double New World embraces the work
entire from the English edition, without Infringement;
and be had for the extremely low price Of l2i
cents bringing it within the of thousands who
debarred its erusal in TIE book FORM 81 for ten
pies in wrappers for the malsnewspaper postage only
to any part Of the country. Orders from the country
promptly filed. Address


j. WINCHESTER, Publisher,


80 Ann street, New York.","NI--SECOND EDITION


PRICE lol CENTS",The New York herald. [volume] (New York [N.Y.]) 1840-1920
1842-12-30,"FKENcH's HoTEI.-Ths establishment, situated
IN Chatham near Pearl street, novel, original,
and recherche. A magnificent bar, a besutifu sa.
loon, a splendid picture gallery, library whch,
would honor even the Athens of America, retired
and comfortable billiard room, a suit of the most
delectable bed chambers for permanent and tempo
rary lodgings and last not least, perfect file of the
Herald, in which the reader will find the advertise
ments are its distinguishing features. To enter it
will make man feel intellectual-to eat and drink
there will drive poetry into the dullest brain The
host is right clever and enterprsng fellow, and he
has our best wishes that he will have OVERLOOKING
Golfers The Knckerbocker enterprise he has evin-
ced deserves encouragement


CrRcus-Virgina and Carolina Negro pastimes --Cole
asthe Chinese nondescrpt- Walter Aymars act
OF ACKNOWLEDGEMENTS. Emmit, Frank Brewer, and
Dan Gardnern Ethiopian exrsvaganzss, limitations, and
superior banjo playingbeautiful display Of horseman
ship in the cotion entree by lady and gentleman
rsnsars among the splendid performances at the Am
phithestre Of the Republic, Bowery this evening The
Bowsry 10 now the only part of the city where public
amusements extensively patronsed This ID owing
altogether 10 the cheap eash system",,The New York herald. [volume] (New York [N.Y.]) 1840-1920
1842-06-22,"NEW BRUNSWICK AND NEW YORK
THE NEW JERSEY Railroad and TRANSPORTATION Com.
i uany have established Freight Line between New
Brunswick and New York, which they intend perma-
nentks.


Leaving New Brunswick at ""a A. "". daily, Sundays es
cepicdl and the foot of Liberty New York p NJ


TIE country dealers and merchants the above line very de.
sabie Tor The speedy and cheap conveyance OF merchandise
u every descriptions and particularly Dovers and
Dealers Live Stock who have $50 head of cattle convey
ed between New Brunswick and New York, The day
whenever required.


The for the transportation of cattle horses mules
sheer hogs, &c. and all other kinds of merchandise very
low, never exceeding steamboat prices.


Merchandise by this line not subec, to any extra
charge in crossing the North River. =


The COMPANY have fitted up large storehouse at New
Brunswick adjoining the Railroad Depot, which will
seopcn for the reception Of merchandise.


Passengers purchasing their tickets the ticket Offices will
receive ferry tickets gratis. ' -
Freight for Newark, Ellzabethtown, Railway, West.
field Pisined Scotch Plains Bonndbrook Someviile
conveyed by the above lines delivered the day when
received",,The New York herald. [volume] (New York [N.Y.]) 1840-1920
1842-06-21,"INFORMS the Ladies of New York nd Females that she
continues to give ADVICE and prcpe her popular and eca.
cous medicines for the diseases of females. Madame C. is hap
20 announce that her treatment has much satisfaction
To the patients who have relied her blies
Mad anne as't herself indeed undertake the response
bic Office of Femle Physician from long ricnce AMI
tic having knowledge Of the structure OF the human frame
Ignorance of which renders the unbh'nr preenon and
dccoy Adventures sless
il ous. Single and married ladies' may rely with confidence
her skill and maternal so.icude female hysican. How
distressing he III, complaints her medical acquire
mens w be found adequate to the la short she grounds
this notice the successful results Of thorough medical e-
cation. and reliance appointed Of ipartng health
vgor and happiness all who honor her VITA their cond ncc
and secncv. All letters postpaid Office and residence 81
Lispcnayd ST. ie2 msc","MADAME COSTELLO,


",The New York herald. [volume] (New York [N.Y.]) 1840-1920
1842-02-04,"FACTS IN REGARD TO THE TARIFF, No. I'LL


The nonulat;on of Ncw-York, Brooklyn and
Jersey City forty years ago, did not amount to
one hundred thousand at that time Philadelphia
o.t.nurnbercd New-York There were scarcely
any building, on Broadway and Chatham street.


ubovc where the City Hall now stands--cver that
was no, tlcn built; few wharvcs, only in the


lower part of the city, none above Cathariue-
stree, on tho East River and the North River
there vas scarcely any. Some years after this,
Amy & Brown cornnsnccd sending colton-twi.t
10 this market for sale, but III very small quanti-
ties, and long after that few began to make some
so1nnol American cotton goods. There were none
who Gold domestic goods as business on COM
mission, and William r. and Samuel Mott were
the first that undertook to sell domestic manutac-
nlrcs en- commission in the city, and they are beth
NOW living. Now mark the difference: The city
and vicinity has increased to four hundred thou
sand inhabitants; all above the City Hall has
since been built, hills levclcd, streets made, and
all below has been built, and some parts several
times. Wlalvcs made from Goth street, East
River, to Goth street North River,-Sou,h-s,rcc
and most part Of Front, have been filled in: 50
have Wcs, and Washington streets, and now there
arc hundreds who sell domestic goods on commits
sion, and coastng trade has increased almost
beyond calculation. Then had few ,loops
where we now have schooners and brigs, and the
wl;rvcS are nov crowded more than tlcv were
then, as much Us they haze been extended. An
old Albany sioop captain was asked the last
lucr how many sloops ii would now take to do the
hssincss between Albany Troy and New-York that
is done now by the tow-boats. His answer was,
that two hundred would not begin to do it; and do
Won ask whether our increase Of manufactures and


internal communications has not been the cause of
all this change? l say it has and it requires only
an American feeling TO bring about still greater
j want every true American to say, will not buy
article of imported fabric if | can get that
which Us made here, and rest assured but in very


little time every such article will be made here
cheaper and better than can be got cscwhcrc.-
And the Home League is TO do that. In my ncxtl
will cndeavor to show the grcut advantage our city
will derive by completing the Ncw-l ork and Erie
Railroad, and that speedily. W.","T He TRIBlJ N E.

For the Tribune.",New-York tribune.
1842-06-26,"Before Judge Shannon.


JUNE 25.-Dd-d Sinclair vs. George Hocss aud John c.
Ereeth.-The defendants were master and mato Of the
brig Emerald. During recent voyage from this port
fIavrc, the mate complained Of lame dog which lay
about the deck and said he wished person would
throw ovcrboard One of the hands remarked that he
would not do any account il was bad luck. The
plaintiff who also hand on board said that
oil womans whin, and he would throw him
overheard not The mate told him to do so, and the
deed soon done The next morning the Capt asked
where his dog was gone and was told the plaintiff had
thrown him overheard The Captain enquired il he had
done So when he replied that he had, but by his mates
orders. The mate denied that he he'd given such when
the Captain ccnchcd plaintiff and threw him
hogshead. He fell upon his sheath knife and put his
hand round and removed II from under him. The captain
wards telling him that he had done for throwing the
dog but for attempting draw knife upon him.
This latter did not appear TO be fact The present
action brought for assault and battery The Jury
gave verdc, in favor of plaintiff for sos damages aud
cents costs.


Tor plaintih-Mr. Beebe. For deiendans--in person.","Marine Court.

Before Judge shannon.",The New York herald. [volume] (New York [N.Y.]) 1840-1920
1842-06-16,"The sales at the Stock Board small to-day and no
particular change took place in rates. Delaware AMI
Hudson declined per cent. Illinois Paterson d; Harlem
rose per cent. New York State per cents, l. Sales OF
bills Philadelphia and Baltimore par; Mobile 2sa''; on
New Orleans alas, according to the medium of pay
ment.


The Sutton from Charleston, brought twenty thousand
dollars in specie.


This has been packet day for the Boston steamer the
mail for which closes this afternoon and also for the Gea
Western which takes her departure tomorrow. The de-
rnand for bills has been dull and the rates are decidedly
lower than the departure of the packet of the lt inst
They have been follows. compared with former
Jotor",MONEY MARKET,The New York herald. [volume] (New York [N.Y.]) 1840-1920
1842-10-16,"THE subscribers would call the attention OF strangers and


Others Wis ting the Fair, their and beautiful article
Fair This article will be found of immense benefit chill
dren Of either have acquired the habit STOPPING aud
indispensable persons of sedenary habits. They be
with perft and will be found of edment
back and shoulders and expand the chest Parents and suard
only beauties the FORM but adds the health of the
They would likewise call their superior article
Of Gnemen's Russia Riding Belts The articles
manufactured under the immediate inspection of Mr. Pases
vino has been for the last engaged the
They ,nted OF superior form and workmanship, and
can be obtained wholesale retail the old Of


PARSELLS T. AGATE, PAL Broadway,",The FAIR All NIBLO'S.,The New York herald. [volume] (New York [N.Y.]) 1840-1920
1842-10-16,"DAILY EXPRESS Ss LINES FOR ALBANY, UTICA.
- BUFFALO. CHICAGO AND CANADA.-The sub
scrbe having been engaged for the last twelve months
ming the Albany and Buffalo Express IN connection WITH
Harnden Co.'S New YORK and Albany Line have recently
extended their Express Line from Buffalo Albany through
this city their will receive and Onward
DAILY tSuudays excepted) Specie, Bank Notes Parcels
Packages, Bundles, and Cases OF Goods and from the fol-
low ing places, viz. -


Albany, Troy Utica, Syracuse, Auburn. Ithca, Genevn,
Canandaigua Rochester, Batavia, Lockpo, Buffalo, Ceye.
Ian Detroit Chicago, and the rmediste places.


Also, Oswego, sackets Harbor, Kingston and Toronto,
Canada


Will promptly attend TO the collection and payments OF bills
notes. drafts and purchase and goods and pro-
duce by sample and such other transient business be
entrusted IN their care.


Each Express will be accompanied by competent
together with responsible the principal
the Merchants and others be assured
tun will be this received more speedily than
other possible way.


N B-speeal Expresses to any part Of the country
short notice, and upon reasonable terms.


sl5r POMEROY CO. No. 2 Wall street
letter put the Postofce in this city
N the 18th day of Mach last addressed to Utica
tanning promssory note due for $40 oOo Of aue
but the suitable for any inorma.
uon Will be gwen on application to


90 lnw Nv weoer rs Courtlsndtst, N. Y.",,The New York herald. [volume] (New York [N.Y.]) 1840-1920
1842-12-31,"90 Emmt and Brewer, at the Bowery Amphtheatre,
are drawing immense audiences to witness their negro
cxtravaganzas and drolleres Emmits ban playing is
fully equal to 10 Sweeney and far ahead of any other
now in the United States. The dancing and Carolina
negro characteristics, given by Frank Brewer are quito
original and comic any thing Of the kind ever given in
this city. Master Walter Aymar complimented on
Wednesday evening with wreath thrown into the ring.
by company OF ladies and gentlemen the dress circle
upon which was inscribed, ito Walter Avmar for supe.
rior craftsmanship"" The company, altogether, is the
best in the Union.",,The New York herald. [volume] (New York [N.Y.]) 1840-1920
1842-10-29,"MADAME RESTELL'S PREVENTIVE PoWDEHS
N1These invaluable Powders been adopted
in Europe but France particular forupwds Of thirty
well thousandsin this country being the only mild
safe and remedy for married adies whose health
forbids rapid increase OF family .


Madame Restel well know was for thirty years Fe


male Physician IN principal Female Hospitals in Eu-
ropethose Vienna aud Parswhere favored her
and opportunities she attained celebrity in
those great medical science specially adapted
to The female frame which her medicines stand un
vailed well this country in Europe Her acquaintance
with the physiology and anatomy Of the female Frame enabled
her-by tracing the decline and i'll health Of married lemses
often apparently inexplicable sauses which consgn
mother premature grave-to their
knowledge Of the Iraary cause; Of female ndso.
the discovery her celebrated Preventive PowdenD
Their adoption mas been the OF preserving only
the health, but the life Of aectonate wife
fond mother


The advertiser feeling the importance this subect and e.
tmane the vast benefits resulting thousands by adop
uoa would most espec fully attention
ned by al that they hold and DEAR their


not wise and yrtuoust prevent evils which
sct by simple and healthy within control Every
dspasslonae viuous and enlightened mind will
nsy answer in the affirmative Price five dollars package,
accompanied with full and particular directions Tney
can be forwarded By mail to Of Vni.,d sss Az
TELL, Female Physician Principal Office, i4s Oreenw,cb
street New York. Office houn from AM. to clock M
Boston Office No. 7 Essex 1t. oil msr",TO MARRIED LADIES.,The New York herald. [volume] (New York [N.Y.]) 1840-1920
1842-10-29,"ONE box Of nestmabe Pills all the Quack
~ Medicines the world for the Of certain disease


CoMMENrlf examine the nature OF the aseass
and the situation of the affected consider
important oectto be able remedy
tain acton and the composed Of ngre


ents will the possibility discovery while using
it, fact well known to many that most OF the remedies
offered these
render almost impossible continue their
creating sickness the stomach other unpleasant
Sac being the there doubt but
remedy as VALlERS FRENCH PILLS will meet the uni
versa APPRECIATION, being entirely free objections
The proprietor would here remark that the efficacy Of these
Pills the disorders alluded biased upon supposition;
the contrary founded rational experience having
used them successful practice for upwards ne
feels confident OF superiority the remedies hitherto
employed.


Sold al No. 90 Nassau $50 Broadway and 90 North
Sixth PHILADELPHIA Prce 8 yer lmsr",VALIER'S FRENCH PILLS.,The New York herald. [volume] (New York [N.Y.]) 1840-1920
1842-04-30,"Woodh uIl.


ArnuL 29.-John and Peter Johnson were tried for
stealing nine silver spoons, the property Of Michael
Brown John was acquitted and Peter sent to the
city prsen for 80 days John Nah sney for stealing three
cotton Shirts sent up for 60 DAYS Edward Gaag-
her. for stealing an IRON shovel property of George H.
Jennings, sent up for 80 Gays. Daniel Cunningham
boy for taking SIS bill from the drawer Of Chris.
tian Onn, sent TO the H,use Of Refuge Catherine
Johnson for stealing five W. kee painted pals, from
Henry Lechtrecker sent up for co days. william stew
art for clearing off the clothes line Of Rachel Johnson,
sentenced to the island FOR 60 DAYS. Caroline Thomas,
for stealing cloak and three dresses valued at SIS
80, the property Of James Nugsnt acquitted. Eliza
Moore charged with stealing tssle cloths from John
O'Connor, was served ditto. Dennis Manning and Pa.
trick Pew two boys charged with burglary in entering
the hat store Of William Kyer and stealing eleven caps,
tried and Pew remaDded and Mannisg discharged
Charles McKibbn for assault and battery Israel D.
sent to the city prison for 20 days Prudence
Oak and Elmra Meadwel charged with petit larceny
discharged and Francis II son, and Maria Ross
for assault;and battery, were served ditto.","Special Sessions.

Before Judge Noah and Aldermen Benson and


WnOihull",The New York herald. [volume] (New York [N.Y.]) 1840-1920
1842-05-17,"MANUFACTURED FROM LADIES' AND GENTLE


MEMS HAIR,
NOT over two inches long in one hundred different designs
Rings Wigs, and Scalps


A. c. BAR2YS Wigs and Scaps will stand pre- minenr
above all Others Their peculiar light and ventla-
ting character their being shaped exactly the natural hair
their elasticity, their material and workman
ship, well their style Of nh md arrangement all com
bne form such perfect heads Of hair at they be
to be fully appreciated.


Any lady gentleman using A. c. Barrys Tricopherous
for the Hair and do find the best and cheapest article
this country he viii With pleasure return the money
diseases connected with the HAIR the Hair Cutting Rooms
Broadway, Liberty street stairs",ARTIST IN HAIR.,The New York herald. [volume] (New York [N.Y.]) 1840-1920
1842-09-06,"N


Corn Doctors. from Paris,
DEG LEAVE inform the Inhabitants of New York that
they will be hsppy wait upon all who desire their
services Mons and Mad Bernard have been paccng in the
United States but few months and in that short time have
and others the benefit and comfort which they have
ceved they have been attended by them They have the
honor inform the public that by aud peculiar method
they exeate Hard and Soft Corns BSnions &c
requiring secresy or faith to ensure its ecacy but
confidently those who suffer from troublesome and
painful Cons have the Of carrying
away their ,ornentoI, the'Com, in their hands
rcates from those who have experienced relief
their hands Mons and Made B. have paced their profess
for several years in Germany, France and England and
have acquired great skill and much practical fact
sh French and German well as from several Of
after four The operation will not occupy
than and the relief that the
sons thus imme dately put their and wak
without the least inconvenience


Ladies and gentlemen will be waited on at their
dence IL they desire II.


At home in the morning from till H. and in the afternoon
from till O'Clock.


Office at Boston, Isl Courtst jyg 3m*r","CORNS, COINS. CORNS.


Murray street.
IN M Il",The New York herald. [volume] (New York [N.Y.]) 1840-1920
1842-12-04,"II AIR OlL.-There oil in the world that do good
~ bad the ha,r Every body knows that when hair
buntd will grow again good a. ever All tia powders
but literally burned Liquids for dying
the hair compositions of spirits
way the powders and don't dye hair, the hair
will matter how times burned; and every
body knows also, thai when the head full Of dandru the
years beng hair cnte and having the opportunity
myself great congestion known 80 PASTORS Hair OIL or
Compound Esscuia Oil Of Amond for destroying dandru


mitsbe HAN OIL will make the hair grow we no matter how


For sale, wholesale and retail. A. PASTORS Hair Cut
65 Greenwich street, New Aok Price 50 cents bottle


nj I'M",,The New York herald. [volume] (New York [N.Y.]) 1840-1920
1842-09-23,"THE undersigned has, expense fitted Of the
largest and splendid Coffee and Eating Houses in
New York which hundred persons least sit down
excellent and substantial breakfast dinner and iron
the choices supplies OF the markets. with bill Of fare
eecd either regards quality number Of dishes by no.
tel United States and varying prices from six cents to
sng and eighteen DISH The Java and
Mceka coffee and the and served only three
DENTS per cup And all other refreshments proportion The
walters uniformly civil and polite and every visitor be
assured VI feeling In this establishment quite at home In
fact department Of the under the
dence comsten oyesee whose sole and attention
directed the comfort and of and
guests. HENRY GOSLING,i


Proprietor of the French and American Eating House,


Nos ""a ana c. NASSAU between Jshn and Maiden Lane


S.Open Sundays for breakst. dinp-r and iea0 smr","JOSEPH TEN EYCK,

ECONOMY, ELEGANCE, AND GOOD


TJUIN(.",The New York herald. [volume] (New York [N.Y.]) 1840-1920
1842-06-26,"FFWAIFI IDIOI-iAN,


INFORMS the Ladies of New York and Females that she


continues give advice and prepare her popular and eica-
cous medicines of females. Madame c. is hap
ny that her treatment has given much Satisfaction
the who have relied her :bilies
Mad anne C. herself induced undertake the RESPONSE
he Office of Female Physician from long experience and


Ignorance of which renders the unbushng and
dccoyAg ganaceas Of mercena adventures useless q not IN
skill maternal socude female physician. How
distressing may be their complaints her medical acqu
will be found adequate the In short she grounds
this the successful results Of thorough medical edu-
stion reliance appointed of mparting health,
igor happiness all who honor her with their confidence
secrecy. All letters postpaid. Office and residence 81
Lispenard st. Je2l lm*c","MADAME COSTELLO,",The New York herald. [volume] (New York [N.Y.]) 1840-1920
1842-06-26,"MO- PECK SLIP-Doctor Carpenter, usual deyotcs his
~ entire personal attention to the relief Of the afflicted and
Fortunate the eectual and speedy of all Diseases his
cid established and well known Peck slip Dispemary No
those whom he is unknown, that he regularly educated
physician and surgeon graduate Of Union Hoege and a
lcentate OF the New York State Medical Society,
!ined his diploma in this city TIE 1912 But what
important the know the fact that he speedily and
eeciuy his patients thousands might and many viii
testify His Offices and enenly adapted
the comfort and privacy of patients who
observation, and his charges will be found ressonable


DIR. CARPENTER.
eOnepu mill o,cl orkP MOOT unkr",MEDICAL AID.,The New York herald. [volume] (New York [N.Y.]) 1840-1920
1842-10-25,"MADAME REsTELL'S PREVENTIVE POWDERS;
IThese invaluable Powders have been universally adoped
Europe but France particular forupwards Of thirty
we'll this country being the only mild
safe and remedy for married ladies' whose health
forbids a too rapid increase Of family


Madame Restel well know WIS for thirty years Fe
male Phvsiesn IN the principal Female Hospitals Eu-
rope-those OF Vienna and Parswhee ayorec her
experence and opportunities she attained celebrity
tbose great medical science specially adapted
n The female frame which her medicines UNI
vailed as well this country in Europe Her acquaintance
with the physiology and anatomy Of the female frame enabled
her-by the decline and i'll hsah Of married iemsles
often apparently ine.plicable causes which eon.En
mother premature grave-to their
knowledge Of the primary causes Of female ndsos
The discovery her celebrated Preventive Powden;'
Their adoption has been the of preserving only
the health but the life Of aectonate wife and
fond mother


The advertiser feeling importance this subject and Is
tmang the vast benefits resulting thousands by their ado
ton would most respectfully attention Of the
RED all that they hold and DEAR their consideration


not wise and yItous evils which sub
ec by simple and healthy within oontcl Every
dispassionae vnous and enlightened mind will unhe
nsy answer in the Affirmative Price five dollars package,
accompanied with full and particular directions Tney
can be forwarded BY mail to any part Un';d s,ss Az
TELL Female Physician Principal Office, ts Greenwich
street, New York Office hours from AM TO clock IN
Boston Office No. 7 Essen st. oil msr",To MARRIED LADIES.,The New York herald. [volume] (New York [N.Y.]) 1840-1920
1842-10-25,"RE compounded the College of Pharmacy and Medcne


No Beekman St established for the suppression Of Quack
given the purchaser gratis the attending physician
and under whose direction all medicines compounded and
dispensed These medicines have stood the thirty
in eradcaing diseases Of the most malignant and private


ure and standard remedy the principal Partisan and
and London hosDas Of the day. Cancers cured with
cutting malignant ulcers scroous scorbuc
diseases and rheumatic the limbs and nodes
the shin bones etc Remedies put suit all classes mo
derae charges, for the OF syphtc and gonorrh dis
charges from the urehra and parts Of both
requiring estrcment particular. Patients treat
diplomas exhibited to view his office, NO. Beekman ST.
corner Of Park Row. (under Lovejoys Hotel New York","THE GENUINE FRENCH


M L II q NJ L, &",The New York herald. [volume] (New York [N.Y.]) 1840-1920
1842-10-25,"ONE box of these nestmabe Pills worth the Quack
~ Medicines the world, Of a ase


CoMMENTf examine the nature of the above disease
and the situation of the affected consider
very important object be able obtain remedy Ger
tain in its and the composed Of such ngre
dens will prevent the possibility Of discovery while using
IT. fact well known to many that most of the remedies
offered for these such
render almost impossible continue their
creating sickness the stomach other
Such being case, there doubt
remedy as vALIER's FRENCH PILLS will meet the uni
versal appreciation, being entirely free from objections
pleasant their and prompt removing the
The would here remark that the efficacy Of these
on the contrary ts founded rational having
used them successful for upwards Of he
feels confident of their superiority the remedies hitherto
employed.


Sold No. 90 Nassau Broadway, and 90 North
Sixth street, Philadelphia, Prics 81 box. s24 msr",vALIER'S FRENCH PILLS.,The New York herald. [volume] (New York [N.Y.]) 1840-1920
1842-10-25,"ONE BOX Of these invaluable Pills is worth all the quack
~ medicines for delicate diseases
the unfortunate assured that there
sorting these Pills be speedy and radical for gono.


hGa gleets raton Of kidneys &c They for several
years prescribed by the celebrated Abemethy all Of
the diseases In first stages box usually su


effect days long protracted chronic
stages obstinate glees Sc they equally certain, having
which tended destroy the constitution than to the
They leave the sube the troublesome
weakness winch frequently after using other med
cines. They have unpleasant smell; and any
taking might frequent the refined society without
having their mortunes suspected They composed
generally For sale only in New York by VIM. Watson Apo
thecares Hail. sc Catherine and Brooklyn by Bagrove
Fulton m",A BERNETHY'S BOTANTCA,The New York herald. [volume] (New York [N.Y.]) 1840-1920
1842-10-30,"UNDER THE AMERICAN MUSEUM


OURMO DE QUI yIVE! THOUSANDS
"" Of good lovers OF good fare have been
weeks past suffering disappointment from te
closing of the faramed rerrapin Lunch"" The hfui
fevr now, however, over, and again may they feed
WE'LL for be known that ha John Adams of KnckeIboc
memory hangs his hat ~ at the Tepn also the pro-
Carr Now then, smack your lips W comoanrs in the
Turtle Soup and steak line the mantle of Sandy fallen
Iohn 10 perfection good eating and drinking be
again the TeIapn. single look the old
lce Box will appease the hunger of him with the short
and taste Of the genuine half the old prices will
uckie the palate OF the veriest anchorite.


inc Greeu Turtle served this day and every day during
the season. OH lmsm","GEORGE MCBRIDE, Jr.. &

TERRAPlN LUNCH,
UNDER THE AMERICAN MUSEUM",The New York herald. [volume] (New York [N.Y.]) 1840-1920
1842-07-12,"% AMERICAN MUSEUM AND GARDEN.-The
extraordinary attractions provided here this week
kept the establishment thronged with ladies and gentle.
men yesterday throughout the day and ev ening The
same performances to be repeated tonight The Clip
Girl be consulted during the day and day vser
admitted free in the evening All the world and his
wife and children will be here Tomorrow honor of
great festival provided by the Manager for the Benefit
the Parent Washington Temperance Benevolent Society
which has been the of 900 persons signing
the Temperance pledge. Many temperance friends
expected from our neighboring towns. Such a display
will be made here that day Barnum alone can make
aud well worth four times the price charged for adms
sion, which is but % cents.",,The New York herald. [volume] (New York [N.Y.]) 1840-1920
1842-06-17,"L, !.
MADAME COSTELLO, grateful for the extensive patron
1 literally bestowed she opened the above Of
ce respectfully solcts the attention OF females and mothers
particular the following Medicines Of her preparation
which have eectua in remedyng the diseases for
which they recommended, VIII


Madame Cosellos Pile Ointment, certain for the
Piles in all cases.
German Soothing Syrup, prepared expressly for children
teethng, will efectually prevent fits, screaming, &c:


Madame Costellos Nipple Paste the successful remedy
for nipples, and which mother should be without


Diarroea Cordial the efectual remedy possible gene
rally requiring but few doses to effect perfect cure


Lin Salve Cream OF Amber for removing pimpes, bloches
redness, tan, sun-bum and freckles.


Hair positive preventive the Hair falling
will in bald places and give rich dark glossy APP
pearance.


Also Beautiful Dye for the HAIR does color the skin,
but will turn red grey light hair beautiful black La
dies have applied the Office by Madame Costello
ranted.


Madame ca. Ointment and Lotion, positive for the
salt rheum letter ring scald head, and other ervpons
of the skin. . -
Cases Liver Complaints which have been standing for
have been cured in short tine by Madame C
cellent remedy AVID restored TO perfect health.
M,iiHs COseo's Syrup for after pains failing
nedy.


Each and all of the above medicines prepared and sold at 81
facts will convncehe public there is fancy in these
sertions.


Madame C. would inform ladies that good may be OBJ
tanned al the shortest notice by applying al her Office


All and letters nst be postpaid mic m*c",MEDICAL OFFICE.,The New York herald. [volume] (New York [N.Y.]) 1840-1920
1842-06-17,"THESE celebrated articles have now Deen usel ior neaiy
four years and the greatest proof of their efficacy in
the diseases for which they are recommended
is that demand for Them has been rapidly increasing and
have only continue their use
but recommend them TO their friends.


COUGH LOZENGES.
Are the best medicines the world for coughs colds con
sumption, asthma whooping cough &c, discovered


THE WORM LOZENGES
Are the only articles which fail removing worms OF
every description, both from children and adults


THE CAMPHOR LOZENGES
sovereign remedy for sickness and nervous headache
palpaon lowness Of spirits, and all diseases
The Hon. Aaron Clark, Hon. Edw. J. Porter, Rev. Mr.
Handbook Rev. Mr. Dunbar Of the McDouga street Church,
have used them.


Office l06 Nassau street-Agents, Rushton & Aspnwas
three stores; Sends 273 Broadway II East Broadway Cod
drington, 227 Hudson m22c","DIR. SHERMAN'S
INDICATED LOZENGES.",The New York herald. [volume] (New York [N.Y.]) 1840-1920
1842-08-22,"MONS. AND MADAME BERNARD,


Corn Doctors. from Paris,


DEC LEAVE inform the inhabtsnts Of New York that


thsy will be happy wait all who may desie their
Mons and Mad Bernard have been practcing in the
United States but few MONTHS and that short time have
ceiyed testimonials from Of the most eminent gentlemen
and Others the benefit and comfort which they have
ceved since have been attended by them They have the
honor to inform the public that by aud peculiar method
they extricae Hard and Soft Cors Bunions Caosies sc
wnou. cutting: Mons anu MADE D. 90 not 70 one
confidently those who may suffer from troublesome and
away their to,mepto5, ,..sCom in their hands.


Mons and Made have ther possession upwards of
thousand certificates those who relief
their hands Mons and Made B. have pra ced their proes.
for several Germany France and England and
have acquired skill and much practical ct
gsh French and German well from several OF
the nobility and gentry q those countries delivered to them
after four The operation will occupy
than minutes and the relief that the
thus sted Immediately their aud walk
without the least inconvenience.


Ladies and gentlemen will be waited al their resi-
dence, if they desire IT.


AT home in the morning from till H. and in the afternoon
from Q TILL O'Clock.


Office at Boston, Isl Courtst. jy8 3msr","CORNS, COINS. CORNS.


~ CT",The New York herald. [volume] (New York [N.Y.]) 1840-1920
1842-10-31,"IGHT! LIGHT -orns patent solid bottom Glass Foun-
II Lamps for Chemical Ol-From the peculiar beauty
and elegance of Lamps and sup
quality they destined supeede all others now
The total abseace Of smoke and SMELL the unparalleled
brlllancy OF the flame, admitted be uncqualled.


BAT less cost than half cent per hour The Propre
the public that lamps be med and kept ID
order with little trouble and with much and achy
those from their mandatory j. o. Fay sole agent for the
gropnetors at m Fulton street. I'd door from the New York
Sun Office,


Also, Chemical Oil Camphne, Globes, Wicks, &c. &c. Of
retail. 80 imsec",WORTHY ATTENTION.,The New York herald. [volume] (New York [N.Y.]) 1840-1920
1842-10-31,"(NARPE CAkPEIINGS-Cheaper than ever-All
~ those who in want of tngs noce the folio


All wool Ingram CaTpeting' only IS peryard.


:"" super 4s6d""


IS ""


double ="" 5s6d""
Three ply, superior patterns and ce!ors, IS


do do do extra quality, los


English Brussels extra, lbs


Royal Wilton and Velvet Carpeting, equally low.
Together with large assortment Of drugge ocloths
door table and india matting rods
the largest stock goods the CITY, Purchasers would find
their decided interest call aud examine this stock before
looking else where.


II. SMITH, JR., 448 Pearl st,


Opposite William street.
~ Heavy Jute Carpetng the low price of Is cd per
yard Remember, the number is 48 Pearl street. o2 msr
THE NEW YORK XYLOGRAPHIC PRESS.


rs MAIDEN LANE, UP STAIRS.
The EXTENT Of the this department the
proprietor safely challenge competition with other
skul wokmen, and all the Isque
materials Tor executing description OF Xyogaphic En-
craving and Printing.


Original Desgns and Plates of every description executed
the first sly OF The art and beautifully printed in Bronze
aud other Labels constantly hand wholesale RETAIL
all ART ,cles connected with the trade.
JOB Printing IN every variety OF style executeu the best
manner To order, and on the most reasonable terms.
STEEL PLATE AND CONTEMPLATE ENGRAVING


AND PRINTING
Notes, Checks, Drafts, Bills Of Exchange, certificates of
Stock do Opposite, Blanks PROFESSIONAL wedding and
Cards neatly and printed, notice,
the most reasonable The lowest possible price char
ged Tor all werk done at this establishment.
All orders from the country punctualy attended and
cle forwarded to any part OF the United States,
the Canadas.


CHAS. SdIELDS. Prorretor","CARPETINGS.
CtARPE TINGs, CARPETIN Gs-Cheaper than eyer-An",The New York herald. [volume] (New York [N.Y.]) 1840-1920
1842-10-31,"SERVINGS RESTORATIVE CORDIAL.
MO Broadway NYThis Cordial having obtained just
IN celebrity ofthe many has performed in
which adapted the public respectfully informed
that and other disorders Of the It's
ly physicng but BY srensshenng the system No geaer
other disease arising from deby be cured by frequent
forced action the bowels by purgauve medicines When
this complaint exists the system arady TOO and every
additional tends make The Cordial on the
contrary acting tonic strengthens the digestive and
them perform their functions nature Designed
Hence found be ecacous also those diseases peculiar
females which frequently from weakness than
The Cordial likewise
for the Nervous Headache and affords relief almost all f
fectons of the excellent Of
and low spirits The aged and infm Of boil sexes
and OF sedentaI habits to cosveness have
penenced great beneh, from it, speedily promotes strength
all OF debility good and healthy
petite and the whole system and is highly
benec from and other
disorders In proof the above complaints the
public referred of eminent physicians,
well those respectable gentlemen have derived
benefit the of Of which published the
circular accompanying each bottle.


The Restorative Cordial prepared and sold by the proprietor
476 Broadway and respectable druggists throughout
the country Price 81 bottle and 50 dozen Orders
by the cash punctua executed and forwarded
cording directions.


Sold also by the Mess Rushton Aspinwal, SO Villa
ITO Broadway, and 10 Astor House, o4 m""m",,The New York herald. [volume] (New York [N.Y.]) 1840-1920
1842-10-31,"ONE box Of inestimable Pills worth all the Quack
~ Medicines world Tor the Of


CoMMENrH examine the nature Of the above
and the situation of the affected consider
important obectto be able obtain remedy


tain IN Its acton and the time composed Of such
dens will the possibility oil discovery while using
It. fact well known many that most OF the remedies
offered these such
to render almost impossible TO continue their
creating sickness the stomach other
Such the doubt
aremedy as VALlEK'S FRENCH PILLS will meet the uni
versa being entirely free IRON those objections,
pleasant the and prompt the disease
The proprietor would here remark that the efficacy o these
the contrary founded rational experience having
used them successful for upwards Of he
feel confident OF their the remedies hitherto
employed.


Sold No. 90 Nassau street, $50 Broadway and 80 North
Sixth street, Philadelphia, Price 81 per box. s24 lm~r",VALIER'S FRENCH PILLS.,The New York herald. [volume] (New York [N.Y.]) 1840-1920
1842-12-30,"NJ. WARD, AuctT.
CREA: Sale Of Splendid fresh Imported Fancy Gools-A
"" O. Humbeu Co.. will sell this morning. whatever
be the state Of The weather at o o'clock at the sore 10
most superb fancy goods adapted the hodays that
have been offered this short detail of of the
suffice An early examination the hour
Of sale invited The sale will be positive for cash. and
unable to attend by leaving marked catalogue with the
auctoueer will be fairly represented The assortment will
include rich silver mounted large and small walters revolving
gle and set rich paper mache card plates portfolios. ink
and ladies. companions gold pencils Pans gold Brace
lets and necklaces rich china and gilt Paris toilet
hes splendid rosewood inlad work. and handkerchief
boses and dressing furnished; orm0u aud bronzed
Tandoles, solar lamps &c,


Also OF leather bound trunks. unfinished
dressing ladies embossed atchels Accord gilt
silvered and pearl time pieces sc.


Also large small India caddies filled with fine
mechanical dressing boxes odor bottles silver
fruit knives and snuff boxes &c., comprising exquisite
sembage ofcboice presents.


Catalogues thc sale.


N BAN exclusive sale of fine toys and rich bijoutrie will
be made Saturday the time and place.
d30 Itsec","II. H. TIMPsON, AuctIoneer.
DECEIVER'S SALE OF HARDWAKE.-JACOB s

N. WARD, Auct'r.",The New York herald. [volume] (New York [N.Y.]) 1840-1920
1842-12-01,"The transactions at the stock board not large
day but at generally former rates; Ohio 6s declined
Mohawk rose per cent.


Money continues quite plenty, and loans have been
had at 5 per cent. There is yet movement
in business which creates demand for capital to any
great extent The specie which flows from this city to
the southwest for operations in produce has been pretty
well supplied by receipts from other quarters and has
yet reduced the capital seeking employment impor-
tant extent. The exchanges have been a little more firm
but notwithstanding that large amount of specie is
its way to this country they show symptoms OF down
ward tendency The operations for the packet have been
as follows","

",The New York herald. [volume] (New York [N.Y.]) 1840-1920
1842-02-05,"Before Judge Lynch and Aldermen Timpson and
lnnes.


FEB John Derrick. implicated with Thomas
Neais, for an aggravated assault and battery on
Charles Jones, was sentenced TO six months impri-
sonment. The case Of Neslis was sent to the Cen
eral Sessions for trial. Horace Hunt, for commit.
ting an assault and battery on Patrick Coyle, was
fined So Nicholas Davis, for stealing Eve pounds
Of butter from Henry Vail, was found guiliy, bat
appealed to the General Sessions for trial. Ann
Voorhees,, for stealing piece of mousseline de
laine from John b. Pudney, was sent up for sixty
days. Chauncey Bailey. Lewis Tharston, and
Robert Smith, tried for aling two gallons Of
molasses from William Radford Eailey was sent
TO the penitentiary for sixty days, and Thurston
and Smith were acquitted Mary MCGOWAN, for
stealing carriage cover from Heary Edridge, was
sent up for thirty days Henrietta Oliver, for an
assault and battery on Mary l.. Davidson, was sea-
fenced to sixty days imprisonment. John Peters
stole twelve sides of sole leather from Ambrose
Parish. Jr., and was sentenced to three months.
Barley Meyer, for stealing a key Of white lead
from Joseph Della Torr, pleaded guilty, and was
sent to the city prison for thirty days. George
Bath and Samuel Warner, charged with assault
and battery, we're discharged by the Court.",,The New York herald. [volume] (New York [N.Y.]) 1840-1920
1842-08-22,"Here's another humbug, exclaims the reader Stop,
we pledge you word that the human hair be
stored by medical treamen-that certain chemicals will
force the hair grow in any part where nature intended
hair grow the face the body, the head. med-
cal friend of tells that such chemicals the
groundwork of oily preparation called Jones' Oil OF
Coral Circassi Here is Mr.. Jones's statement Sir,
pledge my word honest man, that this will make
the hair grow stay falling scurf dandru and
make light, red grey hair grow naturally dark from
the roots We have original certificates from
the respectable persons In fact when the directions
followed, il fails Is sold quite reasonable
the sign of the American Eagle Chatham street. New
York or state street. Boston 81 Dock street, Phadel-
phia.",a.- SCIENTIFIC RESTORATIVE For THE HAIR.,The New York herald. [volume] (New York [N.Y.]) 1840-1920
1842-04-06,"MFRS. S. C. REID and Daughter have
ITR removed their BOARDING and DAY SCHOOL
for Young Ladies from Faurteen-strect 10 1874 FOurtis,
near the Washington Parade Ground few doors west OF
IcDougal-street


The Spring Term will commence on the goth OF March
Besides the Senior Branch of the Boarding SCHOOL, there Is
also separate Department. exclusively for Children under
the age years. where they will be carefully attended
by respectable lady The srictet attention paid
to religious instruction and the cultivation OF morals.


The Institution is under the entire superintendent OF
Mrs Reid The charges moderate Ihe best OF leach
ers are EMPLOYED. liilo III",SCHOOL for Young Ia,New-York tribune. [volume] (New-York [N.Y.]) 1841-1842
1842-07-13,"Bound in a dull, unbroken sleep
A ship upon the wave
Where chained wind and stagnant deep
Defy the bold and brave
Iiold-fettered as by viewless hands
That bind, but not deform,
The silent Heart in ruin stands


wreck without storm.
Thobillows' play is curbed and pent
The air hath not q sound
saly atoms foot, in mercy sent,


Hath here no pathway found.
But Anguish at the helm stands pale
And Misery at the prov,
And signs are here the only gale


That speeds the eterpal-Now
-Four after hour its passage takes


Suns rise-and set again
Nowelcomc cloud in showers down breaks
On the parched lip ofpan
And will is strong-and power is weak
And Love hath feeble sway
And there are plague-spots OH the check
With none 10 kiss away.
No prayers to life or motion urge


That calm, but dreadful wave
And Iiope-whose breast had smoothed the surge,
Finds here no tabled grave.
but Doubt with cautious stealth draws near,
And fills the cup of care
For lips too passionlcss for fear


Too liielcss for despair.
Thus, powerless on the tide of Time,
Stcered by an useless chart,
Sickening in Lies unhealthfu cline
Floats the queled human heart.
Oh well such heart may lift its cry


From that "" orst deep TO save
That hopeless fearless sgony--


That sea without wave","Price Two Cents,

The Bccaliihcd.",The New York herald. [volume] (New York [N.Y.]) 1840-1920
1842-08-01,"THr LADIES OF A HAREM ""A LADY IN Bath


The ladies returned at n late hour and with one ex.
ception, all delighted with their reception aud ds-
coveries the harems They found the fair prisoners OF
these establishments adorned with precious jewels ana
costly ATTIRE upon the floor, with their pipes N
their mouths, listening TO the soft murmur OF gushing
fountains and surrounded by numerous female slaves all
in dazzling costume Their reception was cordial ana
hearty though the principals did not rise from their seal
Indeed that may have been difficult thing for the reel
bel9s OF the harem literally mmoyeable mountains OF
fat


In house after sherbet and coffee had gone round
the guests were invited to dance. The English ladies
ALLY assentel to this proposition condition that the
inmates Of the harem rather those whose obesity did
not constitute them permanent fixtures"" would Join",,The New York herald. [volume] (New York [N.Y.]) 1840-1920
1842-11-18,"The demand for the packets has been scarcely equal to
the supply thus early the season. and before another
steam packet the supply win have received large &C
cession The trade of the South and West is growing
healthy and the circulation Of real capital not broken
bank credits. is becoming daily more free.


The growing demand for capital in commercial pur
SUITS will the demand for stock investments in all
probability, and the best descrptions-say New York
State and City Stocks Ohio. and Kenucky-will absorb
the floating capital seeking that class onvestments This
demand has greatly improved since the result Of the cleo
TONS and has been followed by corresponding improve
ment in prices In article Of October 10, mention
the prevailing fears that entertained lest the party
favor of running debt should succeed to power and
the depressing effect those fears had upon prices shown
in table prices which table republish, adding
the rates OF sales up to this date, as follows",,The New York herald. [volume] (New York [N.Y.]) 1840-1920
1842-11-18,"90 Any person who has not visited the American Mu.
scum within several months would be astonishcd to wit
ness the improveme and additions made there. We
hazard nothing in saying that Museum in the world is
under such efficient management far neatness taste
of arrangement. and good order concerned The
binet of curoses is the most extensive in America filing
six spacious halls each hundred feet long, Croton
introduced throughout the building and every


apparatus arranged for visitors TO help themselves
this wholesome beverage The scenery in the lecture
room and all the stage appointments, actually the
magnificent that have in New York, and the
diver siy of entertainments is unequaed Every thing
about establishment goes like clock work. and nothing
Is ever there which offend the refined
The Museum boasts the support oithe first families in New
York and il is always fully attended.",,The New York herald. [volume] (New York [N.Y.]) 1840-1920
1842-06-10,"1NO Farmers, Planters end Horticultusts-The compound


Chemical Whale OIL Soap be considered in the pre-:
sent momen the best preparation that compounded
FOR the total destruction of species Of insects nteng the
vegetable kingdommaggos sugs rosebugs peach nectane
apple and and snail cabbage
lice and all the smaller insects which parasitic indigo
and exotic flowers such the ander cactus hcns,
proper application be thoroughly extermnated Besides the
extraordinary cheapness important item
renders accessible for all large scae-l0O0 peac
trees SO Of land may be kept free from the maradns
insects for the tnfng expense Of one dollar .


Farmers raising corn oats, rye potatoes urrps, cabbages
the few dollars realize hundreds by
their fields from the devsstations of the vermn The Com
pound Chemical Whale Oil Sonp be had bulk
oiour pounds dozen Of which packed in box Al ply TO


DIR. LEWIS FEUCHTWANGER,",HIGHLY IMPORTANT,The New York herald. [volume] (New York [N.Y.]) 1840-1920
1842-06-10,"TnurkIny, d UHc 80 T. W.


The transactions at the Stock Board very limited
to-day and but little variation took place in prices Della
ware and Hudson rose 1-Indiana SIS Harlem


The Courier and Enquirer of this morning has long
puff for the late United States Bank, in which the follow
ing remarkable paragraph occurs


In the first place the Editor of the Journal very well
knows that the Bank of the United States brought
any distress upon the country but to the whole
ton Individually and collectively the greatest blessing
that ever was bestowed upon people.


The following extract from schedule filed in the",MONEY MARKET.,The New York herald. [volume] (New York [N.Y.]) 1840-1920
1842-01-24,"From these data the conclusion is inevitable that the
free banking SYSTEM after being the Of ncalcuia
bic evil and loss to the public complete failure and
must to exist The Comptroller ascrbes the
failure Of the system to the taking Of other than New
York State stocks security for bills. This how
ever only incidental to the system, which was funda
mentally wrong from the beginning. 1t created and
put in operation by of the Philadelphia school Of
nancierng; and like that and every other policy which
seeks depart from the specie Standard however nd
rectly must end failure The safety fund banks have
whsood the storm Of the past few years with compare


tive rmnes. Previous to 1897 they were, by the over
shade of the United States Bank, forced into
the fictitious policy that emansted from that institution,
and they failed in with all others. They then
o.k immediate and energetic measures TO recover them
selves and in short year regained their position
sumed their payments and have snce by steadily pur.
suing correct mercantile banking principles withstood
all assaults upon them from the Philadelphia banks on
the hand and the free banks the other They have
not only preserved their integrity, but the


tile credit of the State and in connection with the New
England banks exist like the oasis Of the desert amid
the dcsolation and bankruptcy that overwhems every
other part of the Union Under their
and safe business has grown up the State which
grea. whole, prosperous than before. The
result has been attained by adherng in the aggregate
strictly to the specie standard restricting their credits
and making their loans only bona Gde business
paper",,The New York herald. [volume] (New York [N.Y.]) 1840-1920
1842-10-23,"NO. N3 BROADWAY, NEW YORK
THE subscribers respectfully inform their friends and the
instrument called the Transporting Piano Forte. which they
introduce the musical community. .


This Instrument forms beautiful rich and exterior
bot shape and neatness, beside: full Brilliant and
meodous The advantage derived from this
on that music may be tansposed into any key desired
SUIT the vocas for accompaniment Of other nstru
ment and therefore worthy the attention OF the amateur
well a. the artist.


large Of Tablet PIANO Fortes, rosewood aud
mahogany and 81 with French grand
also constantly hand all Of which respectfully sub
NIT TO professors the trade in general
warerooms anu mandatory, above.


N. k-tiano foues repaired the shortest","NEWLY INVENTED THANKSGIVING
PIANO FORTES I",The New York herald. [volume] (New York [N.Y.]) 1840-1920
1842-05-14,"HAIR 0lL7Thee no oil in the world that do good
burned win again good All the powders
for dying the hair nothing but mixture lime and hage
the hair compositions Of esustic and spirits that burns the
will grow matter how many times it is burned every
body also that when he ad full Of dandru
begins to turn and badness follows From experiences
of being hair and having the opportunity
Of examining great many heads land have made
myself congestion, known PASTORS Hair OIL
Compound Esscutia Oil Of Almonds for destroying dandu
preventing the hair from coming out and turning THIS in
mifabe Hair Oil will make the hair well, matter how
much dandruif or soreness is the head.


For sale Wholesale and retail A. Pastors Hair Gutter les
Greenwich street, New York. Price 50 cents bottle.",,The New York herald. [volume] (New York [N.Y.]) 1840-1920
1842-02-22,"OWING to the celebrity, efficacy and nyariable %
~ Madame Restele Female Monthly Pills in all eases Of
nature which the health every female depends since
into the United States about four years
counereits and limitations continually attempted to Be
pamed Of for the genuine Cheap riis pureha
""Femals Monthly Pills"" with the object Of selling posgbls
dollar Females therefore cautioned against these
that al Female Monthly Pills counterets except those
New York. and No. Essex street, Boston. Price 81


Madame Rsstss signature 10 written on the cover Of each


B. The married under circumstance must abstain
from their for contained in the directions","COUNTERFEIT.
FEMALE MONTHLY
PILL. 6",The New York herald. [volume] (New York [N.Y.]) 1840-1920
1842-07-11,"PASSAGE FROM ENGLAND, IRELAND, SCOTLAND


AND WALES.


DERSONS DESTROYS Of making engagements for friends
emgrate from the Old Country the United States and
who may wish for them despatch and comfortable
commodations will lind 1t their apply the sub
scrben who all times prepared make such
will guarantee satisfaction The vessels composing
this line Of TIE first class of which leaves Livef
weekly consequently all delay the port of embarkason
avoided As has always been customary with this line, when
those settled for decline the passage money
funded without deduction Passage steamer from the
ports Of Ireland and Scotland likewise be
cured.


For further particulars apply to -


SAMUEL THOMPSON,


Old Establish Passage Office, 273 Pearl St,


Orto


c. GkIMSHAW & co.


10 Goiec Piazzas, Liverpool.
Exchange drafts sight and for any amount likewise
furnished the National Bank Ireland Northern Rank
Co Nationai BANK OF Scosa payaoe rcspec
1--WE branches; Also r. C. Glyn Co. Bankers London
nd Grnshaw n Liverpool m3 lmsc",So . - - sk,The New York herald. [volume] (New York [N.Y.]) 1840-1920
1842-04-12,"Roberto. wctmore vs.. Joseph a. Scove The plaintiff
had filed petition Ill Chancery, stating that be held cor
respondencr the notorious Charles F. Mitchell from Isl
December. 1870 c0l March, 1871, while the latter vas


member Congress and ao letters directed, 10 his
other persons, portion OF which letters Mitchell opened
AID retained After the conviction OF Mitchell Tor forgery
oer made hy defendant and others 10 deliver them
up said letters and they would obtain bail for by which
lie could b released They procured Turner Merritt and
Nelson Miller as bail Mitchell surresdered the letters and
large. Tie defendant arranged with certain per
in the city 10 publish said letters The petitioner
Claimed that they private and confidential, and prayed
injunction restraining their publication which
granted. \ counter petition was presented, DENYING
the right OF The Court stop the publication AID asking
the Injunction be dissolved The Vice Chancellor yes
erday. abiding several parallel stated that
however base the conduct OF Mitchell MAY have bee liz
having coit,eda gross breach OF honor and trust, or l1
improper The publication OF private letters obtained in
such way might be, this Court does not iee authorized 10
interfere The Constitution protects the freedom OF the press
and of speech rendering The parties personally responsible
The petitioner this tase does not claim protection 10
copyright does he that the publication OF the let
,rl. affect his character him pecuniarv lo
The Court therefore order that the Injunction be dis
solved.


Beat Davenport vs.. Maynard Bragg-Ordered that the
whole the furniture except such the law e1cuipt from
execution be surrendered 10 the receiver, attachment
i.<e. \ e","VICE CHANCELLOR,S COURT.
Before Vice Chancellor NJ Coun.",New-York tribune.
1842-10-01,"90 RAZORS.-An extensive assortment of the latest
and most approved patterns fitted in of every mag
nable sly ing from the planest to the most highly
finished The subscriber having had long experience in
the article enables him to choos the BEST examines each
carefully and will sell none but those that perfect in
their edge and made Of the best materials and terms
that cannot fail to please viz should the purchaser wish
awcek AFTER the money will be given back returning
the razors, else be exchanged for others


Those tho have stiff boards and heretofore experienced
difficulty in getting to accomplish the desirable
end, will with certainty be suited on the first riaprices
exceedingly low.


q. SAUNDERS, inventor and manufacturer of


the Metallic Tablet Razor Strop l65 Broadway",,The New York herald. [volume] (New York [N.Y.]) 1840-1920
1842-10-01,"G3- This is great holiday at the American Museum
For the accommodation of families schools &c. agrand
variety of performances take place this afternoon three
oclock-Sgnor Vivaldis mechanical human figures are
the greatest curiosties No person should
fail to them They the especial delight o!ades and
children This is the last day and night oil the popu-
lar and comic Winche who appears in eight of his most
laughable characters Little Master Wood, the dancer,
also appears the last time. Miss Hood will sing
rety ofsongs and aogher extraordinary entertainments
offered independent fthe vast collection of curioses
exhibited there Barnum stands for expense if he
can crafty his numerous patrons. He is preparing
and rare treat for his customers next week.",,The New York herald. [volume] (New York [N.Y.]) 1840-1920
1842-10-01,"NIBLos.-The Gardens are closed this evening On
Monday the Raves come out strongly in two of their
choice pieces"" Three Faced Frenchman,' and Green
Monster"" The Saloon is closed in, and rendered
warm and comfortable.


CHATHAM THEATRE.--This establishment is thriving
with its usual vgor The excellent management Of the
acting proprieorthes superb propertiesthe scenery


the comfort and dispersed about the house.
produce their natural effect and yield just reward to
skill and enterprise Thorne does not depend upon the
brlancy Of any particular star though shine
brightly but produces by the general excellence of his
rangements effect of which the highest talent will fall
short, which if in the haads of unpopular manager
unsupported by those arrangements
Mad. Lacompte and Mr.. Sinclair immense cards and
nightly draw enthusiastic audiences great bill for to-
night",,The New York herald. [volume] (New York [N.Y.]) 1840-1920
1842-02-25,"MONTEREY, Upper California, Sept. SO 1871


The United States ship Vinccnnes. of the tx
porne Expedition. arrived in San Francisco IN An-
gust last. Ter boats have been nearly 300 miles
up The river, surveying; the officers spca; in the
highest terms of the country. The Porpoisc and
Flying Fish arc expected daily, from the Columbia.
The Expedition will sail from San rinciSco about
the end OF October homcward bound, via the
Sandwich Islands aud the East Indies. and will
probably arrive in the United Suites in Man OF
June next.


California; must in time become a place Of vast
importance The land. Eiarbors and climate, being
the best in the world:-San Francisco being the
very best Should John Bull optainthis country,
the owners OF American whalclS may bid farewell
to their ships in the Pacific, in of war be-
tween England and America


The English Hudson Bay COMPANY. settled III
The Columbia. whose proper business is taking turs.
have 50 lar extended their projects tobuiid Saw
Mills and supply tho Sandwich lslallds with Inn-
Der. They lave entered into a treaty with Russian
companic. in the Pacific TO supply them with pro-
visions and goods Of every description; trade
which was formerly enjoyed by Americans. house
in Boston having been largely interested. The
Hudson BAY Company have purchased houses
and stores at San Francisco 10 furnish this country
with English goods Recently New England goods
were chiefly used from Boston direct, or via Cal
lao Nlazatlan


When the ,trit, of political excitement shall
have subsidized in America Government may per
haps find time and incnation what the Eng
hsll are doing in this part of the world.A iew
members of Congress NAV TUX about these mat
tiers, while England is saving bu, little, think
ing intensely Yours &c. n. Bedford Mercury.",CALIFORNIA.,New-York tribune. [volume] (New-York [N.Y.]) 1841-1842
1842-02-20,"OLD ESTAsIIsfED fHssAGE OFFICE,


No 81 South street New York.


THE pcrber. in his arrangements for the
1891 appears before his friends with sentiments Of sincere
spsc for e able support he has received for many
likewise wishes IT, call the attention Of those intending
e send for their friends England Ireland Scotland and
wales that they all times Re accommodated by this
me BY wsehy otgossuniiie; from Liverroo wess BY
month, throughout tbe year : =


has always been the study of subscriber the
smgrants shown cylity dispatched without delay and
those ho send Tor their friends satisfied that
care and dfen attention will be given by the Liverpool
Agents to those cent Tor well who may embark with
them and should OF those paid
net embark the money be refunded without any charre
The feels pleasure making the
srs by which his passengers during Last
which has given general and that has","NEW YORK AND LIyE;fo1L e COMMERCIAL

..&'1.|;. !, ,&ls, e. &s y&||I|,",The New York herald. [volume] (New York [N.Y.]) 1840-1920
1842-10-17,"Corw Doctors. from Paris,


EG LEAVE inform the inhabitants of New York, thar
they will be happy wait all who mayo their
Mons and Mad Bernard have been praccing IN the
United States but few mont and in that shot time have re-
and Others the benefit aud comfort which they have re-
ceved they have been attended by them They have the
honor inform the public that by aud peculiar method
they eItrcate Hard and Soft Uorn Bgnions &c
requiring secesy faith its efficacy but
confidently those who suffer from troublesome and
painful Cors that have the satisfaction Of carrying
away their to,mento5, the Corn, in their hands.


Mons and Made have in their upwards OF TWO
thousand certificates from those who have relief at
their hands Mons and Made B. have ractced their profess
sion for several in Germany France and England and
have acquired great skill and much practical sc
attesed by certificates from the celebrated
gish French and German as we'll as from Of
the nobility and gentry q those conres delivered to them
after four The operation will more
than minutes and the that the
thus treated their shoes and walk
without the least Inconvenience.


Ladies and gentlemen will be waited at their own rear
dence, If they desire 1t.


AT home in the morning from till H. and in the afternoon
from2 till o'clock","CORNS, COINS. CORNS.


Murray street.
MONS. AND MADAME BE H RID +,",The New York herald. [volume] (New York [N.Y.]) 1840-1920
1842-06-25,"Before Judge Noah and Aldermen Crolius aud Smith.


JuNf si.--A loater named Edward Butler sanf up
ior thirty Gays for stealing forty pounds Of cornet
beet from James Post william Derrc kson black rogue.
Tor stealing canary bird and cage from prneri Chr,s-
tai was sent up for sixty days. Daniel bowie Man.
nn6 Kelly ere tried for assault and battery ach-
men John Harrington and Moses Oakley the latter Of
whom was severely btaten. Foylc was discharged
in the General Sessions. Charles edges black steal.
my two silver spoons from Rebecca stevens up
Tor siAty days Two rum customers nsmod Chs- Hughes
and Christopher Mcdonald, for stealing box Of Flsins
from Matthew Mckeon was sent up for thirtr days.
Thomas Hamilton black for assauting another coored
Mary Jackson black for stealing snatchng fifty
from Margaret Ball another she darkie sent up for
thirty days. One Ned Lynch, OF the puglsic class for
striking colored man named Louis Napoleon, hitting
him funk as Napoleon called it, sent up forthir-
y days Neb Roberts, aristocratic nosed negro,
tried Tor seadg pocket book containing Sll, from
OF his color named William Hudson while sleeping in the
same room with him al % Orange street. Hudson
that the money all in silver, he kept
longer than he could get TO bank get it changed. He
was sent to the city prison for thirty days Mary Smith,
black, was sent up for sixty days for stealing about Sill
from John Pierce. John Wamby for stealing 1913 from
David Person, discharged the request OF Mrs.
Person neat looking little English woman who stated


that she thought he was poor but honest John Morrison


for stealing pair OF cant hooks from schooner st. Tho
mas, sent up for sixty DAYS He caught about
O'Clock IN the morning. tried and sentenced and sent the
Penientiary In three hours afterwards. James Boden
French 'ailsr belonging TO British bark Thomas Bell.
sent for six months for beating Charles Dayy


dcponents left hand off, He also like
term for biting the finger of Timothy Wheatlcy another
seaman of the same vessel. Two black fellows named
Cherries Brow and Robert Oakley who hal been previ
ousy convicted Of stealing silver spoons from Mrs. LET
fer were sentenced to the Penentisry for SIX months
each.",SDeclal SesSlnns,The New York herald. [volume] (New York [N.Y.]) 1840-1920
1842-06-25,"The name Of Robert Glass. ice ol si assault and
battery in beating and breaking he bridge "" IIug. nc
Brides nose, called, but NOT appearing his recogn
zancos forfeited.


William Rockwell late on board Of urig Moon
Charged with Stealing Sf 80 from the ile sail
vessel being the property OF Henry {. Har,si6 was
discharged application OF his counsel. because the
ofthe Court.


Daniel cammerly. charged with receiving the clothing
stolen from Jacob Amos, who robbed by Francis
Jones, and William smith, the former Of whom has been
convicted and sentenced for the crime into
IND pleaded guilty 10 the indictment against him.


There beng other business beoI the Court The petit
jury were discharged for the term and the Court then ad-
Journcd for the remainder OF the The tenn
commences on Monday. The iih vi July and he court
viii meet on Tuesday the 9TH","

The name of Robert {",The New York herald. [volume] (New York [N.Y.]) 1840-1920
1842-06-09,"ONE box of these nes,msb. Pills worth all The Quaek
~ Medicines in the world for the of certain disease


CoasirNr-f examine tbs Of the above disease
and situation Of the parts affected, consider
important object able obtain remedy
tain in lis action and the time composed Of such ns
it, is well known many, that Of the remedies
offered for these diseases Of such drugs
render impossible continue their without
creating sickness The stomach other UNPLEASANT eonss-
remedy as VALIER'S FRENCH PILLS will meet the uni
versa appobaon being entirely free from those obi ectons,
The proprietor would here remark that e efficacy Of these
the contrary founded rational experience having
used them Successful practice for upwards Of he
employed


Sold No % Nassau street, Broadway and 80 North
Sixth street PHILADELPHIA Price 81 per box. 1msc","- VALTER'S
F NIGH PILL s..",The New York herald. [volume] (New York [N.Y.]) 1840-1920
1842-06-09,"BROADWAY, NEW YORK. The subscriber ls
- Gently from the National Hotel, Troy will reopen tie
Marshall House the 30th hotel and boarlt
house it is undergoing thorough I-pair aud will be
complete ORDER and furnished in handsome STYLE The locai
being the side Of Broadway No. 239 tie
Of Reade short Distance from the Park and P
Office, and but few minutes walk from Wall and the
business part of the city. The commodious aid
pleasant and the intention Of the host accommodate the
travelling community and boarders that shall e
satisfactory for the prices charged Having long experiences in
catering for the pnbc taste he all that may FAVOR
him with their patronage. that his bssr eyerons will be made
please and from tie situation desirable location for
Boarding. and canno, but offer induce to rsos
bar will be furnished with choice liquors, and the lrder with
servants and every for the comfort Of his guests the
undc hopes merit receive share of patronage


myl8 3insc f.. 3. MONROE.
TORT LEE -PAVILLION.-Ths beautiful and summer


residences is nov open and in readiness for the reception Of
the house being fitted for gentleman boaers and
private parties STEPHEN ANNETT the proprietor Of the
for patronage bestowed him for the last year, and he
snes please those honor him either boadc
visitors The bar fitted mp with choicest liquors. wines
&C. Relishes and refreshments hand all times Private
parties be accommodated with dinner the shortest


Target excursions and military companies be furnished
with dinners and wine short notice.


The public may depend the boat running according her
advertisement.


Refer the advertisement in the Sun paper for the trips the
boat during the month Of May. The steamboat Boston
will make four trips day during the months OF June July,
and August ml8 lmhr",,The New York herald. [volume] (New York [N.Y.]) 1840-1920
1842-11-10,"NOTICE TO RUPTURED PERSONS.
DERSONS afflicted with ruptures may rely upon best
instrumental aid the world affords application
office, No Vesey street, either of the agents the
principal towns in the United States Be careful examine the
back pad of Huls If they endorsed by
good without his signature.


Many persons have undertaken vend limitations of Hus
celebrated trusses and thousands imposed
Quence. These limitations be relied upon they
by unskfu mechanics better ordi-
nary ....-r,


Rooms have been fitted No Vesey exclusively
for ladies' from the business depart
ment where female in constant attendance wait
female patients. oil lmr","HULL'S TRUSSES.


NOTICE TO RUPTURED PERSONS.",The New York herald. [volume] (New York [N.Y.]) 1840-1920
1842-08-23,"CHATHAM TnEArRE.-At an early hour yesterday
all the seats taken for the evening, and by the
time the curtain rose, not only the inside of the house
was entirely full, but the lobby and the street were
crowded with people anxious to obtain admttance.
Hundredswere disappointed The internal appearance
ofthe house is superb beyond description and repeat
eddy elected bursts of applause. AT length the man
ager appeared, and delivered an address in his own
hearty and winning manner. Spontaneous rounds
of applause tested his deserved popularity. The
play proceeded with excellent success, which always
attends the performances of Forrest and Clifton",,The New York herald. [volume] (New York [N.Y.]) 1840-1920
1842-08-23,"THIS meeting, last night, was still more curious
and interesting than the one at the Park. 1t FIR
assembled opposite Peter Bayard's the Battery;
but as Alderman Balls interered, they adjourned 10
the interior Of Castle Garden.


The scene was highly interesting The clear
sky, the setting SUM- the vessels of war at anchor
he crowds OF ladies the Battery the loaers, the
ops, the gentlemen, the chlldren-the toni eassmJ,e
Vas most interesting. Inside the garden it was new
nd amusing to see the crowds scattered promiscu
ously about the circle, whilst the orators addressed
from the first platform, and the steps leading TO it
were crowded with eager listeners.


The meeting was called to order by appointing
Tor President,","treat Mass Meeting ofthe Young Democrat


nj The BATTERY and Castle Garden.",The New York herald. [volume] (New York [N.Y.]) 1840-1920
1842-12-11,"Sudny and golden be


The lot in store for thee
Peace smile upon thy path whereer thou goest
Health freshen on thy cheek


Its vermil to bespeak
How full and rich to thee each joy thou knowest
Blest sister, be thy love-


Blest here, and best above
oh . be thy warm affections not in vain


But deep and pure, and true,


Yield pleasures young and new,
To glad thy breast, like angels free from stain.
Thine, sister, be for aye


That hope which springs on high
Thine be the task to guard its hallowed light,
With vestal's holy care;


Thy faith, this Quay rare,
Wilt prove ane proving, turn to-day all night.",My Sister.,The New York herald. [volume] (New York [N.Y.]) 1840-1920
1842-12-01,"HAIR OIL-There OIL in the world that good
II bad the hair Every body knows that when the hair


burned will good as All tho powders
for dying the hair nothing but mixture of lime and t
the hair compositions of causc and spirits that burn, the
the powders and don't dye hair, and the hair
will matter how times burned; and
body knows also thai when the al full dand the hair
grey and badness follows From
being hair cueI and having the opportunity
sell composition known - Pastors Hair Oil
Compound Essential Oil fAlmonds"" for destroying dandru
the hair from coming and turning This
mitsbe Ea Oil will make the hair grow wel no matter how
much dandruf is the head.


For sale, wholesale and RETAIL at A. PASTORS, Hair Cut
ter street, New Aor Price so bottle


..",,The New York herald. [volume] (New York [N.Y.]) 1840-1920
1842-12-25,"CHATHAM THEArRE-Mr. Forrest appears to-mor-
row evening in his original and celebrated character
of Jack Cade."" This gentleman is engaged for
six nights only, and will perform round Of his
most popular characters The prices during his
engagement will remain unaltered. We perceive
that an afternoon performance, commencing at half
past one O'Clock, is also announced for Monday,
and rich array of entertainments are presented.
In the production of novelties, and in securing the
best talent, the Chatham stands pre-emnent and
alone among its numerous theatrical rivals. At no
other establishment is the good taste, order,
decorum, and untiring industry, apparent-and the
liberal exertions Of the enerprizlng manager meet
with a cordial response from the community.


90 Well, Barnum of the American Museum has
achieved all that he has promised and he lays before
the public bill of elites and attractions for the holy
d,ystha has been before this side of the At


lantic. The Animated Tableaux form the sublime
and magnificent exhibition seen, and person
form conception of their grandeur without Witnessing
them. The wonderful dwarf, General Tom Thumb, Jr.
remains day longer and for the value Of twenty
FIVE cents any person fails to who is intelligent,
active talkativc, weproportioned, robust and healthy,
who at the time emily the size of infant and
weighs but fifteen pounds, then that person will
regret it, Such display of Flags, Christmas Greens,
and elites the American Museum",,The New York herald. [volume] (New York [N.Y.]) 1840-1920
1842-03-07,"Another Arrival from observation-disclosures


Of the Passengc and Death OF the Cap


tain.


The fast sailing and fine ship Eutaw, Captain
Rocket arrived last night frem Liverpool, whence
she sailed January 18th but, unfortunately, like the
Tarointa, she did net bring any newspapers. She
confirms all that the Captain ef the Tarolinta said
about the repairing and ref;ting of the steamship
Catalonia, and that she was ready for sea en- the
25:h Of January, and was advertised TO leave that
day. The passengers also say that it was the cur
ren report in Liverpool, that Lord Ashburton would
leave England in the Caledonia. Cotton had de-
ciined, and was expected to go lower every day.


The E1iaw brings l39 steerage passengers and
we deeply regret to say that three passengers died
the passage, from some malignant disease, it 10
supposed AS the ship coming up the lower bay
the Captain Wocket) who had been tax en- sick
oaly two days before, died |; and when his son went
down to board the vessel and enquire for his father,
the mate had the melancholy task Of answering him
the ships side and tell him his father had lust
breathed his last. Captain Rocket was long and
fAvorably known as one OF Our ablcst and oldest
packet captains, having commanded the Burgundy
in the Havre line, for many years.


When Captain Rocket died, there were over 30
OF the passengers lying dangerous sly sick below and
those on deck looked more like dying than living
persons. The disease that has attacked them ap-
some OF them died in few minutes after they wer,
taken = they dropped down on the deck and died di
rectly, with scarcely any premontory symptoms.","Another Arrival from observation-disclosures


Of the Passengers, and Death OF the Cap",The New York herald. [volume] (New York [N.Y.]) 1840-1920
1842-06-11,"RROADWAY, NEW yORK.-The subscriber ,.
Marshall House the 30th instant, hotel and boarding
house is undergoing thorough repair and will be put
complete order and furnished in handsome STYLE The ocava
central being the side OF Broadway No. 289 tie
Of Keade short distance from the Park and Pos
Office, and but few minutes walk from Wall and the
business part of the city The commodiols
pleasant and the intention Of the host accommodate
travelling community aud borders that shall be
satisfactory for the prices changed Ha'ns long experience in
catering for the pnbc taste nc all that favor
him with their patronage. that his bess exerons will be made
to please; and from the sipn desirable location for
goa!dn. and canno, but csr nam inducements to pecp.
bar will be furnished with CHOICE liquors. and the arder with
the substana and decaces of the and with attentive
and regard for the comfort of his the
undersigned hopes and receive share of


myls 3msc T.. s. MONROE.
EORT LEE PAVILLION.-This beautiful and sumner


residence and readiness for the reception Of
visitors the house being lifted for gentle boaers and
private parties STEPHEN ANNETT, the proprietor Of the
establishment. his thanks his friends and the pnbc
for their bestowed him for the last and he


atte himself that by his and attendance to his bu
please those who honor him either boardcrs
&c. Reshes and refreshme hand all Private
be accommodated with dinner the shortest


Target excursions and military companies, be4alished
with dinners and wine short nece.


The public may depend the boat running according her
advertisement.


Refer the advertisement in the Sun paper for the trips
boat during the month of May The steamboat Boston
will make four trips per day during the months Of June July
aud August. mia lmsr",MARSHALL HOUSE.,The New York herald. [volume] (New York [N.Y.]) 1840-1920
1842-06-11,"HE Subscribers would call the attention Of the public the


qualities oftheir glass shadowless
ing side aud other Lamps Their glass fountains being
ductors become heated like those of brass which
consequently there of the
oiunconsumod into the wholly different fm spirit
other compounds for illumination. Horns Chemical
OIL only transpa snd stainless but de void of
smell during combuson aud entirely free from smoke dan
explosion welding light which steadncss


os aud beauty be equalrd by the best arbured
hydrogen These glass fountain lamps require
after being filled and igned and viii
hours during the Who'll, time light equ
vacn the flames less than candc.
this the low price Of only half per hour Horns
burners being constructed that fresh
constantly circulating within the body Of the oil
liquid thus kept constantly cool in all temperatures


n. Blooms Chemical Oil, globes, lamp glasses wicks,
cans, &c &c. sold whole sale and retail by


EDWIN h. HORN SEQ.


iel-lm2lwissc 81 Fulton street, corner Cliff.","HORNS PATENT ARGAND LAMPS AND


IMPERIAL BURNERS.",The New York herald. [volume] (New York [N.Y.]) 1840-1920
1842-02-09,"OLD ESTABLISHED PASSAGE OFFICE,


No 81 South street. New York.
THE subscriber ts nts for the


1912 appears before his friends with sentime Of
for the able support he has received for many
past.


He kcv Use wishes &c call the attention OF those intending
70 send for their friends England Ireland Scotan
Waiss that they all times he accommodated BY this
hne by weekly gortunies from Liyergoola wells by
all the well known de rent Ines Of packet shs sailing 10
and from Liverpool the lat 7th 18Th sth and2th Of each
month throughout The year


hss always been the study of the subscriber to have the
smgrsnts sho cyity and dispatched WITHOUT delay and
those who send for their friends rst satisfied that
care and dilrgen attention will be given BY the Liverpool
Agents to sent for well as all who may embark with
them and should OF those has been PAID
netenbak The money will be refunded thout charge
The subrcrlber feels easure making the deren
ships by which his during the last
winch has gwen general facon and that e has consider
ably extended and concluded his for the","NEW YORK AND LIVERPOOL COMMERCIAL LINZ


hv Or JACKETS.
10 M T. 49,, No.",The New York herald. [volume] (New York [N.Y.]) 1840-1920
1842-10-03,"~-.,,, No. III ANN SHEET.


nE PROPRIETOR Of this establishment continues, a. hereto


lore 70 supply his customers with the deeaees Of the sea
son served up IN the best manner The quality Of the vand
and his very moderate charges evident from the haerng
patronage which the public pleased daily TO award him


HIS efforts shall be- they have heretofore been merit Its
continuance and his house that for
ceence and accommodation which IL has for so long time
maintained the proprietor no longer connected with any
other establishment he will pay his sole and undivided ten-
the best house. spare pains for the
maintenance offs welearned reputation. sl lmer
rTERRAPlN LUNCH-C}ourmonde' Gui VYe Thou


sands Of good cts lovers Of good fare have been for
closing of the far-famed Terapin Lunch"" The fnui
fev.r"" is now however over, and again may they feed
well"" for be known that tbs John Adams of Knckerbock
hangs his ha"" At the Ten,pn also the pro.
Carr Now, then, smack lips connorants in the
Turtle Soup and steak line the mantle Of Sandy has fallen
oron john 10 perfection good eating and drinking may be
again guaranteed at the Teapin single look the old
Ire Box VIII the hunger OF him with the short
purse, and taste Of the genuine at half the old prices will
TICKLE the palate Of the veriest anchorte.


fine Geeu Turtle served this day. and day during
the season. Sc lmtI


EPICURES! EPICURES! EPICURES!
THE Subscriber formerly known of the firm of Blew
and Ten Eyck, of No. Broad having opened
house No. 364 Broadway few doors below Nblos Garden
where he su continues to up all the Decaces Of the
Season, vizame. Poultry, Fish, Sc &c. together with his
picked which obtained the the last Annual FAIR
Nblo's.


Having fitted saloon unequalled in the city. where gen.
tenen and their families visiting Nhlo with the greatest
popety have served TO their comfort and satisfaction such
refreshments as they may call for reasonable


81 lmsr JOSEPH TEN EYCK,","MISCELLANEOUS.

HOUSE OF RFFRESHMENT.",The New York herald. [volume] (New York [N.Y.]) 1840-1920
1842-03-22,"90 WINCHELL the uuriv allied laughter. provoking,
side breaking humors kept the audience liz continual
Of laughter last night at the American Museum
His diversified entertainments be repeated tonight
HIS representations Of the Michigan hosier the sefwise
orator. tho thick pated Dltchman, and the shrewd, wide
awake and daredevil Yankee unprecedented. The
company of Indian chiefs and their squaws perform
rety Of dances and dressed in their native
costume Such attractions combined with all the curl
osities collected in the Museum for twenty five cents,
worthy the patronage Of all classes. Too much
not be said in favor OF the and good order which
characterize this popular place Of resort day per-
form to- afternoon.",,The New York herald. [volume] (New York [N.Y.]) 1840-1920
1842-06-15,"NEW BRUNSWICK AND NEW YORK
THE NEW JERSEY Railroad and Transportation Com.
pany have established Freight Line between New
nentk.


Leaving New Brunswick at A. NJ daily, (Sundeys ex-
cepted) and the foot OF Liberty street. New York, p M.


Io country dealers and merchants the above line very de-
rable for the speedy cheap conveyance
q every descrrlon and particularly Droves and
Dealers in Live Stock who have $50 head Of cattle
cd between New Brunswick and New York, the day
whenever required


The for the transportation of cattle horses mules
sheer hogs Sc and all other kinds of merchandise very
low, never exceeding steamboat prices.


Merchandise by this line subject any extra
charge in crossing the North River


The Company have fitted up large storehouse New
Brunswick, adjoining the Railroad Depot, which will Away
beopen for the reception Of merchandise.


Passengers purchasing their tickets the ticket Offices will
receive ferry tickets gratis.


~ Freight for Newark, Ezabethtown, Railway West
field, PIanfed Scotch Pians Bopnlboo and Somerye is
conveyed by the above lines and delivered the day when
received. mill 3mA","RAILROAD NOTICE.
MARKET AND FREIGHT LINE.",The New York herald. [volume] (New York [N.Y.]) 1840-1920
1842-09-11,"90 CHRISTIAN PEOPLE SHOULD, FOR EXAM.
pie sake nothing else, attend Church. and those trou
bed with cough should take of Sherman's Cough
Lozenges which will allay all tickling irritation the
throat or lungs and cure, in very little time. sher
mans Lozenges are the great cureals of the day and
the more they are used the better They liked which
morethan we can say of many articles we know Of
Dr. shermans office at JOG Nassau st. door above
Ann-Rushton Aspn wall agents at all their stores;
Sands 273 Broadway and n East Broadway; Church's
lss Bowery and coddngton, 227 Hudson street. and Mrs
Hayes, 1870 Fulton street. BROOKLYN",,The New York herald. [volume] (New York [N.Y.]) 1840-1920
1842-12-19,"Q-FRANKLIN THEATRE-To-night and during the
week there will be immense rush to Morris Oio per-
Torrance. Many entertainments prepared,
which never have been executed before in the city The
company from the infant prodigy Master Henry, years
of age TO the eccentric Wnchel all of first rate abl.


ties, and well calculated for their business. We would
speak OF them personally but time shorens remarks
No person, either male female but that should visit
Mr. Morris Concert In every particular the entertain
ments chsse and effective and the prices of admission
in all conscience, cheap enough. see advertisement


During the Holydays there will be presented most
extraordinary programmes.",,The New York herald. [volume] (New York [N.Y.]) 1840-1920
1842-09-02,"- NUTICE. To KUPTUKED PEKSONN.
DERSONS afflicted with rely the best


instrumental aid the world affords application
Office, No Veey either of the agents
pscip towns the United States b. careful the
back pad Of Huls tusse. If they endorsed
Hull in writing: None genuine be relied upon
good without his signature.


Many have und. rtaken Uni atoms Hus
celebrated and Thousands imposed upon
quence These limitations be relied upou they
made BY unskfu mechanics and better than the ord
nsry trusses


Rooms have been fitted No. Vesey street
Tor ladies' having from The depar
ment where female III Constant attendance TO wait
female patients. sua6 imsr",HULL'S TRUSSES.,The New York herald. [volume] (New York [N.Y.]) 1840-1920
1842-09-02,"CWn D0cJUs, from FGts,
DEG LEAVE inform the inhabitants of New York. that
they will be happy wait all who desire their
Mons and Mad Bernard have been practcng in the
United few MONTHS and in that short have
ceiyed testimonial, from Of the most eminent gentlemen
Others the benefit and comfort which they have
ceved they have been attended by them They have the
honor inform the public that by and peculiar method
without cutting Mons and Made do not attempt TO offer
nosrum requiring faith efficacy; but
confidently those who suffer from troublesome and
painful COINS that have the satisfaction of carrying
away their tornentor the Com in their hands.


Mons a Made b. have their upwards Of two
thousand from those who have relief at
SION for several in Germany France and England and
aested by certificates from the celebrated En-
gh French and German physicians well several OF
nobility and OF those delivered to them


after four years The operation win not occupy more
the relief that the
thus diatey their shoes and walk
without the least Inconvenience.


Ladies and gentlemen will be waited at their resi-
dence, II they desire It.


Al home the morning from till IL, and in the afternoon
from 2 till o'clock.


Office at Boston, ISL Courtst. i've sm*r","CORNS, COINS. CORNS.


@ Murray street.
MONS. AND MADAME HARD",The New York herald. [volume] (New York [N.Y.]) 1840-1920
1842-09-13,"LSOR Surgeons Instruments Razors Penknives, Hc made
and warranted by PETER ROSE Cutler and Surgeon !;
those have expe the Of good Sop, combin
ing and economy the above recommended and
be surpassed by any offered to the public
Having been engaged business manufacturer OF Cutlery
enables make article that
will suit the community, and approved may
any be returned They sod at the low price OF
cents each to accord with the times and gentlemen
respectfully invited call and them will here state
that they four sided strop with metallic hone attached
or any such humbug plain article by which keen edge
may be put upon Razors Penknives, &c.


honed the best and warranted
Also all Of Cutlery made and repaired with neatness and
despatch by ,vrpp posr c.,.s",SUPERIOR STROP.,The New York herald. [volume] (New York [N.Y.]) 1840-1920
1842-06-25,"07- ARCADE BATH, 80 CHAMBERS STREET
This evening will be thrown open the elegant superb
saloon with the extensive promenade gallery attached
Four young ladies and equal number of gentlemen
engaged, and will enrich the evening with a vocal
riety. The orchestra has full band. The Wines ice
uleps and refreshments of the first selection
AID under the best direction The proprietor


make this saloon of the most elegant retired and
agreeable in the CITY, As of his nten
tons he invites full attendance of all his friends
bath patrons to visit him at his Saloon this evening par
axe Of his opening benefit and judge for themselves
his arrangements",,The New York herald. [volume] (New York [N.Y.]) 1840-1920
1842-11-18,"NEW AND GREAT INVENTION.-FRANCIS'S
~ HIGHLY IMPROVED MANIFOLD WRITER'S
By this wonderful invention letter and duplicate be writ
operation, with ond greater facility than
single letter with an ordinary and INK 49,


To the mercantile, PROFESSIONAL and trsven of the
community this truly of infinite value
saving time trouble and expense. The principal
be de, ed from the manifold writer that
bic the and without necessity OF using either
nkand PEN The instrument used for writing
point Consequently IL by For banks,
Offices chants Of business generally, lawyers
editors reporters public officers, and all who
DESTROYS OF preserving copies OF their letters do umen
wing copy OF what they have written this will be
found invaluable.


Franciss Manifold Writer has been successful opera
ton during which time the has had the
pleasure Of receiving the unfegned appreciation Of all whose
appreciation has under At the late Far OF the Amer
three able chemists the country who


to be contrivance and not liable
70 change color by exposure TO mosure chemical agents
Consequently medal was awardedby he Institute


The proprietor has lately made great in this
article, The paper the best quality in the
his order The ruling OF them, which has FOR time been
thought impossible has length been brought perfection
for which copyright has been secured The copying books
bound in Of forms and Sizes vnJ ing IN Price from
so cents and upwards.
their advantage procure the article, they meet with
ready sale liberal deduction made TO those who buy by
wholesale.


Newspaper or magazines throughout the country copying
the above enre without alteration abdgemeot includiDg
this notce) and giving Il twelve inside Insertions shall
ceive copy subj their order by sending contain
ing the adve the Office Of the subscriber.


LEW > FRANCIS, 80 William street


oil Im.r Maiden Lane. New York","

TAKE NOTICE.


NfHMa Up GSfEk E6AyE H9G WkHEks",The New York herald. [volume] (New York [N.Y.]) 1840-1920
1842-11-18,"The subscriber announcing his for the year
1872 appears befope his friends with OF
pcc the able support he has received for
He likewise wishes call the of those intending
send for their friends residing England Ireland Scotland
and Wales that they all times be accommodated by this
the well known different lines packet ships sailing and
from Liverpool the ls 7h 18TH 10th and 18th each month
throughout the year.
1t has always been the study of the subscriber have
emigant shown civy and despatched without delay, and
hoe who send for their friends may satisfied that
TO those sent for well all who may embark with them,
and should of those whose passage has been paid
lark, the money will be refunded without any charge.


The subscriber feels pleasure making known the differ
en shs by which his during the last year.
which has satisfaction and that he has consdera
ely extended and concluded his for the 1912
The following list OF ships ..'.Ir
Ships Scotland Robinson. Ships Albanian, Lane.


Fairfield, Wilson. Printoe, Hopkins.


frankfort RUSSELL Tyrone, Speare


Russell Glover, Howes Wales, Watts


Hibernia Wilson. Westchester, Ferris.


Alfred, CheeveL Osceola, Childs.


Clifton, lngersoll. ST. Cloud Emerson


LOUSY lille, Allen. New York, Niven


Sobieskie, t.me rson. Warsaw, Griiths


Oswego, Wood. Ocean, Willard.


Talbot Storey. N. Hampshire, Harding


Panhea, Goolmanson. Robert Isaacs Tmeman
Virginia, Eaton Europe. Batcheldor.


S. Jenkins, Sc ynour.
free passage different ports Ireland and
and also be secured and drafts furnished for amount
payable the National and Provincial Brnks of Ireland and
their respective branches and also Messr W. Robin
son. Liverpool which paid free charge throughout
he United Kingdom. .t


JOHN HERDMAN, 81 South street. +
.ltC J. & w, ROBINSON, 10 Goree Piazzas and
aul6 No. Neptune St, Waterloo Dock. Liverpool.","NEW YORK AND LIVERPOOL REGULAR COM


MERCIAL LINE OF PACKETS.


Sailing TO and from Liverpool Weekly.


~ 40 IL @.
OLD ESTABLISHED PASSSAGE OFFICE, 81 SOUTH",The New York herald. [volume] (New York [N.Y.]) 1840-1920
1842-08-19,"A FEW IMPROVEMENTS have been made upon Fsk's


""A Patant Novelty Cooking Stove rendering impossible


that any difficulty should with when managed by
who has had experience the of kind Of cook
The Novelty Stove the only coo'tove which has
been got within the last three upon entire


neie all others being combination Of old plans remodsd
pattern, bearing
the sale without regard utility economy The No
velty Stove warranted all every purpose
for which recommended. be returned and the
will be refunded The which much larger than
perfect brick The fixtures which num-
neatly twice large be used upon any other of
size. Among the extra fixtures large boiler
Ing 80 gallons IA barrels large gddle, which will
bake % Ordinary sized buckwheat cakes az once large tin
suitable for any sized kettle, from 2biel cadron small
brass kettle The Stove only needs be examined convince
any that lis perfect simplicity and peculiar adaptation III
culinary purposes fully merits the high favor which has gain
Stove Establishment 2O9 Water street The public
toned be decey by those who advertise their
being the same principle of the Novelty Stoves"" no
made this principle by Mess Fisk
their legally authorised References given the store
Water eight hundred who have them
In in this CITY. msr","IMPORTANT TO
I'll O u 5 F. X T. f. p F. r S.",The New York herald. [volume] (New York [N.Y.]) 1840-1920
1842-06-29,"Before Judge NOAH and Aldermen Crolus and Smith.


JUNE ga servant girl named Catherine Haley
clothing from Michael Kerwn. loafer looking biped
named William West who had stolen a coat from Jerome
Simpson while at work his premises engaged in car
ryIng in sand sent up for 80 days Thomss Mooney
and Ann his wife, tried for and battery on
Mary Jochrin wife Of Michael The dispute arose from
attempt dispossess the defendants from premises
cupied by them without proper precept the Court
considering that they had been deprived Of portion Of
their rights dismissed them with reprimand A preco-
cous yosg thief not over ten years of age found
guilty of stealing small change various times from the
money draw OF Isabella Curot OF 207 Hudson street
discharged after considerable parley between his f.her
and the court and the former promising to bind him ont
black, stole a cap from Bill Green, one Of her
color, then hired q cab for Thomas Zabriskis az
paid Inc fare with the stolen cap wa. sent to ts
stealing small l. Of female clothing from
Patrick Riley. wa Tor 30 days. rough
looking customer s'<sn. Devine convicted Of
her was broA.- aad sent to the pentenary1or
three months. long SHERMAN, named Patrick Donoho.
charged with kicking upa shindy at groggery kept by
named Hugh McLellen sent for 80 days for boat
ing John ii. Michaels, and watchmas named Gulnack
Ann Wilson stole bottle of ell but let 60 on
promise to behave herself An old woman named Ca
Uterine Murphy for stealing two ladies' hats from the
store OF Hiram B. Gray, was sent up for the twencth
time TOR % days Rather decent looking woman named
Dorothy Ann Mccormick was tried for stealing shirt
from Samuel Morse, which found her back, and
acquitted. Ned Williams black fellow, charged with
stealing umbrella from james Moran was discharged,
stealing umbrella and returning it being crime In
common law stout strapping sailor named james Will


tried for stealing between and two hundred
up for six months The Court stated that they
should punish with the utmost severity these long
thieves as the property oowners Of vessels much
exposed that became to make example of
every person convicted before them. loafsr named
William Buchanan for stealing eleven sheets from Ra
phael Aiken. sent to the City Prison for 20 days",Special Sessions.,The New York herald. [volume] (New York [N.Y.]) 1840-1920
1842-06-29,"Correspondents oil the HeNld.l


UREA, June %, 1912.
Rcligion-D issensions-Is nipcraEe-Ihe Mormons


Military.
JAMES GORDON BENNETT, ESQ.,


For the last two months the affairs of our city
have remained in aatu quo After the thunder
storm, all is calm and clear


About three months since the peace Of our Zion
was most seriously disturbed; there is hardly
church in our city but that has been rent in twain
The big church Gas it is caed) isnot hourshins. ""A
Rev. Mr. Porter of your city, has gained possession
OF the pulpit after hard fought battle, and many
members of the church have evacuateu 1hey are
about TO send after the renowned Elder Knapp, who
they expect will build up the breaches and hunt up
the lost sheep. Abolitionism reigns triumphant;
torn asunder There are two thrice party churches
supported principally by the munlficence of the abo-
l;t,nn candidate for Governor, Avan Stewart
Temperance has burst IN upon us like n storm.
and swept everything far and wide. The adie.
have walked into II with gloves of; meetings have
been regularly held every Sunday evening for thir.
teen months.


The Mormons, Mr.. l.. l.. D., have church CON-
posed OF several hundred members, under the SUI
apcrtec rush, and, nact, among all our Christians
they are the only ones that seem firmly united in
a good cause


The Utica Citizens Corps, and the Utica Ligh
Guard, made magnificent display Bunker Hi
Anniversary. For good discipline and fine appear
ance, they challenge comparison with any In tn
State. They will visit New York in the course o
he summer when you will acknowledge the truth
Of all say. Yours,","

Correspondence Of the Henld.1",The New York herald. [volume] (New York [N.Y.]) 1840-1920
1842-08-12,"MADAME RESTELL'S PREVENTIVE POWDERS


1Thcse invaluable Powders have been
in Europe but France particular of thirty years
well by housandsn this country being the only mild
safe and ecacous remedy for married ladies' whose health
forbids rapid increase Of family


Madame Restell well known for thirty years Fe-
male Physician the principal Female Hospitals in Eu-
ropehose Of Vienna and Parwhere favored by her great
experience and opportunities she attained that celebrity
those medical science specially
the female frame for which her medicines
vailed, well in this country Europe Her acquaintance
with the physiology and Of the female frame enabled
he-by tracing the decline and i'll health of married females
the meridian Of life and the consequent rapid and
often apparently nexpcabe which consign many
nve knowledge the primary Of female ndsposi-
the discovery her celebrated Preventive Powders %
Their adoption been the Of preserving only
the health, but the life of aeconate wife and
fond mother.


The advertiser feeling the importance of this subject and


matng the vast benefits resulting thousands by their adop


ton would most respectfully arouse the attention of the


not wise and to prevent evils TO which we sub
aispsssions yTuous and enlightened mind will pnh stat
tell recommends eyer fecommended Price five dollars
be forwarded by mail to any part of the United s,ss
TELL Female Physician Principal Office, Ias Greenwich
street. New York Office hours from AM. TO clock M.
Boston office No. Esse1 at. jy23 lmsr",TOMARRIED LADIES.,The New York herald. [volume] (New York [N.Y.]) 1840-1920
1842-08-12,"Il
FROM THE CT, GELEBRATED ROYAL BAVARIAN
kAkOCZY WATER on the European continent, has the
reputation Of being the muatc saline water
known TO the Medical Faculty.


The Rakoczy has acidulous saline flavor, and being
powerfully pomotve of secretion and excreon purfyer,
strong solvent and AT the time STRENGTHENING without
heating il like Wesbadep and Karsbad (wihout njur
ing the somach) potent diuretic specifically the
liver the sysema venar. port and uterine SYSTEM and ds
pang existing obstruction The disorders and diseases
which this water has manifested the most decidedly saubous
effects, me following al affection. Of the
branes and the digestive organs arising from
local debility, combined with inactivity of the intestinal trac
tus want of appetite aulsncy bloatedness and OBJ
structon In the liver and sysema hsmooda af
fecons against which II has proved most tmedy
likewise against b) hypochonda Spleen when based upon
organic affection c) disorders Of the chest and lungs asthma
tic attacks from phlegm and specie morbid deposits such
equity, hepeuc and psonc arrangement of the
tem regularity menstruaon scanty copious
menstrua,on stery, anomalous hemonho,ds II albus in
so far as these disorders originate from local weakness obc
tons and plethora abdomnas e obstinate rheumatic and
equity affections, especially when obstruc
tons in the lower region Of the body above all in the
system discovered ~ chronic diseases Of the urinary
Blenorrhee hemorrholds the bladder spasms of
the blade ~ plethora and obesity h) chronic
taneous disorders debility Of the skim which manfe tsen
disposition prose perspation Susceptibility
tendency to colds ID glanduar swelngs nduratons from
scrophula and other causes.


Regular shipments constantly received.


fresh supply just landed per Venea via Rotterdam.


FLORIAN STRAUSS, 500 Pearl STREET


Sole Agentin the United States.
To be had also Of MIR. Fornbach Of Rsade Hud","MISCELLANEOUS

MINERAL WATER,",The New York herald. [volume] (New York [N.Y.]) 1840-1920
1842-10-18,"IMITATION Of ""Clrehugh's Tricopherous,"" for the
""A human hair, the West and deleerious


at present attempted be palmed of the public under the
same The who makes that the
same as the originals md purchasers
Medicated Compound secured by letters OF the
States and the public thus protected
useina the Ingredients


letter received from Washington states that Cehaghs
TncoIherous the only article Of that for VIII
has been granted and compound Of the


The ogna and genuine Bsdness and Grey Hair and
application entirely relieves the head from Scu and Dam
Diff


Price 81 bottle Principal oces 2o5 and GOT Broadway.
corner Fulton To nt Paus church. ola 3tsr","COLUMBIA CoLLEoE. New York.

COUNTERFEIT OF CLIREHUGHs
TRICOPHEROUS",The New York herald. [volume] (New York [N.Y.]) 1840-1920
1842-11-21,"Your kind letter was received this morning II Is truly


great satisfaction find that II weighs nothing with you
and friends have been condemned by just twelve
men. Onehalf doubtless prejudiced although they
may not have known ii. Several we now know had ex
pressed opaon that was hostile before the trial Thee
Is SO much said here by the press all such affairs that


man is first tried and condemned without hearing
There is many honorable, worthy, and upwrght man
MANY consummate scoundreL The good and just mean


ing among them are consequently often forced into such
unjust reflections. Many editor catches half his ideas
rom rival prints and not from the multitude and being
honest himself he believes his contemporaries to be SO
likewise consequently, ignorance, falsehood end preu
dice are and the people placing too much
confidence m what they read led in errer an give
vent TO feelings and expressions that they in their cslmer
moods would lament could they but see correctly, can
WAS facts and separate truth from fslsehood man must
have been blind not 10 have observed this Every thing","PErsoS HousE, Feb. 8, 1912.

",The New York herald. [volume] (New York [N.Y.]) 1840-1920
1842-03-25,"The weather during past week has not bcenvrry IA
ycrabe outdoor business and upon the whole it may hc
SAID that for the the year business oi all kinds
excessively dull The Spring Sale OF Books 10 the trade.
commonly called the Trade Sale, commenced in this city
Monday morning and continues throughout the week.
The sale is well uened y booksellers from all parts OF


uRon but except for The very choicest stock the sales
have been extremely low prices Money not exactly
scarce bu confidence ,orender difficult
lokecp in The channels OF trade. Our Merchants and our
Banks have considerable country PAPER returned 10 them
under protest, Blu, it's thought that t opening OF the
canal, country merchants will be able push their produce
through market, and that they will generally
bt able 10 pav NJ.",Trndc of fhc civ.,New-York tribune.
1842-06-13,"THE MONIToR-This The title given treatise show;


the symptoms consequences, and of
the diseases called private their best modes Of treatment
plainly described the remedies proper their different
stages with useful hints important advice and all necessary
directions to enable the paten. effect private prompt and
Monitor with the fullest confidence containing does the
fruits Of devoted experience practice and
successful Nor does he deem
than this that the Monitor has reached the seventh
ton. ~ +.


70 Sold for the proprietor, only Apothecsrc, Hall Go
Prince Marion here also Lay be had Dr. Joranh
Specific Corscs No for the ocp gleets all
trsl discharges aud Gsse No. O. for the permanent Of
every medicine, wah and requisite needed for
ternal or external They excite suspicion loss


Go Prince street, Of Marion, 3 blocks Of
Nlo Gardens Private entrance 69h Marion street. door
10 un2i init",,The New York herald. [volume] (New York [N.Y.]) 1840-1920
1842-06-13,"DR. CARPENTER at his old moss-covered Dispensary.
~ No. Peck SLIP Pearsreet continues administer
70 the afflicted and unfortunate and extend them such


lief early collegiate and regular medical education
nearly 80 years constant practice and daily familiarity with
cry grade and variety Of disease essentially enables him. Dr.
eey Scainis no equvocs foreign honohas separate pr-
yate Offices and entrances for the privacy Of patients who
never come in conactkee assistants shosboys and
deyotes himself personally to the welfare Of his patrons


Patients daily falling victims their bleal effects The
lapus caution The regular practitioner but more mpoa.
tant to the suffering and deluded victim.


M DR. CARPENTER",NO. 4 PECK SLIP.,The New York herald. [volume] (New York [N.Y.]) 1840-1920
1842-02-05,"90 Several nefar ious attempts have been recently
made, especially during this unexsmpled. inG
and unhealthy winter anl the consequent
and sale Of Psasei Horehound Candy to induce unprn
cipled counterfeit article Of unrvslled ce
lebry and many in testing the spurious article have
discovered too late the imitation Personskhould there
fore, be particularly cautions in examining each pack
age when purchased at any but the regular and author
ised agents whose names attached, and satisfying
themselves Of the purity OF specific, hat enjoys
snch universal reputation for the Of ell the Gaia
logue Of diseases incident to season unexanpled for
the numbers Of coughs, colds consumption, pleursy
and deaths from inatention and indifference 10 the first
SYMPTOMS. Remember the Fountain Head 10 OF las Dr.
vision and its streams now through every respectable
Philadelphia, Pa; Rcddng los State street Boston, Mass
Rawls Co. 81 State street, Albany Robinson, ITO
Baltimore street, Baltimore",,The New York herald. [volume] (New York [N.Y.]) 1840-1920
1842-07-15,"IA FREMONT HOUSE, Chestnut street. between
1.:H Third and Fourth Phlade phia-The subscriber hav


ing taken the above house, lately in the occupancy of
Captain Martin respectfully informs his friends, and the
Yelling public that he is now prepared to furnish comforts and
accommodations unnvaed by any establishment in the
country.


The Of the fremont large and airy furnished
with bedding, attended by the careful
The proprietor atters himself that he will lose any the
ully accorded him. whilst of
the Indian Queen"" The Laier shall be kept constantly
supplied with all the choice productions of the market
Of the city.


The Wines (many of which have been above thry-two
bottles of the propretors selection,
imported by him from Ge Oldest and celebrated houses
OF Europe The cooks in tbs fremont House
the most kliu and celebrated in their line and the
other careful attentive and obedent The whole
tabhment being under the of the
proprietor hms IT, which, with his long and well known expe
Renee in hotel keeping will his guests all that their
every want will require.


The location of the house being the immediate vicinity of


the Exchange and Post Office and the various steamboat land
and rail road denots the theatres and other places Of
offers TO the of business of lee sngu-
lay at facilities for the prosecution Of their designs vs
ting the city.


For the better accommodation of Ladies' private
is attached to the house, opening Chestnut street.


Regular boarders will be taken the accommodating
terms BERNARD DUKE.


The following papers will publish the above and bills
with paper marked Tremoun House Berks and Schuykl
journal, Keystone harrisburg, Lancaster lnegencer Pitts
ington Globe, do. Madsonan, do. ntege.cer Savannah
Georsan Charleston Mercury Augusta Chronicle Doyes
town Democrat York Press Columbia Spy, Trenton Empo-
rum, New York Herald, New York Truth Teller Holidays
burg Standard Germantown Telegraph Delaware Gazette,
wilmington je22 law 3wr",,The New York herald. [volume] (New York [N.Y.]) 1840-1920
1842-10-10,"Peters Cordial Lozcages specific for the relief of
sick sadache ownes Of spirits melancholy
and debility either from previous disease free lv
ing tremo Of the stomach, ability Of the nerves.
tgue papitstion Of the From efficacy the
PETERS VEGETABLE SHILLING STRENGTHEN.


ING PLASTER.


This only the cheapest but the BEST neaest and most
comfortable plaster in existence.


Peters Shilling Plaster easy and effective remedy
the side somschweakness pain the
chest oins back-stness Of the neckaections of
limbs JOINTS whether produced BY riemssm other
seshabitual head stomachp,e colds coughs,
liver complaints weakness OF the spneTredupositon break
bes and pimpes essness Of the frame, and for
raj debilitation. -.
Let any person afflicted above try Of Peters Shilling
Pasten and Will that he could not be
vailed discard again. for most probably for hun
dred doars. Price ~ i-2 cents. - -
Principal Oces, l23 Fulton Of Nassau and $50
Broadway and % North Sinh Philadelphia IA lmer",CORDIAL LOZENGES.,The New York herald. [volume] (New York [N.Y.]) 1840-1920
1842-09-11,"MO BEEKMAN STREET, (under Lovejoy,s Hotel
~ Park Row. Established for the cure of Cancers with
out cutting malignant ulcers liberated Sore Throats Scrou.
ous Scorbuc and Cutaneous Erupons aud Diseases pr
incident both sexes their various stages
radio Al waantedhe charges in every case moderate
stated when the patient applies charge being required until


the is perfected medicine put for the treatment and
with copious printed directions for All persons su
erng under diseases aggravated 70
call and they will be treated by regular practitioner Of 90 wears
experience whose medical and surgical diplomas are esh;
bitsd his Office No. Beekman street New York


tunsr",MEDICAL OFFICE,The New York herald. [volume] (New York [N.Y.]) 1840-1920
1842-09-11,"Corn Doctors. from Paris,


DEG LEAVE to inform the inhabitants of New York, that
ID they will be happy wait upon all who desire their
Mons and Mad Bernard have been practcng in the
United States but few months and in that short time have
and Others the benefit and comfort which they have
ceved they have been attended by them They have
honor inform the public that by and peculiar method
they excate Hard and Soft Corns Bunons, Caosies &c
without cutting Mons and Made. B. do not attempt offer
nosum requiring or faith to ensure It's efficacy but
confidently those who suffer from troublesome and
painful Cos that have the satisfaction Of carrying
away their tornentor, the Corn, in their hands,
Mons and Made. have their upwards of
thousand from those who have relief
their hands Mons and Made B. have praetced their profess
several years Germany France and England and
have acquired great skill and much practical expeencea fact
by certificates from the celebrated En-
gh French and German physicians as well as from several Of
the nobility and gentry OF those countries delivered them
after four years cure The operation win occupy
than minutes and the relic that the
thus dately their shoes and walk
without the least Inconvenience.


Ladies and gentlemen will be waited at their resi-
dence II they desire II.


At home the morning from Till IL, and in the afternoon
from 2 till o'clock


Once at Boston, Isl Courtst. Jy8 3mer","CORNS, COINS. CORNS.
Murray street.",The New York herald. [volume] (New York [N.Y.]) 1840-1920
1842-05-17,"C. TIE LITTLE GlPSEY GIRL AT THE AME-
rcan Museum continues please and es.onish all who
hear her She be consulted privately throughout the
day The Indian Warriors and Squaws remain here ano-
ther week Winchel appears in his most comicai cha
racters, including the Snowman and wild animals the
Chatham street Auctoneer, Quack Doctor, Petogger,
Irish Woman, Yankee School Teacher and Scholars,
Dutchman, SC. sc. Miss Rosalie, the sweet singer ana
Celeste the dancer engaged this week. barnum
offers $40 to person who doas not have all doubts re-
moved after witnessing his wonderful experiments in
Animal Magnetism. The best shngs worth oil
amusement in the city be found at the American Nu-",,The New York herald. [volume] (New York [N.Y.]) 1840-1920
1842-09-10,"Before the Recorder, Aldermen Bonnel and Car


man,


SEPT. 9-Henry Jenkins, for stealing purss con
tanning SI7 from Moses Dessau, was sent up for
months Jacob Pifiers for stealing piece Of calico
worth SO from l.. Thirty ~ Co, three mooihs -
Richard Condor and Patrick Dempsy, charged with
stealing a pair Of boots from Jacob c. Tracy. Was
acquitted John C.. Heller, for stealing three watch
es worth SIS from John Cooke. an months Lewis
Johnson Tor beating hls wife, three months. DAVID
Souhwick for stealing boat from sloop Democrat
worth SIS. three months. Peter Fleet, his accom-.
pllce and opal"" was sent up for rs days. James
REYNOLDS black for stealing a small roll a canet-
ing from the ship Gladiator, sent 20 city PRISON ten
DAYS Margaret Grain Tor stealing bag of down
from Sarah Smith, six months. Elizabeth P,ger.
black for stealing s. worth OF wearing appsrel from
Eliza Mills was sent TO the city PRISON for ten DAYS
T. w. o. Farrell, charged with stealing COW found
running at large belonging 10 Peter Blair, was dis
charged John Field, for assaulting his wife and
also city Waterman, was sent up Coz six months On
each offence.",Special Sessions.,The New York herald. [volume] (New York [N.Y.]) 1840-1920
1842-06-06,"N3- AMERICAN MUSEUM AND GARDEN.-About
the greatest crowd that has visited the American Mu
scum VIII be sure to flock there this day and evening to
inspect the splendid grove and flower Garden laid
the top OF the Museum. This is the delightful i'm
provement for citizens and strangers that ever been
made here The Columbian Brass Band will play here
throughout the day and all day visitors are admitted
free in the evening, this will be reg holiday here
The performances in the Lecture Room this week are of
superior ORDER and may expect therefore to see this
establishment thronged usual with the beauty and
fashion of the city.",,The New York herald. [volume] (New York [N.Y.]) 1840-1920
1842-07-26,"THE GREAT BOAT RACE will come of At the Elysian
Fi-ld-, Hoboken, on ""Wednesday, the 27th July


The First RAJ between 10 feet working boa;sdstapce four
miles. This will off half past o'clock for
rize Of twenty-five dollars Eight boats have entered
for this


The Second Race distance five miles. will he for prize Of
dollars dollars entrance which will be added the
purse and the winning boat.


The following Boats have been entered for ibis raceVeto
Experiment. Sam Slick, and Ephraim Smooth.


This will be the that took place the
cnity of New York. all the above boats
the world, and entered under fictitious names.
Those who fond Of witnessing such manly ey
bons should miss the present opportunity will be
of the ares and greatest that took place.",,The New York herald. [volume] (New York [N.Y.]) 1840-1920
1842-07-26,"90 AMERICAN MUSEUM AND GARDEN-Al
persons who spend few hours at this immense establish


ent almost endless varsity of amuss
m-nss produced here for twenty-five Certainly n
place OF resort in the city presents quarter part Of H.
attractions found here and this for the crowd
houses which daily found here. Besides five larg
halls crowded with curosites of every description
have the elegant model of Dublin Grand Cosmorama tn
performances Of the nmitable winchel whitlock Dia
mond. Albno Lady fortune telling Gipsey Girl, Mis-
hosaiie NC, besides Animal Magnetism, Balloon Ascen
sions Fancy Glass Blowing and lots of other attraction
too numerous TO mention.",,The New York herald. [volume] (New York [N.Y.]) 1840-1920
1842-07-26,"1913 Broad,cay Corner Of Anfhony-a)
p MOUKQUIN has the honor ofnfonins his friends and
ration IL the largest and the best which has been
fecd to the American public The large and well
ventilated which them the advantage OF being always
cool Parents Professors and Gentlemen invited % visit
this establishment, which, the Croon Water
Works will be III OPERATION will be added sho BATH for
he Of the Subscribers TO the Gymnasium.


The Shooting Gallery being entirely independent Of the
Gymnasium, persons lng practice pistol firing do
II without being subscribers to the Gymnasium.


Fencing lessons given usual on moderate terms.


Open day break. and close half past ~ nirht.","GYMNASIUM.
FENCING AND SHOOTING GALLERY",The New York herald. [volume] (New York [N.Y.]) 1840-1920
1842-11-28,"The subscriber announcing his for the
1872 appears befope his friends with OF
pect the able support he has received for past
He likewise wishes call the attention of those intending to
send for their friends residing in England Ireland Scotland
Wales; that they times be accommodated this
the well known different lines of packet ships sailing and
from Liverpool the st M 18TH 10th and 18th OF each month
throughout the year.


always been the study of the subscriber have
emgrants shown cty and despatched without delay, and
shose who send for their friends satisfied that
due and dgen attention will be by the Liverpool
those for well all who may embark with them,
and should any those whose passage has paid
Jark the mouey will be refunded without any charge.
The subscriber feels pleasure in making known the differ
SHIPS by which during the last
which has satisfaction and that he has consdera
extended and concluded for the 82
The following is list of ships -


Ships Scotland, Robinson. Ships Albanian Lane.


Fairfield, Wilson Pntice Hopkins


Frankfort, Russell. Tyrone Speare.


Russell Glover, Howes. Wales, Watts.


Hbernia, Wilson, Westchester Ferris.


Alfred, Cheever Osceoa, Childs


Clifton, lngersol. ST. Cloud, Emerson.


Louisville, Allen. New York, Nven.


Sobieskie Emerson. Warsaw, Grifiths


Oswego Wood Ocean, Willard.


Talbot, Storey. n Hampshire Harding


panthea, Goodmanson. Robert saacs, Tueman


Virginia, Eaton. Europe, Bachelor.
and be secured amount
payable National and Provincial Brnks of Ireland and
their respective branches, and also W. Robin
Liverpool which paid free O. any charge, throughout
he United Kingdom


For further particulars sGrly H r $,


or J.&w ROBINSON is dor.e Pisaaas, and
M I at loo nor","MERCIAL LINE OF PACKETS.


Sailing and from Liverpool, Weekly.
~ M kk IL
OLD ESTABLISHED PASSAGE OFFICE, 81 SOUTH",The New York herald. [volume] (New York [N.Y.]) 1840-1920
1842-05-12,"MEMBEK OF The ROYAL, COLLEGE OF SUR
VI GEONS of London and Edinburgh, and of the Medical
College Of Philadelphia confines his practice select branch
of his profession.


"" Nout empta doloIe volumtus


Dr. encouraged by the uniform attending his
mode of the of yenereal glcets
seminal weakness and mecua affections ether with all
those other bad symptoms which undermine the constitution
and lay the foundation of decay, either from NAL
treatment any other Ia SUCH persons the appetite is
generally defective aud the relish for life almost subdued
Hi, mode universally admired-is medicines
being the and smell gently the bres
and that tensy, what good diges
requires. His treatise constitutional nervous debii-
"" afods very observations sexual debility,
nna weakness and mpotency brought by deuye habits
all attendant symptoms ghysioog.caly explained This
Doctor be consulted al all hours of the day and night


Letters post paid Will receive immediate attention.


ala Inns",DIR. FAWCETT,The New York herald. [volume] (New York [N.Y.]) 1840-1920
1842-05-12,"HAIR OlL.-There oil in the world that do good


bad to the hair Every body knows that when the hair
burned will grow again good All the powders
for dying the hair nothing but of lime aud thage
and the hair dyed but literally burned Liquids for dying
the hair compositions of caustc and spirits that burns the
the powders and don't dye the hair, and the hair
will grow no matter how many times it is burned and every
begins grey and badness follows From experience
Of twenty being hair and having the opportunity
myself great congestion known Pastors Hair Oil or
Compound Essential Oil Of Almonds for destroying dandu
preventing the hair from coming and turning This
mitabe Hair Oil will make the hair well, matter how
much dandiuif or soreness is on the head.


For sale wholesale and retail A. PASTORS Hair Gutter les
Greenwich street, New York Price 80 cents bottle.


IN",,The New York herald. [volume] (New York [N.Y.]) 1840-1920
1842-02-10,"90 AMERICAN MusEuM.-The manager here still
keeps making improvement and adding new curosities
to the immense collection which now exceeds that of
any five museums in the Union. every day brings
something new"" and verify believe that visitor
might spend hours here for twenty successive DAYS and
yet each visit discover curoses hitherto
looked splendid place of resort for ladies' and fa
offered to examine the wonders of nature and art
lady is constantly in waiting to point the various
curosities female visitors. The performances though
strictly chaste highly amusing The sweet singing
Of Miss Taylor wins universal admiration and the comic
dtes of the laughter provoking T. G. Booth keep the
his songs and sings them inimitably The dancing
Of Cerite and Henry admirable. The Model of Dublin
and Falls Of Niagara with real water continue to draw
admiring multtudes.",,The New York herald. [volume] (New York [N.Y.]) 1840-1920
1842-11-05,"The subscriber announcing his arrangements for the year
1872 befope his of
able support he has received for past
He wishes call the of those intending
send their friends residing England relad Scotland
Wales that they all times be accommodated by this
line, by weekly opportunities from Liverpool as well as by all
the well known different lines Of packet ships sailing and
from Liverpool the st 7h 18TH 10th and 18th each month
throughout the year.
II has always been the study Of the subscriber have the
emgrants shown cvlty and despatched without delay and
shose who send for their friends satisfied that
those for well all who may embark with Them
should Of those whose has been paid
lark, the mouey will be refunded without charge.
The subscriber feels pleasure making known the differ
SHIPS by which his during the last
which has general satisfaction and that he has consdea
extended concluded his for the 1912
The following is list OF ships


Ships Scotland, Robinson. Ships Albanian Lane.


Fanield Wilson. Pnntice Hopkins.


Frankfort, Russell. Tyrone, Speare.


Russell Glover Howes. Wales, Watts.


Hibema, WILSON, Westchester Ferris


Alfred, Cheever. Osceoa Childs


Clifton, Ingersoll. St Cloud Emerson


Louisville, Allen New York, Niven


Sobieskie, Emerson. Warsaw, O}niths.


Oswego Wood. Ocean, Willard.


Talbot Storey. N. Hampshire, Harding


Panthea, Goodmanson. Robert lsaacs Tueman.


Virginia Eaton Europe, Batcheldor
free passage the different ports Of Ireland and Scot
land also secured and drafts furnished for
payable TIE National and Provincial Brnks Of Ireland and
heir respective branches and also Msss W. Robin
Lyeool which paid free o. any CHARGE throughout
the United Kingdom.


'' ''''''' 'g oiY HERDMAN, 81 South street.


j.. w. ROBINSON, i6 Goree Piszzas, and
aul6 No Neptune ST.. Waterloo Dock. Liverpool","MERCIAL LINE OF PACKETS.


Sailing TO and from Liverpool Weekly.
~ @ IL @
OLD ESTABLISHED PAssAGE OFFICE, 81 SOUTH",The New York herald. [volume] (New York [N.Y.]) 1840-1920
1842-11-05,"NO 3l3 BROADWAY, NEW YORK.


NHE subscribers respectfully their friends
public in general they have just finished newly invented
called the Transporting Piano Forte, which they
introduce the musical community.


This Instrument forms beautiful rich and exterior
bot shape and besides full, brilliant aud
meodou The great advantage derived from this
uon that music may be ansposed into any key desired
SUIT the vocass Tor accompaniment other
ment and therefore worthy the attention Of the
we'll as the artist.


large Of Tablet Piano Fores, rosewood and
mahogany and 81 octaves with French grand
also constantly kept hand all of which respectfully sub
init to professors and the trade in general
warerooms and mandatory, above.


NB-fano Fores taned and repaired the shortest
tice.","NEWLY INVENTED TRANSPOSING


PIANO FORTES.",The New York herald. [volume] (New York [N.Y.]) 1840-1920
1842-11-05,"MAGNOLIA LUNCH.
CORNER BROADWAY & CHAMBERS STREET


The fropretors OF this ell known desire
to their friends aud the public generally that the
Tor she'll hsh having commenced the
for constant supply of the finest the market ahods-
Pona Shrewsbury and all kinds winch they wall serve up in
every style, and at moments notice.


steaks and every delicacy OF the may always be
und here IN style desired by the lovers thugs
supper parties entertained, and Meals served all hours


entlencn dining down will find this desirable
being within two minutes wall OF the City Hall.


The popeors return their thanks for the liberal
bestowed, and hope BY business they will
share OF custom. CHICKEnING x CARLISLE
las",,The New York herald. [volume] (New York [N.Y.]) 1840-1920
1842-12-19,"THE CANTON TEA COMPANY continue to offev for


sale and fragrant Tea. of every variety and style
Their specially includes the delicious and
powerful grades Of Green and Black Every package bears the
thoroughly secured from light and air that their quality and
power Will remain unmpaired in climate Their system
DC business perhaps scarcely be excced


founded upon the utmost regard TO the right, of he custom
vailed cbeapess All pntcbaee Az eaed 1pon ~ return ""n
articles which fail give them the fullest ssisction, which
the money will be chscfully aud promptly refunded
try merchants public heads Of families and
shipmasen will find decided advantage to supply them
selves from this establishment.


Coffee roasted every day.


Orders from all parts Of the United Suites executed with
prompttude and des PATCH


10 The only warehouse in America for the sale Of Hou.
quas celebrated Black Tea. d6 imsr","UNITED STATES


TEA MPORIUM,
l2l, late l@ Chatham street, Nne York.",The New York herald. [volume] (New York [N.Y.]) 1840-1920
1842-12-27,"Astral Lamps, Hall amps and Lanterns Reading Lamps
&c.


article OF Solar Lamp very superior article.
Also article Of Defiecter tor improving the gh of
the old pattern of Astral Lamp. II = ~
Also. style of Forentine Bronze, color immovable


Together with every of Lamps and Chandelier for
churches, halls and public buildings.


PLATED WARE. =
Baskets Casters Trays Toast Racks Candle sticks Ma pkin
Rings Butter Tubs butter and Fruit Knives, Shutters and
Triys, Coffee and Tea Ums, sc. wv


Fine Table Cutlery and DOZENS Japanned Tea Trays
~ great rsnty Of patterns and orms fine glass Bowls
Pitchers Tumbles Dishes Goblets, Decanters Water Bot,
ties, Sugars, Sc sc. $50 800


W. H. beg iully inform their friends customers
and the public general that their with the
nnfacur sucnt atthey sell all articles in their line
kab low and specially call
AID their shown which alone sufficient compen
for the troub HE s22 3mSr",,The New York herald. [volume] (New York [N.Y.]) 1840-1920
1842-12-06,"90 BAnSuM ofthe American Museum, Is always cons
irving something new for the qualification of his visitors
As editors he lets us occasionally into his secrets and
can say that to knowledge he WILL in the of
one or two weeks present of the most extraordinary
novelties that has astonshed the world. On Thurs
day next Thanksgiving Day he will also exhibit for the


first in this country the most wonderful living curl
osity seen in New York. There mistake about
this we speak by the card SO be tho look out for
Thanksgiving Barnum has now several agents in for
egn countries collecting novelties for exhibition ct his
establishment One gentleman ssilcd Portugal pur
roely for him last week. another leaves this week for
Engand wnchel performs this week for positively the
last time His Old and Young Nick beats all creation
The Gipsey Girl yesterday removed the Miller delusion


from many minds. Her evidences scriptural and con-
elusive.",,The New York herald. [volume] (New York [N.Y.]) 1840-1920
1842-05-15,"Il L
THESE BATHS have been in operation seventeen years


aud the effected BY them has established their charac
the powerful auxiliary medical practice.
of the specific effects Of the Necated Vspo Baths
the effects Of mercury from the system relieve difficulty
of breathing and hence asthma and other diseases the
chest and lungs the absorption Of dorsca humor,
20 rheumatism and all its forms less than
other agent hitherto used also colds umb7go csipeas,
sal rhenm, and seroulous empons Sc IL besides relieves
exhaustion aud fatigue the spirits, tranluixes
irritation clears the complexion and renders the skin soft and
beautiful The Baths from O'Clock in the morning
al nine at night Sulphur baths require hours notice.


Portable baths hip baths and bathing tubs sent of
The D BfonklNn. mil ~","]. p. CARROLL'S OLD ESTABLISHED


INDICATED VAPOR BATHS,
% COURTL NDT STREET",The New York herald. [volume] (New York [N.Y.]) 1840-1920
1842-06-06,"ID Gently from the National Hotel Troy, will reopen he
Marshall House III. 30h instant hotel and boarls
house IS undergoing thorough Iuplir. and will be
complete order and furnished in handsome Style The located
central being the side OF broadway, No 269 tie
OF eade short dstsnc. from the Park and Port
Ohce and but few minutes walk from Wa and the
business of the city The commodous aid
pleasant aud the intention Of the host accommodate the
travelling community and boarers, that shall lie
satisfactory for the prices charged. Ha'ng long experience
catering for the pnbc tae he all that favor
hun with their patronage thai his best eyertions will be made
20 please; and from the situation, is desirable location for
boarding. and cannot but otter NAM Inducements to rerSos
bar will be furnished with choice liquors. and the larder with
the substas and decaees Of the and with attentive
servants and regard for the comfort OF his guests the
Undetermined hopes me, and receive share of paonagc


myl3 3msc r. s. MONROE.
FORT LEE PAVILLION.-1his beautiful and summer


residences oen and IN readiness for the ption of
visitors the house being fitted for gentleman boarers and
private parties. STEPiEN ANNETT, the proprietor Of the
establishment returns his thanks his friends and the public
for their patronage bcsyed him for the last and he


aers himself that ty his usual aud attendance his bu


ness 10 please those honor him either boapcrs
&c. Reles and relrcins hand all Private
parties be accommodated with dinner the shortest


Target excursions and military companies, be furnished
with dinners and wine on short notice.


The pobc may depend the boat running according her
advertisement.


Refer the eriisem-n in the Sun paper for the trips the
boat during the month OF May The steamboat Boston
will make four trips day during the months of June July,
aud August. ml8 lm*r",MARSHALL HOUSE.,The New York herald. [volume] (New York [N.Y.]) 1840-1920
1842-06-06,"THE hONITORThis the title given treatise show.


ing the nature symptoms consequences and treatment Of
the diseases called private their best modes Of treatment


plainly described the remedies most proper for their different
directions TO enable the patient to effect private prompt and
To the unfortunate DR.. Jordan offers the
Monitor with the fullest confidence, containing does the


fruits Of devoted experience extensive practice and
successful treatment Nor does he deem
than this tina. the Monitor has reached the seventh
ton.


U Sold for the proprietor only Apothecnies Hail.
Prince of Marion where also may be had Dr. Jorans
Specific Courses No l. for the ofcp giees and all
thIs DISCHARGES and Course No fer the Of
every medicine wash and requisite needed either
ternal or external They Excite suspicion loss
otme, andar used with safety and unyaryins


o 60 Prince street. corner Of Marion, blocks OF
Nho Gardens Private entrance COZ Marion door
20 the drug store. n2l Inns","Office open until 10 o'clock P. NJ.


PRIVATE CURE",The New York herald. [volume] (New York [N.Y.]) 1840-1920
1842-08-09,"THESE celebrated articles have been used for nearly


-four years. and the greatest proof Of their efficacy in re
moving various diseases for which they are recommended
is demand Cor tcm has been rapidly cressing and
persons have used them only their use
but recomine nd them their friends.


COUGH LOZENGEs.


Are the best medicines in the world for coughs cods CON
.umptiop asthma whooping cough &c, discovered
THE WORM LOZENGES
Are the only articles which fail removing OF
every description, both from children and adults


THE CAMPHOR LOZENGES
Are remedy for sickness and
papitation owness Of spirits and all diseases
The Hon. Aaron Clark, Hon. Edw. J. Porter, Rev. Mr.
Handbook Rev Mr. Dunbar of the McDorga street Church,
have used them. -.
Ofics los Nassau street-Agenis, Rushton X Aspnwss
three steres ,nds Broadway II East Broadway; Cod
drnc,on Hulsan","MEDICINES

DR.. SHERMAN'S
MEDICATED LOZENGES",The New York herald. [volume] (New York [N.Y.]) 1840-1920
1842-10-03,"CHATHAM THEATRE.-The exertions, oalhs, hard
praying, great expenditures-and damn-your-eyes of
Tom Hamblin, only makes Thorne more cool, more
quiet exhibit more generaship, and bring forth his
hidden tact.


The moment that Hamblin engaged Celeste and
tripped up the poor Park, Thorne brought out Sim
clair, the great antique in Italian and Scottish song
but yet as fresh as green old age can make him
including La Compile, the danseuse-a corps of dam
cers-and other matters and things in general and
in particular The consequence has been that the
Chatham is crowded nghtly-whie the Olympic is
so-so-and the Park gloomy. Nothing will do now
days in thearicals but variety, energy, prompti-
tude aid character. This sustains Thorne When
Celeste leaves the Bowery, where will Tom Ham,
bin be 2 At the end of his line.",,The New York herald. [volume] (New York [N.Y.]) 1840-1920
1842-11-06,"ABEKNEIHY'S BOIANICAL FILLS.


ONE BOX of these invaluable Pills is worth all the quack
medicines advertised for certain delicate diseases
the unfortunate assured that there exagge
sorting these Pills to be speedy and radical for gonor
years prescribed by the celebrated Abemethy all Of
cienl few days In long chronic
stages obstinate elects &c they equally certain having
which tended more T. destroy the constitution than cure
disease They leave the the troublesome
cnes They have no UNPLEASANT taste or SMELL and
taking them might frequent the refined society without
having their suspected They composed
trely Of vegetable ingredients which nvgorate the
thecares Hall Catherine and in Brooklyn by Basove,
druggist. Fulton st. oil lm~r",ABERNETHY'S BOTANICAL PILLS.,The New York herald. [volume] (New York [N.Y.]) 1840-1920
1842-11-06,"CAU TO EMACE1S.
MADAME. RESTELL, FEMALE PHYSICIAN. would
IN inform ladies who with proper de,icacy have Iepug
the treatment Of their complaints except by Of their
that in all she attends TO them esonally her
deems state this. she does wish be
class with the continually appearing and disappear
ing advertising Female Physicians who ignorant and
incompetent themselves obliged scarcely less
quack Consulting paIlos and
residence las Greenwich street, between Courandt and Lii
berty Hours Of attendance from A. M. 9P. NJ
ol8 lmsr


WONDERFUL DISCOVERY.
STRIKERS SOLUTION FOR THE HAIR which will
~ change original color few minutes This
.cutisn q from offered and cannot fail of
advantage of identifying the bair without ung its
growth.


Those who doubt its virtues are to have their hair
changed before money If humbugs would
this method there would be complain.


Que trial will prove the fact


Sold wholesale and retail and applied, No Chatham
street, opposite Hall Records New York up stairs",CAUTION TO FEMALES.,The New York herald. [volume] (New York [N.Y.]) 1840-1920
1842-07-15,"NIARRHGA, DYSENTERY, or looseness of the Bowels,
II cured IN few minutes Shemsns Restorative Lnze-
ges They remarkably pleasant md effect immediate
lef-neyer has nstance been known f their failure


FEVER AND AGUE-Sheman's Lozenges for this ted-
and istre complaint without exception the only
article known entitled the of specc for they aw
cure, and the chlls do return.


WORNS-n both children and adults, nfallibiy lie.
stroyed and removed by Sheman's Worm Lozenges-a mil
lion Of boxes sold yearly, and never known to fill


Warehouse lee Agents-l38 Bowery; II East
Broadway Hudson ITO and 1913 Broadway and
Emil ton reef. BROOKLYN",SUMNER COMPLAINT.,The New York herald. [volume] (New York [N.Y.]) 1840-1920
1842-07-15,"MONS. AND MADAME b r HARD,


Corn Doctors. from Paris


ID EG LEAVE inform the nhab, OF New York, that
II they will be ppy wait all who desire t1eir
Mons and Mad Bernard have been practcng the
United States but few months aud that short have
ceyed testimonials from OF the eminent gentlemen
and Others the benefit and comfort which they have
ceyed since they have been attended by them They have the
honor inorn the public that by aud peculiar method
they extriclte Hard and Soft Corns Buuons Caloses, Sc
without cutting. Mons and Made b. do attempt offer
nostum requiring secresy NTH ITS efficacy; but
confidently those who suffer from troublesome end
painful Cons that they have the acon of carry
away their ormentor, the Conn., in their hands.


Mons. and Made have thelrposession upwards Of two
,and certificates from those who relief
their hands. Mons and Made. b. have Ira ced their profess
for several in Germany, France and Engin and
have acquired great skill aud much practical fact


stgd by numerous certificates from the celebrated En-
gh French and German ply well from several of
the mobility aud gentry 81 those countries, delivered them
after four years The operation viii occupy
than ten minutes and the relief instantaneous that the
thus rdatey put their walk
wlnnut the ea.t nconvenenc


Ladies and gentlemen Will be waited their resi-
dence II they desire II.


AT home the morning from till IL, and in the afternoon
from 2 til o'clock.


Office at Boston, Isl Courtst jy8 lmr","CORNS, CORNS, CORNS.


g Murray street.",The New York herald. [volume] (New York [N.Y.]) 1840-1920
1842-11-27,"Astrai Lamps, hall amps and Lanterns, Heading Lamps
sc. ....
article OF Sois. lamp, very superior article
Also article Of Defecter improving the light Of
the old pattern OF Astral Lamp.


Also style Of Fioreutine Bronze color mnovsble.


Together with variety of Lamps AM Chandeliers, for
churches, halls and public buildings.


PLATED WARE


Baskets Cssio Trays Toast Racks, Candle sticks pkin
Rings, Butter Tabs BUTTE and Fruit Knives SUFFERS and
Trlys, Coffee and Tea Urps, sc.


Fine Table Cutlery and dozens Japanned Tea Trays
great rarity of patterns and forms; fine glass Bowls
Pitchers Tumblers. DISHES, Gobets, DecaDers. Water Bot
ties, Sugars, &c. &C.
w II; beg respect uy 10 inform their friends customers
and the public general that their with the
are such stey can sell all articles in their line
kably low and specially call
aud their show which alone sufficient copcn
safe Tor the trouble $50 3nsr",,The New York herald. [volume] (New York [N.Y.]) 1840-1920
1842-11-27,"HAIR OlL-There oil the world that do good


or bad 10 the har Every body knows that hen the hair


burned VIII grow again as good ever All thu wde
Tor dying the hair nothing lirh We
and the hrr not dyed but literally burned Liquids for dying
the hair are compositions Of cauc
same way as the powders aud don't dye HAIR, the
viii grow no matter how times burn, d. aud every
body knows also thai when the head u
bee,ns to and badness follows From experience
OF twenty beiag hair and having
of xamning great many heads and vock have
myself great composition known Pastors Hair Oil,
Compound Essential Oil Of Almonds"" for destroying dandru


preventing The HAIR from coming aud turning This
mitabe Hair Oil will make the hair grow III no matter how
much dandruf the head M .-.0 II7Ia


For sale, wholesale and retail A. PASTORS, Hair Cut


ter '63 Greenwich street, New Aok Price 80 bottle


NJ Inns ..
q ID u,",,The New York herald. [volume] (New York [N.Y.]) 1840-1920
1842-10-28,"THE subscribers would call the attention Of strangers and


Others visiting the Fair TO their and beautiful article
the improved Minerva Shoulder Brace exhibiting
Fair This article will be found Of immense benefit chill
dren either have acquired the habit aud
indispensable persons OF sedentary habits They be
with perfect and will be found of mpedment
the free of the support and
back and shoulders aud expand the chest Parents guar
will find this article well worthy OF their attention.
not only beauties the FORM but adds the health Of the
They would likewise call their article
Of Gentemens Russia Riding Belts The above ARTICLES are
manufactured under the immediate inspection of Mr. Pae
who has been for the last business
They warranted OF superior form and workmanship and
be obtained wholesale retail the old


PARSELLS 4 AGATE, 2tl Broadway


oil between Murray 8 and Park Place",THE FAIR. AT NlBLO'S,The New York herald. [volume] (New York [N.Y.]) 1840-1920
1842-10-28,"EEMALE PHYSICIAN. Office and residence, As Green
witch between Couandt nd Liberty where
she be consulted with the sctesl confidence
plants incident to the female frame.


Madame and the treatment
Of obstinate female regulay stoppage suppression,
&c., such require but few days to effect perfect
Ladies desiring proper medical attendance durn2 con-
such time with private and respectable board.


Preventive Powders"" for married ladies', whose de
cate precaous health forbds rapid Of family,


package All Letters IPo:, gaidl addressed to box sSs


N B-Nladame RESTELL would inform ladies .esiding
Of the city, whose health would admit Of travelling that
she would devote attendance them IN
part Of the United States within reasonable distance q mer","MADAME RESTELL,",The New York herald. [volume] (New York [N.Y.]) 1840-1920
1842-10-28,"Inestlmabe PlIls QuaCk
"" Medicines world for the of a


COMMENrl examine the nature OF the above
and the Of the affected consider
very object be able remedy
action, and composed Of such nxe
will prevent possibility while
it. fact well known many that most OF the remedies
offered for these diseases of such drugs
render almost impossible continue their
creating sickness the stomach other
ouences Sach being CASE doubt
aremedy as VALIER'S FRENCH PILLS WI, meet the uni
aprobaon being entirely free objections,
prompt the disease
The proprietor would here remark that the efficacy Of these
Pills the disorders alluded biased upon supositon;
the contrary founded rational having
used them successful practice for upwards OF he
feels confident of superiority the remedies hitherto
employed.


Sold No. 90 Nassau street, Broadway and 80 Moth
Sixth stree1 Phaie phia Price per box lnsr",VALIER'S FRENCH PILLS.,The New York herald. [volume] (New York [N.Y.]) 1840-1920
1842-07-19,"MEDICAL EDUcAroN.-We have observed, with
regret that all the students from the Stuyvesant In
stute Medical School, who presented themselves
as candidates for admission into the Naval Medical
service, have been rejected by the Board of Exa.
miners. The medical institutions of New York
have not, however, been altogether disgraced for
several students from the venerable College in Cros-
by street, passed their examinations before the
Naval Board with great eclat One Of the poor
young men from the Stuyvesani, expressed, it is
said, with sar IN his eyes his poignant regret that
he had ever listened 10 the advces of DR.. Bedford
who was accustomed last winter TO divert the STU
dents with ridicue of the ""greenroom fever"" and
assurances that they would all get their diplomas
without difficulty!",,The New York herald. [volume] (New York [N.Y.]) 1840-1920
1842-07-19,"The LANcEr.-This journal seems in the fair way
OF attaining the same popularity as the London
Lancet, which forced into that commanding
position, which it has resolutely maintained for
many years. by the opposition and abuse excited by
It's independence and talent. The Ne,c York Lancet
has all along maintained perfect Independence of
every Clique and party; and hence the weak assaults
ola few individuals, whose misconduct it has ex-
posed. The consequence is that every one wishes
TO see this celebrated ournal-us as the attacks of
rotten fnanciers, roguish politicians, ct hoe genus
omne, brought the Herald into every body's hands
There is now perfect rush for the Lancet",,The New York herald. [volume] (New York [N.Y.]) 1840-1920
1842-07-24,"FORMERLY RENSHAW's, at Long Branch.-Thiis ""a.


ensve and delightful Sea Bathing Estab shment will be
opened by the subscriber the 9th june lie
respectfully inform its former patrons and the public,
considerable additions and alterations the comforts
have made last year, and will be in complete ead
for their accommodation.


Wishing be reasonable the times will afford the board
will be dollars week last year. instead Of dol
lys formerly Chdren oa certain and half price,
Horses full fed $3.50 He hopes he may say without inputa
ion that his table and Accommodations will be equal any
Long Branch Young people requiring much will
find accommodating terms.


JAMES GREEN.",BATH BUILDINGS.,The New York herald. [volume] (New York [N.Y.]) 1840-1920
1842-07-24,"Trout FisHSG ExrRaoRDISARy.--We took a turn
on Exchange wharf last evening, where acurous scene
presented itself The ship Medora lies on the South.
ern side OF the wharf leaving very narrow passage for
the tide crowd OF people were collected here full
OF eager nterc-there shouting and laughing, and
scattered about were heaps Of fine large kick
ing, some dead Looking down between the ship and the
wharf there Of with little nets, baskets,
boxes whatnot, catching the FISH which appeared to be
pouring in great numbers through this narrow passage
We understand they have been running through there
for two days-coming in the northern side OF the
wharf passing under aud going out on the southern
that many were caught with the hand merely Who
ever heard OF great shoals of trout before . rbarsop
Mercury.",,The New York herald. [volume] (New York [N.Y.]) 1840-1920
1842-11-02,"-These invaluable Powders have been universally adopted
in Europe but France particular forupwards thirty years
well BY heusandsin this country being the only m,d
safe and ecacous remedy for maried ladies' whose health
foIbids too rapid increase of family


Madame ResteiI well know wss Tor thirty years Ee
male Physician the principal Female Hospitals in Eu
rope-those Vienna aud Parswhere favored her
experience and opportunities she attained mat celebrity in
10 the female frame which her medicines stand
vailed as well country Europe Her
with The physioosy anatomy Of the female frame enabled
her-by tracing the decline and i'll health Of emses
scarce In the e and the consequent rapid and
often Apparently ineYpicable which consign many
fond mother their


ye At Of the primary female indislos
,;ons-r,peciay married femaes-whch IN 1909 led 20
the discovery her celebrated Preventive Powders""
Their adoption been the Of preserving not only
the health but the life Of aectionate wife and
fond mother. .


advertiser feeling the importance this subject ..
tmatng the vast BENEFITS resulting thousands by adop


red all that they hold and dear their


not wise and yrtuous prevent evils which sub
by simple and healthy our control Every
dispassonate virtuors and enlightened mind will
ngy answer in the Affirmative Price five dollars package.
accompanied with full and particular objections. Tney
can be forwarded by mail to any Of uni,,d An
cttes must be post paid, aud adore ssed 10 MADAME RES
TELL, Female Phys,ean- Principal Office, las Greenwich
street, New York. Office hours from M to clock PM
Boston Office No. ESSEX 1t. OIL sr",TO MARRIED LADIES.,The New York herald. [volume] (New York [N.Y.]) 1840-1920
1842-08-30,"This table gives the fact that the proportonae
Of the debt of New York since has been greater than
that OF Pennsy the New York debt having trebled


itself in that time The New York canal debt in January
last was bearing annual interest OF
In 1885, the canal debt bearing annual
interest OF S3aS69e Since them appears that debt has
trebled let the business of the canals have kept
pace with this increased outlay The following official
table will give the facts


The total tons coming to tide water for each of the last
eight years. the aggregate value thereof in market and
the received for tolls all the canals were fol-","Pennsylvania.

NEw YoRK.",The New York herald. [volume] (New York [N.Y.]) 1840-1920
1842-11-30,"HAIR OlL-There OIL in the world that good


bad the hair Every body knows that when the hair
Is burned will grow again as good as ever All tho powders
for dying the hair notnng but mixture Of lime and hr
and the hIr dyed but literally burned Liquids for dying
the hair composition. of causc spirits the
the xdes, and don't dye hair, and the hair
will grow no matter how times burned; ard
BODY knows Also that when The head full 81 dandu the hair
ofwen,v years being hair cutter and having the opportunity
Of xaminng great many heads and have made
myself great composition known "" Pastors Hair Oil,
Compound Essential Oil Of Almonds for destroying dandu,
the hair from coming This
imsbe Hair Oil will make the hair grow we no matter how
much dandrH or s0feness Is the head


For SALE wholesale and retail, at A. PASTORS, Hair Cut
ter 1855 Greenwich street, New Ao Price 80 cents bottle.",,The New York herald. [volume] (New York [N.Y.]) 1840-1920
1842-05-16,"On Mrs E""A, SMITH. the vito and guardian an gel


Josrrn, the great Mormon Prophet.
The rose that blooms on yondcr tree
Opening Ia the sun
Must csor tempt the busy bee,
Returning to rs task, like thee;


Since duty must he done
Eternal wisdom made man


Made trees and mountains too
Made flowers and fruits and all that can
Adorn and beauufy his plan


30 perfect and 50 true.
Man loved TO among the flowers
In spangliDg dew drops seem
Tochccr his lonely morning hours
HIS heart improve enlarge his powers,
God spread the charming scene.
Unholy thoughts did not arise
All come from heaven above;
Religion-daugsier Of the skies
Descends-wnh meek and warming eyes,
In search Of one TO love.
Adam a.iores the angel bright.
Now standing by his side
Aud cries, My I've, my love, my light,
Vow take mr. as thy welded right,
Tod CAV. thee as my bride.
i've salu,cs him With kiss
tiong may such love rcmein,)
Oh Adam, dear, take this and this
foria thee centres all my bliss,
It's sure holy fame.
How blcst were they within that bower
Enjoying hone, moon
tirecn trees, With fruits and every hour
kegaled With oiours from each flower,
Even In bcautcous bloom.
Aud - IL not through woman dear
That our religion springs
My soul hes virtue must revere
Ga her rcly and hove her here
Religion binds her wings
Nsy hight most holy from above


On womans path still shine
Never hlss'. but as dove
Pouring lorh hes notes OF love


Reckoning lore divine.
oh may thy influence still inspire
Prophets and holy men;
tesseas ho'en prophets who with hrc.
knkiniled FROM above, desire


To sprcal the fame again Ct.ct~sArr,
Arlington House, May 1, lst?.
This sen describing dese ending from heav eli 10
Adam az an angel IN the shape ofrebgion-Ep Hrs.Lp",An Acrostlc,The New York herald. [volume] (New York [N.Y.]) 1840-1920
1842-07-09,"ESE eeeba ""a articles have been used for nsary
four years an he greatest proof Of their sicacy
moving Ae various diseases for which they are
Is thai the demand for them has been rapidly increasing and
but recommend them TO their friends. -


COUGH LOZENGES
Are the best medicines the world for coughs colds con
sumption, asthma, whooping cough &c. ever dscoyerd


THE WORM LOZENGEs
Are the only articles which fail removing worm, Of
every description, both from children and adults.


THE CAMPHOR LOZENGES
Are sovereign remedy for sickness and headache
papitaton, owness Of spirits, and all nervous diseases
The Hon. Aaron Clark Hon Edw. j. Porter, Rev. Mr.
Handbook Mr. Dunbar of the hcDougal street ohuch
have used them. 49,
Ofics ioe Nassau street-Agents, Rushton q Aspnwss
three Sends 30 Broadway II East Broadway; Cod
drngton 227 Hudson. n22c","MEDICINES.


DIR. SHERMAN'S
INDICATED IOZENGES.",The New York herald. [volume] (New York [N.Y.]) 1840-1920
1842-07-09,"THE CELEBRATED FAMILY LIFE PILLS AND


PHENlX BITTERS-The renown which these great
medicines have acquired in every of the United States
solid and durable because not founded quackery


a,sgant preenon Ii rests that from whence sprung,


their good properties and unialing efficacy Their field OF
usefulness embraces number and variety of human
complaints than other medicine known the medi


cal profession, because they compounded of


Der Of choice and powerful remedies for those complaints than
combined in other and because the quality Of the
gradients the best that and phama


eeutica chemistry produce Hence it that they famous
for the prompt md complete only Of ordinary bilious
and dyspeptc affections diseases of the liver and
digestive functions habltua costyeness and bilious
system mputy of the fluids palpaton Of the heart
weakness and unhealthy app. of the skim but
also chronic and rheumatism, asthma Ikes cho
hc euptons OF the skim scroua consumption settled pains
lauudice scurvy salt reum Frustrated energy OF flesh
confirmed dyspepsia and aulence, aud long train of other
evils The OF these is certified by thousands OF PATIENTS
who voluntarily their and address the fact and
afflicted take these mildly operating yetpoweral
purifiers without inexpressble satisfaction and surprise
their happy and unusual effects Prepared and sold g Dr.
WILLIAM b, MOFFAT, 375 Broadway, n. York; also by
druggists in the CITY generally. ie15 2wcod issc",,The New York herald. [volume] (New York [N.Y.]) 1840-1920
1842-11-13,"ONE BOX Of these invaluable Pills worth ali the ouack


medicines advertised for certain delicate diseases the
The rest assured that there
hea sleet. Irritation Of kidneys &c. They were for
prescribed by the celebrated Abemethy IN ali stages
Client TO effect cure few days In long chronic
stages obstinate gleets &c they equally certain having
cured hundreds who had taking for


which TENDED more t destroy the constitution than to cure the
disease They never leave the subje
weakness which so frequently after using other medi-
enes hey nave no unpleasant taste SMELL and any
taking them might frequent the refined society without
navns 5he suspected They composed
generally For sale only New York BY VIM Watson Apo
druggist, Fulton 81. oil Jms,","ABER NETHY'S BOTANICAL, PR",The New York herald. [volume] (New York [N.Y.]) 1840-1920
1842-05-29,"&C. THE AMERICAN MUSEUM HAS BEEN
crowded to its utmost capacity during past week and
what poor Barnum will do with his visitors this week is
wonder for never were such novelties produced here
he has put forth for the next six days and nights The
great original Master J. Diamond has been re.engaged
also Whitlock, the Banjo player; Mr. Lansing the most
comca chap in all creation appears in his laughabc &C.
centrices also Miss Rosalie the charming singer &C.
leste the beautiful dancer the mysterious Gpsey Girl
Indian Warriors and Squaws, and five dollars worth of
other novelties all for % cents Whenever the visitors
cannot all get in the Lecture Room, the entertainments
will be repeated the evening Horticulturists
carpenters painters and sail makers have been work
for several weeks in laying out splendid garden the
top of the Museum which will be opened in the course of
week The ice and refreshment arrang to
be managedby old friend Bradford Jones' OF Vauxhal
Gardens.",,The New York herald. [volume] (New York [N.Y.]) 1840-1920
1842-09-06,"SPRINGS AT KISSINGEN.


kAKOCZY WATER on the European continent, has the
reputation of being the chaybeae saline
known the Medical Faculty.


The Rakoczy has acidulous saline flavor and being
powerfully pomotve OF secretion and excreon purfyer
strong solvent and al the time Strengthening without
heating it like Wesbaden and Karsbad without njur-
the stomach potent diuretc specifically upon the
liver the sysema port and uterine system and dss
patng existing obstruction The disorders and diseases
which this water has the most decidedly saubou
effects the following az affection. Of the
banes and distractions in the digestive organs arising from
of appetite hatuency, worms bloatedness and OBJ
srucuons in the liver and systema poamm hemouoda af
fectons, against which has proved sovereign remedy
likewise against By hypochonda and Spleen when based
organic disorders Of the chest and lungs asthma
tic attacks from phegm and specific morbid deposits such
gouty heetic and psorc arrangement Of the
tem rreguary IN menstruaton, scanty
mensuaon, slerllty anomalous hemorrhoids abus
so lar these disorders originate from local weakness obsuc
tons and plethora abdominals e obstinate rheumatic and
equity Elections especially when the time obstruc-
tons IN the lower region of the body above all in the uterine
system discovered ~ chronic diseases Of the urinary
gans, Benorrhee, hemonhods the bladder spasms of
the badd,r stone y plethora and obesity h) chronic
aneous disorders debility Of the skim which manfes tslfn
disposition to pouse perspaton extreme susceptibility
scroIhula and other causes.


Regular shipments constantly received.


fresh suppJ lust landed per Veneia via Rotterdam.


Printed circula and directions for be had gratis


FL)lIAN STRAUSS, 500 Pearl str. Ct


Sole Agent the United States
To be had also OF Nh Fornbach corner Of Re AIDE Hud-
sou street. liner","MINERAL WATER,",The New York herald. [volume] (New York [N.Y.]) 1840-1920
1842-09-06,"Corn Doctors. from Paris,
DEG LEAVE inform the inhabitants OF New York, that
ID they will be happy all who desire their
Mons and Mad Bernhard have been praccng the
United States but few months and that short time have
ceved fromsome of the eminent gentlemen
and Others the benefit and comfort which they have
honor inform the public that by and peculiar method
they extricae Hard and Soft Cons, Bunons, Calloes &c
without cutting. Mons and Made B, do attempt offer
nopm requiring secresy or faith TO ensure its cacy but,
confidently those who suffer from troublesome and
painful COINS ynay have the satisfaction Of carrying
away their tornentoI thtsCom, in their hands


Mons and Made Is. have in he upwards Of two
Thousand from those who have relief at
their hands Mons and Made B. have praeticed their profess
sion for several in Germany France and England and
have acquired skill and much practical fact
gh French and German physicians well from several OF
the nobility and gentry OF those countries delivered to them
after four years cure. The operation will occupy
than minutes and the relief that the
thus Immediately their shoes and walk
without the least Inconvenience.


Ladies and gentlemen will be waited their
dence if they desire It.


from 2 till o'clock.


Office at Boston. ISL Courts iva 3msr","CORNS, CORNS, CORNS.


Murray street.
II II II",The New York herald. [volume] (New York [N.Y.]) 1840-1920
1842-09-06,"EXPERIENCE


Of DR. sERMAN MY MEDGxTED LoaFN
GES Several million boxes have been sold and perfect
satisfaction 20 all who have used them.


PHYSICIANS AND CLERGYMEN,
Lawyers Professors rich and poor, high snd lowin fact
nearly re whole American people, have given them their
every part of the known world.


Drs Hunter Smith Rogers, Xanderpoo Scott, and four
hundred ohe in New York city alone
boxes with his attached The Doctor being educated
ciey the city Of York gives character his prepa-
'A''' ''d COUGHS 81 CHS Colds CONSUMPTION.
Asthma Tghtness OF the Chest Whoopng Cough Cough
tending Measles and all affections Of the Lungs immed
atey relieved by Shemans Cough Lozenges They entirely
cure all regent ina few hours and often the most alarm
influence in Of the Rev Mr. Anthony the Rev.
Mr. Sueeto and hundreds Of Others where they had
WORMS CAUSE DEATH


To hoasands without their being suspected. Children
and adults often suffer much from them when box OF Sber-
mans Worm Lozenges would give them immediate relief
Hundreds of instances have know ledge where
the brink Of the fast wasting away and the
b yv Sosy ~ ns Worm sed @
stored the health and happiness How often have moth
called the Warehouse and poured forth their thanks and
Never before perfect remedy been discovered for the


HEADACHE, PALPITATION,
Diseases generally and Sickness all subject
curative properties of Sherman Camlhor Lozenges They
he adaches &c in ten minutes In fac they
they nable in sickness Persons subject to ia
tgue attending crowded parties, will find them relieve
Warehouse LOG Nassau street Agens-Churehs, 1888 Bow
cry Sands y East Ereadwsy and corner Chambers and
oe sSa B se rooy and
Boston, and Ledger Buildings, Philadelphia. anl6r",EXPERIENCE,The New York herald. [volume] (New York [N.Y.]) 1840-1920
1842-07-17,"INFORMS the Ladies OF New York and Females. that she
continues to give advice and prepare her popular and eica
medicines for the diseases OF females. Madame C. hap
py that her treatment has much satisfaction
to the who have relied her abilities
Mad c. has felt herself induced undertake the RESPONSE
BILE Office of Female Physician from long experience and
tcc shaving knowledge of the structure OF the human frame,
of which renders the unbushDs and
decoyss psnaceas OF mece adventures useless not in
her skill! and maternal solcilude female physician How
distressing be- their complaints her medical acquire
will be found adequate TO the In short she grounds
this notice the successful results Of Thorough medical odu
cation and reliance appointed of impartng health
igor and happiness 10 all who honor her with their confidence
and All letters postpaid Office and residence 81
Llsnenan 81. ic2l Inc","MADAME COSTELLO,",The New York herald. [volume] (New York [N.Y.]) 1840-1920
1842-07-17,"LII SUFFERING under any of the symptoms Of secret
IL disease whether of long duration,
are confidently referred TO Docr Joan's Specific Courses
Sc and No for the permanent eradication Of dis
eases These courses specially prepared enable the
tIent TO effect aud satisfactory
time which end each package every
medicine wash Sc required either Tor internal
nal use-and for the guidance and safety of the patient,
companied by Dr. Jodons private treatise The MONITOR
wherein fun directions, with plain description of the ma
tue symptoms consequences and lHaade


the remedies proper FOR their different siagcso which is
added much valuable information useful hints and important
advice suited alike 10 the present invalid aud those who
having heretofore been unfortunate, either contemplate
rage, or have recently entered into that state


- The price of the Monitor is One dollar
Post pail, ensures its recel ton.


10 These courses admirably adapted for strangers
travellers residents in the country being complete
pact and glarans ed effect a cure.


Sold for the proprietor only, Drug co Prince
street, Of Marion, Sd block Of Broadway.


Private entrance Gek Marion street, door below drug
stole jyl3 Inns","PRIVATE CURF,",The New York herald. [volume] (New York [N.Y.]) 1840-1920
1842-06-04,"RABINEAU informs bis friends aud the public that his
New Bath NOW OPEN his old stsfion south side Of
Castle Garden Bridge the Battery where he will BE- pleased
them ALL He might add much reference his
and extensive Swimming Bath the very cpnmodou Private
Baths the RETIRED and safe Ladies Baths with
sweeping run 81 water through whole building But
sccudye for yourselves. Added all this the enjoy


OF the cssspfes and coolest ahout
New York in The Grsa saloon the budrgwei supplied
with comfort from dish Of good coffee the sparkling
champagne Directions for bathing under experiences Of
thirty odd always freely given Also Shower Baths
usual and improved. lmsr",NLvU RATH,The New York herald. [volume] (New York [N.Y.]) 1840-1920
1842-07-29,"How far these figures entitled to cradt cannot
determine, in relation to the quantities exported from
Great Britain to other Countries but in relation to guam


titles imported into this country and the prices in Eng.
land the table entirely wrong The quantity put down
imported into the United States from Great Britain is
that Of the whoie quantity imported into the United States
from all countries and the prices deceptive altogether.
The following is table from the yearly commerce and
navigation reports. showing the mhoe quantity of pig i'm.
ported into the u States the proportion imported from
Great Britain and the there according amount on
which duty was paid =",,The New York herald. [volume] (New York [N.Y.]) 1840-1920
1842-07-29,"% VAUxHALL GARDEN.-Browne, the greet
COMEDIAN is re.engaged at this delightful place, and
Horn also performs. There is place of amusement
this city can compete with Vauxha Garden this season,
the coolest and most delightful place that be found
and the vaudeville performances headed by arste
asJ s. Browne and the beautiful Fate Horn draw crowds
of delighted visitors. Messrs Andrews Bethany Rus.
SELL Mrs. Jackson and Miss Bedford appear also in the
pieces tonight. II the management increase their at.
traction they must increase the size of the building;
evening there vacant seat in the saloonther
enterprise deserves the patronage received,",Or vAUxHALL GARpEN-Browne. the rrer,The New York herald. [volume] (New York [N.Y.]) 1840-1920
1842-06-08,"81 LlSPENARD STREET N. Y. CITY.
M ADAME COSTELLO, grateful for the extensive patron
VI hery bestowed since she opened the above or
Gee respectfully oicirs the attention Of females and mothers
in particular the following Medicines of her preparation
which have proved eecu remedying the diseases for
which they recommended, wiz


Madame Cosellos Pile Ointment certain cure for the
Piles in all cases.


German Soothing Syrup prepared expressly for children
teelhng, will rfectuJly prevent fits, screaming, &c


Madame Coel,o's Nipple Paste the remedy
for nipples, and which mother should be without.


Diarroea Cordial the efectual remedy possible gene
rally requiring but few doses effect perfect


Lip Salve Cream Of Amber, removing pmples botches
reduces, tan, sun-bun and freckles.


Hair Renov,to positive preventive to he Hair falling out
will restore in bald places and give it rich dark. glossy a
pearancc.
Alsoa Beautiful Dye for the Hair. does color the skin
but will red grey light hair beautiful black La
dies have applied the Office by Madame Costello
ranted.


Madame Cs Ointment and Lotion, positive for the
sal rheum, letter scald head and other euphons
of the skin.


Cases of Liver Complaints which have been standing for
years have been cured in short time by Madame Cs
cellent remedy and restored 90 perfect health.


Madame Costellos Syrup for after Pains falling
NEEDY.


Each and all of the above prepared aud sold 81
Lspensrd ST. and where obtained such proofs OF these
facts will convncehe public there fancy these
sertions.


Madame C. would inform ladies' that good may be OBJ
tanned at the shortest notice hy applying at her Office


All he POSTPAID ml8 1m$c","MEDICAL OFFICE,",The New York herald. [volume] (New York [N.Y.]) 1840-1920
1842-09-29,"70.
THE Proprietor Of this establishment continues as hereto
son the best manner The quality o the viands
md very moderate charges evident from the iatteg
n,rfouage which the public pleased daily 10 award him
fs 10 Is shall be- they have heretofore been, 70 merit ITS
continuance and his house that reputation Tor ex
eee nee and accommodation which has Tor SO long time
other establishment hewi pay ms sole and undivided aeu
best OF this house. and pains for the
M ANTE nance oits well-eaIned reputation. si lmsr
TERRAIN LUNCH.-Courmonde' Qui viye Thou


good cts lovers Of good fare have been Tor
some weeks suffering disappointment from the
closing the far-famed Tefrapin Lunch"" The ifu
fev.r now, however, over and again lasy they feed
e memory hangs lis haf the Teapin also the pro-
petor the finest little fellows in Christendom, ycep
Carr. Now them smack lips connorants ~ the


ir,le Soup and steak line the mantle OF Sandy has fallen
upon john Perfection good eating and drinking may be
again The Teran. single look the old
purse and of the genuine half the old prices will
iIckle the palate of the vericst anchoriie.


line Greeu Turtle served this day. and day during
the season. tFt Sc lmtr


EPICUREs! EPICUREs. EPICURES! m
THE Subscriber, formerly known of the iTn OF Blew
i aud Ten Eyck, OF No Broad street, having opened
house No 564 Broadway few doors below Nblos Garden
season. vz-Game Poultry Fish, &c &c., together with his
celebrated Mil Pond Shire wsbury and all choice Oysters fresh
pccd which obtained the premium the last Annual FAIR


wing fitted up saloon unequaed in the city. where gen.
tlemen and thefames visiting Nbios, with the greatest
Iroprey served their comfort and such
they may call for reasonable terms.
ST II","MISCELLANEOUS.
HOUSE OF REFRESHMENT.",The New York herald. [volume] (New York [N.Y.]) 1840-1920
1842-09-29,"THE undersigned has, great fitted OF the


largest and splendid Coffee and Eating Houses in
New York. n which hundred persons least down
excellent and breakfast. dinner end tea Iron
ced either regards quality number OF dshes by no.
tel the United States and varying prices from
Moeka coffee and the very best and only three
uniformly civil and polite and every visitor be
assured Of feeling in this Establishment quite at home In
department OF the business under the
competent oyerseo whose sole and attention
directed the comfort and conyensncss q cgs,cms and
guests HENRY GOSLING,


Proprietor OF the French and American Eating House.


Nos O. and IS Nassau between Jehn and Maiden Lane


PS.-Opeu Sundars hrrakfast dinner and","ECONOMY, ELEGANCE, AND GOOD


IIVIN(1 g.f1",The New York herald. [volume] (New York [N.Y.]) 1840-1920
1842-12-12,"Sg.


a article OF solar LAM. very superior article.
Also sice OF Defecter improving the light Of
the old p.tte rn of Astral Lamp.


Also style OF Foreniine Brouze color immovabe.


together with of Lamps and Chandeliers for
churches, halls and public buildings.


PLATED WARE.


Baskets Caso Trays Toast Racks, Candesticks pkin
Rags Butter Tabs butter and Fruit Knives Shutters and
Triys, Coffee and Tea Urns,


Fine Table Cutlery dozens Japanned Tea Trays
great rarity Of patterns and forms; fine glass Bowls,
Pitchers, Tumber. Dishes Gobets Decanters Water Bot
Ties Su.ars sc. &c.


w. H. beg respect July inform their friends
and the public gesera that their with the
uuactpr sucnt stney sell all articles their line
renal ably low and respectfully invite them call
aud the show which alone is sufficient compen
for the trouble 500 smsr",,The New York herald. [volume] (New York [N.Y.]) 1840-1920
1842-12-12,"The subscriber in hs arrangements Tor the year
1870 his friends OF
pec able support he has received for many years past
He lkswis wishes call the OF those intending 70
send for their friends reading in England Ireland Scotland
Wsles they all accommodated by this
line by weekly opportunities from Liverpool well as by all
the well kaown different lines Of packet SHIPS SAILING TO and
rom Liverpool the ls 7th 3 18th and 10Th oil sach month
throughout the year.


always been the study Of the subscriber TO have the
shown ty and despatched without delay and
ssose who send for their friends rest SATISFIED that every
TO those well all who may embark with them,
and should Of those whose has been eid not
park the will be refunded without charge -
The subscriber feels rleSe making known the differ
ships by which his during the last
which has given general and that he has consder
or AIDED and concluded hts the 1872
Tbs following ise list OF shrs -


slny~ scotland Aohinson. Ships Alabemian, Lane.


Fairfield, Wilson, rIintIce, Hopkins.


Russell Gloyer, how-s. Wales Watts.


Hibernia, Wilson. Westchester, Ferris.


Aired Cheever. Osceola, Chids.


Clifton, IDasrsoil 81. Cloud, EruessonL


Louisville, Allen. New York, Niyen.


Sobieskie Emersvn. Wanaw Drifhths.


Oswego Wood. Ocean, Willard


Talbot, Storey. n. Hampshire, Hariing.
Psnifea, lsoodmanscn. Robert isaacs, Tuemsn-
Virginia, Eaton. Europe, batcheldor.
free passage from the different ports OF Ireland and Scot
and eau secured and drafts fuhed for
PAYABLE National and Provincs B,nks Of Ireland and
their branches, and also Mers. W. Robin
son. LvsrpocL which paid free o. charge, throughout
he United Kingdom.


JOHN HERDMAN 81 South street.


or Jaw ROBINSON 1e Goree Piazzas, ard
spls No. Neptune ST.. Waterloo Dock Liverpool.","NEW YORK AND LIVERPOOL REGULAR CON-


MERCIAL LINE OF PACKETS.


Sailing W aud from Liverpool, Weekly.
Is - A @
Old ESTABLISHED sAssAGE OFFICE. 81 SOUTH",The New York herald. [volume] (New York [N.Y.]) 1840-1920
1842-08-31,"- 232 Broadway opposite City Hall.


order 90 complete the extensive alterations and


ens which undergoing the subscriber will be obliged
10 dier opening until Monday September 5hat that time he
pledges himself to show the public Of the
and refined places OF amusement TO be found IN the United
States Nothing shall be wanting TO make this establishment
one which will stand only calculated
mediate gain.


The First Hail. besides being filled with the choice and
valuable cmens Of and Art that be produced in
fruit End every deleaey the market afford To aceomno
date those ladies' and gentlemen who with CALL full
and efficient Band Of Music i'll always be in atendance apd
IN short thing will he done make this establishment tbs
most delightful for those who seek and in
struction combined


The Lecture Room has been repansd and decorated and
there will be entertainment produced there which fail
TO amuse instruct the refined For particulars bills
for next Monday. aul2 liner",HILLS NEW YORK MUsEU II.,The New York herald. [volume] (New York [N.Y.]) 1840-1920
1842-09-24,"SEPT. 23.-Adam Debold was sent up for six months
for stealing Of cloth from H. s. Ballard
Co.. and some bed clothing from Sarah Lawson. Patrick
Fitzpatrick Tor assaulting city watchmsn named George
W. Reed was sent to the city prison for 20 days James
Reagan, Tor assaulting z. 5 Hawkins, city Wachman,
and beating his wife sent to the city prison fol 20 dsys
Thomas Prince black sent up for three months for steal
ing an harmoni~on from John Barkmeyer Isabella
Smith black sent to the city prison for Is for steal
ing silver watch and pocket book from Jacob Hall.
Mary ODonnell seat for three months for violently
assaulting another woman with billet of wood Jacob
valentine boy, charged with stealing hand from
Thomas Boyce, was discharged, Edward Donovan for
stealing Jour umbrellas from Messrs. Ten Eycke Co,
was sent mp for six months. John Myers up six
months for stealing piece OF vsnaburgh from the
OF John Nicholson. William JONES' wharf rat. stole
Wagon tire from coal wagon driven by James Eldrdge
sent to the city prison for ten days Mary Ann Matthews
black recently out of State prison. for six months
for stealing remnant Of flannel from the of Robert
g. Hand. George Miller stole from George Wiede
meyer and sent up for three months. james Reed
gets drunk and beats his wife Cstharine and up
for six months for the second time the charge Mi
chea OConnor, with coat and pants Of many colors and
amouth like Mississippi catfish, who gets drunk whene
yer he can get the and beats his wife Mary
up for six months. Edward Bennett stole cap pair of
bosts and coat from drunken sailor and he Just
OF State prison he sent up for six months Francis
Corn who had previously cted Of petit larceny
on review Of the evidence the ground
that he had merely committed breach Of trust and
larceny


Adjourned to Tuesday next.","Special Sessions.
Before Recorder Tallmadge and Aldermen Bonnell Car
m md Cro",The New York herald. [volume] (New York [N.Y.]) 1840-1920
1842-09-24,"THE undersigned has, great expense fitted Of the
largest and splendid Coffee and Eating Houses in
New York which hundred pc least sit down
excellent and breakfast dinner and from
the choicest supplies ofthe markets. with bill Of fare
ceed either regards quality dshes BY any no.
tel the United States and varying prices from six cents e
Mocka coffee and the best and served at only three
DENTS And all other reeshments in proportion The
assured of feeling in this shmen quite cat home In
fact department of the business under the supernen
dence Of competent whose sole and attention
directed the comfort and conyenences Of customers and
guests. HENRY GUSHING,


Proprietor of the French and American Eating House,


Nos and 6 Nassau between John ST and Maiden Lane


r. SOpen SUNDAYS dna-r and iesn 7mr","ECONOMY, ELEGANCE, AND GOOD


LIVING",The New York herald. [volume] (New York [N.Y.]) 1840-1920
1842-07-18,"FEWAIIE PLY SICIAN,
INFORMS the Ladies OF New York and Females that she


CONTINUES TO give advice and prepare her popular and eca-
that her has much satisfaction
20 the numerous patients who have relied upon her -bties


Mat C. has felt herself induced undertake the response
bic office Of Female Physician from long experience and


havng knowledge Of the of human
ignorance of which renders the unblushng and
decoysg Of adyentuers useless il not in.
her skill and maers so!ieitudo female physician How
viii be found adequate the In short she grounds


TIL. notice the successful results of thorough medical eu


igor and happiness all who honor her with their confidence
aad secrecy All letters postpaid. Office and residence ""a
LisnenaYd st. ir2I Inc","MADAME COSTELLO,",The New York herald. [volume] (New York [N.Y.]) 1840-1920
1842-07-18,"BALTIMORE, March 81, 1898.
DrJaynerDear Sir GU ask me what proofs met with Of
amedcine for bowel complaints that has given much
atsia and patients speedy and perfect relief
this Whenever introduced into family becomes the
standing remedy for those ailments and called for and
again, which, think is pretty good proof of its efficacy and
usefulness. In the summer complaint Of children has FREE
queny appeared snatch the little victim from the grave
1t savedthe life of child and such and such child
have repeatedly heard said In senerc affections adults
relief in few hours; may say in few minutes In
fine, valuable medicine and family should be without
il Res",IM Children 'NN',The New York herald. [volume] (New York [N.Y.]) 1840-1920
1842-11-28,"James Watson Webb,
who fought the duel with Tom Marshall in Delaware and
who seems to be doubly and unnecessarily punished
first in receiving wound in the leg that will
make him cripple for life, and now in reputation feel
ings and personal liberty the hands of blindoded JUS
tice who has become strangely caprcous in these latter
days. Also, the famous trial ofthe


Prize Fighters,
for mansaugner in aiding to bring about the death of
MCoy, including all the evidence speeches of counsel
and Uerbaim report Of the charge of Judge Ruggles
and also the verdict of the jury This trial excu-
svey reported for the Herald and paper has yet given
the Judges charge unless the other morning papers of
this day should steal il from u.s. without giving any credit
Price for the Extra only cents.",,The New York herald. [volume] (New York [N.Y.]) 1840-1920
1842-12-19,"SIR


Allow an old subscriber to address you from this
youthful city, situate some one hundred and fifty
miles west of st. Louis, upon the Missouri river.
Upon this river are several excellent steamboats,
rapid-good fare-and conducted by able and skhl
captains


Twenty miles above st. Louis you turn into the
angry. turbid river of rivers; an awe creeps over
you-the brstling snags meeting your view on every
sde-the treacherous shoal and sand bars stretch.
ing lar up the river before you-and the inexpe-
renced eye seeks with embarrassment the outlet of
what seems a vast bayou-the mountain sands are
rolled up eddies and cast down in immense whir-
poos--as unquiet and restless here, two thousand
miles from the eternal snowcapped spinal ridge of
old earth, as when poured impetuous through her
rent side-around you are lowering rocky bluffs
beneath you restless of decaying veget able


matter, clay and impalpable sand held in mechani-
cal suspenson--oppostet the bluff is the low bottom,
covered with the deep forest from whence the In


dian contemplated his happy hunting ground, vainly


suppesng the restless white man could never disturb


him here-but the wave OF emigration has rolled


beyond the Mississppi-and where the wild deer


hid himself from the MONDAY sum- now stands the


pioneers cottage-and where the Buffalo roamed


upon the rolling prairie, valves the harvest field


As we pass along our kind Captain points out Lewis


IL Clark's rock, commonly called tavern rock""


Above towers the bluff two hundred feet-to the


right and left the Missouri laves its base--beneah


It's hospitabe shelter Is fine sand shore fronting


upon the river, and near lis level inaccessible ex-


cep IN front; many have lett record OF their visit


by deeply cutting their names in the soft lime rock


which forms It's sides and root. The river abounds


in scenery of the finest order. Much adjoining land


is yet uncntlyated, though not rarely you see the
snug dwelling, the well titled hemp maize and To-


bscco field, and the troop Of negro operatives noti-
Tying you wealth is there. The river bottoms are


favoriie locations for plantations, and view of the


A..etr d In
that the view up and down the river is the most en-
chanting ever saw. The soil Of these plantations


is OF rxhaustless and surprising fertility, of unknown
depth, and was shown fields which have borne
corn for twenty year, and yet without pcrceptbe
exhaustion OF soil.


About one hundred and forty miles from ST. Louis
the Usage becomes tributary. This river, by some
slight improvements, will be navigabc for several
hundred miles, opening OF the finest regions OF
the State There are already several splendid plan
tatIons, among which may mention that Of Gen
B., and the observer cannot but feel the highest
satisfaction at the energy and skill displayed by this
truly hospitabe gentleman conducting its various
duties. Above the mouth OF the Usage you observe
two plantations, one upon either eide OF the river,
which for beany OF location, fertility, and air OF
unoseDtatious wealth, are seldom cquaIled. From
this point, though miles distant, you see The
noble capitol, built upon bluff or knob, some what
projecting TO the rver of similar plan (bu of smaller
dmensIons,) 10 that at Washington. The interior,
and grounds about the building are vet ipcomplete
A small sum will however accomplish this, and ex.
hbit OF the finest specimens of architecture in
the Union.


Jefferson City is built upon several knobs or hills |
rising from hundred TO two hundred feet above
the river, and when built up will be one of the
healthy and pleasant cities OF my acquaintance |
The Penitentiary located at the lower part OF the
city-the number OF convlcts are now about lf0-
and, to the credit Of the SEX among whon there is
not one female They appear orderly, and 1t is |
hoped have proited by the faithful moral and reli'
eious instruction regularly administered by the Sc",,The New York herald. [volume] (New York [N.Y.]) 1840-1920
1842-08-07,"MADAME RESTELL'S PREVENTIVE POWDERS.


-These invaluable Powders have yersaly adopts
Europe but France particular for upwards of thirty years.
well by thousandsn this country being the only mild
safe and ecacious remedy for married ladies' whose health
iorbids too rapid increase of family.


male Physician the principal Female Hospitals in Eu
opehose of Vienna and Parswhere favored by great
experience and opportunities, she attained that celebrity in
those great discoveries medical science specially adapted
the female frame, for which her medicines unri.
Vailed well in this country Europe Her acquaintance
with the physiology and Of the female frame enabled
he-by tracing the decline and i'll health of married females
the ridan Of life and the consequent rapid and
often apparently inexpcabe which consign many
fond mother gave-o their source-to
knowledge of the primary of female indisposi
onsespecially Of married emaes-which, 1905 led
the discovery of her celebrated Preventive Powdersn
the health but the life Of many aectonate wife and
fond mother.


The advertiser feeling the Importance of this subject and


mang the vast benefits resulting thousands by their adop
ton would most respectfully arouse the attention of tn""


not wise and yftuous prevent evils which sub
ect by simple and healthy within control Every
ispession1te yi,uou and enlightened mind will unh stat
ngy answer IN the Affirmative This all that Madame Res
tell nds or eyer fec9mmended Price five dollars
Fan be forwarded by mail to any part United States an
TELL, Female Physsian Principal office, 14s Greenwich
street. New York. Office hours from Am. clock p Nj.
Boston office No Essex ST jy23 imsr",TO MARRIED LADIES.,The New York herald. [volume] (New York [N.Y.]) 1840-1920
1842-05-30,"81 LIsPENARD STREET, n. Y. CRY.
MADAME COSTELLO, grateful for the extensive patron.
"" bsraly bestowed since She opened the above Of
particular the following Medicines of her preparation
which proved SO eectua in rcmeiyng the diseases for
which they recommended, wiz
Piles in all Cases


German Soothing Syrup prepared expressly for children
teethins will efsc.uslly prevent fits, screaming, SC.
for nipples, and which mother shouldse without.


Diamoea Cordial the efectnal remedy possible, gene
rally requiring bu; few doses to effect perfect
redness tan, sun.burn and freckles.


Hair Renovator positive preventive to the Hair falling out
will restore it in bald places and give it rich dark GLOSSY a
pearance.


Asoa Beautiful Dye for the Hair does color the skim
but VIII turn red grey light HAIR to beautiful black La
dies have tapied the Office by Madame Costello,
ranted.


Nadine C.s Ointment and Lotion positive for the
sal, reum letter, ring scad head and other erupons
of the skin.


Cases of Liver Complaints which have been standing for
years have been cured in short time by Madame Cs
celen remedy and restored TO perfect health.
Madame Coselo's Syrup for after pans failing
medy


Each and all Of the above medicines prepared and sold
Liseard ST. and where be obtained such proof these
facts will sonvincehe public there fancy these



Madame c. would inform ladies that good nurses may be OBJ
tanned at the shortest notice by applying her office.


All Communications and letters u he postpaid Imsc","MEDICAL OFFICE,",The New York herald. [volume] (New York [N.Y.]) 1840-1920
1842-05-30,"LCLENGES.


NJ medicines discovered have rapilv in popu
~ lar estimation Peters Lozenges and the sufficient
that have bsen the pleasant the
in their operations and certain their
These not the result of chance but
based science and by times for the proprietor whose
life has been devoted study medicines and whose uni
vesaly known the varying and combining them
influence the OF human diseases almost
without parallel his entire whole
the rectng them and made his public
until they beyond the reach the requistion
mcnt.


PETERS WORM LOZENGES


These the esderatums long required They are so
Perfectly pleasant 10 the taste and gentle their
that they be fearlessy administered the
FAINT aud dcine heretofore discovered
comparison with It destroyer of IL has
traction Tor them which they aud having
tasted they become powcess and die The Worm Lozen.es
effect The attention of parents especially solicited in
of this unriyalled article.


PETERS COUGH LOZENGEs


For coughs colds whoopns coughs and all pulmonary
plaini these truly invaluable article and must
cessh u used directed Neither do they keep patients
suspense but relieve them at almost proving their efficacy
before passed from mouth DR. Peters
the result.


PETERS CORDL7L LOZENGES.
Dr. Peters almost fears speak OF these Lozenges
deserve lest he should stac the readers creduy for
claiming for them the power the mind dis
neins melancholy and low spirits of ubming the
uon OF 'engthennS the OF sweetening the BREATH
gvng tereuno balmy fragrance, and of almost Instantly
curing The eadache aud correcting affections he
ontes To them which they do fully possess
addition they the delicious of all Losenges and
equal 10 anything yet discovo red for curing tonng
the stomach and shafut ming the appetite.


~","DR.. PETERS INDICATED


I,OIENGES",The New York herald. [volume] (New York [N.Y.]) 1840-1920
1842-09-30,"JOHN ROACH, OPTICIAN,


10 NASSAU STREET.
ITO ARRANGE Perfect Camera Obscura requires
knowledge Of Optcts. Persons wishing procure in
will therefore find their interest To purchase Of
optician. au30 lm~r


ION THE CANAL STREET PLAN""
THE Public are by this time satisfied that the cheap, clean
and Oyster Shops the best aud that they
llserved where The Subscriber has opened
establishment No 100 Nassau street, few doors
share Of custom. Being beginner his account
but old hand at the business


Oysters stewed fried served up the short
notice. and the best thai be found in the city
SUPPER parties will find this pleasant for
ing. sig lmsr","DAGUERREOTYPE


APPARATUS",The New York herald. [volume] (New York [N.Y.]) 1840-1920
1842-06-03,"THESE celebrated articles have used for nearly
four years. and the greatest proof Of their efficacy IN re-
the various diseases for which they recommended
is that the demand for them has been rapidly increasing and
persons who have once only continue their
but recommend them their friends.


COUGH LOZENGES.
Are the best medicines in the world for coughs colds con
SUMPTION asthma, whoopng cough &C., discovered.


THE WORM LOZENGES
Arc the only articles which fail removing Of
every description, both from children and adults


TIE CAMPHOR LOZENGES
sovereign remedy for sickness and headache
pataiion, owness Of spirits, and all diseases
The Hon. Aaron Clark, Hon. Edw. J. Porter, Rev. MIR.
Handbook Rev. Mr. Dunbar Of the MeDouga Church.
have used them. 49,
Oce LOG Nassau sreet-Agents. Rushton & Aspnwall's
three sends 273 Broadway II East Broadway; Cod
DR. XIulsn","DIR. SHERMAN'S
INDICATED LOZENGES.",The New York herald. [volume] (New York [N.Y.]) 1840-1920
1842-02-14,"AIR-7he Old School House.
The great Boz hall-ths great Boz ball,
Comes off on Monday night =
The high, the low, the short and tall,
Are eager with delight.
With rosettes pendant from their coats.
And cockd hats under arm,
The managers with tuneful Threats,
Will bear away the ""palr :""
In silken vests and satin tights,
And buckles on their knees
They'll pirouette about the lights
Like glow worms 'mongst the trees
The horses. heads twsrds Chatham Square,
Their tails right down Broadway
The Locofocos must not stare
Nor round the platform stay:
No bankrups there-all good cash men,
Who represent New York
In finance and in fashion, when
They've wherewithsl 10 fork.
There's Msjor Generals, brigadiers,
Lieutenant Colonies. and
Sergeants, Corporalr, Grenadiers
or the true Spartan BAND
..x.x The Mayors OF Brooklyn and New YORK,
OfJersey City, too
There's Downing to relieve the cork,
And serve the oyster stew.
(0h Boz, if e'er you wish to draw
A character complete,
Discuss oy ster, boild or raw,
At number Nine, Broad street)
There's Dodsworth's Band-two hundred strong
So shrill, it makes one quake
""The Fife"" SO saith some idle tongue,
Has got the stomach-acAe.
And there's the corps of editors
From Wall street, and from Ann
The latter have no creditors,
Cash system, to man.
On what glorious sight twill be,
To sce the great Boz cut
pigeon wing then, forward, three
But mummy mouth is shut
The great Boz baIl-ihe great Bsz ball,
Comes off on Monday night;
The high, the Low, the short and tall,
Are eager with delight. PHIz.",The Great Boz Ball.,The New York herald. [volume] (New York [N.Y.]) 1840-1920
1842-09-09,"These invaluable have been T adopted
well BY thousands this country IS being the only mild
safe, and ecacous remedy Ter maea ades whose hean
forbids a rapid increase OF family


Madame Reste well known, WIS for thirty Fee
male Physician the principal Female Hospitals in Eur
ropethose Of Vienna and Parwhee favored by her
expercnce and opportunities she attained that celebrity
those discoveries medical science specially adapted
10 The female frame for which her medicines stand
vailed as well in ths country Europe Her acquaintance
with the physiology and Of the female frame enabled
her-by tracing decline and i'll health Of maned iemsles
often apparently nexphcabe causes which congn
fond mother grave-to their


knowledge Of the priay causes Of female ndspos
the discovery her celebrated Preventive Powders'
Their adoption been the Of preserving only
the health but the life Of aectonae wife and
fond mother.


The advertiser feeling the mportanc of this subject and
tmating the benefits resulting thousands by ado
ton, would fully the attention Of


ned by all that they hold and dear their considerations


Is not wise and vuous to prevent evils which sub
jsct by simple and healthy means within control Every
dspassionate vuous and enlightened mind will unhs aitat
nsly answer in the Affirmative Price i've dollars pacLsge
be forwarded BIZ mail part of the United Al
letters must be post paid aid addressed MADAME HES
TELL, Female Physician Principal Office, Hs 0rcenwich
street., New York Office hours A. NJ clock M
Boston M Esse, al",TO MARRIED LADIES:,The New York herald. [volume] (New York [N.Y.]) 1840-1920
1842-11-16,"These invaluable Powders been universally adopte
Europe France particular thirty
well by thousands this country being the only mild
safe ecacious remedy married lsdcs whose health
forbds too rapid increase Of family.


Madame Restel is well know WIS for thirty years Fe
male Physician the two principal Female Hospitals in Ea
experience and oppoynss abe attained mat celebrity is
the female frame, for which her medicines stand unr
with the physiology and anatomy Of the female Frame enabled
heby tracing decline and i'll health of
scarce in the of life and the consequent rapid and
often apparently nexpcabe which eonsign many
fond mother premature grave-to their
nve az ledge Of the primary of female


of married fcmsles-which, 1907 led 10
the discovery her celebrated Preventive Powders


Their adoption been the Of preserving only
the health but the life Of aectonats wife and
fond mother.


The advertiser feeling the importance this subject and 9.


matng the vast dement's resulting thousands By their
ton, would most respectfully of the
red by all that they hold and DEAR
Is not wise and yuous evils which sub
jcct, by simple and healthy within control Every
dpassonste, yrtuous, and enlightened mind will uahe stat
Insly answer in the affirmative. Price five dollars package
accompanied with full ard particular directions. They
can be orwasded by mail to any part Of the United states
letters must be post PAID and adore sed to MADAME RES
TELL, Female Physician. Principal Office s Greenwich
street. rev fork Once hours from AM TO clock IN
Boston office No. 7 Essex oil m~r","TO MARRIED LADIES.
MADAME RESTELL'S PREVENTIVE POWDER",The New York herald. [volume] (New York [N.Y.]) 1840-1920
1842-11-16,"EIsK's NOVELTY COOKING STOVES, sc. have re.


eeived premiums in institute except the American
Institute New York because they have been exhibited IN
Other but have received that which with
greater weight aud speaks eectually of its good qAal
ties nameyhe Justly meted praiie of being TO all
other Stoves hundreds who have used the very Stove boast
ing It's premiums.


QueryWhch Stove viii the least fuel providing
the draft that regulate leisure, the so
constructed that dish being cooked brought
the fire. that which admits of only of the cooking
the fire Ex mine the Novelty Stove, 200 Water


Is not that Stove which will admit OF the 'ny
OF cooking the smallest and cook WELL with the
least Of fuel the best Stove be which may Look
at the Novelty stove.


AGAIN oaves of Bread baked without changing
large roasted without the and no.
and corresponding of boiling done the time
and all done too perfection better proof Of the merits oil
Stove than diploma handed You by three men who have
as yourself? Ask those who are using the Novelty What
better proof have or the superiority of IN the
attempt OF ell other manufaeture copy aaI


Again the Novelty with the latest improy ements
However the principles OF the Novelty be nfnged
for TIE patent law protects that although they COPY
the shape)


The above plain questions and the public have already
Them by giving the Novelty Stove the preference
all Others Let committee three decide the
Fair, wheIe merit yield influence We only
ask fair examination OF the Novelty Sove5o please call al
Fsk's Stove Establishment, 209 Water ST.


If wish the ordinary kinds of Stoves cheap, have
your halls and parors heated the sca manner
please call at


FISK's STOVE ESTABLISHMENT.
Water",,The New York herald. [volume] (New York [N.Y.]) 1840-1920
1842-01-10,"C-""What will the world say 7"" when they hear that
Judge Finlay Grfths, of Philadelphia, man over Sc
venty Of age the top of whose head was hairless as
the palm Of ones hand two years ago. has now spen
You old Wall street rascals aint you ashamed to walk
the streets with grey hair your coat collars filthy with
dsndruf and poor old paes hairless when you are
offered this remedy Ladies, this will give your ha'r
most delicious appearance if is light red, grey hair
gives il beautiful dark look T. Power grocer az
King street. cerfes that restored their hair This is
sold 80 Chatham street ark 81 mind unless the label
are signed T. JONES' you cheated with counterfeit",A Judges Conf. ssiOn.,The New York herald. [volume] (New York [N.Y.]) 1840-1920
1842-01-10,"90 AMERICAN MUSEUM MIR. Barnum with his usual
energy and perseverance, is renovatng this immense
establishment and will soon open additional hail. one
hundred feet in length, filed with and curious won
ders. The Indian warriors and their beautiful squaws
are engaged Tor 1--WE nights longer being positively their
last appearance this they make way for
other splendid novelties which in active prepa
ration, and which the manager declares will asonsh
the natives"" In addition TO the Indian performers Yam
kee Jenkins the Albno Lady, and Others appear this
week. The splendid views of the grand Cosmorana
have all been changed. This mammoth museum con-
tains hall million of wonderful curosites including
all the wonders of earth air and sea with thousands Of
specimens Of art ancient implements of war; sgricu
ture, mechanism, &c. &c. The lover of the curious
might spend weeks in this establishment and yet find
that every day brings something new""",,The New York herald. [volume] (New York [N.Y.]) 1840-1920
1842-04-09,"Gormc,-We have been informed that some OF
the employees in the Custom House give every Pc
ces of annoyance to French and German lmpo-ters,
merely because they happen 10 have been born IN
foreign land and in spite Of their naturaz here,
under the law of Congress.


1t is small spite for any of these employees to act
on such principles. The place of birth s nothing
blood and race every thing, Were not the pill
grms of New England foreigners Were not the
Knickerbockers that settled New York foreigners
Were not the first Catholics of Maryland foreigners!
Were not the first Quakers of Pennsylvania foreign
ers Were not the Cavaliers that settled James
town, Virginia, foreigners Were not the Hugue-
nos that settled Charleston, South Carolina foreign
ers Al-all-all are foreigners-he only natives
are the poor Indians, and where ere they! Driven
to the foot of the Rocky Mountains, and soon will
be thrown into the Pacific ocean",,The New York herald. [volume] (New York [N.Y.]) 1840-1920
1842-11-14,"NEW BRUNSWICK AND NEW YORK.
THE NEW JERSEY Railroad and Transportation Com
L pany have established Freight Line between New,
Brunswick and New York. which they intend TO perma-
nenty.


Leayfag New Brunswick 5H A. N. daily, tSundays
ceped) and the foot OF Liber teet New York; ""a p M


country dealers and merchants the above line de-
slrable for the speedy
of description, and particularly Drovers and
Dealers Live Stock who have head of cattle convey
cd between New Brunswick and New York. the day
whenever required.


The for the transportation of cattle, Sorsss mules
shee hogs Sc and all other kinds of merchandise
low, never exceeding steamboat prices


Merchandise By this line subject any
charge III crossing the North River.


The Company have fitted up large storehouse at New
Brunswick adjoining the Railroad Depot which will always
eopen for the reception Of me. chandise. 49,
Passengers purchasing their tickets at the ticket Offices will
receive tickets gratis -


n = Fre,sht for Newark Ellzabehtown, Railway, West
field Pained Scotch Plains Boundbrook and SomeviIle,
the above lines and delivered the day when
received suii 3ms",,The New York herald. [volume] (New York [N.Y.]) 1840-1920
1842-05-06,"10 THE SQUIRREL FAMILY.-A great many IA
miles children and others visited the American Museum
yesterday and delighted in seeing five hundred SPUR
res Of various species leapng about trees natural
in the forests of Ohio The attractions here this week
unusually rich Wnchell is decidedly the best YAM
kee delineator in America his play Of Old and Young
Nick is unique and humorous. Miss Rosaie the beaut
full singer charms the audience Celeste is admired by all
who see her dance the experiments in Animal Magnetism
wonderful and the prophetic revelations of the little
oriune-tcng Gpsey Girl astounding. Such attrac
tons for IS cents beat 'he world. Families and schools
will remember the day performance tomorrow after",,The New York herald. [volume] (New York [N.Y.]) 1840-1920
1842-05-11,"MEMBER OF, THE ROYAL, COLLEGE OF SUR;
w GEONS Of London and Edinburgh, and Of the Medical
College Of Philadelphia confines his practice select branch
of his profession


"" Nout empta dolore volumtus.


Dr. is encouraged by the uniform attending his
mode the venereal elects, structures
seminal weakness and mercual affections together with all
those other bad symptoms which undermine the constitution
and lay the foundation of decay either from NAL
treatment other cause Ia such persons the appetite Is
generally defective and the relish for life almost subdued
His mode of universally admredhis medicines
being pleasant the and smell gently estrnge the hbres
give that what good digs
requires His treatise constitutional nervous debi
"" affords observations sexual debility,
mnal and impotency brought by delesve habits
ali attendant symptoms physioogicsy explained This
Doctor be consulted all hours of the day and night


Letters post paid will receive immediate attention.


ltsr",DIR. FAWCETT.,The New York herald. [volume] (New York [N.Y.]) 1840-1920
1842-05-18,"Before Judge Noah and Aldermen Martin and Jones.


May Thames Gallagher for assault and battery on
officer Frisby of the first Ward while in the performance
OF his duty sent TO the Pentenary for 60 days.
William Williams, for stealing box of cigars from John
Vanburgh was sent up for six months. Elizabeth Fow
Ter (blec for stealing silver spoons and wearing apparel
valued at 81 from Elizabeth Lawrence six months Fer.
dnand Hanshall, for beating John Iansha sent up
for months. Simpson Hoffman, charged with stealing
pair of pants from John schwabb, acquitted Martha
Murray for stealing So in money aud two pairs Of stock


ngs from Jesse Baird sent TO the City prison for
days. John Whaey, charged with beating his wife
Iilpha, discharged promising sign the temper.
pledge. John McGin and John Leonard for stealing
hammer and trowel worth SO. from Martin Layden
sent TO the Penitentiary for co days Catherine
Hamilton for stealing wearing apparel worth sI 90
from Mary McCullocb, 90 days Elzs Haigh, found
guilty OF stealing two earthen dishes from Jane Coyle 20
days Jane McGullen found guilty of stealing calico
dress from Hannah Day-City prison 30 DAYS John Ack
erson, how for stealing FIVE shlngs in change from
Thomas w. Martin WINS sent TO the House of REFUGE
John Brady Tor stealing hand cart from James Howell
sent up Tor 90 days Samuel Ferris black) for stealing
two brass watches from Lydia Ann Tobias sent 70 CIV
prison for six months Ellen Palmer for stealing sI d
worth oicothmg from Conrad Manner was sen. 10 tho
iententiary rthree months. Peter Tanning for steal.
ing coat worth $40 from Paul VI. r. Duraio was sent
to the Penitentiary for six month"";.",Special Sessions.,The New York herald. [volume] (New York [N.Y.]) 1840-1920
1842-08-23,"= I y


Corn Doctors from Paris,
PEG LEAVE to inform the inhabitants Of New York, that
- they will be happy wait upon all who desire their
Mons. and Mad Bernard have been paccng in the
United States but few months and in that short time have
and Others the benefit and cemor. which they have
honor inform the public that by and peculiar method
they extrcae Hard and Soft Cors Bunons Calostes &C.
without cutting. Mons and Made B. do offer
nosm requiring secresy faith to ensure its ecacy bat
confidently those who suffer from troublesome and
painful Cos that the ay have the satisfaction Of carrying
away their tormentor l.,sCom, in their hands


Mons and Made have in their upwards of
Thousand from those who have relief
their hands Mons and Made b. have tced their profess
sion for several in Germany France and England
have acquired skill and much practical fact
gh French and German physicians well from several Of
the nobility and gentry oil those delivered them
after four years cure The operation will not occupy more
than minutes and the relief that the
thus edately their and walk
without the least inconv enencc.


Ladies and gentlemen will be waited their resi-
dence if they desire II.


AT home in the morning from till II, and in the afternoon
from till O'Clock.


Office at Boston, Isl Court iva 3m*r","CORNS, COINS. CORNS.


Murray street.",The New York herald. [volume] (New York [N.Y.]) 1840-1920
1842-02-04,"TRUE WrspoM-A wise general, the eve OF battle,
makes proper disposition OF his forces beforehand and does
wait ill the enemy HAS made attack; and thus, by
forethout and due preparation reasonably expects VIC
tory. Thus, he who has desire 10 attain healthy, and
consequently, happy old age does NOT ndoeniy wait Tor
the attack the enemy which sickness, but is constantly
on his guard against his nsous approaches by paying
proper the OF his health Many would fam
occasionally medicine TO assist Nature III her operations
where to steer they first try this and then that, and meet
with nothing but disappointment To iese how welcome
must be the important tnt ShenanS Medicatrd Lozcn
grs provc, be- all thn is required TO conquer dis
ease and prolong life No medicine excel these popi
lar articles They recommended by all who have
used them sold leg Nasau-s,reet, aud By AGENTS; as
advertisement",,New-York tribune.
1842-10-27,"DEG LEAVE inform the Inhabitants of New York, that
- they will be happy upon all who desire
Mons and Mad Bernard have been pacticng the
United States but few months and in that short time have
eeived testimonials from of the eminen! gentlemen
and Others the benefit and comfort which they have
ceved they have been attended them They have the
honor inform the public that by and peculiar method
without cutting Mons and Made do attempt offer
requiring iah its efficacy; but
confidently assure who may suffer
painful COINS that they asy have the Satisfaction of carrying
away their torpentor, the Corn, in their hands.


Mons and Made. have in the possession upwards Of
thousand from those who have eSeepced relief
their hands Mons and Made B. have tced their profess
for several in Germany France and England and
acquired skill and much practical fact
aested by certificates from the celebrated En-
gh french and German physicians well as from raj Of
after four years The operation win occupy
thu. treated put their shoes and walk


Ladiss and gentlemen will be waited their resi-
dence, II they desire Il.


AT home in the morning from till II, and in the afternoon
from2 till O'Clock.


Once at Boston, Isl Courtn. jys 3msr","CORNS, CORNS, CORNS,


MURRAY S IREET.
MONS. AND MADAME BERH lard,",The New York herald. [volume] (New York [N.Y.]) 1840-1920
1842-09-19,"4 FEW IMPROVEMENTS have been upon FiskH
""A Pataut Novelty stove
that sny difficulty should occur with managed by
who had experiences IA the KIND II
stove. The Novelty Stove the only cook-tove which has
been up within the last thee years.
pnucpe ali others being combination OF old plans lemoJ.d
pattern, bearins incentive
the sale without regard utility The Mo-
yey Stove warranted IN al TO answer every purpose
Tor which recommended. returned aud the
money will be refunded Tue which much larger than
perfect brick The fixtures winch
and the peculiar of this
ueay arre be used upon any other of the
Among the extra fixtures large boiler
% gallon IA ba rels large rotary gnddie, which will
bake 50 ordinary sized buckwheat cakes at large
suitable baking ioavvs of bread;
suitable for sized kettle, from 26arrel cadron to small
bns kettle The Stove only needs to be
aGy that its perfect simplicity and cir ada oil
culinary fully merits the high favor which has
ed anon, all whs For sale only FIsks
Stove Establishment lCl Water street The public
TONED By who adv their stoves
bcns the principle Of thv Novelty Stoves


stoves made this principle excephSy Mesr. Fisk
their legally authorised References given the Store


os Water eight hundred who have
IN VA this city. lmsr","IMPORTANT TO
III @ II ) 4 K X f. p r. K S",The New York herald. [volume] (New York [N.Y.]) 1840-1920
1842-11-20,"HANSON, WILCOX 4 HANSON, Plumbers Brass
Founders Coppersmths, the Tabernacle
No. 1873 Broadway, New York


From long practical experience busiaess in this and other
cities possessing Water Works w. H. have confidence
thus assuring the public that all ders entrusted them will
be promptly executed with
workman nike style, and of the best ateials.


Their charges will always be moderate be
bly, ahored by competent and respectable concern


Water pipes ofevey approved description Tor introducing
the Croton Wate Patent lead pipes, composition
superior manufacture Hydrants Of Carolina red cedar bathing
tubs bath ers best Phil adel lhia plan and
articles the I0Teg branches o M",CROTON WATER.,The New York herald. [volume] (New York [N.Y.]) 1840-1920
1842-05-29,"""A LISPENARD STREET, N. Y. CITY.
MADAME COSTELLO, grateful for the patron
"" literally bestowed she opened the above Of
fee respectfully soicts the attention of females and mothers
in particular the following Medicines Of
which have proved eectua in remedyng the diseases for
which they recommended, wiz


Madame Costsllos Pile Ointment, certain for the
Piles in all cases.


German Soothing Syrup, prepared expressly for children
eething will efectually prevent fits, screaming, &c.
Madame Costellos Nipple Paste the successful remedy
Tor nipples, and which mother should be without.
Diarroea Cordial the eectual remedy possible gene.
rally requiring but few doses 10 effect perfect
Liz Salve Cream of Amber for pmpes, blotches
redness, tan, sun-burn and freckes.


Hair positive preventive to The Hair falling
will restore in bald places and give it rich dark glosy a
pearance.


Alsea Beautiful Dye for the Hair, does not color the skim
but will red grey light hair beautiful black La.
dies have applied the office by Madame Costello
raned.


Madame C.'s Ointment and Lotion positive for the
salt rheum, letter scad head and other eupons
of the skin.


Gases of Liver Complaints which have been standing for
years have been cured in short time by Madame Cs
cellent remedy and restored to perfect health
Madame Coellos Syrup for after ans failing
NEEDY,


Each and all of the above medicines prepared and sold
Lipenard and where be obtained such
facts will convncdhe public there fancy these
serons


Madame C. would inform ladies' that good nurses may be OBJ
tanned at the shortest notice by applying her Office.
All communications and letters u be postpaid mi8 lmsc","A COMMUNICATION

MEDICAL OFFICE.",The New York herald. [volume] (New York [N.Y.]) 1840-1920
1842-05-10,"MEMS HAIR,
MOT two inches long, hundred de signs
~ Necklaces Bracelets, WatchgunId Earrings, Flower
A BARRY'S Wigs and Scaps will stand pre- minent
above all others, Their peculiar light and ventila
tnz character their being shaped exactly the natural hair
grows their elasticity their or material and workman
bne form such perfect heads OF hair that they be
to BE- fully appre ciated.


Any lady gentleman u.ins A. C. Bary's T,ieopherous
for the Hair and do find the best and cheapest article
known this country, he will with pleasure the money
for al quackery discarded ratutous ADVICE given all
connected with the Hair the IIs Cutting Rooms
of street alo Inns","ARTIST IN HAIR.
MANUFACTURED FE0Y LADIES AND GENTLE",The New York herald. [volume] (New York [N.Y.]) 1840-1920
1842-07-06,"BROWN cos One Price Hat Store, wholesale and NJ,
- tail 79 Chatham Square, OF Mott street, where
fashion beauty, durability and economy combined adern
the heal.


The PROJECTORS have the pleasure to offer addition
70 their recently improved short mapped Hat style the
imitation of beaver which closely resembles that Of all FL
costly beautiful that the difference easily
price eash which enables furnish very
Hat for the price charged In presenting tese Hats the
public the propre think they have reached the
Of beauty durability, cheamess and comfort. md 3n~
"" n IMPORTANT QUESTION: here presented for the


reflection Of the purchasers of Hats Is consis-
enith true economy pay five dollars for
BE 4vcr Hat when the article be bought Wall
street. tbetween Broad and New sneer) for -FOUR DOL
LARS This IL deceptive single trial.
nspeetion will satisfy the skepcal that the
Hat offered is FAR from being the inferior article often sold
for less than five dollars The fact that article offer
ed generally not qusiled and in instance surpassed
that price. 1t Is consequence Oft reduction of
the material together with the economical policy oh
tbshmon and the popnetos engaging personally in the
maruactuetat the great inducements offered
such offered before. :


WARBURTON & WEBB,


eiOlm*r Hstters, 5 w all street.","HATS.
HATS! HATS! HATS",The New York herald. [volume] (New York [N.Y.]) 1840-1920
1842-11-09,"SPLENDID MARRIAGE CEREMONY AT ST. THOMAS
CHuRcH.-The Episcopal Church of St Thomas,
yesterday at noon, presented gay and animated
scene. The lovely and accomplished daughter of
Doct Mott. the most eminent surgeon of the age
the very Napoleon of the medical profession on this
continent--was yesterday united in holy wedlock
by the Rev. Doct Hawks, TO distinguished medl.
cal officer of the United States Army. The COM
pany invited, and the crowd of fashionable specta-
tors, were tremendous in numbers and splendor of
dress. Every part of the church was crammed
from aisle to galleries, and many sought admttance,
but could not effect an entrance. The streets
around were thronged with carriages. The lovely
bride went broagh the holy ceremony with exqui-
site grace, the bridegroom viii, great dignity, and
the distinguished father became his character
and his position The bridesmaids were most
beautiful Doct. Van Buren,, the happy bridegroom,
is, we learn, not the son of the ErPresident, but
only distant branch of the same family.


WESTERN WATERS. Considerable rain fell a,
Louisville last Monday week. The Ohio is expec.",,The New York herald. [volume] (New York [N.Y.]) 1840-1920
1842-09-12,"THE ATTENTION OF ALL Suffering under any of the


symptoms of diseases whether potracted
is directed to Doctor Jordans specific No for the
No2 for the prompt and eradication of
neeal diseases These specially designed enable
the patiant effect satisfactory without
which end each package contains every medicine
for the guidance and safety of the ps.ien accompanied BY
Dr. Josn's private treatise, The Observation-Disclosures is full
directions with plain description of the nature symptoms,
consequences and treatment of secret remedies
proper their different stages-wth valuable information
full hints and important adicesued alike the present
lids and those who having heretofore been unfortunate,
either contemplate marriage recently entered nte that





"" The price of the Monitor is so cents-One dollar post
paid will free. The each $780, guaran-
eed to effect without further expense and admirably
adapted for travellers residents the country
from their and and will be forward
ed from observation


Sold for the Proprietor, only Drug store 60 Prince
Of Marion blocks Of Nblos. Marion is
nfinuat ofC Ina","MEDICINES.
PRIVATE CURE.",The New York herald. [volume] (New York [N.Y.]) 1840-1920
1842-07-27,"NOVEL AND NAVAL ARRwAL.-The u. = brig
Apprentice, Lieut.. E. w. Morres, has arrived from
her cruise along Shore"" and anchored near La
Gomar, oft the Battery.


TINS little war craft is full rugged brig, with a
hull no bigger than that of pilot boat. She ia
manned exclusively by apprentice BOYS. who are
governed by the rules and regulations of the navy
There are fortythree boys board, skiiul in sea.
manshiP and great in everything but their own
size.


The Apprentice left Boston some weeks ago. and
since then she has visited Nantucket, New Bedford.
New London, New Haven, Hartford, and half a
dozen other ports. This cruise has given the bows
vast deal of practical information of the sea ports
on the eastern coast, besides affordng them much
amusement.


In short time the little brig will return to Bos
ton. Meanwhile let every one see her.",,The New York herald. [volume] (New York [N.Y.]) 1840-1920
1842-05-16,"The Double Extra New World published rms MoaNNo,
contains the wholeof The Jacquerevn Tale oithe ioth
cenuryone of the interesting historical stories oil
the day giving a graphic account OF the famous and
bloody Instruction of the French peasanty against the
iobles -


single comics Ial cents to and agents 50 per
hundred All orders by mail post paid will be supplied
At eight copies for 81 seventeen copies for 81 fifty
copies for SIS Copies for the mails can be had at the
oice 80 Ann Who will not read book at shii,
ling copy for which the bookstores ask one dollar
This enterprise for the hard times to give cheap read
ing TO the people.


BIIg3- For sale by all agents and booksellers
throughout the United States, price IL, cents Bulwers
Zlnoni also for sale at the same low price.",Chenn Iiterature.,The New York herald. [volume] (New York [N.Y.]) 1840-1920
1842-08-02,"FUR CLEARING AND BEAUTItYING THE


COMPLEXION.


CHURCHS GENUINE VEGETABLE LOTION recon-
~ mnded by the faculty for all diseases of the and skin
1t eadcates TAM pimpes, fecke srots, redness
and all cutaneou erupon gradually easing delicate clear
soft skin transforms even the most saow complexion
radiant whiteues renders harsh and rough skin beautifully
soft smooth and imparts face neck and arms
healthy and juvenile bloom and by due in its APP
pcaton the result will be beautiful compile The Lotion
exceeded by no other IN the world Suffice say that il,
has been used with great success the u States aud West
mdes without single complaint of its efficacy. For sale
Snuchs Dsprhary, l88 bowery corner OF Spring stcet.
0 tt,k",,The New York herald. [volume] (New York [N.Y.]) 1840-1920
1842-08-02,"THE COMPOUND CHEMICAL WHALE OIL soar
may be considered in the present moment the best
preparation that ever compounded for the total des
trucon OF species Of nfestng the vegetable
kngdom-uaggets sugs rosebugs, peach nectarne apple
and tree insects and army snail. cabbage
lice, and all the smaller insects which parasitic indigo
and exotic flowers, such the oeander cactus, fcus cy
Gus observation-disclosures, geana erica, rosacea may all by
application be thoroughly exterminated Besides the
extraordinary cheapness, most important item
renders accessible all on large scae-ooo peach
insects for the trifling expense Of one dollar.


raising potatoes cabbages
NAV at the few dollars realize hundreds saving
their fields the deya-taons Of the vermin The Com.
round Che mica Whale d Soap be had in bulk in lars
of four rounds dozen Of "" nich packed in box
Po;sons warranted only original and safest 10
destroy extennae the moths bed bugs, rose bugs cater
pers rats, NICE mosquitoes feas flies ants
ice and every other larger animals warranted 10
eradicate and to perform all what Is intended Likewise Fly
Paper.


equality Of all preparations and cooborste the truth Of
all the statements. Apply TO


Dir. LEWIS FEUCHTWANGER


g., 49, Chemist. No. Wall street.
Manufacturer OF Acids, Diamond Cement Chloride of ZINC
OK Silver Spirits Of Iartshoe and Nitre Corsiva Capsules
Caustic, Ether Chloride of SOFIA; Dealer Leeches PA.
tim, Dentists Gold FOIL Mineral Teeth, genuine Harlem OIL
Iodine, Glass Syringes, tv5I Inn","70 FARMERS, PLANTERS,",The New York herald. [volume] (New York [N.Y.]) 1840-1920
1842-08-02,"MOTHER, DAUGHTER AND Son Drowned Tocrrurp
The of MIR. John Andy, Reading Pennsylvania
while engaged on Saturday in gathering blackberries
dropped his hat into small pond He stepped into the
water to regain the hat, but finding himself detained bv
the mud, into which he sinking he called out for
help Mrs Andy his mother hearing the cry rushed TO
his but found herself also unable to save the lad
aid herself Her cries brought to her assistance her
married daughter Mrs Boyer who sprung into the wa.
ter but was unable to effect any good and they all per.
ished in the pond, mother daughter aud son. The pond
in which these persons drowned is perhaps not more
than twenty feet across though the water and soft mud
fifteen feet deep.","LEp-our Consul, Mr.. Read, to Malaga.",The New York herald. [volume] (New York [N.Y.]) 1840-1920
1842-10-30,"RE compoundeda the College of Pharmacy and MsdciAe.


No beekman ST. established for the OF Quack
and Nosrum mongers, where professional advice all
given the purchaser gratis the attending physcan
by and under direction all medicines compounded and
dispensed These medicines the thirty
IN eradicang diseases OF tine most malignant and private
ture, and standard remedy the principal fasan and
and London hosnta OF day. Cancers cured with
cutnng malignant ulcers scroilous scobuc cutaneous
Diseases and rheumatic the limbs and joints; nodes
the SHIN bones Remedies put up TO suit all csses at mo
derate charges for the OF syphitlc and gonorha dis
charges from the uretnra ana parts OF both
requiring restctmen particular Patients are treat
diplomas exhibited view his Office ST.
corner OF Park Row, under Lovejoys Hoe) New York.","THE GENUINE FRENCH
M l., n Is.I NJ L. -",The New York herald. [volume] (New York [N.Y.]) 1840-1920
1842-10-30,"ONE BOX Of these Invaluable Pills IS worth all the quack
"" medicines advertised for certain delicate diseases
the unfortunate assured there ration
hea, gleets Of kidneys &C. They for several
years prescribed the celebrated Abernethy all Of
the diseases In the first box usually su-
cent to Effect few days In long potr.eted chr onc
obstinate gleets thsy equally certain, having
cured who had been taking other medicines for months


which tended destroy the constitution than the
disease They leave subje
weakness winch frequently after using other medi-
They have unpleasant smell; and any
taking them might frequent the refined society bout
their mlslounes suspected They composed
generally For sale only New York by VIM Watson, Apo


thecares Hail. &c Catherine ST. and i'll Brooklyn by Basrove,
druggist, Fulton oil lmsr",,The New York herald. [volume] (New York [N.Y.]) 1840-1920
1842-10-30,"ONE box of inestimabie Pills all the Quack
"" Medicines the world, the of disease.


CoMmENr We examine the nature OF the above aisease
and the situation Of the affected consider
object able remedy
It's and composed OF such
aens will prevent the possibility oil discovery while
IT. Tact well known TO many that most OF the remedies
offered these diseases such
render almost impossible to their without
creating sickness at the stomach other
S1ch being The there doubt but such
remedy as VALlER'S FRENCH PILLS will meet the uni
versa aprobaon being entirely free iron those objections.
pleasant the and prompt the disease
The proprietor would here remark that the efficacy OF these
Pills the disorders alluded biased upon supposon
the contrary founded rational experience having
used them successful for upwards Of ten he
feels confident OF their superiority the remedies hheo
employed.


Sold at No. 90 Nassau street, l59 Broadway and 30 Moth
Sixth Phade pha, Price per Dor, lmsr",VALIER'S FRENCH PILLS.,The New York herald. [volume] (New York [N.Y.]) 1840-1920
1842-10-04,"OR FOUR YEARS has fully tested the extraordinary
GEES Several million boxes have been sold given perfect


PHYSICIANS AND CLERGYMEN,


Lawyers, Professors rich and poor, high end lown fact,
asay The %hGe people have given Them their
every part OF the known world


Drs Hunter Smith Rogers, Vanderpoo Scott, and four
Shermas Lozenges daily in their practice. Shemans M
dcated Lozenges sold By the ounce but always
boxes with his attached The Doctor being educated
and experienced physician and member of the Medical
ciey of the city OF Sew York. character his prepa-


COUGHS, CoEps, CONSUMPTION,


tending Measles and all affections # the Lungs, mmed
atey relieved by Shemin Cough Lozeuges They entirely
all recent few hours and often the
INA Of 4, e S d All b TO Their sy


Mr. Seesr, and hundreds Of Others where they had
'o'' worms CAUSE DEATH


To thousands without their being suspected Children
and adults often suffer much from them when box of Sher
mans Worm Lozenges would give them immediate relief
Hundreds q instances have TO knowledge. where
Physicians trying their skill vain, and resortg last
the only hope TO Sheman Worm Lozenees, which have
stored the 70 health aud happiness How often have moth
called the Warehouse and poured forth their thanks and
blessings for the restoration Of their dear beloved Offspring
Never before perfect remedy been discovered for the
IRE eradication q al kinds Of y9Tin Bin; .r,oN


Lowness of Spirits Fatigue, Painting DesT onlency, Nervous
Diseases generally and Sea Sickness all subject to the
curative properties of Shenans Csmphor Lozenges They
severe headaches SC minutes. In fact they ope-
rate like charm and person should without hem
they inable sickness Persons subject ""a.
tgue, attending crowded parties, will find them relieve


Warehonse LOG Nassau street Agens-Churchs, 1888 Bow
cry; Sands n East Broadway, and Chambers and
sS % S muoa f Sao1s and
Boston, and Ledger Buildings, Philadelphia. aui6r",EXPERIENCE,The New York herald. [volume] (New York [N.Y.]) 1840-1920
1842-08-29,"1R GREGORY long accustomed prescribe for diseases
~ OF private nature, resides 81 Mott lie has
been familiar with these complaints years and having
been particular and close and effect he has
profession which has enabled him Introduce valuable
his He does boast of making
rapid and hasty but his satisfaction perform th
rough and radical and IN short OF time as can
generally akng for the patient
any change Htsty ently mper
feet cures from whence result
consecutive secondary symptoms and the like result


reasortha medicine, however good the first PR
Of the complaint cannot be supposed exert the
and influence the human system when IT'S
administration has beer locg continued; and thus while the
changing chronic fom, say the least very likely
terminate permanent debility perhaps thing
worse for instance srct.re-how hundreds there
may be this very time taking medicine under circum-
stances that appear dsconragng when the real facts
Of the known, the disease might prove be a
structure; and should this be the case, important for
the patient 10 know that medicine ain did,
never structure. IL is a well known fact
that the patient may have structure many months, or
ears without his knowledge and without ee
except increase the time required make
Those victims iniscetion misfortune who about 10
select medical adviser would do well call aud obtain t


tie book treating entirely these COMPLAINTS small
pocket much yausble information; lis ar-
Gresory residence 81 Mott about yards from Chat
ham nearly the church. lie does limit ms
attendance few hours but may be found home any
hooro day night (obserye that No. is drug store
his well arranged for the OF his patients,
and his charges moderate


The Book may also be had at Sands Drug Stores in Fulton
the Of Chambers and Broadway; III, Bow
en No g. corner Walker ST. and No. 1885, Spring ST.;


Applications by Mail Post Paid enclosing ST. Will the
book lin pamph e) by mail au2ms m","MEDICAL.

MEDICAL, AID",The New York herald. [volume] (New York [N.Y.]) 1840-1920
1842-11-23,"IRENE SDous GALE ON LAKE ERK-Loss OF
LIFE AND PRopERrY.-We have received from
Pomeroy & Co., the express liners, the following
particulars OF a most destructive gale on Lake
Erie. 1t was part of the "" blow"" that was 80 vo-
lent in this vicinity last Friday and Saturday. That
gale spread over no less than six States.


Correspondence of the Heraldl


BUFFALO, Nov. 10, 1912.


So far information has been received, our
worst apprehensons have been realized of the dis
astrous effects OF the gale. Since the publication OF
The Commercial this afternoon, the following adj
dltional vessels are reported as wrecks:-


Schooner Indiana, loaded with salt for Chicago
Schooner Mississippi, Captain Raymond, for
Kingston, loaded with flour and pork-total wreck
Schooner Ohio, Capt. Robertson-Gght.
Schooner NJ. Kingman, freight not known, lies
high and dry, and Is supposed Will be got of with
out much damage.


The above vessels are all on Gravelly Bay.
Schooner Florida, loaded with -four, pork and
whiskey for this port,is ashore little above 'Poin
Abins""-toal wreck


Schr. Henry Roop, Capt Fisk, 1000 bushels corn
at Silver Creek.


OF the vessels heard from, eleven In num-
Der, all have been wrecked, IN distance OF some
twenty miles from this port, which Is the extent OF
the coast heard from, what has been the effect be-
yond is unknown, but il is apprehended will prove
most fearful. / will write you again tomorrow,
p. M. In great haste, yours,
In addion we would add that the ste amboats Great
Western and Wisconsin, from the Upper Lakes, and
due at Buffalo on Thursday, had not arrived. The
Western when last heard from, was seen coming
out of the Detroit river. The Canals is closed at
Rochester and Westward P. IL Co.
From the Buffalo Advertiser, Nov. 1911
The gale blew itself pretty much out this morn
ing. The wind Is yet HIGH and an occasional sOugh
may still be heard, but the tempest is over II was
dreadful while it lasted. The wind blew perfect
burric andfh he oIY Iod hat
one could scarcely see twenty yards The tempe
nature was very low, and altogether il was about
the worst gale we ever experienced IN Buffalo. Al
though the damage here has been slight, there must
poorly prepared for such fierce advent Of the in
clemencies Of winter. The piercing wind found an
entrance through every crevlce, and we doubt not
in hundreds of tenements might be seen household
covering over fire, the heat of which the blast
would snatch away with howl, that mingled with
the wall OF children crying with cold. The sharp,
clear air this morning, the frozen ground and snow,
look like mid-wlnter, and should remind those bes
sed with cheerful homes and all the comforts of life,
OF the distress and suffering that must be the lot OF
many OF their less fortunate neighbors.
We fear that the gale has been very destructive
along the lake coast The water in the harbor rose
some five feet, but has done little injury other than
to nundate the flats and 0bstruct navigation the
canal: There are rumors OF vessels beached upon
the lake shore and of fatal effects therefrom but
yet no positive information has been obtained The
schooner Jefferson, Capt. Dougal, went ashore at
O'Clock last night, about three miles above Buffalo
light mouse, and Is total wreck, attended with a
melancholy loss Of life-one entire family, hus-
band, wife and five children, together with a
young woman, and one of the men belonging
to the vessel, having persisted! The Captain
says that about two hours after his vessel beached
the companion way was washed off, and the chill
dren and young woman drowned in the cabin and
iorecastle:. portion of the crew had got ashore,
in quest of help, and endeavoring rescue the
family The mate wrapped his overcoat around
the woman, and tried to keep her warm by walking
her to and fro on the beach, but she soon became
exhausted and incapable of motion, and was placed
in the boat, which had washed up, where she died
in short time. Her husband was derlous on
reaching shore, and attempted to escape into the
swamp near by, but persisted within short dis
lance.


One of the hands belonging to the vessel, named
James Bruce, got into the swamp and likewise lost.
known-the children aged from years downwards
The Jefferson was owned by J. w. Ransom, OF Chi
cago, with cargo of 500 bbls salt, 40 tons of iron,
and some merchandise, which will be mostly lost
succeeded, about midnight, in getting on board the
brig Olive Richmond, beached below theIn in a
greatly exhausted state.


When our reporter reached the vessel THIS fore.
toned was discovered standing in an upright pos
ture, in the forecaste companion way, frozen stark
and stiff, with hands partly raised in an implorlng
posture, and her eyes fixed with cold and stony
SdLc upou sHOIt


The brig Olive Richmond, Capt. Dorchester, went
ashore about mile below TIE Jefferson, early yes
terday afternoon: She bound up in ballasf, land
will be got off without damage.


The schooner Walter Joy, Capt. Lacy, went
ashore about the same time, near the Olive Rich
mond, with deck load of flour, which will
be partly lost but the vessel will be got off with tri-
fling injury.


The brig Frances Mills, Capt. Langley, went
ashore on the Canada side, three miles below Point
Ablno, at O'Clock, M. yesterday. She lies part
cargo consisting of merchandise, will be injured
She was bound for Chicago and st. Josephs-wil
probably be got off.


ged heranchors and went ashore below Point Abb
no, little above the Frances Mills. She was load
ing with stone for some port up the lake.",,The New York herald. [volume] (New York [N.Y.]) 1840-1920
1842-07-28,"MADAME RESTELL'S PREVENTIVE POWDERS


These inv sluabe Powders have been aly adopted
in Europe but France particular forupwars of thirty years


well by housandin this country being the only mild,
forbids too rapid increase Of family.


Madame Resell well known, for thirty years Fee
male Physician IN the two principal Female Hospitals Eu
ropcthose OF Vienna and Pawhere favored by her
experience and opportunities she attained celebrity in
those discoveries medical science specially
to the female frame for which her medicines unri
Vailed well IN this country in Europe Her acquantsnc,
with the physiology and anatomy Of the female frame enabled
her-by tracing the decline and i'll health Of married females
often apparently nexplicable which consign many
fond mother TO premature their
rive at knowledge of the primary Of female indsposi
uons-especiay OF married femaeswhich, 1909, led
the discovery Of her celebrated Preventive Powders""
Their adoption has been the of preserving only
the health but even the life Of aectonate wife and
fond mother.


The advertiser feeling the Importance this subject and
matng the vast benefits sutng thousands by then ador
ned by all that they hold and dear their
Ject, by simple and healthy within our control livery
dspcssonite virtuous and cnightened mind VIII UNI stat
ngly the Affirmative. This all that Madame res
tell recommends ended Prce hve doli,rs
package aned with full and particular lhey
be forwarded by mail part OF the PREY stes
letters must be paid and addr sed e nf.S
TELL, Femaie Physician. Principal ohce las Grcenwrh
reet, New York Office hours from AM to clock NJ
Boston Office NO 7 Esse, st. jy23 lmsr
y 3. J. SYLVESTER,


iy21c 100 Broadway and "" Wall street
COLLECTIONS made the most fn orable terms. on all


I'll.",TO MARRIED LADIES.,The New York herald. [volume] (New York [N.Y.]) 1840-1920
1842-08-11,"THEATRICAl.S IN THE UNITED STANDARDIZATION
and his son. when last heard from, were giving Con
cers at Lexington, Kentucky, and met with great
success as indeed, they have at every place where
they have sung since they left this city.


Mrs Sutton and her husband are still rusticating
at Niagara.


Sinclair is in this city, at his daughters house


Nage is at Saratoga.


Forrest and Miss Clifton have given up the origi-
nal plan of going to Joe Saith and the Mornions,
cess.


We have no other stars of importance on their
travels.


The Park Theatre will not open till the end of this
month.


Thornc opens the Chatham with great brliancy
next Monday night.


haywood with his daughter. Burton, Burdock,
Johnson and strong cast will sood open the Ches-
nut.


Charlotte Cushman and Marshall do the same
with the Walnut.


The ST. Charles theatre, New-Orleans, has not
yet been rebuilt and the American theatre in the
same city has just been burnt down.


Miss Ayres and husband have a lucrative engage
ment at Philadelphia.


Browne and Billy Williams, everlasting favorites
in their way, will open at the Park.


Rice has Just concluded nemerous profitable en-
gagements.


Niblo is doing tremendous business, with Chip.
pendale for manager and the Ravels for the attrac-
lion.


Mrs. Fzwilliam and Blackstone are at Baltimore
doing little.",,The New York herald. [volume] (New York [N.Y.]) 1840-1920
1842-06-05,"=
MADAME COSTELLO, grateful for the extensive patron
vl Literally bestowed sh. opened the above OF
ice, srecnly solcits the attention Of females and mothers
Which have proved efeeta in remedyng the diseases for


Madams Cosieo's Pile Ointment certain cure for the
Piles in all cases.


German Soothing Syrup, prepared expressly for children
;eeing, will efiectuyy prevent fits screaming, nc.


Madame Costcos Nipple Paste the successful remedy
for nipples and which mother should be without


Darroea Cordial the eectual remedy possible,
rally requiring bat few doses effect perfect cure.


Lip Save Cream Of Amber, fol pmpes blotches
redness, tan, s,nburi and iIeckles. I""lft


Hair Re the Hair falling out
will in bald places and give rich dark, glossy
t""


Also, Beautiful Dye for the Hair, does color f skin
but will red, light HAIR beautiful black. La
dies have applied the Office by Madame Costello
ranted f....


Madame Cs Ointment and Lotion positive for the
salt rheum letter, ring scad head and other eppons
Of the skin


Cases Of Liver Complaints which have been standing for
have been cured in short time by Madame Csex
ceent remedy and restored 10 perfect health ..n'.
Madame Coselo's Syrup for after pains never failing
NEEDY. .d'


Each and all of the above medicines prepared and sold 81
Lspenad and where be obtained such proofs NJ these
facts will oonvncehe pabc there no fancy in these
seriions. p.
Madame c. would inform ladies that good nurses may be OBJ
tanned at the shortest notice by applying her office


All communications and letters ns be postpaid mis- lmsc","MEDICAL OFFICE,",The New York herald. [volume] (New York [N.Y.]) 1840-1920
1842-06-05,"MO. PECK SLIPDoctor Carpenter us,ia his
entire personal attention the relief of the afflicted and


Fortunate the eff-ctua and speedy Of all Diseases at his
old established and well known Peck slip Drensay. No
Peek slip Pearl Dr. Carpenter begs leave apprie
those whom he unknown that hr regularly educated
physician and graduate Of Union college snda
ccnsle of the New York State Medical Society,"" and OBJ
tanned his diploma this city the 1873 But what
important the patient know is the fact that he speedily and
eectusy his patients thousands might and will
;fstify His Offices and entrances conveniently adapted to
the comfort and privacy OF ptsn who exposed


DIR. CARPENTER.",MEDICAL AID.,The New York herald. [volume] (New York [N.Y.]) 1840-1920
1842-06-05,"BROADWAY NEW YORK. The subscriber re
ID Gently from the National Hotel, Troy, will reopen he
Marshall House the 30th hotel aud boarding
oise 1t is undergoing thorough and will be put
complete order and furnished IN handsome style The locaiioa


central being the side Of Broadway No $780, al the
of ieade street. short distanc. from the Park and Po.
Office and but few minutes walk from w all street and the
business part of the city. The comInodiois and
pleasant and the Of The host TO accommodate the
travelling community and boarers, that shall be
satisfactory for the rdces changed Hang long experience In
him with their patronage hni his best exerons will BE- made
Boarding. and but offer inducements
visiting city make the Marshall House their homs The
bar will be furnished with choice liquors. and the arcr with
the substantals and dcaes of the and with attentive
servants and every regard for the comfort of his the
undo sgned hopes and receive share of patronage.


myl8 3msc T.. 8. MONROE.
CORT LEE PAViLLION.-This beautiful and summer


residence is now and in esdne for the reception Of
private parties. STEPHEN ANNETT the proprietor of the
their patronage bestowed him for the last year. and he
himself that by his usual and attendance his bu
siness please those who honor him either borders
visitors The bar fitted up with the choicest liquors
Relishes and refreshments hand all Private
parties be accommodated with dinner the shortest


Target excursions and military companies be furnished
with dinners and wine short notice.


The public depend the boat according her
advertisement.


the sdvc in the Sun paper for the trips the
boat dung the month of May. The Steamboat Boston
will make four tp day during the months of June July,
and August ml8 lmsr",MARSHALL HOUSE.,The New York herald. [volume] (New York [N.Y.]) 1840-1920
1842-06-05,"THE MONITOR-This is the title given to treatise show


the nature symptoms consequences and treatment OF
the diseases called private their best modes OF
plainly described the remedies most for their different
with useful hints important advice and all


directions TO enable the patient TO effect private cpt and
permanent To the unfortunate, Dr. Jordan Offer the
Monitor with The full confidence containing does the
fruits of devoted extensive practice and
successful treatment. Nor does he deem
than this that the Monitor has reached the seventh sd
tion


Sold for the proprietor, only Apothec hail. 90
Prince street OF Marion where also may be- had Dr. ran
tha discharges aud Course No for the cure Of
yencrea diseases in all stages. These packages comprise
medicine wash and requisite needed either for
enal or external They excite suspicion loss
ofmc, and used with safety and unvaryns


2 go Prince street. Of Marion, blocks east al
Niho Gardens Private entrance Goa Marion street. next door
N III. dr,gx tnr tooi Inns","OIhcc open Until To O'CLOCK r. VI


PRIVATE. CURE",The New York herald. [volume] (New York [N.Y.]) 1840-1920
1842-06-05,"RIGS 70 inform those who have recently enaured if s has


prescribe for such require his aid usual Those diifcu
and proaced which require practical experience 10 en-
have been the particular objects his sud The
in chemistry have put into his hands
raj and important remedies which have
walton Of the less scrutinising physician


Dr. Govers primary education enables him keep pace
with the of the day, being agraduafe
dca profession The qnuspecng stranger should beware Of
aspire authors of little books upon subjects Of which they
are totally ignorant. .


Office No. Ann s-prvate entrance, 9TH door from the
Museum-office hours until o'clock PM. m26 Imsc","NICHAkp HID. C0m. oil Deeds. NIL
DOCTOR GLOVER",The New York herald. [volume] (New York [N.Y.]) 1840-1920
1842-09-07,"Corn DOCTORS. from Pdrts,
ID EG LEAVE inform the inhabitants of New York. that
they will be happy wait upon all who desire their
Mons and Mad Bernard have been praccng the
United few months and that shot time have
ceyed testimonials from of the most eminent gantlemen
have by them They have the
honor inform the public that by aud peculiar method
Hard and Soft Cons, Bunions, Caloses &c.
without cutting Mons and Made B. do not aemp! to Offer
requiring secresy faith its efficacy but
confidently those who may suffer from troublesome and
painful Cons that theynay have the satisfaction OF Carrying
away their tormontoI lhe'Com, in their hands.


Mons and Made have in their possession upwards Of two
thousand certificates from those who have experienced relief
their hands Mons and Made B. have atticed their profess
sion for several in Germany France and England and
have acquired great skill and much practical experencea fact
aested certificates from the celebrated En-
gsh French and German physicians well as from several OF
the nobility and gentry OF those delivered to them
after four years The operation will not occupy more
minutes and the relief that the
thus treated put their shoes and walk
without the least nconveni


Ladies and gentlemen will be waited at their resi-
dence II they desire It.


At home in the morning from till H. and IN the afternoon
from till O'Clock.


Office at Boston, Isl Courtst jy8 3m*r","CORNS, CORNS. CORNS.


9 Murray street.
MONS AND MADAME BE H A RID",The New York herald. [volume] (New York [N.Y.]) 1840-1920
1842-03-18,"Ten years ago, ten years ago, ar t.H
Life was 10 us o fairy scene;
And the keen blasts Of worldly


Had scared not then It's path way green.
Youth and its thousand dreams we're ours,


Feelings we ne'er can know sgsin;
Unwihered hopes, uRwasted powers,
And frames unworn by mortal pain.
Such was the bright and genial flow
OF life with listen years ago.
Time has not blanched single hair


That clusters round thy forehead now q
Nor hath the cankeript touch ofcare


Left even one furrow on thy brow.
Thine eyes are blue as when we met,


10 loves deep truth, in earlier years;
Thy cheek OF rose is blooming yet,


Though sometimes stained with secret tears
But where-oh where's the spirits glow,
That shone through all--ten years ago7
l, too, am changed-I scarce know why


Can feel each tagging pulse decay;
Aud youth, and health, and visions high,


Melt Like q wreath OF snow awsy;
Time cannot sure have wrought the i'll


Though worn in this worlds sick ming strife,
In soul and form linger still


In the first Summer month fife;
Yet journey on my path below,
Oh how unlike-ten years ago..
But look not thus--I would not give


The wreck Of hopes that thou must share,
To bid those joyous hours revive


When all around me seemed so fair.
We've wandered on in sunny weather,


When winds were low, and flowers in bloom,
And hand in hand have kept together,


And still will Keep, mid storm and gloom
Endeared by ties we could not know
When life was young-ten years ago
Has Fortune frowned Her frowns were vain,


For hearts like ours she could not chill;
Have friends proved false7 Their love might wane,
But ours grow fonder, 6rmer still.
Twin barks on this worlds changing wave,


Steadfsst in Gains, in tempests tried,
In concert still our fate we'll brave ns


Together clesve life's ftful tide,
Nor mourn, whatever winds may blow,
Youths first wild dream-ten years ago.
Have we not knelt beside his bed,


And watche our frst-born blossom die 7
Hoped, till the shades Of hope had fed,


Then wept till feelings fount was dry
Was II Aotsw In that dark hour,


To think, mid mutual tears and signs,
Our bud had left its earthly bower,


And burst to bloom in Paradise
What TO the thoughts that soothed that WOO, Ho
Were heartless joys-ten years ego!
Yes, it is sweet. when Heaven is bright, hs
To share its sunny beams with thee
But sweeter, far, mid clouds and blight,


To have thee near to weep with me. n
Then dry those tears-though something changed
From what we were in earlier youthJ
Time that has hopes and friends estranged,
Hath left US love in all its truth
Sweet feelings we would not fsrego
For LIES best joy-ten years ago.",Ten Years Ago.,The New York herald. [volume] (New York [N.Y.]) 1840-1920
1842-06-28,"INFORMS the Ladies of New York and Females that she


continues to gye ADVICE and prepare her popular and efca'
ny 20 that her has given much satisfaction
10 the who have relied her abilities


Mad has'fe herself induced undertake the resRsi
BILE office of Female Physician from long eyperenae and
an ignorance Of which renders the unbuhng peenons and
furious Single and married ladies' may rely with confidence
her skill and solicituds sae physician. How.
men will be found adequate to the case n short she grounds
cation and reliance appointed Of imparting hea


igor and happiness all who honor her with their confidence
aud secrecy. All letters postpaid. Office and residence
Lispenard st. je2i lm&c","MADAME COSTELLO, /


EEMATE pHVSICTAN",The New York herald. [volume] (New York [N.Y.]) 1840-1920
1842-10-01,"The stock market offers no new features. Sales
very small and prices generally worse. Mohawk fell
per cent stonington J. Harlem (; Kentucky State SIS
rosel


There has been good business doing for the packet in
sterling bills, and rates are fair at 81 per cent


The general features of the Money Market remain
ly the Inland exchanges with the exception of Ala
bama, lower and more regular than for many years
At New Orleans there is active enquiry sprnging
up The rates. however, have again given way and the
present quotations show material decline upon the
prices Of the previous week. Sterling has been sold
five per cent premium for the best signatures the draw
rsbeng scarce and for small only. Francs range
from s. 45 to Of 90, without much demand. Bills New
York at 60 days are from to per cent discount short
sight par to per cent discount the demand for days
sufficient to meet the supply Very little inquiry for short
sight The quantity of produce is great to for
war; that could any outlet be found to sufficient extent
the proceeds would undoubtedly throw a balance against
the Atlantic cities But with flour 81 per bb Gin
cnnat there is activity of demand and small sales at
such low prices throughout the West leaves little
margin to buy goods pay debts The Exchange
at present follows",MONEY MARKET.,The New York herald. [volume] (New York [N.Y.]) 1840-1920
1842-06-24,"90 HILLS NEW YORK MUSEUM.-Ample JUS


ce done last night to the great variety of entertain
ments provided for the occasion Every thing was con-
Quoted with the usual skill and tact of the manager who
this evening repeats the performances. Yankee
Hill will appear Major Wheeler in "" New Notions""
perhaps Of his most humorous and perfect delnea-


tons anwith several other varieties assisted by Messrs
Shaw, Bruce Price, Mrs. Watts, Mrs. Loder and others
Mr. Hill will also deliver lecture on the manners and
customs OF the downeasters comic and other songs by
Mr.. Bruce and Mr.. Shaw, experiments in Animal Mag
netism, which daily excite the admiration and astonsh
ment Of all every afternoon Ave o'clock and great many
other attractions.",,The New York herald. [volume] (New York [N.Y.]) 1840-1920
1842-11-09,"ABERNETHY'S BOTANICAL PILLS


ONE BOX of these Invaluable Pills 10 worth all quack
~ medicines advertised for certain dc,se diseases Let
the unfortunate assured thar there
sorting these Pills to be speedy and radical for gono
hea, elects. Irritation Of kdu SC. They for
years prescribed by h, crierlcd Abenehy all Of
the above diseases H. the frs stages box usually su
stages obstinate elects &c tsy equally certain having
cured hundred who had taking other for months
which tended more destroy the constitution than
disease They leave the parts the troublesome
weakness which SO frequently after other mel
cines They have unpleasant tate SMELL and any
taking thcia yh frequent the refined society without
trcly Of vegetable ingredients which lnvgarlte the system
generally For sale only new York by WIN. Watson Apo
theca!es Hail. % Catherine ST.. aud la Brooklyn by cloe
druggist, Fulton 81. oil msT",,The New York herald. [volume] (New York [N.Y.]) 1840-1920
1842-10-14,"MADAME RESTELL'S PREVENTIVE POWDERS.


These invaluable Powder have been universally adopted
Europe but France particular for upwards Of thirty years,
well thousands this country being the only mild.
safe and ecacous remedy for married ladies whose health
forbids rapid increase Of family


Madame Reseli, well know was for thirty yean Fe


male Physician the principal Female Hospitals Eu-
rope-hose OF Vienna and Parswhere ayoeo +, great
and opportunities she Celebrity in
those great medical science specially adapted
the female Frame which her medicines now stand unr
vailed well this country in Errope Her acquaintance
with the phyology and anatomy Of the female frame enabled
her-by he decline and III health Of iemsss,
often apparently insrpcabe causes which
fond mother to premature grave-to their
at knowsdss Of the paary cause; Of female indpos
he discovery Q her celebrated Preventive Powdsn'
Their adoption been the preserving not oply
the hoah but even the life Of many aectonafe wife and
fond mother.


The advertiser feeling the importance subject and es
tmatins the vast benefits resulting thousands by adop


on, would most fully attention Of the
red by all that they hold and DEAR


not wise and ytuous to prevent evils to which sub
jsct by simple and healthy within consrc Every
disPassoate yuous. and enlightened mind Will unhe stat
nsy answer IN the ahpnatye Price FIVE osra package.
can be forwarded oy mn TO any Of the Unite States an
letters nnst be post paid aud addressed MADAME RES
TELL Female Physician. Principal Office, Greenwich
street. New York Office hours from AN. TO clock M
Boston Office NO Ease, 81 lm~T",TO MARRIED LADIES.,The New York herald. [volume] (New York [N.Y.]) 1840-1920
1842-10-14,"ONE box of these inestimable Pills all Quack
~ Medicines the world for the Of disease


CoMMENT-If examine the of the above disease
and the situation Of the parts affected consider


tam IN its action and the time Of such nx


ients Will the possibility while
IT, fact well known many that of the remedies
offered for these drugs
render almost impossible their without
creating sickness the stomach other coase
Such being the there doubt
aremedy as VALIER'S FRENCH PILLS will meet the uni
versa APPRECIATION being entirely free from those objections
pleasant their and prompt the
nhe proprietor would here remark that the efficacy of these
Pills III the disorders alluded biased upon supposton;
on the contrary founded rational having
used them successful practice for upwards of he
feels confident Of the the dies hitherto
employed.


Sold at No. 90 Nassau street, 459 Broadway and 90 North
sixth street. Philauelphi Price per box lm<r","VALIER'S
F r ENCH PILL s.",The New York herald. [volume] (New York [N.Y.]) 1840-1920
1842-10-14,"ACCORDION!
SIGNOR L. MARTINI beg. TO inform the public that he
- has published his Accordion instruction, which d.
vded il partshc first for the Accordons whsnt semi
tonethe second for those with both Of which
amply furnished with selected masc, and exercises pro
order that the easily
entire command the


SlGNOR MARTINI begs also state that he has large
collection Of MSS music for the Accordion, which he intends
publish shortly and he for that instrument sort
music he should be The Sgnor will be thankful
those who will him his residence 80 Canal street.
where he continues give his lessons. aui9 3msr


NEWLY INVENTED TRANSPOSING


PIANO FORTES,


NO. 33 BROADWAY, NEW YORK


HE subscribers respectfully inform their friends and the
public in general they have just Gnsheda newly invented
called the Transporting Piano Forte, which they
now Introduce TO the musical community.


This Instrument forms beautiful rich and exerior
bot shape and besides full brilliant AMI
meodou The adv derived from hls
tion Is thai be ansposed into key desired TO
the vocass Tor accompaniment OF other instru
well As the artist.


large of Tablet Piano For,es. rosewood and
mahogany and 6 octves with French grand
also constantly kept hand all of which respectfully sub
init to poiesors and the trade in general
and manufartory,


N b-fiano fortes tancd and repaired the shortest
tice


LlNDELL, wENNERsTROM L co.
$40 lmec No. sl3 Broadway.","MISCELLANEOUS

TO THE AMATEURS OF THE
ACEORDTON1",The New York herald. [volume] (New York [N.Y.]) 1840-1920
1842-10-14,"II 202 Broadway.


The runous which have been charged for fashionable
Clothing has led the subscriber adopt cheap
and he offers fit gentlemen with finest Cloths
made up with aeanes taste and despatch at The very lowest
remunvrdtg Having made finest
Eng cloths, Cassmeres and Vestings first hands ne


afford them low. The most expee need
aged aud he pledges himself give entire satisfaction.


Strangers visiting the city have full up at
short notice. - =


Fall and Winter Clothing ready made of every variety quail
ity and STYLE OF the latest fashions f-Sran
gers viii do well 10 call before purchasing elsewhere


EDWARD FOX",PUT MONEY IN THY PURSE,The New York herald. [volume] (New York [N.Y.]) 1840-1920
1842-08-24,"90 THE HAIR.-It has been demonstrated that
oils and all oily mixtures positively injurious to the
human hair Spirituous preparations extracts of tonic
roots and stimulans strengthen the roots and the
hair to grow rapidly its natural coor and if the grey
dead hairs plucked out they will not come in grey
when using proper application to keep the hair free
from souri, and stimulate the roots action. All oily
matter has directly contrary effect relaxing and debii
tatng the very vessels that should be strengthened The
Balm of Columbia have heard extoed far above any
other articles for this purpose and the fact is
that is becoming Indispensable article for the toilette
and OF the ladies in particular Its perfume makes de-
sirabe article all whether the hair needs
It the hair grow fast and curl beautifully
There immense quantity of this article Sold Those
who have used other articles have abandoned them for
this. This is the only original article and no recent
vention has yet began equal it. We say all this from
sincere conviction of its truth. Call II Maiden Lane
where il may now be had.",,The New York herald. [volume] (New York [N.Y.]) 1840-1920
1842-08-20,"Before Judge Lynch, and Aldermen Purdy and Hatfield


August l9-Catherine Martin stole 81 worth OF cot
ton goods FROM Luther T. stowel and was sent up for
two months. Michael Phecny, boy, for stealing Sl1o
from Mrs. Catherine Gardner, sent to the House Oh
Refuge. deter Ward, sailor, who assaulted wscnm
named David Hennion, sent up for two months pen


amn Andrews black was convicted Of stealing silver
watch and purse Of small change from John oni OF ,ne
towboa Backhawk, and was sent to the renen e. u
three months Jane Jackson black was sent up lot Two
months, for stealing crockcry, nc. ron Maria
Thompson. Henry Nathsn was tired LOT s.eerng goIa
watch from William Boodgood, ogcnt: Mr.. bioodgood
couldn't tell exactly he lost the article but supposed
il had been taken from his bed room o. somewheres else
Rrown alias John Smith, and Henry Williams blacks,
@ tried for stealing blue coat and satin vest from Ed
ward Evans tailor OF and ere sen, up Tor
ofhe court order to try the causen the General ses
sons Brown also tried for seong umbrella from
Roland Burdct, and sent up for two months",,The New York herald. [volume] (New York [N.Y.]) 1840-1920
1842-08-02,"IRON THE CELEBRATED ROYAL BAVARIAN
kAKOCZY WATER on the European continent. has the
reputation OF being the muatc saline
known the Medical Faculty.


The Nakoczy has acduous saline flavor and being
powerfully promove of secretion and excreton purfyer,
strong solvent and the time without
heating like Wiesbaden and Karsbad (witou njur
ing the stomach) potent durec, specifically upon the
pang existing obstruction. The disorders disc
which this has manifested the decidedly saubrous
effects, the following al Affections Of the
banes and distractions the digestive organs arising
OF appetite atuency worms blo,tedness aud
in the liver and systema portsrum hemorhodal a
lcons against which has proved sovereign remedy
likewise against By hyPochond spleen when based
organic affection C disorders of the chest and lungs asthma
attacks from phlegm and speci morbid deposits
equity, hepetc and psoc arrangement of the uterine ys
mcistruaion steny anomalous hemorrlofs fuor abus in
these disorders from local weakness
tons and plethora abdomna e) obstinate rheum and
equity affections especially when the obstuc-
discovered ~ chronic diseases Of the urinary
gans, Blenonhee hemorrhods the bladder, spasms Of
the bladd. D plethora and obesity NJ chronic
taneous disorders debility Of the skim which manests selfn
disposition poluse perspation extreme susceptibility,
tendency colds ~ glanduar swengs, indurations from
scrouhula and other causes.


Regular shipments constantly received.


A fresh supply just landed Venelia, via Rotterdam


Printed circulars aud directions for be had gratis


FLORIAN STRAUSS, 523 Pearl street,


Sole Agent in the United States
had MIR. Reade IIud
street. az lm'r
G1OOO REWARD-Stolen from on board the Steam
'pIOOO boat Swallow in coming from Albany to this
city, July 3st pair Of Pantalcons containing $1,000 in
Gold Douboons Eagle. and Sovergns $500 in Safety Fund
Bank Oswego, Co. Bank, and Utica. The
above will De for the OF the thief and
money $500 for the thief alone by addressing


a23t'rc SOLOMON WOLFSON, at this Office","MINERAL WATER,",The New York herald. [volume] (New York [N.Y.]) 1840-1920
1842-10-10,"GENILEMEN'S CLOAKS


ITO BE RAFFLED for positively the first of Noyem-
Il Der next two spenpid blue cloth gentlemens Spanish
Circular Coaks, with capes handsomely made with vel.
vet collar and acinss lined with silks and complete
In every other Tickets So so each As the rattle will
positively take place the above named Tickets
be paid for whether when The numbers taken
As number Of Tickets already sold gentlemen wishing


chance would do well apply earyas such chance sell
dom ofethe highest and lowest numbers have CLOAK
each For further particulars apply No. Murray
corner Broadway, where the cloaks are to be seen.","UNITED STATES
TEA EMPORIUM,

RATTLE. RATTLE. RATTLE.",The New York herald. [volume] (New York [N.Y.]) 1840-1920
1842-09-09,"BRITAIN AND IRELAND WEEKLY.


THE subscribers make arrangement bring


passengers from the old country by ships of the first class
known the trade The vessels composing this line sail week
ly from Liverpool consequently all unnecessary delay
sengers Is avoided.


Persons about make engagements for friends to emigate
the suing season, will study their interest, and the
and comfort Of their friends by making such engagements
with the subscribers pains spared TO
that preference which has for been extended
them.


As has always been customary with this line, when the
settled for decline the passage
promptly funded to those from whom received, with
deduction.


free steamboat from the various ports of Ireland
and Scotland to Liverpool, likewise be secured
For further particulars apply TO",M - Is M,The New York herald. [volume] (New York [N.Y.]) 1840-1920
1842-09-09,"SECOND Door from Broadway, with the utmost confidence
~ in all ofa delicate requiring prompt and safe
treatment Being Regulur Practitioner patients rely
receiving all the attention their may demand with
of successful based the experience of
many professional duties Dr. Bell does advertise
Specific Drop Pill for the of certain dsea,es-but
suggest each Separate Offices. Attendance till 10
NJ daily. So lmtr


DR.. FEUCHTWANGER
OFFICE, No. Wall street corner Broadway nufactur
Of German Silver in sheet and fauess castings of Aque
ortis Murac Nitric and Pyroligneon Acids Of Tin Solu
tons Logwood LabaaguIs Chloride Of Soda Of Luz
nat Csusns Pussc Acid Liver Of supher odae of Iron
Inable Poson for Bedbug Feas Fly Paper Cockroaches
Rats Moths Caterpars; the compound chemical Whale OIL
Soap and Seed Protector Plana genuine Harlem OIL import
ed 50 lmtec","DOCTOR BELL
Continues TO be consulted daily, until 10 p. NJ.


CONFIDENTIALLY
On all delicate diseases, at his private Offices,
a CORTC, ANDT STREET.",The New York herald. [volume] (New York [N.Y.]) 1840-1920
1842-05-16,"HAIR QlLThere oil in the world that can do good


bad the hair Every body knows that when the
Is burned will grow again as good as ever All the powders
for dying the hair nothing but mixture of lime and hrage
and r hair bu, literally burned Liquids for diving
the hair compositions Of and spirits, the
the powder and don't dye the hair and the hair
vii grow no matter how many times i; burned and every
begins grey and badness follows From experience
oftwenty being hair and having the opportunity
myself great composition, known Pastors Hair Oil
Compound Es,cutal Oil of Almonds"" for destroying danu
preventing the hair from coming and urnn; grey This
mitabe Hair Oil will make the hair WELL matter how
much dandIutf or soreness is on the head.


For SALE wholesale and retail A. Pasors Hair Gutter les
Greenwich street, New York Price 80 cents a bottle.",,The New York herald. [volume] (New York [N.Y.]) 1840-1920
1842-01-26,"ITO THE PUsLIC-ssuo REwARD.-rhe late repeated
and ports which have been wide and indus.
rousy circulated that Andrews celebrated Combination


had been picked and which thus far have been
Of playsiby By which means many upright
such reports The American Bank Lock Company there
FORE with the view Of testing the questen in the
natter hey contradiction have decided place
And'e Combn on Locks upon an iron safe enclosing
This check certified aud drawn pay able to the order O.
j. Cammann ESQ Cashier of the Merchants Bank OF this


city who the key Of The Lock- and to whom reference
10 made.


presumed that the public banks and officers of banks
be satisfied fair open and honorable test none other
by oehcsery and trick (Which will be exposed tit be-
comes necessary upon the ereduty ard ignorance Of
the deeepons The American Bank Lock COMPANY by this
only seek establish the nfble security OF the Com
bnaon Lock has thus far withstood every test
has saved banks from robbery and In doing
this they dscam int. Eton Of sking upo
other Lock-; their business being to prevent eectaa bar
rer 10 Bank Bnrgler.


The Chest will exposed in the Exchange Reading
Room, for two months from this date.","AMERICAN BANK LOCK COMPANY.
aNQR EIPIS aMERIC.AN LOCK-",The New York herald. [volume] (New York [N.Y.]) 1840-1920
1842-10-15,"Deck'd in robes OF virgin white.
Nymphs and naiads sweetly smiling,


Urge her bark with pearly hand
Merrily the sylph beguiling


From the hooks offairy-land.


Swimming on the snow .cured bllow,


See the riverspirts fair,


Lay their cheeks as on pillow,


With the foam beads in their hair.
Thus attended, hther vending,


Floats the lovely Dread now,


Edens arch Of promise bending


Over her translucent brow


Hail the wsnierer from land.


Bind her flowing tresses up


Crown her with fadeless garland,


And with cry stall brim the cup
From her hauns Of deep secuson,


Let Intemperance greet her too,
And the heat OF his deuson


Sprinkle with this mountain-dew
Water leaps as if delighted,


While her conquered foes retire
Pale Contagon flies ahrighted


With the bsfied demon Fire


Safety dwells in her domin0ns,


Health and Beauty with her move,
And entwine their circling pinions


In ssterhood oflove.


Water shouts glad hosanna


Bubbles up the earth to bless
Cheers it like the precious mama,


In the barren wilderness


Here we wondering gaze, assembled


Like the grateful Hebrew band,
When the hidden fountain trembed,


And obeyed the prophets wand.
Round the Aqueducts of story,


As the mists OF Lethe throng,
Croton's waves, in all their glory,


Troop in melody along.-


Ever sparkling, bright and single


Will this rock ribbed stream appear,
When posterity shall mngle


Like the gathered waters here
After the ode, nine cheers were given by the as
sembled multitude. Some one on the platform call
ed out ""Three cheers for General Morris which
were given, and the Grand Marshall having then
that the proceedings of the day were
over, the assemblage speedily dispersed
The invited guests, including the Governor OF
the State and others were then escorted to the Su
perior Court Room in the City Hall, where an ex-
cellent collation. had been prepared by Col: Peers,
by order OF the Common Council and where the
Mayor returned his thanks to the members of other
bodies for their attendance, and in toast
ing Governor Seward reply was made, in which
the Governor complimented New York in the COM
pletion of her great undertaking in bringing the
Croton water to this city, and intimated in his
speech and toast that followed that completion OF
all the public works Of the State would 6naly add
10 her interest and welfare.",,The New York herald. [volume] (New York [N.Y.]) 1840-1920
1842-10-24,"MADAME RESTELL'S PREVENTIVE POWDEHS:


These invaluable Powders have been niyersay adopted
in Europe but France particular orupwards Of thirty
well thousandsn this country being the only milo
safe and efcacous remedy for married ladies, whose health
forbids a rapid increase OF family


Madame RestelI, well know for thirty years Re
male Physician the principal Female Hospitals in Eu
rope-those Vienna and Parwhee fyoree n her great
opportunities she attained celebrity
those great medical science specially adapted
10 the female Frame which her medicines
Vailed well in this country as in Europe Her acquansncs
with the physiology and anatomy Of the female Frame enabled
hcrby tracing the decline and i'll health of married females
often apparently ineIpieable lauses which congn many
mother mature grave-to their
at knowledge Of the primary causes Of female ndros
The discovery her celebrated Preventive Powders""
Their adoption been the of only
the health but the life Of aectionae wife and
fond mother


The advertiser feeling the importance this subject and
tmatng the vast benefits resulting thousands by adop
uon would most fully Of
ned by all thar they hold and DEAR
Is wise and vItuou prevent evils which are
ect, by simple and healthy within control Every
dspassionae yruous ard enlightened mind will
nsly answer in the affirmative Price five dollars package.
accompanied with full and particular directions They
can be forwarded By mail to any part Uai!,d
TELL, Female Physcan Principal Office, Hs Greenwich
street New York Office hours from AM to clock VI.
Boston Office No. 7 ESSEX 1T. oimsr",TO MARRIED LADIES.,The New York herald. [volume] (New York [N.Y.]) 1840-1920
1842-10-24,"RE compounded at the College of Pharmacy and Medcne


No BeekmAn ST. established for the suppression OF Quack
and Nosrum mongers, where professional advice all
given the purchaser gratis the attending physician
and under whose direction all medicines compounded and
dispensed These medicines have stood the OF thirty


in eradcaing diseases Of the most malignant and private
and standard remedy the principal Partisan and
and London hospas OF the day. Cancers cured with
cutlng malignant ulcers scroous scorbulc
diseases and rheumatic pains the limbs and ons nodes
the shin bones, etc Remedies put suit all classes at
derae charges for the of syphltc and gonohGa dis
charges from the urethra and Of generation both
requiring estrcment particular Patients treat
diplomas exhibited to view his Office, NO Beekman
corner OF Park Row. (under Lovejoys Hotel) New York.","THE GENUINE FRENCH
M 4, ~ ~ NJ L. 9",The New York herald. [volume] (New York [N.Y.]) 1840-1920
1842-10-24,"- WHOLESALE AND RETAIL.
THE CANTON TEA COMPANY continue to offer for
powerful grades Green Black Every package bears the
thoroughly secured from light and air that their quality and
power will remain unimpaired climate. Their syste
founded the utmost regard of the
err especially with weight aud quality and unrva
arccS which fail TO give them the fullest when
the ms will be eheeully and promptly refunded Country
mec ants public head3 Of FAMILIES, and
mases will find decided advantage TO supply themseye
IRON thus establishment


I Office roasted every day.


Orders from all parts of the United States executed with
. The only warehouse America for the sale ST lou
qua's celebrated Black Tea. $50 lms
GENTLEMENS LEFT OFF WARDROBE
CENT EMEN or Families laying aside articles of wearing
obtain from the subscriber 20 than from other
person.


bered with superuou wardroh will find It much to their
advantage send for the subscriber who win attend them
their residence by appointment A line addressed %
BOX lo7 LOWER POST siS 66FFFtIcE,
will be punctsallv attended to. ol2lm'r


MILLINERY GOODS
CARL klNG.The well known and celebrate Millinery
and Ladies' Straw Hat Manufacturer her Majesty the
ladies', that he has hand splendid variety rch


VELVET HATS,
Of various colo and the latest and admired Partisan
fashions such have heretofore beet exhibited
similar ''''0' The sT II * DEPARTMENT


MILLINERY DEPARTMENT
IS under the Of the most ingenious American and
Ny KING determined keep up his reputation for
fashionable work any house the city call from
hi friends will convince them Of this tact.
me latest French style and can be purchased at either of his


30 Canal street, Broadway,
olO lmr and II Division street","UNITED STATES


L l. A L NJ p ORR u M,
I2I. Late 100 Chatham street Ne,p York",The New York herald. [volume] (New York [N.Y.]) 1840-1920
1842-10-24,"MO- BEEKMAN STREET, (under Loveoys Hotel
~ Park Row. Established for the
out cutting malignant ulcers liberated Sore Threats Scrofu


ous Scorbutc and Cutaneous Eptons and Diseases of
vae nature incident TO both sexes, their various stages
radical cure warraned-te charges in moderate
stated when the patient applies charge being required until


the cure is ected medicine for the and
cure with coplous printed directions for All persons su


erng under diseases aggravated requested
call and they will be treated by regular practitioner of 30
experience, whose medical and surgical diplomas exhi
bfed to view at his Office No. Beekman street. New York",MEDICAL OFFICE.,The New York herald. [volume] (New York [N.Y.]) 1840-1920
1842-11-26,"NJ ADAMfI hESIEkLS PREVENTIVE POWDEHS


-These invaluable Powders have been 7ersaly adoptc
IN Europe but France particular upwards Of thirty
AZ well by thousands this county, being the only mild
safe and ecacious remedy for married ladies' whose hea
forbds too rapid increase of family.


Madame Restel is well know for thirty years fe
male Physician the principal Female Hospitals El-
ropehoe Vienna and Parswhere favorec h. great
experience and opportunities, she attained celebrity


those great discovc medical science specially ated
the female Frame for which her medicines stand upr
vailed well in this in Europe Her acquaintance
her-by tracing the decline and i'll health of TEMPLES
the meridian Of life, and the consequent rapid and
often apparently nerpesbe .auses which many
fond mother premature grsseto their
nve at Of the Praary causes Of female ndsposi
the discovery her celebrated Preventive Powders
Their adoption been the of preserving moi ony
the health but the life Of many acctionate wife sn
fond mother ~


The advertiser feeling the importance subject and a.
umafng The vast benefits resulting thousands
uon would most respectfully the
ned by all that they hold and DEAR their
ect by simple and healthy our cotc Every
dspsssopae yltuous and enlightened mind will unhe sst
nsy asswei IN Inc aimatiye Price five dollars package
can De io1waseea BY mail to any of the United


TELL Female Physiean. Principal Office las Greenwich
Bostor Office No. Esrer oil msr",TO MARRIED LADIES.,The New York herald. [volume] (New York [N.Y.]) 1840-1920
1842-09-22,"New MAYoR.-We understand that the demo
Gratis are already beginning to canvass the merits Of
candidates for the office of Mayor at the ensuing
election. The enthusiastic young democracy
have put up the venerable name OF Preserved Fish,
the patriotic man who had the spirit to leave the
AshbuIton dinner table when the memorable insult
was offered TO the President and constitution Of the
United States. This noble act has placed him a
peg higher than other candidates. The 4"" old de-
mocracy,"" great many Of whom are old rogues,
and practised inriguers, are, in order TO sustain
themselves, looking after Stephen Allen, very ex-
ceilent and worthy man. But he has been Mayor
already and don't want the honor again. The fact
is, the ''young democracy"" will succeed with their
Flsh-who will not any longer be fish out of
ter, but live fish swimming glonously up the
stream",,The New York herald. [volume] (New York [N.Y.]) 1840-1920
1842-11-11,"ONE BOX of these invaluable Pills is all the quack
medicines advertised for delicate diseases Let the
the unfortunate assured tina there
eng these Pills be speedy and radical for gonorr-
prescribed BY he celebrated AbeInehy all stage.
cien effect few days. In long potracted chronic
stages obstinate elects &c they equally certain, having
cured hundreds who had been taking other medicines
which TENDED more destroy the consultation than the


They sube the troublesome
weakness which frequently after using other medi-
cnes They have unpleasant smell; and any
taking them might frequent the refined without
having their misiorunes inspected They COMPOSED
generally For sale only in New York by VIM WATSON Apo
hecaries Hail. 6 Catherine and in Brooklyn by Bagrove,
druggist, Fulton st. oil lmsr",,The New York herald. [volume] (New York [N.Y.]) 1840-1920
1842-11-11,"BY LETTERS PATENT OF THE UNITED STATES


THE TRICOPHEROUS,


OR INDICATED COMPOUND,


FOR THE HUMAN HAIR.
rs with confidence recommended to all whose hair becom
ing thin from disease scur and dandm The remedy
to prevent -


Badness AND GREY HAIR.
The healthy dressing that possibly be applied
head; rendering the hair soft and glossy aud
from ali humors and Iasos. renewing every particle Of
scur and dandru and dis hair LIS
will the hair health and beauty the PEI
Rod Of life. For infant he ads il is invaluable.
To be had only the Hair Cutting Rooms lac Broadway,
of Liberty stairs, Of the appointed agents.
$50 lmsIc


WONDERFUL DISCOVERY.
ST2IKER'S SOLUTION FOR THE HAIR which will
~ change original color few This
solution any yet offered and fail of SUI
preceding all 1t highly ecaclous and
advantage Of identifying the bar without inurng
growth.


Those who doubt requested have their hair
changed before their money Ii humbugs would take
this method there would be complain.
One trial will prove the fact


Sold wholesale and RETAIL and applied, No. Chatham
street, opposite the Hall Of Records, New York stairs
cSaI g",,The New York herald. [volume] (New York [N.Y.]) 1840-1920
1842-07-08,"THE CELEBRATED FAMILY LIFE PILLS AND
l. PHEN!X BITTERS.-The renown which these great
medicines have acquired in every of the United States
solid and durable because founded quackery


that from whence sprung,
the good properties and uniaing efficacy Their field Of
usefulness embraces number and of human
complaints than other medicine known TO the med


cal pofe because they compounded Of
Der Of choice and powerful remedies for those complaints than
combined in other and because the quality Of the
gradients the best that and phaa-
eeutica chemistry produce Hence it that they famous
for the md complete only of ordinary bilious
and affections diseases Of the liver and
digestive functions babua eostyencss and bilious


system mpury of the fluids papation OF the heart
weakness and alty apps of the skim but


e eruptons Of the skim scrofua consumption settled pains


aundice salt Theum Frustrated energy oIesh
confirmed dyspepsia, and aiuence, and long train of other
evs The these certified by thousands OF
who voluntarily give their and address the fact and
afflicted take these mildly rating yet powerful
purifiers without inexpressble satisfaction and surprise
their happy and Unusual effects Prepared and sold hy DR..
WILLIAM b. MOFFAT, 375 Broadway, n. York. also by
drur~ istsn The ~ lss e","New York, june 3, bal
Prepared and sold wholesale and retail by


A. B. ID. SANDS, Druggists,",The New York herald. [volume] (New York [N.Y.]) 1840-1920
1842-07-08,"CHURCHS GENUINE VEGETABLE LOTION recon


"" menled by the faculty for all diseases face and skin


1t cradcaics imple freces, spots rcdness ngworms
and all cutaneous crtons gradually reasng delicate clear
soft skim transforms he sallow compile
radiant whilere; renders hash and rough skin beautifully
soft! smooth and imnarts the face neck and
healthy and uvcne bloom and by due its
rcato he result WI c beiutitr comps The Lotion
exceeded BY other Ia the world Suffice say that il
has been used with great snccess the u States and West
Indies without single COMPLAINT of It's efficacy. For sale
Churchs DIspen$ny Sl Bowory corner of Spring sieet
Ir1rr cpnfs nnrl . linz","OR CLEANING AND BEAUTlFYING THE


COMPLEXION",The New York herald. [volume] (New York [N.Y.]) 1840-1920
1842-08-10,"MAUAMk. HESTELLS PREVENTIVE POWDERS,


These invaluable Powders have been adopts
Europe but France particular for thirty yss
well thousandsin this country being the only mild
safe and efcacious remedy fer married ladies' health
forbids rapid increase Of family,


Madame Resel well known, for thirty Fee
male Physician the two principal Female Hospitals Eu
rope-those of Vienna and Pawhere favored by great
experience and opportunities she attained celebrity in
those great medical science specially ADAPTED
the female Frame for which her medicines now sand unr
vailed well in this country in Europe Her Acquaintance
with the physiology and anatomy Of the female frame enabled
her-by tracing the decline and i'll health Of married females
in the meridian Of life and the consequent rard and
often apparently ineIplicable which consgn many
fond mother their ar
knowledge of the primary of fene ndsposi,
tionsespecialy Of married femaleswhich lsoa led W
the discovery of her celebrated Preventive Powders
Their adoption has been the Of preserving not only
the health but the life of many aeconae wife and
fond mother.


The advertiser feeling the importance Of this subject and
ton would most respectfully arouse the Of The


not wise and yftuoas to prevent evil. which sub
dspsssonate yirtuous and enlightened mind will snht .,a
inKy answer IN the Affirmative. This all that Madame Res
tell or eyer FeeSmmended Price five dollar,
can be forwarded BY mail to any part United States
TELL, Female Physician. Principal Office las Greenwich
street, New York Office hours from AM to clock M
Boston Office No. 7 Essen jy23 lm*r",TO MARRIED LADIES.,The New York herald. [volume] (New York [N.Y.]) 1840-1920
1842-08-10,"EEMALE PERIODICAL PILLS eed in every case


where the monthly periods have been Irregular from colds,


owledged by the medical prosson and hundreds that have
uselesy tried boosted remedies; indeed
these pills in their effects that necessary
their though they contain medicine detrimental the
constitution Advice given gratis all who the pills. by
Madame Costello ""a Lspenard where the pills sold
genuine. Price 81 per box. jy2 lm.r
MOST EXTRAORDINARY CURE.-If any have had


1 doubts they dismiss Them and the incredu
lous may consider deafness curabe Numerous of
and OF them remarkable by the of


seapas 0 have besn published but this the climax
Young or old, you may yet recover hearing.


lady in Smthfeld Penny Va and about years
Of had been gradually deaf for than years
in the londes tones of VOICE Last winter she induced
try Scarpas Oil for Deafness"" 1t only add,
that she has used bottles and that her hearing perfectly
restored-she cured. Any information in relation the
may be obtained the of Dr. JAYNE 20 South
Third street. Philadelphia at which pee also the medicine is
for sale.


Sold in New York by the agents, & Sands druggists
70 Fulton street. of Gold and 100 Fulton street, whole
sale and rea also sold by David Sands Co. East Broad
way of Market street; Abraham Sands Co. 1913
Broadway, corner of Chambers street.


Price WOO",MADAME COSTELLO-,The New York herald. [volume] (New York [N.Y.]) 1840-1920
1842-08-31,"THE undersigned has, az expense fitted up one OF the
New Yer in which hundred persons least can sit down
20 excellent and usstins breakfast dinner and rom
oeled either sgard qualify number Of dihssby any no.
eel in the United States, and varying prices from six cents 10
shilling and eighteen dish The purest Java and


ocka coffee and the very best and only frce
cents per cup And all other refreshments proportion The
wasrs uniformly sivl and Polite and visitor may Be
fact every deparmen mt Of the business under the
denee competent whose sole and are
Kuests. HENRY 0O9LING


Proprietor Of the French and American Eating House.


Nos aud CO Nassau bewee Jshn and Maiden Lane


Ps-Open Sundays for breakfast dinner and tea jeso 3nr","ECONOMY, ELEGANCE, AND GOOD


I-yINn",The New York herald. [volume] (New York [N.Y.]) 1840-1920
1842-02-17,"This il illustrative Of the general prosperity Of the
public works in New England. And those works have
this peculiar feature viz that they are supported by
the trade and industry ofthe sections Of the country in
which they are situated, while those Of New York


ceive their principal support from Western states The
income of the Erie Canal for instance 100000
during the past year, than one half Of which is
paid by the farmers Of the western States The toll
led on their produce coming TO the New York mar
kets is taken Of their profits Herein consists the
great distinction between the canals and Rail Roads Of
the Atlantic states and those Of the west The lnois,
Indiana and Ohio farmers have not only TO support their
public works. but they actually pay for those 10
New York and other Atlantic States through which the
great avenues to market constructed Ills undoubt


edly true that henever IL public work 10 individually
constructed dminishes the cost Of transportation 10
Market and Of favors the farmer but when vast
sums expended on works which will not have that
effect they become burden Of this nature 10 the Erie",,The New York herald. [volume] (New York [N.Y.]) 1840-1920
1842-09-11,"COMPOUND VEGETABLE PREPARATION
FOX IN treatment and the Hair the only


nsinhic preseyave against badness, and certain
for all diseases OF the scalp such dandu pca ponica
&c ec including all cutaneous ae ctons This article
pared VIII great car, by the inventor and proprietor himself
after study OF ten years during which his has
most exclusively devoted the perfection of this
article for the benefit of the growth and beauty the Hair
the mean time intended for purpose
have arisen and died while this sjoces the full ygor Of
manhood-and destined live long fine head hair
duly priced its cleanliness and beauty admired those
who have these desires but give single trial and he has
fears for the result enly requires be known
gated and when appreciated the prophet expects obtain
his reward from discerning public and asks beore-hs
is not afraid of getting of pate nee.


Nearly i've hundred certificates testhng its virtues in
all cases for ich II intended be used from the
highly respectable individuals parts the United
States this Canadas &c be the office of the
and manufacturer, No. | Pine sire ct New York","THE TWO GREATEST INVENTIONS OF


THE AGE.

KENN n. 5",The New York herald. [volume] (New York [N.Y.]) 1840-1920
1842-09-11,"From Mgxoo.-The New Orleans Courier fur
nlshes few additional items OF news brought by
the VIM. Penn, from Tamplco.


More than 100 Mexican or Spanish seamen had
been pressed at Tampico, and sent TO man the
steamer which arrived at Vera Cruz from England
about the 18th ult.


About 800 troops marched from Tampico for
Matamoras ten days previous


The VIM Penn was chased, but not overhaulcd,
by a Texan armed schooner on the 23d ult.


There were at Tampco one American, three
French and three English vessels.


Some OF the natives boosted that they would
overrun Texas and not stop till they got 10 Wash
lngton.


Santa Anna was becoming more popular than
ever.


The ""New Orleans Advertiser"" SAYS The
intelligence from Mexico, gives good reason 10 be-
ieve that Santa Anna is seriously bent warlike
operations upon comprehensive scale. Ills nen-
tons are involved IN mystery, however. Fifty
thousand men, II is said, already under arms.
and further approximations making in their mill
tary force. The navy is undergoing re-organiza-
ton, and is strengthened by the addition of several
ships and steamers. This preparation is ostenslby
TO reconquer Texas. 1t would be singular II the
real object was war with the United States


The Crescent City says:We learn that great
preparations were being made for sending an over
whelmlng force into Texas. They are increasing
the Navy, and daily augmentlng the large military
force under arms. All classes OF citizens are made
to bear part, either as actors or contributors IN the
affair Contributions are levied, taxes imposed,
anu men urdileu-lh SNORT every s'eP is oehs 'aheI
to supply both men and money for vigorous and
formidable campaign against the rebelllous Texans.


GALVESTON, August lS-A party of gentlemen,
seven in number, arrived here yesterday from Ar
ansas Bay They have been on scouting expedi-
ton on their own hook, and have done pretty tar
business On this side of the Nueses, they encoun-
tered party of the Mexican spies, about fifty III
number, and attacked them. The engagement was
short-the citizens of the greatest republic on
EARTH refused to come up TO the scratch, Twelve
of the spies were killed, the remainder taking 10
their heels On their persons were found consider,
able sums of money, which you may rest assured
were resoved, constitutional scruples preventing
our boys from pocketing the deposiies The spies
were armed with beautifully silver mounted guns,
and had they been men, would have given our party
a warm reception.",,The New York herald. [volume] (New York [N.Y.]) 1840-1920
1842-06-30,"HATS! HATS! HATS !!
DROWN &CO'S One Price Hat Store Wholesale and re.
TAIL 79 Chatham Square, Of Mott street, where
the head


The proprietor the pleasure offer addition
their recently improved short mapped Hat STYLE the
imitation Of beaverr which that Of all fun
the costly beautiful that the difference Is easily
perceived Price three dollars We strictly adhere the
Hat for the price charged In presenting these Hats the
public the propetor think they have reached the ulnmaum
Of beauty, durability, cheapness and comfort. 3ms
a N IMPORTANT QUESTION: here presented for the


serious reflection of the purchasers of Hats Is it con
with true FIVE dollars for
Beaver Haf, when the article be bought Wall
street, lbet Broad and New scets for FOUR DOL.
LARS7 THIS is deceptive assertion single trial,
~ inspection, will sssy the sssptica , the Beaver
Hat offered is far from being the inferior article often sold
for less than five dollars. The fact that the article offer
ed generally equaled and in instance surpassed
that price IL offs reduction the price of
the material together with the economical policy
Northumberland the Topetors engaging personally the
uasufacurethat the inducements offered
such u offered before.


WARBURTON & WEBB,
jei0tmsr Hutep. w all street.","HATS

HATS! HATS! HATS I!",The New York herald. [volume] (New York [N.Y.]) 1840-1920
1842-10-05,"Before Judge Lynch and Alderman Steward and Balls


TUESDAY Der. ""A black fellow named John Will
lams was tried for entering the house Of William SILL
76 Broadway with supposed attempt to STEAL and
sent to tho Penitentisry for two months. John
Leonard and Patrick MCGUIRE, were tried for steal


ing several shirts the property of Jackson Orr and Leon
ard, sent up for two months. MCGUIRE was discharged
Joseph Kelly and John Dryer, tried Cor stealing


musical box, from Sophia Barkmeyer. Kelly sent
up Tor three months, and Dryer was discharged John
blackburn who tried for disturbing the public house
of George Hazard and also for assaulng Mr. Hazard
ordered to give security in the Of $780, to keep the
peace. JEWS Van Dyke black fellow, was sent up for
six MONTHS for stealing roundabout jacket from James
MoCadden A boy named William Reeb tried for
stealing three dollars from the money drawer Of Peter
Gunn and convicted but sentence suspended and he
discharged A black fellow named Thomas PIERRE
sent to the city prison for 30 days. for stealing
shirts and fock from Betsy Brundage, colored woman
at service, at l26 Bowery John Baker up for
two months, for stealing small quantity Of yarn from
Sanger Co. James Mccormick, a wild lrishman, was
tried for striking Adam Long with brick bat while on


spree and so drunk that he couldn't The Court sent
him up for six months Albert Hamilton tried for at
tempting to gouge out the eyes Of a named George
Kelvin, but owing to the absence Of Kelvin the case
postponed until Friday. John McDermot tried on
charge of stealing watch from William Bum, but acqu
ted there being evidence to sustain the charge. The
Court adjourned to Friday morning at o'clock.",,The New York herald. [volume] (New York [N.Y.]) 1840-1920
1842-03-06,"Oh. let the soul in slumber break,
Arouse its senses, and awake,


To see how soon
Like, with its glories, glides away,
And the stern footsteps Of decay


Come stealing on;
How pleasure, like the passing wind,
Blows by, and leaves US nought behind


But grief at last;
How still our present happiness
Seems TO the way ward fancy less


Than what is past.
And, while we eye the rolling tide,
Down which our flying minutes glide


Awav So fast,
Let US the present hour employ,
Aad deem each future dream OF JOY


Already past.
Let no vain hope deceive the mind
No happier let us hope to fnd


Tomorrow than to-day.
Our gildsd dreams Of yore were bright;
Like them the present shall delight,


Like them decay.
Our lives like lasting streams must be,
That into one eBgulphing sea


Are deom'd to fall
Ger king and kingdom, crown and throne,
The sea Of death whose waves roll on,


And swallow all.
Alike the rivers lordly tide,
Alike the humble riv'lets glide,


To that sad wave:
Death levels property and pride,
And rich and poor sleep side by side


Within the grave.
Our birth is but starting place;
Life is the running Of the race,


And death the goal;
There all our steps at last are brought;
That psth alone, Of ell unsought,


IL found Of all.
Long ere the damps of death can blight,
The cheeks pure glow Of red and white


Hath passd away;
Youth smiled, and all was heavenly fair;
Age came and laid his finger there


And where are they
Where is the strength that mock decay,
The step that rose SO light and gay,


The hearts blithe tone D.
The strength is gone, the step 10 Flow,
And Joy grows WEAKNESS and woe,


When age comes on
Say, then, how poor and little worth
Are all Those glittering toys Of earth


That lure US here:
Dreams Of sleep that dea.h must break,
Alas before it bids US wake,


Ye disappear.",The Course Of Time.,The New York herald. [volume] (New York [N.Y.]) 1840-1920
1842-03-06,"No 81 South street. New York


THE subscriber, the year


appears before his friends with sentImen Of
pagt =


He likewise wishes 70 call the attention Of those intending
n send for their friends England Ireland Scotland and
Wales that they at all times be accommodated by this
hne, by weekly opportunities from Liverpool A nv
I'll the well known different lines of packet shs sailing 10
md from Liverpool tie 7h Ish 18TH d2sh Of each
month, throughout the year. t..


has always been the study Of the subscriber tohsve the
those who send for their friends rest satisfied that cry
and dilscnt attention will be given - the Liverpool
AGENTS 10 those for well all who embark with
them and should Of whose has been paid
net embark the will be refunded without large
The feels peafre making known the different
sps By which his passeng during the last year.
which has general and that has consider
ahy extended and concluded his arrangements for the year","W YORK AND L !Iy III I SsoMMERCIAL LIVE

.l!!!!6 e - !! ~ ~",The New York herald. [volume] (New York [N.Y.]) 1840-1920
1842-02-11,"90 AxEsrcAS MusEuM-N work Of art has
been brought this country, which ELECTED such uni.
versal and deserved econums the model Of the city of
Dublin exhibiting here. There lies the whole city
perfect and plain you viewing the origi
nal from balloon two hundred feet above the earth.


Is not painting but model, the city in miniature, so
perfect in all s psrts that any person who has been in
Dublin, point out the very street and house in which
he lived with the yard and outhouses attack ed
bling in color and form the originals, with exsctness
perfectly incredible Every building in the city, from
the Custom house, Old Parliament House, Posoce and
st. Patricks Cathedral, down TO the most lowly and
humble matched roofco.tage found in the model The
closer 10 examined the il the visitor ssonished
to learn that all made by ndivi dual in twelve
years. II looks like the work of age Of the half
million other curiosies and the great improvements
here have not time space to write. All must 80
and visit this establishment Every Saturday afternoon,
aspendid day performance takes place here Families
and schools should remember thi. tomorrow.",,The New York herald. [volume] (New York [N.Y.]) 1840-1920
1842-02-11,"90 CHATHAM THEArRR.-The performances tonight
at this house are chase, varied and attractive consist
enactng the hero Johnson the tyrant esler Stevens
and c. Mestayer Melctal and Michael and Miss Mes
tayer Albert To the above added the drama Of The
Dumb Girl of Genoa, in which Messrs. johnson and
Kirby perform the celebrated drusken combat ; John
Smith and his pupil appear in their negro eccentric
ties and the nautical drama Of Paul Jones' In which Mr.
Scott appears a. Long Tom Coffin and Mrs. Thorne
Kate Plowden combine to render this bill the best that
has been offered this season.",,The New York herald. [volume] (New York [N.Y.]) 1840-1920
1842-09-15,"A. PASTOKS fIAIR OIL.


Or COMPOUND ESSENTIAL OIL OF ALMONDS
For dstr yins dandia and preventing the hair from con-
ing turning pared by Antonio Pastor Hair Cutter, l65
Greenwich street New This ninitebe oil has been
the product of wenyour Of experience and for the last
New Yors where have been practciug the
Hair Cutting business, and the public may rely on tina,
Pastors Compound Oil the whoesomes and best OIL for the
Haimakes grow thick and long prevents its falling off
turning grey and even hair has begun TO turn gry Is such
nonrisher to the hair that by will restore to its natrl
coio Also prevents hair from becoming shaded and II hair
de. ma Az shaded which great dslguremen % young Ia
uss ano used Tor short me II will restore II 70 Its natura
color clear the sep and keen the head and hair
eyebrows and whiskercd liberal discount made wholesale
purchasers fnce 30 cents per bottle highly psrfumsd


o.x A. PASTOR,


chst","PETER ROSE. Cutler &c.

-, PAsTQRs HAIR OIL; .,,o",The New York herald. [volume] (New York [N.Y.]) 1840-1920
1842-09-15,"THE undersigned has s aea expense fitted mp one Of the
largest and splendid Coffee and Eating Houses in
New York in which hundred least down
excellent and substantial breakfast dinner and iron
the choicest supplies othe markets. with bill Of fare
ceed either regards quality number Of dishes by no.
tel in the United States and varying prices from sir
shilling and eighteen dish The Java and
Mooka coffee and the best and served only three
per cup And all other refreshments in proportion The
walters uniformly civil aud polite and every visitor may be
assured of feeling in this establishment quite si home In
fact of the business under the
dence competent oversee whose sole and attention
directed the comfort and convenences Of and
guests. HENRY GOSLINg.


Proprietor Of the French and American Eating House,


and s. Nassau between Jshn ST and Maiden Lane.
sOpen Sundays for breakfast dinner and je3o","ECONOMY, ELEGANCE, AND GOOD


LIVING,",The New York herald. [volume] (New York [N.Y.]) 1840-1920
1842-09-03,"Corn Doctors. from Paris,


DEG LEAVE inform the inhabitants of New York that
ID they will be happy wait all who desire their
Mons. and Mac Bernhard have been pacticipg in the
United States but few months and iii that short time have
ceiye testimonials from Of the eminent gentlemen
and Others the benefit and comfort which they have
honor to inform the public that by new and peculiar method
without cutting Mons and Made B. do not attempt to offer
nosqm requiring secesy or faith TO ensure It's ecacy but
painful Cos that havs the satisfaction Of Carrying
Mons and Made have in their possession upwards Of two
thousand from those who have experienced relief at
their hands Mons and Made e. have ced their profess
for several wears in Germany France and England and
atested by certificates from the En-
gish French and German physicians well from several OF
the nobility and gentry Of those countries delivered them
after four years The operation viii not occupy more
than minutes and the relief that the
thus treated Immediately put their shoes and walk
without the least inconvenience. INK.
Ladies and gentlemen will be waited their resi-
dence, IT they desire H.
At home in the morning from till H. and in the afternoon
from till O'Clock. rs


Office at Boston, Isl Courtst. iva 3msr","CORNS, COKNS. CORNS.


Murray street. -.
MONS. AND MADAME BE HA RID",The New York herald. [volume] (New York [N.Y.]) 1840-1920
1842-06-20,"81 LISPENARD STREET, N. Y. CITY.
MADAME COSTELLO, lsateful for the patron
u age literally bestowed since she opened the above Of
fee respectfully socits the attention of females and mothers
in particular the following Medicines of her preparation
which proved eectu remedyng the diseases
which they recommended, wiz


Madame Coello's Pile Ointment, a certain for the
Piles in all cases.


German Soothing Syrup prepared expressly for children
teeihng will efcctually prevent fits, screaming, SC.


Madame Coeos Nipple Paste the ssul remedy
for nipples, and which mother should be without.


Darroea Cordial the efectual remedy possible, gene
rally requiring but few doses effect perfect


Lip Salve Cream of Amber for removing pmpes blotches
redness tan, sun-bur and ireckles.
will restore in bald places and give it rich dark glossy a



Alsea Beautiful Dye for the Hair, does color the skim
but will red light hair beautiful black. La
dies have applied the office by Madame Costello,
ranted.


Madame C.s Ointment and Lotion, positive for the
s, rheum letter ring scad head and other er7pnons
OF the skin.


Cases Of Liver Complaints which have been standing for
years have been cured in short tine by Madame Cs
cellent remedy ard RESTORED 10 psr feet health
M!,T1e Coselos Syrup for after pains failing
Eeoy.
Each and all of the above medicines prepared and sold 81
Lispcnar and where be obtained such these
ac will convncehc public there fancy in these
Sc tions.


Madame c. would inform ladies that good nurses be OBJ
tanned at the shortest notice by applying her Office


All communications and letters be postpaid. mis- lm*c",MEDICAL OFFICE.,The New York herald. [volume] (New York [N.Y.]) 1840-1920
1842-07-02,"Our Butchers are hardly paying expenses and those
who have here ofore sported twon-hand our fash
enable Avenues content TO ride any way stay at
fact is meat goes begging in these hot and hard
ines. '1ol4


Musk MELONS for sale the markes-he first
sold yesterdays the nutmeg very fine. Water MELONS
are large, andwhen ripe arc wholesome.


The Vegetable Market continues to be well supplied
and we presume is profitable than ever the faci
les great for retailing only per day being
charged for room rent each stand


No Oysters are sold in the regular market but many
ne sold off the boats by; the law does affect
hem


garden and wild produce brought in in abuneance",Provision Market.,The New York herald. [volume] (New York [N.Y.]) 1840-1920
1842-08-17,";


THIS DAY, ""Wednesday, August 18th,
Al hlpa 10 O'clock at ~ West Broadway formerly Chapel
49, street, between Duane and Thomas


The large and valuable stock of Dry Goods contained said
store, consisting in Of


Blue, black, brown and mixed cloths, cassimercs
Nsstings, sanes gambroons, mernos, bombaznes hastings
SIR and cotton velvet silk and satns French and English
PRINTS silk and hose and half hose silk cotton and horse
skin gloves bleched and unbleached muns white and
iored canbcs, seslas linen sbeeng and fine shirt
ns checks sids drills flame Is, &e: silk hdkfs pongee cot
ton and Prussia do scars, sewing silk spool cotton
ribbons tpes, supenders Pearl and other buttons Sc sc be.
Ing well worthy the attention of trade country
anu o'neTs. sale positive.","Store 1879 Fulton street
STOCK OF DRY GOODS AT AUCTION",The New York herald. [volume] (New York [N.Y.]) 1840-1920
1842-05-27,"The ensuing summer bids fair to be a very, very
brilliant as far our fashionablcs and watering
places are concerned. Already many have sold ont
their splendid establishments household furniture,
wines &c. &c, packed up their plate and fine lincn
ordered their dresses,pu their deposites in bank
and made all these very necessary preliminaries
towards making the ''grand tour"" some over this
country, and some over the European continent.


Among the mos, attractive places of resort we find
the following


BELMONT HALL, New Jersey, with It's fine springs,
beautiful wales, dark wooded mountains beautiful
girls and braclng air, stands conspicuous.


SHARON SPRINGS, near the Mohawk, which OBJ
tanned so much eclat last year, will have a brilliant
patronage this season.


The CArsKu.L MOUNTAIN House, the most delight
full and renovatng and healthy place in the universe
will be glorius resort this year for the beauty and
fashion of both worlds.


NIAeARA-with its mighty, magnificent, ever roar
ing falls needs no one TO speak for il. These falls
like Gil Davis's wine, speak for themselves Hun
dreds of parties are now making up to enjoy its
beauties


LONG BRANCH will, as usual be rcsorted to by the
wise, the gay, the prudent, the witty the young, the
invalid. the strong, the weak and the wealthy, with
all those lovely girls from Philadelphia, bathing their
beautiful limbs in the Atlantic, will be delightful
residence and no one should omit to visit it,


New BRIGHroN ever attractive in the fashionable
world, presents host of new attractions this year,
and some of the finest dinners in the world will be
eaten there this summer and some Of the gayes and
happiesi balls take place there


RocKAwAY-the far famed and always fashionable
VIII also be 'hronged, Health, happiness, wit, humor
the bracng sea air, the renovang influence of
sea bath, ii~l, flesh and fowl in abundance will be
used and abused here before the summer i over et
one stay from Rockaway.


Last, but not least, comes COMFY ISLAND. This ia
always a fashionable, happy, and peasan, place Of
resort The salubrty of the air, the facilities for
shooting and fishing, the funny arrangements for
bathing. the unique bathing houses, and still more
unique bathing dresses, and the salt water king of the
Island. old Wyckofi, like another Alexander SelkiA
combines TO render Coney Island charming s,lmme
mosquitoes.


Besides all this, great many are going to tn
Southern Springs this summer several are going {
make the tour of Central America, and very man
are going to Europe TO visit the celebrated Germa
spa, Baden Baden, and other fashionable resorts o
that classic continent.


A glorious time for tourists, book makers, letie
writers and hotel keepers shall see this summer
Heaven preserve VA, aud restore all safe "" to hei
homes and friends


SPECIAL AND VALUABLE CAUTION Don't dis
card your flannel clothes too early",Watering Places. Sc,The New York herald. [volume] (New York [N.Y.]) 1840-1920
1842-10-04,"LIVING.


HE undersigned has, EXPENSE fitted Of the
largest and splendid Coffee and Eating Houses in
New York. which hundred at least sit down
the choicest supplies ofhe markets. with bill Of fare
ceed either regards quality number Of dishes by any
tel the United States and varying prices from
shilling and eighteen DISH The purst Java and
Mocka coffee and the very best and served only three
cup: And all other Refreshments in proportion The
ns IN dis one Kat e
fact department of the business under the
dence competent whose sole and
directed the comfort and conyeniences Of customers and
guests HENRY GOSLING,


Proprietor Of the French and American Eating House,
Nos 81 and Nassau between John and Maiden Lane.
r. S-Open SUNDAYS breakfast dinner and ie20","ECONOMY, ELEGANCE, AND GOOD",The New York herald. [volume] (New York [N.Y.]) 1840-1920
1842-10-27,"RE compounded the College of Pharmacy and Medicae
""A No. Beekmdn ST. established for the suppression OF Quack
and Nostrum mongers where professional advice all
cases given the purchaser gratis BY the attending
by and whose direction all medicines compounded and
dispensed These medicines stood the
eradcsting diseases Of the malignant aud private
and standard remedy the principal and
and London hosDas OF the day. Cancers
out cutung malignant ulcers scroous scorbuIc
and rheumatic pains the limbs joints; nodes
The shin bones, etc Remedies put 70 suit all csses
derae charges for the OF syphic and g0noh4 dis
charges from the uretra and oil both Sexes
requiring restrcment particular. Patients
ed by regular physician Of thirty experience
diplomas ae exhibited to view his office, NO. Beekman st.
corner OF Park Row. (under Lovejoys Hotel) New York.


line","THE GENUINE FRENCH
M Z DlEI L =",The New York herald. [volume] (New York [N.Y.]) 1840-1920
1842-10-27,"DOCTOR JORDAN'S SPECIFIC PACKAGES-No /,
- Tor the cure Of Gonorhes, sheets Sc and No for the
cure Disease all stages, have been used


wards seven and III instance failed to effect prompt
cure These packages comprse every medicine wash &c
CURED adapted 70 all the varied that the
patient has no thereby avoiding e1oo-
treatise The Monitor"" wherein is full directions with


description OF the nature symptoms and treat
ment OF secret maladles with valuable Being
complete compact and guaranteed in all they wen


adapted for strangers &c and place within
the reach OF all the proprietor has reduced the price Three
Dollars each PACKAGE which will be Forwarded paid
orders oy) packed and
NBThe Monitor (alone is so for dollar free
will be also free. Sold for the proprietor only Drug
Store 0Prince street Of Marion few doors Nib
los GARDEN Private and Offices for
coz Marion below drug Marion stree is d.


continuation OF Centre. oil lmsr",PRIVATE CURE.,The New York herald. [volume] (New York [N.Y.]) 1840-1920
1842-10-27,"- BUFFALO. CHICAGO AND CANADA-The sub
sebe having been engaged for the last twelve months
ming the Albany and Buffalo Express,
Harnden Co.'S New YORK and Albany Line, have recently
extended theu Express Line from Buffalo Albany through
TO this city on their will receive forward
pAty (sundays excepted) Specie, Bank Notes, Parcels
fackageS Bundles, and Cases Of Goods and from the fol-
low lug places, viz. -


Albany Troy, Utica, Syracuse, Auburn, Ithca, Geneva
Sanandagua Rochester Batavia, Lockport Buffalo, Ceve
Ian Detroit, Chicago and the ediate places.


Also, Oswego, Sacketts Harbor Kingston and Toronto
Canada. - O'


Will promptly attend the collection and payments Of bills
notes drafts and accounts purchase and sale goods
duee by sample and such other may be
entrusted Ia their


Each Express will be accompanied by competent me
ger together with responsible the principal
upon the route Merchants and others that
turns VIII BE- IN this manner received speedily any


B-Specsl Expresses any part of the country az
short notice, and upon reasonable terms


sis POMEROY u CO. No. 2 w all street",u BUEEALO. CHICAGO AND CANADA-The sub,The New York herald. [volume] (New York [N.Y.]) 1840-1920
1842-10-27,"Sc.


article OF Solar Lamp very superior article.
Also, new article of Defecer Tor Improving the light oil
the old pattern of Astral Lamp.


Also style of Floreune Bronze, color mmovable
Together with variety of Lamps and Chandehen for
churches, halls and public buildings


PLATED WARE.


Baskets Casters Trays Toast Racks Candestcs Napkin
Trys, Coffee aud Tea Ums SC.


Fine Table Cutlery and dozens; Japanned Tea Trays
IN great anty OF patterns and forms; fine cut glass BOWLS
Pitchers, Tumbers Dishes, Goble Decanters Water Bot
ties Sugars &c. &c.


w: H. beg respectfully inform their friends
and the public generally, that their with the
such that sell all articles their line
at rmak ably low prices; and respectfully invite them to call
and their show which alone sufficient compen
safe for the trouble. s22 Smsr
CROCKERY CHEAP FOR CAsH-F. Z. TANNER
~ would respectfully inform his old customers and the trade
generally THAI he has eommenced the above mentioned business
the cash principle, and has hand his store
Water opposite the United States (oImer Hols) Hotel
complete aud of Cockery
Clocks Cut Plain Glass Looking Glasses Grsndoes, hall
and Astral Lam German fancy goods SC. Sc, of
which purchased before ~ the late
tariff, very cheap for cash


Al country merchants and buyers requested call and
purchase at from 10 70 than The they have
usually pad, buy at the time the city
sl7 lm'r F. C. TANNER.",,The New York herald. [volume] (New York [N.Y.]) 1840-1920
1842-07-10,"THESE celebrated articles have used for eary
four years, and the greatest proof their efficacy
moving the various diseases Tor which they recommended
s. that the demand for them has been rapidly increasing and
hut recommend them their friends.


COUGH LOZENGES
Are the best medicines in the world for coughs colds con
.nmption asthma, wheopng cough Sc ever discovered


THE WORM LOZENGES
Are The only articles which fail worms Of
very description, both from children and adults.


THE CAMPHOR LOZENGES


Are sovereign remedy for sickness and nervous headache
papitltion owness Of spirits and all nervous diseases .
,fhe Hon. Aaron Clark Hon. Edw. j. Porter, Rev Mr..
Handbook Rev Mr. Dunbar of the NcDouga street Church.
hlye used them. - ~,
three nds' 273 Broadway II East Broadway Cod
Hudson. mZZc","MEDICINES.


DIR. SHERMAN'S
INDICATED LOZENGES.",The New York herald. [volume] (New York [N.Y.]) 1840-1920
1842-11-10,"HANSON, WILCOX HANSON, Plumbers. Brass


Founders and Coppenmhs, door the Tabernacle,
No 33s Broadway, New Yo'k


From long practical expseuce in business in this and other
cities possessing Wafer Works. H. have confidence
thus assuring the public that all ders entrusted will
be promptly executed with view
a woi kms Mike style, and of the best materials.


Their charges will always be moderate be reasona
bly, atored By competent and respectable


Water pipes Of every approved description for introducing
the Croton Water Patent lead pipes ron
superior manufacture Hydu Of iroIina red cedar bathing
tubs bath boilers the best PHILADELPHIA PLAN and other
articles in the foregoing branches OF business ola liner",,The New York herald. [volume] (New York [N.Y.]) 1840-1920
1842-09-21,"Before Judge Lynch, and Aldermen Carman and Bon.
. ..a'a I... nell


SEPT 20.-Edward Riley, for stealing piece Of cassi-
worth SIS from the store of Thomas Patterson
No. Bowery, was sent TO the penentiary for three
month. Mary Hanlon for beating William Hogan and
Thomas Hanlon, her husband, for beating Ask Shilling
peace Samuel NJ Breslow, for stealing a roundabout
from the store Of Messrs Brooks Co. of Cabe.
rine and Cherry streets sent mp for six months Ro-
sauna Logan alias Murray sent for three months
for stealing cloak from Miss Eliza Greenland Francis
Corn alias Fisher, for stealing locket worth $40 from
pended till Friday. Leopold Jere, for stealing velvet
cap from Henry Jacobs sent up for two months
John Thompson black for stealing pair OF pana
looms from the store of John Francis up six
months Dick Voorhees, Niger, not the Tombs lawyer
sent up for six months for beating his wife. A little
girl named Isabella Linn charged with stealing


ladies' from persons she had lv ed WITH owing


her extreme youth not being II years Of age she
discharged and the Court adjourned till Friday
next ct o'clock",Special Sessions.,The New York herald. [volume] (New York [N.Y.]) 1840-1920
1842-09-21,"'INERRAPIN LUNCH.-Gourmonde' Qui Vye Thou


sands of our good cts lovers Of good fare have been for
some weeks past suffering disappointment from the
closing of the far-famed renspn Lunch"" The flfui
few - is now however over and sgaia they feed
memory hangs his ha' the Tcrrspin also the pro-
pneto Of the finest little fellows Christendom yclept
ire Soup and steak line the mantle Of SANDY has fall.n
again guaranteed The Tenapn single look into the old
lee Box will appease the hunger of him with the short
purse and taste of the genuine half the old prices will
tickle the palate of the veriest snchorite.


Inc Green Turtle served this day. and every day during
the season. Sc lmtr",,The New York herald. [volume] (New York [N.Y.]) 1840-1920
1842-11-08,"U-""sEE, THE CONQUERING HERO COMES


Wilds celebrated Indian Candy for oil pulmonary
plants coughs colds &C. having the admiration of
all the good people down East is introduced here
lying its merits to work its way into public favor.
Sold wholesale and retail at No. oil Fulton near Green
witch street. N B.-A liberal discount to agents for the
country.


Also-Brstos Sarsaparilla for purifying the blood.


Jones' Chemical Soap and Coral Oil OF Circassa sold
by appointment-warrsntedg genuine.


The only place for the sale OF Phalons Dahla Cream
for the hair Except the nvcntors), the News Office,
oil Fulton street. near Greenwich, New York.",,The New York herald. [volume] (New York [N.Y.]) 1840-1920
1842-07-26,"NEW BRUNSWICK AND NEW YORK.
THE NEW JERSEY Railroad and Transportation Com
L rany have established Freight Line between New
bently.
Leaving New Brunswick at 81 A. NJ. daily, Sundays ex-
cepted) and the foot OF LibeT yeet New York r. NJ


ooIry dealers and me chants the above line very de-
Of description, and particularly Drovers and
Dealers Live Stock who head of convey
cd between New Brunswick and New York. the day
whenever required.
The for the transportation of cattle horses mules
Sheer hogs &c and all other kinds of merchandise are very
low never exceeding steamboat prices.


Merchandise by this line subject to any extra
charge in crossing the North River.


The Company have fitted up large store house at New
Brunswick adjoining the Railroad Depot which will always
beopen for the reception Of merchandise.


Passengers purchasing their tickets the ticket Offices will
receive ferry tickets gratis.


20 Freight for Newark Ellzabethtown, Railway, West
field Plained, Scotch Plains Boundbreok Someyiir
by the above lines and delivered the day when
received",,The New York herald. [volume] (New York [N.Y.]) 1840-1920
1842-07-26,"FORMERLY RENSHAW'S, at Long Branch-This en-


tensive and degh full Sea Bathing Estab shment will be
opened by the subscriber the 9th june instant BE begs
respectfully to iuo former patrons and the public
considerable additions and alterations encreasng the comforts
have made since last year. and will be complete read
ness for their accommodation.


Wshingto be reasonable the times will afford the board
will be dollars week year, instead Of dol


lars formerly Children ola certain and hafpr
Horses full fed $780, He hopes he may without mputa
ton that his table and accommodations will be equal
Long Branch Young people requiring much will
find accommodating terms.",BATH BUILDINGS.,The New York herald. [volume] (New York [N.Y.]) 1840-1920
1842-04-11,"THE sub crhsr, having leased the above establishment


spectuly informs his friends and the public that he will
open fer the summer on Saturday next, AprilI:t.


IL those PERSONS who have visited this anc
Beautiful place It Is needlss TO speak ts praise and those
who have never seen b, convinced by single that
naturally beautiful and picturesque scenery
ed by any spot on the island Of Manhattan


Strker Bay miles from the City Hail. the Bloom
ingdae Roai The house situate the magn Of the Hud
river along the banks Of which the garden pleasure
grounds extend iderable distance, the walks wnen
through beautiful grove Of locust trees.


During The past wnt many made
the premiership nd leading the widen
ed and graded Their labor having been
order 10 render this deserrsiy favorte summer resort


The stock OF wines ard liquors has been selected without


regard to cost by an experienced and competent the
ice me COME cto1sry and all other will
those OF any other respect able establishment


The garden and orchards well supplied with flowers and
fruits description, that viios ws,ne obtain
b:uqes BASKETS OF fruit their several
supplied.


For the Of ihose who Tor health
pleasure ride early, breakfast will be provided till
the morning.


The conr and lade. visiting ths house viii
be espe tally studied ant oivty and may avs
be led


stages start erery hour from No 20 Bowey and
can alisht at the gate. w. CORBYN.","STRIKERS BAY ON THE BLOOMINGDALF


ROAD.",The New York herald. [volume] (New York [N.Y.]) 1840-1920
1842-11-02,"NEXT CoNGREsS-WHAT WILL. THEY DO 1.-The
newspapers are busy specializing on the action Of
the next Congress-asking what they will do! Some
say that they will debate the tariff again-repeal
the bankrupt law-alter the apportonment law and
try 10 pass the currency bill All this may be So
but one important business is omitted AT the next
session, Congress WI. spend half their time in abo-
huon excitement, and the other half in electioneer-
ing for the next Presidency. There are two great
parties and dozen candidates. That is enough to
employ any three hundred politicians for three
months, particularly when they are paid by the
pa,pla",,The New York herald. [volume] (New York [N.Y.]) 1840-1920
1842-10-06,"SIGNOR DE BEGNIS'



VOCAL AND INSTRUMENTAL CONCERT.
SIGNOR DE BEGINS,
Begs respectfully his friends and the public


that he will give
Grand Vocal and Instrumental Concert.
THIS EVENING, OCT 9th,
1T THE APOLLO CONCERT ROOM,
Newly panied and decorated,
For which occasion he has engaged and well


selected


ORCHE STRA,
And variety OF Vocal and Pieces will be per.
formed by the foil owing Eminent Artists


VOCAL.
MADAME SEGUIN, MRS. BAILEY,
MADAME MECOVINO MALONE
Who will make her first appe arance in New York
MR.. 4. SEGUIN, MR.. PLUMER,
And SIGNOR DE BEGNIs.


SOLO PERFORMERS.
MIR. TIMM, HERR APPELLES
Plan oforte Solo Clarionetto Solo.


SIGNOR RIBAS,


Oboe Solo
w PENSION MR. TIMM,
Leader ofthe Band, who will preside at the Piano.",,The New York herald. [volume] (New York [N.Y.]) 1840-1920
1842-09-14,"These.are mostly cotton houses. At the time
~ boat from up the river brought boxes Of specie and
every arrival from Mexico increased the These
facts show how invariably specie makes its appearance
when paper excluded from the market This change
In the medium will prices of produce to rule very
low in New Orleans but for that the exports will
greater and more healthy. undoubtedly true that
owing 70 the artificial state of the currency heavy losses
oeen sustained by shippers during the past year
wen as during two three that have preceded it, and
may De matter surprise under the that the
amount OF Southern bills returned has been no greater
than It has Through the coming season prices will he
very low perhaps lower than for many years. arc


the article oil coton-but purchased for cash and
shipped as'ne ehecve demand abroad warrants instead of
according 70 the whims OF speculation it will be safe
and will no longer keep the mercantile commun;,v IN
suspense and alarm from its continual vacillstion.","Total decrease,",The New York herald. [volume] (New York [N.Y.]) 1840-1920
1842-06-03,"Nmo's-We said "" all the world"" would be at
this favorite place of amusement, and we were right
Such brilliant array of beauty and fashion has not
been witnessed since the Boz ball took place. Sa-
loon and garden were literally crammed-the effect
was dazzling All the entertainments were greeted
with enthusiasm, and well they deserved TO be.
The Rave family exerted themselves greatly and
won new laurels. Woolf justified the high charac-
ter he holds as leader-he draws mastery bow.
Edge is first rate pyrotcchnst-his design hap
PLY conceived and splenddly executed. The rush
equally great last evening"" and will doubtless be
the same tonight. The Lapand Dwarfs appear in a
French vaudeville, the Ravels on the rope, and the
clever pantomime. Niblo knows how to cater
does not care for expense and must do well.",,The New York herald. [volume] (New York [N.Y.]) 1840-1920
1842-10-01,"ONE box Of these inesimsbe Pills worth all the Quack
"" Medicines world for the Of certain disease.


CoMMENT-If examine the of the above disease
and situation of the parts affected, consider
very important object be able obtain remedy


its ACTION and the time composed of SUCH ingre-
dients will prevent the possibility of discovery while using
IT, II is fact well known many, that of the remedies
offered for these diseases Of such drugs
render almost impossible their
creating sickness the stomach other
quences Such the there doubt but such
a remedy VALIER'S FRENCH PILLS will meet the uni
versa spohaton being entirely free from those objections
their prompt the disease


The proprietor would here remark tina, the efficacy of these
Pills the disorders alluded based upon supp0son
the contrary founded rational experience having
used them ccesu practice for upwards he
feels confident Of their superiority the remedies hitherto
employed


Sold at No. 90 Nassau street. $50 Broadway and 90 North
Sixth street Philadelphia Price 81 per box. s2l m~r","VALIER'S
F RENCH Pill L S.",The New York herald. [volume] (New York [N.Y.]) 1840-1920
1842-09-30,"FURTHER FROM YUcATAN.-We have received
further intelligence from Yncatan, which shows
that part Of the news published yesterday could
not have been correct.


1t appeared by the first news that the Mexican
force had captured Laguna and the entire navaforc
ofYucatan. 1t appears now, however, by our prl-
vate letters, that the Yucatans had no navy to cap
ure as every vessel except small cutter, had been
sold soon after the capture Of the ""Yucateco' early
as month They are to build gun boats to supply the
place Of the large vessels and only two OF them were
on the stocks It appears also that the ""Yucateco'
was captured with the aid Of more bullion than balls
When Marin, the Mexican officer, boarded her,
there were but fifteen, and bribed captain, named
Furer, to contend against him.


Our next news from Yucatan will be important.
The people of that little republic are determined to
resist the agsressions Of Santa Anna,",,The New York herald. [volume] (New York [N.Y.]) 1840-1920
1842-06-01,"NO mehcnes discovered have rapidly in popu.
~ lar >tsnsm Peters Lozenges and the sufficient
that have been the
taste their and
These properties not the result Of chance but Of
bed science and by times for the propre
life has been devoted TO the study Of medicines and whose
'ersally known the varying and combining
without parallel up his entire for whole
"" the pcrccing of them made his
until they beyond the reach the requiston improve
meat.


PETERS HvORM LOZENGES


These the beside long required They
perfectly pleasant 10 the taste and gentle their ope aons
1t they be fearcssly administered the Youngest in.
FAINT and medicine discovered can be named
in compasorwhi !, destroyer Of IL has
traction for them which they resist and having
tasted they become poweess aud die The Worm Lozcnses
10 be administered doses sufficient produce cahac
effect The attention of parents especially solicited in favor


PETERS COUGH LOzENGEs
For coughs colds whoopng coughs and all pulmonary COM
plants these truly invaluable article and must be
eessul used directed Neither DO they keep patio
suspense but relieve them almost proving their efficacy
before the taste has passed from the mouth Dr. Peters
courts the readers trial Of this and will hazard his reputation
the result.


PETERS cordial LOzENGES.
deserve lest he should stare Re readers creday for il
claiming for them the power OF nvgorans the mind Of dis
penng melancholy and low spirits Of submng the
uon OF strengthenng the nerves. OF sweefening the ath
svnS tereuno balmy fragrance, and Of almost instantly
curing tn headache and correcting affections
on,es 20 them no virtue which they de fully possess In
addition they the delicious Of all Lorcngr and
the stomach and sharpening the appetite.


DIR. PETERS,,","DIR. PETERS INDICATED


TOZENGES",The New York herald. [volume] (New York [N.Y.]) 1840-1920
1842-06-19,"GEORGE w. DAWSON.
IPhoiesaie and Retail Furniture and General Fur
nishing Warehouse, No 81 Chatham street, COR


rer of Duane street, New York.
WHERE be keeps for sale large assortment of the follow


ing articles, viz: sdeboads, Bureaus Bed,eads Cots
& Cnas Once ami Portable Desks Glass Cases Book
Pianos Sofas Sofa Bedstea Beds Bedding Paleasters Mat
resses CARPETS, Oil Cloth. Mating and Fire Irons Wash
Dressing Bureaus, Safes &c.


Also krxe assortment of and women's Wearing An
parel, and second handed. -'
All the above articles are offered to the pablo al very
low Persos Of said articles would find il 10
their advantage to make early call the above



SHIPPING orden puncuay attended and r-eked the
shortest noce, reasonable Mattresses
&c for fitting out vessels, constantly on hand.


All orders 70 the above establishments will be p>tuay
tcpied to and Thankfully received.


N B-The highest prices will be given for Second Hand
GINS","FURNITURE.

GEORGE w. DAWSON",The New York herald. [volume] (New York [N.Y.]) 1840-1920
1842-11-15,"CHARLES dunno WATERLAND, PRINCIPAL


'HIS Academy established age,


uonage Of the former Inenden General OF Island and
9er individuals OF the nobility and merchants of
sia and the method of nterogativsn All the
scholars understand the Eng language, and many
speak h ,bitually and fluenriy


The Principal has the experience Of schools in france Ger
many England and the United States His chief aim is
give the youth entrusted to his practical Of
those branches OF poll education which required in al
active careers and are applicable 10 any.


Ihe OF study therefore, comprehends the English
Erench German and Spanish ansuage History Biographies
Na.nu Philosophy the practical part Of Mathematics and
Drawings OF vdrions kinds.


Professors of divers reside the
from the director.


Such signal has attended this plan Of tuition
vera OF the pupils under tr eye OF and speak
two foreign perfectly Ineligible manner
those oil nperyears correctly and easily.


The acquisition only of the Spanish but also of other
languages thus placed within Of the youth Of the
United Safes without its being for them
nqush The advantages which from anEngsh ed
youths from the United facilitate requirement
oil the English for his Spanish pupils, which
would be douby repaid them by the and introduce
here tbs manly spirit OF the English schools The young
zens Of the United Suites nothing fear the eli
mate the house being spacious and airy situated heahul
limits fine bath and complete gymnasium for
oil the pupils health Two youths, lately arrived from Germa
NY have passed the the school perfect health As
the principal married and his wife and have
charge oil the Junior department. children received
eye bu. that of infancy.


Every pupil enjoys his religious opinions undistubed


The terms are $500 annun payable three months in adj
vance There extras except clothes and books.
References-MESSRS. CHAS. DRAKE u BROTHERS.


ALEXANDER MORALES, ESQ.,,",ENGLISH SCHOOL.,The New York herald. [volume] (New York [N.Y.]) 1840-1920
1842-09-23,"MADAME COSTELLO need hardly state that her Pcrio-
M deal Pills. for the of all the diseases peculiar to e-
all Others that they the only
by the medical faculty in their private
these facts sufficiently known the public
general Equally celebrated Madame Costellos Soothing
Syrup for teetng childen which almost Immediately ls
the irritation the gums and is Of
vusons; and likewise her Nipple Paste"" for nipples
which good leave nothing be DESIRED aud such
is the popular article in the country. .


All Madame Cs edicines patronsed BIZ the medical
faculty. which be said Of the Of
Of her however thew may obtain transient notorety
through the newspapers Post paid for medicines from
all parts United States attended 10. TermsPerodic
Pills one dollar box-Tee thing Syrup fifty bottle.


Remember that Madame Costello the only legitimate bred
Female Phvaician in Nav York ST. Im<rc","FEMALE PHYSICIAN,
""a LISPENARD STREET.",The New York herald. [volume] (New York [N.Y.]) 1840-1920
1842-09-23,"WHOLESALE AND RETAIL.
THE CANTON TEA COMPANY continue to offer for


sale and fragrant Teas of every variety and STYLE
Their sssonme Specially includes The most delicious and
stamp Of neatness and elegance and the Teas therein
thoroughly secured from light and ha their quality and
will remain unimpaed climate. Their system
of prosecuting business perhaps scarcely be eIceed
founded upon the the Of the
especially with respect weight and quality and unva
LED caesus-ss All purchasers called upon
articles which fail them the fullest satisfaction when
the will be cheeIaIly and promptly refunded Country
win 6nd decided advantage supply themselves
from tins establishment.


[ Office roasted every day.


Orders from all Of the Untea States executed with
promputude and despatch.


GI The only warehouse in America for the sale st Hou
qua's celebrated Black Tea. au2i Imsr","MISCELLANEOUS.


UNITED STATES
TEA EMPORIUM,",The New York herald. [volume] (New York [N.Y.]) 1840-1920
1842-09-23,"A CARD TO THE LADIES.
DARIS DRESS-MAKING ESTABLISHMENTS.
I'M East Broadway, door from Market sreet-MRS.
W. H. JEFFERS late Miss 8. Purser of 293 Broadway,
respectfully informs her former customen and the Ladies
generally that she has the Dressmakng bs
the establishment where she will devote
attention to their SERVICE and confidently those
ladies' who her with that Dresses
Coaks Iiabs &c., entrusted her skill, shall be deliver
ed perfect style, fit and finish Of workmanship
be exceed Of the most approved establishments in
Broadway, and for much moderate prices.


MRS. w. H. JEFFERS, TX East Broadway.
NB-Masters Misses and Chdrens dresses made order
the shortest notice. sid lm*r
pARlS FANCY GOODS, 3O5 Broadway-A Stock offresh
imported Fancy Goods is offered for sale very low The
assortment consists of


Various styles Of Fancy Dress and Morning Caps


Embroidered Muslin and Lace Collars


French made Silk Aprons


Rich silk and steel embroidered Bags


Large Cardinal Silk Pelennes


Figured Gauze, Silk and Velvet Cravas
large of fresh sd and fashionable gilt jewelry
many articles very desirable for the


Also, to Miners.


Some fresh Flowers and Feathers which will be sold cheap
for cash.


Ladies will find their advantage by calling and examn
inc for fhemse",! CARD TO THE LADIES.,The New York herald. [volume] (New York [N.Y.]) 1840-1920
1842-07-03,"DROWN cos One Price Hat Store whos saleaand NJ
- tail, ll9 Chatham Square OF Mott where
fashion beauty, durability and economy combined adern
the head.


The pope,or1 have The pleasure now to offer addition
TO their recently improved xrt mapped Hat STYLE the
imitation of beaver which closely ses Of all
the most costly and beautiful that the difference easily
perceived Price three dollars We strictly adhere the
price cash system which enables to furnish very supeo
public the propetors think they have reached
of beauty durability, chearness and comfort.
A N IMPokTANT QUESTION: here presented for the
n serious reflection OF the purchasers of Hats. l. consis-
tent with true economy common pay five dollars for
Beaver Hat when the article be bought Wall
street. (between Broad and New stees) for FOUR DOL.
LARS? This deceptive assertion. single trial.
inspection. viii satisfy the ske pcal tina: the
iai offered is far from being the inferior article often sold
for less than Eve dollars. The fact is that the article
ed generally equaled and in instance surpassed
that price. II ola reduction the price of
the material together with the economical policy ft
blishnen-ani the proprctos engaging personally in the
uasufactuTstat the present inducements offered
such offered before


WARBURTON & WEBB,
jelolmsr Hatters, w all street.","HATS.
HATSi HATS! HATS ~",The New York herald. [volume] (New York [N.Y.]) 1840-1920
1842-07-03,"ExA LAGRANGE HOTEL Bulls Ferry, New Jersey.


s.I This most eghtiuy romantic in full


readiness, well stocked with fruit and flower and above
wines and liquors ale and Also ega of the first quail


y John Ponson the proprietor sincerely his seful
thanks his friends and the public in general for their liberal
for the last nine years The beautiful steamboat Bos
on Captain T. Y Bahcock leaves foot of Canal
times day; The public assured that they i'll not be
disappointed heretofore the of the


Sum- Gentlemen be accommodated with the best OF board
and lodging FIVE dollars week and have their dinner
what hour they please except Sunday always s o'clock
NJ Military companies will find their
advantage and pleasure visit place try the
get ground and Ponson's good dinners His Prices accord
the times Pouson always home and will be hap
Ply see his friends and visitors. jel2 lm.r",,The New York herald. [volume] (New York [N.Y.]) 1840-1920
1842-06-24,"FENALE III CICIAN,


INFORMS the Ladies' of New York and Females, that she


ADVICE and prepare her popular and efca
to that her treatment has much satisfaction
C. hasse herself induced undertake the response
BILE Office of Female Physician from long experience and
ignorance of which renders the unbshing and
decoyag of mecenary useless If
juou Single and married ladies' may rely with confidence
her skill and maternal olcitude female physician. How
distressing may be their complaints her medical acquire
will be found adequate to the In short she grounds
successful results of Thorough medical edu
cation and reliance appointed of mpartng health
vgor happiness all honor her with their confidence
and All letters postpaid. Office and residence 81
Lispenard ST. je2l lm*c","MADAME COSTELLO,",The New York herald. [volume] (New York [N.Y.]) 1840-1920
1842-08-10,"Before Judge Lynch and Aldermen Purdy and Hatfield.


AUGUsT 9.-Thomas McIntee and John Wright, for
beating John White, were sent up for months; John
Brown for stealing cap and silk handkerchief from the
store Of John Phillips, was forwarded for months; Will
liam Gore who had stolen SO in silver money from the
pocket of Frederick Hodt remanded for sentence;
Benjamin Brnckerhoff and Alfred Chapman blacks were
convicted of stealing shawl from the of H. w.


Gray and the former sent up for months and the latter
for2 James Watson stole a gold finger ring and some
money from John Lapin, was sentenced to months;
Jacob Thompson for beating Patrick Keenan, held to
bail in the OF $500; George Barnes for assaulting
Catharne sent to the city prison for 10 days.
William Reed stole brass faucet from the store Messrs
Force Son, sentenced for months; Margaret Da
Wis stole pair OF earrings Sc from Margaret Mather and
was sent up for months; Maria Wilson and Mary Smith
were convicted of stealing bundle Of clothes from John
Treadwe, was sentenced to months; Bernard Smith,
aboy sent to the city prison for 30 days for stealing
apiece OF chain cable from the soop Hety Marssn;
George Sands Tor beating John c. Fink sent to the
city prison for 10 days; John White, for stealing coat
from the soop New Jersey, sent up for months;
Pete Johnson, alias Brewster, negro sent into the
city prison for months for stealing boots and shoes
from Edward Bishops Joseph Clifton sentenced to
months for stealing carpenters tools from Calv
Hoyt, Louis Gardiner, black for stealing cloak and
handkerchief from John Mack sentencedto months
Martin Culbert, for beating his wife, scntup for
months John McGrath, for stealing iron clasp from
the floating dry dock, sent up for , months; two
blackeys named Cesar and Prince brought up fol
trial but at the earnest solicitation of their Counsel the
put Oft until the next term Of the Court.


The Court then adjourned to Friday morning.",Special Sessions.,The New York herald. [volume] (New York [N.Y.]) 1840-1920
1842-06-18,"DR.. PETERS INDICATED


LOZENGES.


Mt medicines have rapidly
IN lar estimation Peters Lozenges and for the sufficient
their and certain their ELECTS
These properties the result of chance but OF experience
based science and tested by me for the whose
life has been the study medicines and whose
versay known in the and combining oil them
influence the Of human diseases almost
without parallel up his entire attention for whoe year
until they you'd the reach the equison OF improve


PETERS WORM LOZENGES.


These the desdeatums long required. They
erecty pleasant TO the taste and gentle in their operations
that they feaessy administered To the youngest
and medicine discovered be named
in comparison with il destroyer of worms IL has an at
traction for them which they cannot resist and having once
are be sufficient produce csthartic
eject The attention of parents especially solicited
PETERS COUGH LozENGEs.
plants these truly Invaluable ar,ce and be
cess fused directed Neither do they keep patients
suspense but relieve them almost proving their ecacy
before the taste has pissed from the mouth Dr. Peters
courts the readers trial of this, and will hazard his reputation
the result.


PETERS cordial LOZENGES


Dr. Peters almost fears speak these ozenges they
deserve lest he should sar,le the readers creduity for ~
pellns melancholy and low spirits of sublimng the nsgina
lion, of Strengthening the of the sro at
giving hereuno balmy fragrance and of almost instantly
curing headache affections atr
addition, they the most delicious of all Lozenges ard
equal anything yet dscove red for sickness onne
the stomach, and sharpeIsns tlie appetite.


DIR. PETERS


c,Yy)y <,-yry","MEDICINES.

DIR. PETERS INDICATED


LOZENGES.",The New York herald. [volume] (New York [N.Y.]) 1840-1920
1842-11-13,"HANSON, WILCOX HANSON, Plumbers. Brass
II Founders and Coppemiths to the Tabernacle
No 1913 Broadway, New York


From practical busiEess this and other
cities possessing Water Works. W. H. have confidence in
thus assuring the public that all orders entrusted them will
be promptly executed with view
a WOO kms mike style, and Of the best materials


Their charges will always moderate be
bly, affored By competent and respectable concern


Water pipes of every approved description, for introducing
the Croton Water Patent lead pipes
and timed pipes Brass cocks and Closets their own
superior manufacture Hydats Of Carolina red cedar bathing
tubs bath boilers the best Phadeha plan,
articles the foregoing branches Of business Imsr",CROTON WATER.,The New York herald. [volume] (New York [N.Y.]) 1840-1920
1842-11-13,"LADIES' AND GENTLEMEN'S HAIR.
NOT less .hsp two inches long in On. hundred different de-
Flowers, Rings, Wigs and Scaps.


A G BARRY'S WIGS AND SCALPS.
Still stand above all Others Their peculiar light
aud venatng character their being shaped exactly
the hair their astcy and their supeuor
teal and workmanship well their style OF finish and
arrangement all combine 70 form such perfect heads of hair
Parties having piece Of hair living deceased friend
formed by him any design the mind conceive
In such form u will b. keepsake invaluable.


aui,ous advice all diseases connected with III.
hair the Hail Cutting Rnoms.


lag BROADWAY. cor of Liberty. street,
jy12 ems Up Stairs","A X tt 8 T IN II Al R.
MANUFACTURED FROM",The New York herald. [volume] (New York [N.Y.]) 1840-1920
1842-11-13,"BAKERY 40 Lispena street, The subscriber respectfully
informs his old friends and hat he has resumed
his old business: baking and will be thankful for their ayo
Having takeh the stand formerly occupied by G. W. MIL
LkR 40 tpenard street. celebrated for good cake and the
subscriber having carried the number
the well known knickerbocker Bakery, No. 10 William
voe resort for good crackers aad bscushe thinks he has
not forgotten how please the taste Of public.


JAMES TOMPSON.
NB-Always hand fruit cake of all kinds and prices
wedding cake of all sponge cake Of all
sizessk biscuit and bread every serneon-bscuit and
crackers fresh every morning. oz0 lmsr",,The New York herald. [volume] (New York [N.Y.]) 1840-1920
1842-10-18,"90 FOOD FOR THE BODY AND MIND.-we
dropped in at the Caspian Saloon of Fulton and
Nassau streets last night and had the greatest treat
enjoy ed in our life. the nesest Oyster Saloon
in the city, rot excepting John Florence The paint
ngs are heauulthe oysters the finest and best favored
in the countryside wines and liquors from Gil Davss
choicest private stock and every department clean and
neat beyond parallel Added to this there is piano,
presided by superb musician who sings admirably
ly style. II was rich treat and we advise those who
have any relish for good oysters good dsc good sing
ing and quiet and select company drop in at the Cas-
plan Saloon every evening, and spend delightful half
hour",,The New York herald. [volume] (New York [N.Y.]) 1840-1920
1842-10-18,"Inc bacncAOrs ApOstrOpho
00-Dear gentle Bess, with eyes of blue,
And form of fairy lghtness,
And waving curls Of golden hue,
And neck Of dazzling whiteness.
Gladly would make thee mine
And well know thou lov'st me,
But then your bushes always shine
Through freckles to disgust me.
Then there's your charming cousin Jane
With such queenly air
She carries on her lip crop
OF most unsightly hair.
And witty little Ellen Brown
Classic in form and feature,
she shocks the strongest nerves in town.
The pale and gh ,stly creature.
Ogirls, why will you learnt
II you'd be sweet and pretty
When in Broadway you take turn
To buy the Eau de Beauti.
Why let your face be marred with hair,
Or why look pale and sickly1
When, If youllto Gourauds repair,
He'll add new beauties quickly.
81 Walker street. door from Broadway the origi
nal Office. 81 per bottle.",The Bachelors Apostrophc,The New York herald. [volume] (New York [N.Y.]) 1840-1920
1842-10-18,"FoURERIsM. new system OF society, lrven-
ted by French philosopher called Fourier, is ma
king great progress among the ""young, ranscenden-
tai whgs,"" and will probably carry the State. The
Tribune"" conducted by Greeley. M'Elrath and
Brisbane, their favorite organ, had some further
Developments of the new philosophy last week
which is quite original and startling 1t seems that
these young philosophers, consider Fourier a sort
Of second Savior Of the world, sent upon earth, to
re-organize society-and execute what the same
man'left undone.


In day or two, we shall publish full and won.
deful account from the columns of the Tribune, .
developing these novel, religious, social, and philo
sophical opinions-together with the mode of car
ryng their principles into practice, in the formation
OF society and government. All the ''young wings
perfectly crazy with Fourierism",,The New York herald. [volume] (New York [N.Y.]) 1840-1920
1842-03-01,"~ Madame Restell. Female Monthly Pills in all q


regulary suppression soppage Of those functions a
nature upon which the health Of every female depends nes
their uto the United States about -four
and limitations continually ATTEMPTED 70 b
pamed Of for The genuine Cheap common rs are Poreha
sFemals Monthly Pills with the object OF sellng possible,
dollar Females therefore cautioned against ses
Dat ali Female Monthly Pls eountsrtet except hoss
New York, and No. = Essex street. Boston. Price 81.


Madame Rsstes signature written The cover 81 saeh
boz.


b. The married under cireumstanc must abstain
from their for contained in the directions","MADAME RESTELI

COUNTERFEIT.
FEMALE MONTHLY


PILLS.",The New York herald. [volume] (New York [N.Y.]) 1840-1920
1842-06-10,"IA LlSPENARD STREET, N. Y. CITY.
MADAME COSTELLO, syateiHl for the extensive patron.
I literally bestowed she opened the above Of
ce respectfully socs the attention Of females and mothers
in particular the following Medicines of preparation
which have proved eecua emedyng the diseases for
which they recommended, VIII
Piles in all cases.


German Soothing Syrup, prepared expressly for children
teething, will efecuSly prevent fits, screaming, &c.


Madame Costelos Nipple Paste the most remedy
for sore nipples and which no mother should be without


iarroca Cordial the most cflecua remedy possible
rally requiring but few doses 2 effect perfect cure


Lip Svc Cream Of Amber for removing pimpes, blotces
redness, tan, sun-bunn and freckles. 80


Hair Renov apove preventive ia the Hair falling out
will restore in bald places and give rich dark glossy
pearance.


Alsoa Beautiful Dye for the Hair does not color the skim
but will red grey light hair TO beautiful black. La
dies have applied the office by Madame Costello,
rautcd.


Madame C.s Ointment and Lotion, positive for the
salt rheum, letter scald head and other
Of the skin.


Cases Liver Complaints which have been standing for
years. have been cured in short time by Madame Cs
cellent remedy and restored TO perfect health
Madame Coeilos Syrup for after ,ans failing
medy.


Each and all of the above medicines prepared and sold
Lspenard and where be obtained such proofs these
facts will conyncehe public there fancy in these
sertions


Madame c. would inform ladies that good nurses may be OBJ
tanned at the shortest notice by applying her Office


All communications and letters POSTPAID In*c",MEDICAL OFFICE.,The New York herald. [volume] (New York [N.Y.]) 1840-1920
1842-06-10,"MO- PECK SLIP-Doctor Carpenter usual devocs his
~ entire personal attention the relief the afflicted and
fortunate the eectua and speedy Of all his
cid established and well known Peck slip Dspensay No.
Peck slip Pearl DE- Carpenter bes leave app
those whom he is unknown that he is regularly educated
physician and surgeon, graduate Of Union college, and
lceae of the New YorN State Medical Society, OBJ
tanned his diploma in this city 1879 But what is
important the patient know tie fact that he speedily and
eecuav his patients thousands might and many will
testify His offices and entrances enently adapted
the comfort and privacy of PATIENTS who
observation, and his charges will be found reasonable


DIR. CARPENTER.",MEDICAL AID.,The New York herald. [volume] (New York [N.Y.]) 1840-1920
1842-10-06,"90 THE LADY IN BLACK.-This my sterous per.
sonage in Broadway yesterday looking beau
tul as We readers this is idle crea-
ton of the BRAIN her with her jet black ringets
hanging profusion around her rosy cheeks There
thousands Of pretty girsin the city who them and,
OF course enved the pretty possessor not knowing they
could vie with her by using she does, Phalons Dahla
Cream for the hair which possesses all the properties
quisite for keeping the hair in beautiful style stops its
falling out and gives the trouble its effects
felt for days. keeping soft and glossy Gentlemen
DESTROYS Of testing its qualities do free of charge
by calling Phaon and having their hair cut la mode


PHALON'S Wig and Hair Cutting Rooms,


Broadway. opposite st. Pauls",,The New York herald. [volume] (New York [N.Y.]) 1840-1920
1842-06-14,"MOFFAT'S FAMILY LIFE MEDICINES.
1T longer questioned either by riva! propeor The
L medical faculty in general that DIR. Mofat's Vegetable


Life Pills and Penx Bte have become the univ rsa


family the UAcd States and that they
plsh greater number Of remarkable and conducc
to the health Of population than others that can BIZ
named Yet they have been sxra,agany recommended
by the proprietor but have their and responsibility
by their powerful efficacy alone and their sound and intrinsic
worth No medical proprietor either I'M THE country Eu-
has number and variety or decisive testimonials
actual they have performed aG although these
thousands, they doubtless form but small
portion Of their extensive and unh raded usefulness These
certificates however which all besr the signature and address
the cured rnanswerably demonstrate that they al
Most only the ordinary functional der,nge
nns such bilious and Ever attacks habua and occasional
and bilious loosness dyspepsia atuency
and distressing disturbances Of Digestion but also chronic and
nammatory rheumatism fever aud other intermittent
eves undice gravel scrotua its worst stages decline
asthma, brouche quinsy, headache, and wasting
weakness eryspcas, and all eupons of the skin settled
choc palrson OF the heart determination of blood TO the
head, and ahost Of other irightful NAL aides.


And the why they comprehensive IN Their e.
ect unusually inable compared with other med cinc
is that they original compound Of the rsrest SPECIFIC
remedies that are known to science As spersn, they are
exhaustion or PAIN although h most POVERTY. purifier N the
world Bat they inygorate all the functions Of the system al
most from the commcnceucnt Of their work and oil evcrT@
earthly feeling bissl highly prizcd Prepared
nd sold BIZ d. VIM b. MOFFAT, 375 Broadway, n. York.
For sale a most Of the druggists in the city.


ta4",,The New York herald. [volume] (New York [N.Y.]) 1840-1920
1842-08-13,"AUG. l2.-Two boys, named James Sutton and Charles
Burns, convicted Of stealing 81 in bank notes from
but judgment suspended till Tuesday next Daniel Ben
jamin boy, for malciousy cutting leather band or
house carpenter of 80 Suffolk street. and also attempting
TO steal the copper rves belonging the band was sent
to the House Of Refuge Patrick Rady for getting drunk
and beating his wife, sent TO the city prison ior ~
days. John Hsson, charged with stealing cloth table
cover was discharged. Thomas O'BTien, Michael
Mcbride, Thomas Drscoll and Timothy McCarty
charged with stealing ~ pieces Of vest patterns from
Charles Fay of Is South William street. were tried. Nc
Bride was sent to the House of Refuge and Thomas 0Br
EN- was discharged Drscoll and McCarty discharg
ed by the Grand Jury. she darkey, named Mary Ann
Simmons was sent to the city prison for 80 days George
Two black rogues named Ned Eleager and John Prince
We're also sent up for six months for stealing dry goods
garet Henderson sent up for three months for stealing


straw bonnet and plaid shawl from Catherine Toerad.
George Bright packed off for two months for stealing
two dollars and pocket book from William Simmons


eweller lanes Brown sailor, charged with stealing
sai worth of clothing from the Sailors Home in Cherry
street. acquitted. William H. Williams charged with
stealing four wagon wheels from Henry w. Collier of
Clinton street, was acquitted Bridget McGil maid of
all work. to the Tombs for Is days for steal
ing cloak and parasol from Thomas Thuiston Of Brook
lyn Bill Fash, Liz Moses and Agnes Weeks for beat
ing and abusing Hyath Lyon, all sent up for six
convicted Of stealing two silk handkerchie from Jack
son Ode but let off promise of his mother to keep
licked all the Sunday officers on the Points. was
tried Tor the fortieth time for assault and battery and


fenced to six months in the penitentiary William Dag
man, for beating and kicking Nathaniel Hepburn street
inspector was sent up for six months boy named Tho
mas Hatfield was sent to the city prison for days for
being accessory to the theft of ST from the money
drawer Of Robert Turnbu of 200 varick street Lewis
Mitchell. who had worked for Richard Parish, sos
Greenwich street, was charged with stealing IS willow
baskets, but the evidence not being sufficient he
Quilted Joseph Clark got drunk and broke things but
was let off, Carle N Roe charged with stealing cents
was also let off, Joseph Mcfarland who charged
with beating his wife, discharged she not appearing
against him. Michael McGovern, who caught pick.
ing the pocket of Adam Weoh Of small change was
Caleb Beckett and William Nichols tried for steal
ing SIS, at different times from Williamson C. Bell and
the former sent to the House Of Refug e-Nchos was
discharged John Gray and a woman named Jane Edes
charged with beating sailor named John McLane
arragned and sent back to prison George c. Knight of
1891 Grand street. charged with petit larceny admit
ted to ball. and will be tried in the Court of Sessions


The Court adjourned to Tuesday next","Special Sessions.
Before Recorder Tallmadge, and Aldermen purdy ana",The New York herald. [volume] (New York [N.Y.]) 1840-1920
1842-08-13,"There was small tumult in the House this after
noon, but occurrences of this kind are not suffi-
GENTLY rare to justify detailed description The
Speaker and Mr.. Wise had a dispute about point
Of order, in the course of which considerable
warmth was manifested, and finally the wholeHouse
partook of the feeling, and there was very general
uproar, but the confusion soon subsidized, and the
affair blew over.


The wings seem to be giving way, and there is
to believe that tariff bill will be passed.
The select committee on the veto message will not
report until Monday, and meantime moderate coun-
sells will have sway among the wings.","WASHINGTON, Thursday evening.
CprOar I'm the House-PrObnbillty OF q


Tariff.",The New York herald. [volume] (New York [N.Y.]) 1840-1920
1842-12-22,"AMERICAN MusEuM-While nearly every other place
Of amusement in the city dropping under the whitening
pressure Of the times Barnum Establishment thronged
throughout the day. and many comfortably find
seats in the Lecture Room are there the evening The
Dwarf the greatest smallest wonder, is the leading at
traction He is figure among dwaris, Liliputian in
miniature and yet he is healthy and robust Alder
man. and never suffered hours sickness in his life He
remains three days longer win any person fail to
him The world never before produced the like


The performances this week chaste diversified and
of the very first order oaen well adapted the taste
the fashionable audiences which attend there.


Bsrnum will open Holiday week with blaze of glory.
He has expended much time and money exhibition
exceeding in novelty. grandeur and magnicencs any,
thing in New York.",,The New York herald. [volume] (New York [N.Y.]) 1840-1920
1842-12-22,"Anrn'rHEArnr. We unhesitatngly proclaim the en-
.anment' given at the Amphithestre in the Bowery,
the most elegant amusing of anv now before the pub


lie The crowds that attend each representaion Of bs
cias'c Olympic games, and enjoy the mirthnspirinr
eccentricities Of the nimtabls banjo methodist Emmi


and his pupil Pierce, fully attest the satisfaction of the
public with this species Of amusements Tonpbt the
versatile clown Gardner to appear with Emmt in tho
Ethiopian scramble, one OF the most capitsi
ever given. Walter Aymar, the only inisns;le
that rides without saddle bride and Messr
and Carroll all are to appear ""s""gan",,The New York herald. [volume] (New York [N.Y.]) 1840-1920
1842-04-04,"NEJV BRUNSWICK AND NEW YORK
THE NEW JERSEY Railroad and Transportation Com.
Rruswck and New York. which they intend to run
pepty. -. -, $50
cepted and the foot of Liberty street New York asPM


country dealers and chants tbs above line very de-
sb the speedy and cheap Conveyance Of merehandiss
Live Stock who have $50 head Of cattle
veyel New Brunswick and New York, the day.
whenever required


The for the transportation Of cattle he,ses mules
sheep hogs Sc all other kind Of aRdise
low, never exceeding steamboat prices.


Merchandise BY this line not subjected TO any extra
charge in crossing the North River


tn. COMPANY have hsted large storehouse at New
Brunswick adjoining the Railroad Depot which will always
be open for the reception Of merchandise.


Passenger purchasing their tickets at the ticket Offices
willreceive ferry tickets gratis. ml4 3m-
NOTICE-On and after April let, 1874 the Communication
IN fare in the cars o! the New Jersey Railroad and Trans
Dortation Company, between New and the
places on the line Of the railroad has been reduced ncud
ING ferry) to SIS per and $50 for SIX months


mis-",,The New York herald. [volume] (New York [N.Y.]) 1840-1920
1842-07-25,"GO AMERICAN MUSEUM AND GARDEN.-n
this avorte and delightful resort is thronged through.
out the week. twill not be for want of attractions Win
chel the great Yankee Dutch Irish and French define
aor and ventroqust, is engaged another week, and ap
pears his whole range Of Characters including the play
Of Old and Young Nick Whtlock, the Banjo Player Da
mond, the negro dancer Miss Rosae. Celeste, Animal
Magnetism the Gipsey Girl Model Of Dublin, couple of
large living Alligators, the Egyptian Mummy, Albno
Lady, Fancy Glass Blowing Grand Cosmorama Balloon
Ascension splendid Drop Curtain and 5000 curl.
osesall for % cents beats the world Day visitors
admitted free in the evening.",,The New York herald. [volume] (New York [N.Y.]) 1840-1920
1842-10-11,"MADAME RESTELL'S PHEN fOWDEhS.
11These invaluable Powders have been universally adopte
in Europe but France particular for upwards Of thirty years.
well by thousandsn this country being the only mild
safe remedy married adea whose health
forbids too rapid increase OF family


Madame Reste well know for thirty years Fe
male Physician the principal Female Hospitals in Eu
ropethose Vienna and Parswhere voree h, her
experience and opportunities she attained celebrity
those great medical science specially adapted
10 the female Frame which her medicines Row stand un
vailed well in this in Europe. Her acquaintance
herby tracing the decline and i'll health Of married iemsles,
the meridian Of life, and the consequent rapid and
often apparently nenpicable causes which eonsgn
fond mother premature grave-to their
knowIedge Of the primary causes Of female ndpos
The discovery her celebrated ""Prsventive Powders
Their adoption been the Of not onv
the health but the life Of aectonae wife
fond mother.


advertiser feeling importance Of this subject and es


mating the vast benefits resulting thousands by their adep
ton. would most fully attention


RED all that they hold and DEAR their
Ia not wise and vrtuous prevent evils which are
jsct by simple and healthy means within conscl Every
dpessonate vrtuous and enlightened mind will unhe stat
nsiy answer in the affirmative Price FIVE dollars package
can be FORWARDED By m any part United sties Al
TELL, Femaie Physcian Principal Office, i4s Greenwich
street. New York Office hours from AM TO clock M.
Boston office No. 7 Essex 81 lmsr",MARRIED LADIES.,The New York herald. [volume] (New York [N.Y.]) 1840-1920
1842-10-11,"NEN LENENT , OLOAhS
ITO BE RAFFLED for positively the first of Noven-


Der next two splenpd blue cloth gentlemens Spanish
Circular Coaks, with capes hands omely made with vel
collar and facng capes lined with silks and compile
other Tickets 81 so each As the rattle will
positively take place the above Tickets
be paid for whether when the numbers taken
As number of Tickets already old gentlemen wishing
change would do well apply earys such chance SCI
dom oes-he highest and lowest numbers have cloak
each For particulars apply No. Murray
corner Broadway, where the cloaks to be


az IN","UNITED STATES
TEA EMPORIUM.

RATTLE, RATTLE, RATTLE.",The New York herald. [volume] (New York [N.Y.]) 1840-1920
1842-10-11,"ONE box of these nestmable Pills worth all the Quack
"" Medicines in the world for the Of disease


CoMENT-If examine the of the above disease
and the situation Of the parts affected consider
tain its action the time composed Of such ingre
dens will prevent the possibility of discovery while
it, is fact well known many that most of the remedies
offered for these diseases of such drugs
render almost impossible TO continue their without
creating sickness at the stomach other
Such being the there be doubt but such
remedy VALIER'S FRENCH PILLS will meet the uni
verss APPRECIATION being entirely free from those objections,
pleasant their and prompt removing the disease


The Proprietor would here remark thai the efficacy of these
Pills III the disorders alluded biased superstition;
the contrary founded rational experience having
used them successful practice for upwards he
feels confident of their superiority the remedies hitherto
employed.


Sold No. 90 Nassau street, Broadway, and 90 North
Sixth street, Philadelphia, Price 81 per box. s2i lmsr","VALIER'S
F r EN- CH Pill",The New York herald. [volume] (New York [N.Y.]) 1840-1920
1842-10-11,"SPLENDID and well selected assortment of nch new
n Fall Goods Ieceyed latest imporatons the
Broadway Cash Tailoring Establishment Offered the
inspection of citizens and comprising
VARIETY OF the finest and desirable Goods adapted
.bsde, beaSer aphaum moh, and ramcs h,;r Cotb foy
coats pellos English and French elastic CASH
cashmere and other Splendid Vestngs-he whole Of which
recent purchases for cash. the low prices and
will be made order the and fashona
style and garment warranted the smallest advan
possible, by which will be supplied
splendid article which defy competition, and nsurng
least 1875 Of
be convinced by examining the materials, workmanship
and prices and comparing the with other fashionable
Adjustments.


~ b. full suit furnished in than twenty-four hours
Terms cash delivery.",TO ECONOMISTS AND THE FASHIONABLE,The New York herald. [volume] (New York [N.Y.]) 1840-1920
1842-06-23,"The Clay meeting last night was very, very, We
nv curious affair There array OF strange
queer faces and very few of the old stagers present
except Joseph Hoxie, Esq, Jacob Acker, Esq, Da-
yid Graham, Esq. and Nathaniel Blunt, Esq These
four distinguished gentlemen were the choice sp-
rits OF the evening and gave the cue and the Tone
and regulated the whole meeting.


Il were idle TO say il was a small meeting Be-
ause outside and inside the house there were more
han enough TO fill Tammany Hall. But ii was so
awfully hot inside the Hall that there were never
more than GOO in the room at any one time But
there were over 1000 outside the building who were
addressed with some spirit by Mr. Thayer.


But the greatest number made their appearance
at the bar, below stairs, where all the dis
tnguished disappointed ones made a great
display. Altogether, IT was great, rich, curious,
drinking, noisy, cheerful registering, out and out
New York political meeting"" full of sound and iu-
nv, signifying"" many things.


The abuse heaped upon President Tyler byMessrs.
Stanley and Bolts was worthy Of Biingsgate in its
palmiest days. The following song was handed
about the room:-","The Clay Meeting Inst Night mt the Ma


tIonaI Hall.",The New York herald. [volume] (New York [N.Y.]) 1840-1920
1842-10-20,"NEW AND GREAT NEUTRALITY-SUSPICIOUS.
~ HIGHLY IMPROVED MANIFOLD WRITER'S
By his wonderful invention letter and duplicate witt
opeaton with und facility
tnst- letter with all oIdnay enand lax.


To the tile, professional and travelling OF the
community has truly inventon of infinite value
time, trouble and The principal
advantage obe den ed from the manifold writer
oil document may be kept without additional trou
biz TO the WRITER and without necessity OF using either
inkstlnd The for agate
banks,
Offices merchants, of business generally, lawyers
editors public officers and all who
desous OF preserving copies OF Their letters do umens
wing copy OF they this will be
fouud invaluable.


Fr,css Manifold Writer has been in successful
ton during which the has had the


pleasure the unfe gned APPRECIATION Of all
ppobaon under. At the lat. Far OF the Ame-
the of the article examined into by
able who pronounced
ingenious useful cOnvance and not Liable
chemical agents.
Consequently amedal awarded by the Institute.


The proprietor has lately made great IN this
The paper the best quality ured in the
his order The ruling Of thcm which has for time been
thought impossible has at length been brought
for which has been secured The copying books
bound of forms and sizes, in price from
30 cents and upw ards


ready sale. liberal deduction made who buy by
wholesale.


Newspapers magazines throughout the copying
the above enrre without alteration OF ncudng
tins noce) and giving twelve inside Insertions shall
their order by sending
ing the adv the office of the subscriber


LEWIS FRANCIS, SO William street,


oil lm+r coroer Maiden Lane New York.","COLUMBIA CoLLEcE, New York.

TAKE NOTICE",The New York herald. [volume] (New York [N.Y.]) 1840-1920
1842-01-21,"= Among the many remedies constantly brought be-
fore the public relief for dyspepsia indigestion,
has fallen 10, to notice any thing equal
Sebrrg's Restorative Cordial. We have it from good
authority derived from the personal experience several
individuals who bad abored under dyspepsia for
BID. Of years ha, one bottle relieved all the unplea
symptoms and that three eects! perfect cure Its
operation upon the systeH,, at the time that it is
pleasant and grateful cordial. a name implies.
combines the adj ,iona quality OF eeyating the spirits
and thus rendering the invalid conteated and happy
Sold n lo2 Fultnn-strect. 20 D.",From the anerican Gazette.,New-York tribune. [volume] (New-York [N.Y.]) 1841-1842
1842-11-01,"MAGNOLIA LUNCH.
CORNER BROADWAY X CHAMBERS STREET
- The Propneors Of this ell know desire
form their friends and the public generally thar the
for supply of finest the market anords-i
Fond Shrewsbury and all kinds which they will
every style, aud a moments notice.


Steaks and delicacy OF the always be
found every style desired the good things
supper parties entertained and Meals served all hours
Gentlemen dining do will had this desirable
being within two minutes wall Of the City Hall.


The their thanks liberal
bestowed and hope by to they will
share OF custom. CHlCkEHING X CARLISLE.
lmsr",MAGNOLIA LUNCH.,The New York herald. [volume] (New York [N.Y.]) 1840-1920
1842-11-01,"UNDER THE AMERICAN MUSEUM


r. OURMON DE' QUI yIVE! THOUSANDS


Of our good cts lovers Of good fare have been for
closing Of the fsIfamed Terrapip Lunch"" The ""6dul
well"" for be known that the John Adams, of
memory hangs his hat the Tenapn also pro.
pneto Of the finest little fellows Chrsendom yclept
CsIr Noy thep smack your lips ys comorants in the
John, perfection good eating and drinking may be
again guaranteed the Terapn single look old
ice Box"" will the huager Of him with the short
and taste Of the genuine half the old prices will
exile tie palate Of the veriest anchorite.


Green Turtle served this day. and day during
I'm IN","VCOnOE VIC NIDEs, Jf.,
TER RAplN IIINCH",The New York herald. [volume] (New York [N.Y.]) 1840-1920
1842-05-13,"UNION COURSE Third Day.-The course was
thinly attended, and three horses started in the three


mile heats, purse $500. VIM. Gibbons bay mare
Cassandra, from Col. Johnsons stable; Stevens
Tampa. and Maj Jones's Treasurer. Some diff
Guilty occurred previous to starting, account Of
Treasurer having been entered after o'clock on
Wednesday evening, when it was stated that the
entries should close at s. The Judges upon the
stand contended that the entry was made contrary
to the rules, and therefore the horse ough, not to
start. Maj. Jones insisted upon his right on the
ground, that his entry had been received by the
Secretary of the Club and no objections made-that
i, had been published and posted at the Club House,
and therefore persons who had bet on the Field
against Cassandra had right to claim the entry of
the horse. The members of the Club were called
forward, and vote being aken,it was unanim ously
agreed that Treasurer should run, which received


the shouts of the assembage. Previous to starting


bets offered of 25 to 10 on Cassandra against


the field, but no takers They got off very well to-


gether, and kept tail nearly so, with Cas-


sandra on the lead, Tampa close behind, until COM


ing down the last quarter when they both left Trea


about four lengths Cassandra winning the heat


by length in advance Of Tampa. Time 5m 5isec.
SECOND lIEAr.-Treasurer took the lead and kept
it the first and second miles length in advance, but
when passing the first turn the last, Cassandra
passed him and won the heat by two lengths, leav
ing Tampa at the distance hole. Time 5m. 45sec.
She won the heat with ease, and the time may be
considered good.


BY reference TO the entries in another column, it
will be seen that Boston and Mariner contend for


the tour.mile purse to-day, and that two-mile and
mile heats will also be run Genuine sport may be
| expected The first race mile heats, will come o..
precisely at O'Clock. The tour mile at o'clock
AT the Centreville Course, after the thrf emile
heats were off at the Union, Brandywne dstanced


Fourth of July, Betsy Baker, and Kate Hantz, in
mile heats, best three in five, the first heat
| Time Pin. 81


The Newton races CONNIE nee next Tuesday",,The New York herald. [volume] (New York [N.Y.]) 1840-1920
1842-05-28,"Gz- WOULD YOU LIKE TO SURPRISE FOLKS
just use cake Of the Italian Chemical Soap, and bottle
ofJoness Oil OF Coral Cirrassa. The difference in you
VIII be ascnlhing The soap will clear the SIN of all
defects, such pmples, freckles &c., and will change
dark yellow or sunburn skin to beautiful healthy clear.
ness. The oil will tnow reader offer
ment make the hair grow stay falling scurf
dandri and make light red gray hair grow dark from
the roots Persons undoubted proof BY call
ing on Mr. Jones' of 81 Chahsmstrec Both the articles
are idyery reasonable price and certainly are two
the most excellent things knew. Hundreds are
usug them they never fail We advise all to try them
atonce You'll hardly know yourself after using them


o. HILLS MUsEUM.-Tiill is going ahead like wild.


fire. The Indians have their last week here and there s
to be an afternoon performance, commencing a. three
o'clock this day. Next week we are to have great novel
ty. The Ginnt and Dwarf will be gone in a day or two
also the models Of Switzerland and Virginia Let no one
loose the opportunity of Witnessing these novelties All
the avorcs Of the Lecture appear tonight nclu
ding Miss Emelie. the charming vocalist Strangers
don't loose the opportunity but visit the New York Mu
The Sacred Concert will OFF tomorrow even
ing under the management Of that excellent Musician
Mr.. q. Lodcr.


03- GREAT HOLIDAY AT THE MUSEUM >
Never has there been such holiday at the American
Museum to-day. grand day performance takes place
at three O'Clock this afternoon Banners will be waving
flags flying music playing and other demonstrations that
this is the last great day and night of the wonderful and
uncqualed original j. Diamond the dancer also OF Whit
lock- the Ethiopian melolst and Banjo player and the
large company Of Indian Warriors and Squaws dressed in
their national Costume The mysterious Gpsey Girl Will
display her miraculous prophetic powers-he Falls OF
Niagara will roar with real water-Animal Magnetism
will astonsh all beholesMiss Resale aud Collins will
sing their sweetest songs and dues-Celese will dance
her admired dances and 900 extraordinary curl
ostes will be exhibited aud all will be seen for IS cents
Every body must visit the American Museum.


ar5- CHATHAM THEATRE.-Judgc Conrads cele.
braed tragedy of Jack Cade is produced this evening
with appointments, scenery, &C., Mr. Forrest enact
ing Jack Cade, Scott Wat Worthy; Kirby Father Lacy.
Held stevens Mrs Blake, and Miss Mcstayer also have
prominent parts. The beautiful drama Of the Broken
Sword produced for the first time the after piece Mrs
Thorne appearing as Myrsillo",To Strangers stonpIng I'm the city.,The New York herald. [volume] (New York [N.Y.]) 1840-1920
1842-06-20,"Co NEW YORK MUSEUM.--Let readers only
examine carefully the bill for this evening"" and say whe-
her does not contain attraction and novelty than
any other yet presented the public Besides laugh
ter'provokng fun-creating friend Yankee HILL who Us a
host in himself tiere is the accomplished vocalist Miss
Taylor from the Park theatre, Mrs. Watts, Mr.. Loder
Messrs Graham Everard Baker. Bruce from the Olym-
pic will perform tonight Clubs Trumps and vari-
ETY. of other performances There is also the splendid
exhibitions Of Switzerland and Natural Bridge of Virgil
nip. They worthy of the attention Of the public.
old, and 5O0,O 600 curiosities",,The New York herald. [volume] (New York [N.Y.]) 1840-1920
1842-10-12,"GENTLEMENS LEFT OFF ARDROBE.
GENTLEMEN Families laying aside articles wearing
apparel and wishing to dispose Of the for cash.
obtain from the subscriber 20 cent than from other



To ladies' and gentlemen about leaving the city being
be red with superuous wardrobe, will find much their
advantage send for the subscriber who will attend them
their residence by appointment A line addessed to


II. LEVETT,


BOX 1907 LOWER POST OFFICE,
will be punctpallv attended to. ola imsr
WALLS END COAL, at $3.50 per Cbaldron--i3o chaI.
w dron quality for parior use, dischargg from
schooner Delaware Market Slip for sale
chasers, by JOHN OSBORN. IS Wall street.
10",,The New York herald. [volume] (New York [N.Y.]) 1840-1920
1842-10-12,"THE undersigned soics attention large Of
Goods for ia and winter wear including beaver cotns
for cassmeres in variety Of styles forpan
tai IONS.


Rich silk satin, and merno vestngs, whchw be made up
order usual moderate charges, for ready


Ready made cloaks &c, constantly hand


VIM Il. JENNINGS, Draper and Tailor,
SIS imssm 300 Broadway, American Hotel.
pILLlARDS-Otis Field resi- ectfuly invites the lovers
Ibis amusement 70 Bas,fords Rooms, the eli
Eating House, lt9 Fulton, and ~ Auu street where
choice may be had Of eisht tabesehcr Slate Marble ron
mahogany with India Rubber Cloth Composition Cush
on in combination with all the late European improvements
Visitors will find the bar either Washingtonan otherwise
suit their fancy so Imissec",NEW GOODS.,The New York herald. [volume] (New York [N.Y.]) 1840-1920
1842-03-09,"MARCH S.-William Henry and Jacob Williams,
of Samuel Waterbury, 60 Bcekman street Henry
was found guilty and sent up for six months, and
the latter di. charged. Peter Boyle, for beating
negro named John Riker, was sent up for six
months. Cornelius Butler, . negro, was found
guilty Of stealing a quantity Of nutmces, oakum,
kc., from Mcssrs Marsh aud Hawkins, his en-
ployers, and sent up for the like time John Dunn,
for stealing several turkies, geese and chickens
from John Jones, of 81 Broadway, was sent up for
sixty days William Knowland, lad, for stealing
bonnet from James votey, was sent to the House
Of Refuge. William Sales and Charles Rankin,
blacks. were tried for stealing number Of iron him
ges frem Mr.. Isaac G. Van Wyck Rankin was
sent to the city prison for sixty days and Sales dis
charged on promise to 60 to sea. Mary Thompson,
black. for stealing bed from Robert McRes, was
discharged.","Special Sessions.

Before Judge Noah and Aldermen Balls and lie,",The New York herald. [volume] (New York [N.Y.]) 1840-1920
1842-01-29,"Before Judge Noah, and Aldermen Timpson and


JAN 2-Wm. Cornish and Rufus Miller, were
tried for stealing dollar note from Ann Cooper,
but discharged from want OF evidence Daniel
Cronin, wharf rat, was found guilty Of stealing
quantity Of pig iron from Samuel Thompson at Old
slip--sent mp for thirty days. Henry Jackson and
John Williams, were found guilty Of stealing pair
Of boots from John Kerr $40 Water street. and sent
to the island for three months Ellen Fitzpatrick,
stole hearth rug and some muslin from Richard
Bent, Jr., 215 Grand street, and was sent up for
sixty days Ellen Pendergrast, was tried for COM
hitting assault and battery her Unlawful lord
Hugh Murphy, with whom she lived his better
half. Hugh presented a woful aspect, and plead
for justice as earnestly as one Of the husbands in
Mitchelps Queens Own. The Court considering
it family quarrel, discharged the fair AMAZON On
conditions that she would leave Hugh alone
Patrick Mullin, regular Of the oafer army, stole
cap from VIM. Brown, halter, and from compass
sion wa, sent up for six months. Magdalen, Rure-
gan and Margaret Bsals, two Of the shop lifting
species, were tried for stealing piece Of silk and
a iemnantI Of satinet from the store OF Messrs.
Hall, Catharine street. The goods were found in
their possession, and the court sentenced them
both to sixty days in the city prison. Lewis Card
mer, black rogue, was sentenced TO thirty days
for stealing an over coat from John N Stevens, Of
ship Taloomer Edward Francis, another black,
Tor stealing round Of corned beef from harness
caskat Washington Market. sent up for thirty days


Tie Court theu adjourned to Tuesday morning
next.","Special Sessions.
Before Judge Noah, and Aldermen Timpson and",The New York herald. [volume] (New York [N.Y.]) 1840-1920
1842-05-08,"HAIR OlLThuc j, oil in the world that DO good


bad the hair. Every body knows that when the hair
i burned Z viii grow again good as ever All the powders
for dying The hair nothing but mixture of lime and hmge,
and the han dyed bul literally burned Liquids for yins
the hair ccnqoons OF cuc and spirits, that burns the
way the powders and don't dye the hair and the hair
will matter how times IT. Is burned and
body knows also that when the head full 81 d1ndu the hlir
begins and badness follows From
Twenty years being hair cutter and having the opportunity
examining many heads, and blockheas have made
myself great cCnospn known g Pastors Hair Oh, %
Compound Ecue OIL OF Nlmonls for destroying dandrui
preventing the from coming and turning gTcy. Tins
im'ab.e Hair Oh viii make te hair WELL matter how
much d.adiuf soreness is the head.


FOf sale wholesale and retail az \. Pato Hair Cutter, les
Greenwich street, New York. Price 20 cents bottle
IN",,The New York herald. [volume] (New York [N.Y.]) 1840-1920
1842-05-21,"CAPTAIN Frederick WEEpE =


SRAs you are the of leaving New Orleans for the
North permit before tender you nay
thanks for the sknl and pehec, manner in which you have
trained my horse St.r of the Vest consider bin Of
the boe horses tbs saddle and military in the
United States. And take pleasure in Recommending
gentlemen who have horses TO brake OF the
tent slfu and accomplished trainers and riders have yet
with, aud have doubt, il onored with their patronage
you will give them equal satisfaction.


With my wishes for your future welfare and success,
remain, Respectfully
Your obedient servant,


]. l.. LEWIS.",,The New York herald. [volume] (New York [N.Y.]) 1840-1920
1842-09-15,"MADAME RESTELL'S PREVENTIVE POWDERS:


These invaluable Powders have been universally adops
in Europe France particular orupwards Of thirty
well housandsn this country being the only mild
safe and efcacous e4nedy for married ladies' whose health
forbids too rapid increase Of family.


Madame Restel is well known WIS for thirty years Fee
male Physician the principal Female Hospitals Eu-
rope-those of Vienna and Parwhee fayor-e ~ great
experience and opportunities she attained celebrity
those great dscovt medical science specially adapted
TO the female frame for which her medicines
vailed well in this country as in Europe Her acquantsnc.
with the physiology and anatomy Of the female Frame enabled
her-by tracing the decline and i'll health of married females,
scarce the meridian Of life and the consequent rapid and
often apparently nerpicabe iauses which consign many
fond mother premature gaveto their


knowledge Of the priary causes Of female indisposi
the discovery her celebrated ="" Preventive Powders >
Their adoption been the Of preserving only
the health but the life Of many aeconate wife and
fond mother.


The advertiser feeling the importance this subject and
tmatng the vast BENEFITS resulting thousands by their aop


on would most uly the of thr


red by all that they hold and dear consideration
Is not wise and vuous to prevent evils which sub
lsct by SIMPLE and healthy within control Every
dpassonate, yruous. and enlightened mind will unh stat
,nsly answer in the affirmative Price five doars packsse
can De Forwarded By nal to any part OF the United Saies AZ
TELL, Female Physician. Principal Office Greenwich
street, New York Office hours from Am. to clock M
Boston Office n %. 7 Essex 81 imrr",TO MARRIED LADIES.,The New York herald. [volume] (New York [N.Y.]) 1840-1920
1842-09-15,"FURNISHING SIORES.


IS MAIDEN LANE AND $40 BROADWAY.


|. COX Big resp ctully 10 inform their friends and
y hous keepers generally that they opening very
CHI goods, consisting
does Tor ctndes Lamps of every description, rich
Clocks and Clocks for kitchen table and line Cutlery
aunety, Plated Wares, Dixon Sons Britannia Ware
Fue Irons, block tin rms, Dish Covers SC &C. together
general articles in their line which they are
induced 70 offer al very low prices for cash.


about 10 purch should ONT call and
the usvyrs A large of the newly
Patent Solar Lamps Just received.


They manufacture Silver fare all its variety
\. b, Tn also beg inform hrr friends and the public
generally that IN have opened at % Broadway
Leonard street. branch of their establishment where
thu above articles be had the prices Made
lane,


They have for sale article of Polishing Powder SUI
peor thing hitherto discovered for cleaning silver and
plated ware, plate glass, &c. sl0 2wr
CHEAP URNITURE.-Consisting of mahogany rose
~ wood, &c, for family of the city and its vicinity
also orders executed for the Southern market large assort.
constantly hand All um manufactured
and European patterns and less than f usual
pncr OF having small euses aud superine nde
b, proprietor himself and the the
fore he BLEED execute oil orders with despatch
Taned workmanship Furniture of descr repaired
rate.


The public will obge j. DESSOIR with call in their AL
lev, between Frank IA White streets The above Alley
lay bttwren Broadway and Elm


~ B-Al appointments by letter punctualy attended too","cons

FURNISHING STORES.",The New York herald. [volume] (New York [N.Y.]) 1840-1920
1842-10-22,"% DR. RU sH's lNFALL1BLE HEALTH PILLS.
For sale at the Agency Office 30 Ann street and bv all
the respectable Book and Medicine in the city,
attaining an immense popularity for the surprising cures
they have effected during the past month""; These Pills
sovereign remedy for dyspepsia, bilious complaints
nausea general debility liver complaints piles and every
disease not requiring surgical operation In all female
complaints they invaluable, operating without pam of
any kind and failing to give relief Price 25
cents per box.


Be inquire for the lnfable Health Pills of Dr.
Rush. Full directions accompany each box, which
closed in splenddly engraved wrapper with fac smile
Of Doctor Rushs signature on the cover.",Principal office Of,The New York herald. [volume] (New York [N.Y.]) 1840-1920
1842-07-12,"THESE celebrated articles have now been used for Early


iouryears, and the greatest proof Of their efficacy in
the various diseases for which they AIDED
thai t demand for them tas been rapidly and
but re ornue nd them 10 their friends.


80 COUGH LOZENGES
Are the best medicines in the world for coughs colds con
sumrtion asthma whoopng cough &C., ever dsccyered


- THE WORM L0ZENGES
Are the only articles which fail removing worms Of
every description, both from children and adults:


THE CAMPHOR LOZENGES
Are sovereign remedy sickness and nervous headache
palitation, owness Of spirits and all nervous diseases
The Hon. Aaron Clark Hon. Ew. j. Porter, kev.. Mr..
Handbook Rev Mr. Dunbar of the NcDougal street Church,
have used them. a.,
three nds 273 Broadway II East Broadway Cod
drington 227 Hudson. nE","MEDICINES.

-. DIR. SHERMAN'S
INDICATED TOZFNGES",The New York herald. [volume] (New York [N.Y.]) 1840-1920
1842-07-12,"Drown cos One Price Haf Store, wholesale and ~,
u tail l79 Chatham SQUIRE of Mott where
fashion, beauty durability and economy combined 10 adon
the head.
The popreors haze the pleasure now offer addition
their recently improved short mapped Hat, style the
imitation of beaver which closely Of all urs
the most costly and beautiful i, the difference ia not easily
price cash system which enables furnish very superior
Hat for the price charged In presenting these H,ts the
public the proiretors think have reached the
OF beauty, durability, chrapnes and comfort. 3tn.
y IMPORTANT QUESTION is here presented for the
~ reflection Of purchasers of Hats Is
with ue eeqpomy TO pay five dollars for
Beaver Hat, VIVA the article be bought Wall
street, between Blo and New strsets) for FOUR DOL
LARS This is no deceptive assertion. single Trial,
inspection. satisfy skpcal that the Beaver
Hat oed M from being the int article often sold
for dollars The that the article Offer
ed generally equaled and instance surpassed
that price. II consequence ola reduction the price of
the ngeE with the policy this
tabhshmen-aId the popetcrs engaging personally in the
the great offered


WARRINGTON 4 WEBB


jel0lm-r Hers, Walls","
HATS.

HATS! HATS! HATSt!",The New York herald. [volume] (New York [N.Y.]) 1840-1920
1842-09-03,"90 THE SUNDAY MERCURY OF TOMORROW
will contain interesting reading and matter
than be parcularised in advertisement This pa
perwhch has been before the public upwards three
years. has large circulation throughout this continent
and circulation of geeat influence from its responsibility
and extent in this city 1t therefore capital and nvslu-
able medium for advertising.


The number for tomorrow will contain, among other
things the story of Peter Smith, Bon Mots. Anecdotes
History the Prize Ring interesting paper from Bells
Life in London Revival Of Business Life in Paris Dow r
City Characters Ambrose L. Jordan Opening Of the Park
Theatre; Impartial Criticisms the Gentle Loaier; Fight
between Sullivan and Bell; the Court Martia Foreign
and United States Local and General News-Ofhce 10
Beekman street.


As collector is sick we will thank advertising


friends send in their advertisements early to-day as
possible PAIGE, NICHOLS KRAUTH.",,The New York herald. [volume] (New York [N.Y.]) 1840-1920
1842-01-24,"10 Sowrkr ArrHirHEATRE.-rhis az the las. weok
but one previous TO the company's departure for Epr
rope. This being altogether the finished and t.
Tented company in Americs they will doubtless produce
a great excitement in England. Queen Vic her lord
and babies Will visit and be filled with admiration An
Europe will do likewise. and in few years the company
vii! etsrn, trinmphing in their Gil of gold glory and
giadness The stud OF horses beyond doubt the
nlghy trained in the world. Master Gardner will
ish the natives with his unequsllod riding and turning
somerset, aiightng his horse while at full speed
feat never accomplished the other side the Atlantic
The Rivers smly bave already performed before he
crowned heads with great All the world anl
and his wife, will flock to the Amphtheatre during The
only two weeks they will have the opportunity do
There will certainly he day peror Saturday
afternoon next. great bill is presented tonight; j.
GLIDING the unspproschabis s~eeny, and Miss Lsoy
Long",,The New York herald. [volume] (New York [N.Y.]) 1840-1920
1842-11-16,"GensMy wife has been for the last two or three years
troubled with a severe cough, accompanied with great
pain and bleeding the lungs The cough has been SO
severe times that during the coughing the
blood would Nv her mouth and nostrls at the same
time This cough would commence in the fall and last
through the winter Nothing that has been tried would
relieve her. until warm weather, when II would abate
little until last winter, when she made use OF Pcases
Hoarhound Candy and the result such 10 leave
happy impression upon her mind of its efficacy and vir
tues II performed radical when all other attempts
failed. Yours truly,


DAVID w. PERCY, as Delaney street.
To Messrs J. Pease & Son, As Division st.


Agents Zeber, 81 Dock street, Philadelphia; Robin
son ITO Baltimore street Baltimore, Md; Dexter 81 state
street, Albany; Hademan, Louisville, Ky.","oo-oH, NOBLE POWERS THY REIGNIs HERE",The New York herald. [volume] (New York [N.Y.]) 1840-1920
1842-11-16,"NEWS FROM CANADA We learn from Kingston
that his Excelency Sir Charles Bagot, the Governor
General, has been visited with severe and danger.
Gus illness The nature of the disease is not certain
y known. and serious apprehensions are entertained
of his life.


Edward Gibbon Wakefield has been returned TO
represent the ""Helots' of Beauharnois in the Pro-
vlncial Assembly.


The Canada papers are filled with very interesting
details OF the recent earthquake at Montreal, Three
Rivers, the ST. Maurice FORCES, and other places
There was sudden sound, rumbing noise, an
explosion like twenty four FOUNDER, violent
trembling of the earth, the rocking of houses, the
cracking of walls, the cries of women and children
the terror of The men, the rafting of glassware and
crockery the falling of chimneys, and various other
remarkable and terrific phenomena. But little
damage, however, was done.


The Messrs Braham, Mons. Knoop, and Signora
Di Com, are giving Concerts at Montreal.",,The New York herald. [volume] (New York [N.Y.]) 1840-1920
1842-11-06,"HANSON, WILCOX HANSON Plumbers Brass
No 33s Broadway New York


From PRACTICAL experience in business and other
cities possessing Water Works W. H. have confidence in
thus assuring the public that all orders them will
De promptly executed win view
a wo kms Mike style, and of the best mate Ials


Their charges will always moderate as can be
bly, ahored by competent and respectable concern


Water pipes every approved description introducing
the Croton ratent lead pipes IRON, composition
and timed Brass cocks and water closets Of Their own
superior manufacture Hydants Carolina red cedar bathing
tubs bath boilers Phlsdelrhi, Man ami o,hr
artcies Ioire ,Ine ofdhches OF business",,The New York herald. [volume] (New York [N.Y.]) 1840-1920
1842-06-13,"TNELAMED, DISEASED AND WEAK EFIS-DR
WHEELER, Occuist, 80 Greenwich street, New York
respectfully informs the public that in consequence of his
practice having become enlarged extent he is
compelled 70 conne his office Attendance strictly between
door PATIENTS


Notwithstanding that among the many hundreds Of cases
which Dr. Wheeler has attended many have been operated
BY ethel without success aud pronounced by them
effect perfect cnre despite of every disadvantage winch may
have presented ITSELF and many instances almost against
ysouht,eo considered incurabe-disesses of rs eye,


that enables him It'll confidence refer the afflicted who
be with him, and his mild mode of y tho
disorders of this organto restored patients 10 the


first class Of society, respecting bis roics skill and
abli,ies being eminent for his success scientific
Occuli,


Chronic inflammation Of the evclid eyes, however
long standing be eectaaly and manenty cured films
and spccks, removed without SURG teal Operation","OCULISTS.

THE EYE.
Ok. WHEELER CCULTST",The New York herald. [volume] (New York [N.Y.]) 1840-1920
1842-10-02,"NO. 3l3 BROADWAY, NEW YORK.
THE subscribers respectfully inform their friends and the


public in general they have finished newly invented
nsipmeUi called the Tansposing Piano Forte which they
This Instrument forms beautiful, rich and exterior,
bot, shape and besides full brilliant, and
meodious The great advantage der, ed from this
ton that music be tansposed into key desired to
ment and therefore worthy the attention of the amateur
well as the artist.


large of Tablet Piano Eortes rosewood and
mahogany and Ga octaves, with French grand action
also constantly hand all of which respectfully sub
nit professors, and the trade in general
warerooms and mandatory, above.


n B-Piano Fores tuned and repaired the shortest","NEWLY INVENTED TRANSPOSING


PIANO FORTES.",The New York herald. [volume] (New York [N.Y.]) 1840-1920
1842-10-08,"WHOLESALE AND RETAIL
rINHE CANTON TEA co MPANY continue offer for
L sale and fragrant Teas Of every variety and style
Their specially includes delicious and
powerful grades OF Green and Black Every package bears the
OF and elegance and the Teas therein
thoroughly secured from light and air chat their quality and
power viii remain unmpared climate. Their
OF business perhaps scarcely be exceed IL
founded upon the utmost regard rights of the
especially with respect quality, and
led eesp,rs An purchasers called to return
the will be cheeully and promptly refunded. Country
mtants public establishments heads Of FAMILIES, and ship
from tins establishments.


ofee roasted every day.


Orders from all parts Of the Uniteu States executed with
promptitude and despatch


The only warehouse in America for the sale ST lou
uuas cell ed Black Tea. $40 Inns","UNITED STATES
TEA EMPORIUM,",The New York herald. [volume] (New York [N.Y.]) 1840-1920
1842-10-08,"ONE box of these inestmsbe Pills areworth all the Quack
~ Medicines in the world, for the of certain disease


CohErrf we examine The nature Of the above disease
very important objecto be able obtain remedy
tain its action and the time composed Of such ngre
IT, fact well known to many that mos, OF the remedies
render almost impossible their
creating sickness the stomach other
aremedy as VALIER'S FRENCH PILLS will meet the uni
vsrsa appreciation being entirely free from those objections
The proprietor would here remark that the efficacy of these
Pills in the disorders alluded biased upon upposon
the contrary founded rational experience having
used them in successful practice for upwards years he
feels confident Of their superiority the remedies hitherto
employed.


Sold No. 90 Nassau street, Broadway and North
Sixth street, Philadelphia Price 81 per box. s2i msr","VALIER'S
F NCH Pill s.",The New York herald. [volume] (New York [N.Y.]) 1840-1920
1842-03-26,"EEENCH ARTIFICIAL FL0WEks, and Materials for
street, have just recevsd BY the Hayre packets Argo and
Francois LIST, snd offer for sak-


Boxes French Artificial Flowers comprising
assortment ofthe most fashionable fow,rs worn in


Paris.
500 Dozen Pink saucers suitable for flower makers war


rantedsf the first quality.


10 Cases Materials for lori t. vix-rapsrs nuslin oss


silks wires, leaves, buds. blossoms olives. &C SC.
This establishment conssnty resolving the ST. les
OF howors as they apr sar in Paris
Dealers will find TO their advantage TO CALL The stock
il extensive the prices moderate and every article selected
with the RTeatest care",,The New York herald. [volume] (New York [N.Y.]) 1840-1920
1842-08-14,"NEW BRUNSWICK AND NEW YORK
THE NEW JERSEY Railroad and Transportation Com
pany have established Freight Line between New.
Brunswick and New York, which they intend TO perna
hently


Leaving New Brunswick at So A. NJ daily, (Sundays ex-
cepted) and the foot OF LbeT yreet New York. 2 M


To country dealers and chants the above line de-
sTabe for the speedy merchandise
Of every description, and particularly Dovers and
Dealers Live Stock who have $50 head of cattle
cd between New Brunswick and New York, the day
whenever required.


The for the transportation of cattle, horses mules,
,heep hogs Sc and all kinds of merchandise very
low, never exceeding steamboat prices


Merchandise by this line subject
charge in crossing the North River.


The Company have fitted large storehouse at New
Brunswick adjoining the Railroad Depot which will always
beopen for the reception of mel chandise


Passengers purchasing their tickets the ticket Offices, will
receive ferry tickets gratis


= Freight fer Newark ElIzabethtown Railway, West
field Plained Scotch Plains Boundbrook and Somerye
by the above lines and delivered the day when
received. MID 3m*","RAILROAD NOTICE.
MARKET AND FREIGHT LINE.
- 5lla&",The New York herald. [volume] (New York [N.Y.]) 1840-1920
1842-03-08,"OWING to the celebrity efficacy and nyariabls gucesss 81
~ Madame Restell. Female Monthly Pills IN all easss
nature uDn which the health female depends since
their introduction into the United States nov about four year
psimed OF The genuine Cheap common rs are Purcha
weye cents boz different boxes and cacA
aFemals Monthly Pills with the object q selling possible
attempts 10 impose upon them II sufficient here to state
that al Female Monthly Ps eounerieits except thoes
New York. and No. y LASER street. Boston. Price 81.


Madame Rsste signature u written on the cover Of each


n The married, under circumstance must abstain
from their for contained the directions","MADAME RESTELL

COUNTERFEIT.
FEMALE MONTHLY


PILLS.",The New York herald. [volume] (New York [N.Y.]) 1840-1920
1842-09-05,"WHOLESALE AND RETAIL.


THE CANTON TEA co NPANf continue to offer for


sale and fragrant Teas OF every variety and style.
Their assortment specially includes the most delicious and
stamp Of neanes and elegance and the Teas the rein
thoroughly secured from light and air that quality and
power will unimpaired in any climate Their system
Of prosecuting business perhaps scarcely 70 be e1eelled 1t
Is founded the utmost regard the nights OF the custom
er especially with respect weight and quality and unriva
lei chea An purchasers called TO return
articles which fail them the fullest when
The meney will be cheeIuy and promptly 'efanded Country
masters will find decided advantage TO supply themselves
from this establishment.


Office roasted every day. =,
Orders from all parts Of the Unitea states executed with
prompitude and despatch -
The only warehouse America for the sale 81 Hou
quas celebrated Black Tea. au2 lm-r","MISCELLANEOUS.

UNITED STATES
TEA EMPORIUM.",The New York herald. [volume] (New York [N.Y.]) 1840-1920
1842-08-11,"By the last packet for Europe skeched forth those
indications in the market which conceive point to-
wards that steady improvement the business of the
country which have long considered the inevitable
result of the successful industry of of people
who struggling through the enormous wreck Of paper
credits and nsolvent banks, have discharged their
merca debts at home and abroad are now beginning
At this last year foreign bills above par and
every packet carried out in specie which sweed
with each succeeding vessel until it accumulated
600 in November. At that time the banks for
ward and by supplying the market checked the drain
The crop then coming forward, discharged the
fell The debts due abroad by the board being dis
charged the process Of liquidation continued be-
tween the interior and the Atlantic cities The conse
quence was that specie in the New York Banks accumu
lated from to 81 900 in November 81 600 nJuy
This large of 900 900 all from interior
They paid every thing and purchased nohing therefore,
although specie accumulated in the banks foreign bills
continued to fall The commercial balance due the
interior to the atlantic cities is settled in the same
way that the foreign Indebtedness of those c paid
last November The consequence is that the specie


flowing back the interior in the purchase that produce
at low prices, which, going to Europe will the
banks the specie they lost last year. The purchases
foreign bills made by the institutions that
purpose and raes follows. The amount done has
been fair but the supply is not large consequently the
rates closed very firm.",,The New York herald. [volume] (New York [N.Y.]) 1840-1920
1842-08-11,"01}- THE FEJEE MERMAID.--A committee of scien-


fc gentlemen yesterday examined the mermaid brought
TO this country by Mr. Griffin, and exhibiting at
Concert Hail. No. 4Oi Broadway and reported that
wthstandng they had hitherto regarded the existence of
this animal fabulous and anatomical mpossbty,
they were convinced 10 the contrary, and could
plainly discover that the formation and anatomical
strucon of this creature would allow its being under
water great length time but that evidently remain
ed for the part with its head out OF water Nearly
two thousand persons visited the mermaid yesterday and
last evening"" and the crowd daily increases from the fact
that will positively not be exhibited after Saturday OF
this week No person should for moment delay viewing
this curious monster ofthe mighty deep","Office 81 Nassau street, NY.",The New York herald. [volume] (New York [N.Y.]) 1840-1920
1842-11-08,"BRITAIN AND IRELAND WEEKLY.
EpC subscriber continue make ssIans. bring


S.xen rom the old country, by ships Of the first class.


Amercan built and commanded by long and ayoraby
known the trade The ssels composing s line sail week
H from Liverpool consequently all unnecessary delay to
sergers Is avoided.


Persons ut make engagements for friends emigrate
the ensuing will study their interest,"" and the
Of their friends making such
with the subscribers spared 70 earn
that preference which has for many been extended 10
hem.


AS has al avs customary with this line, when the
parties settle for decline coming the passage money
promptly funded those from whom il received with
deduction.


free passage per steamboat from the various ports of Ireland
and Scotland. to Liverpool, likewise be secured.
Gurflo MARA .,olxr",,The New York herald. [volume] (New York [N.Y.]) 1840-1920
1842-09-04,"I.


lThese invaluable Powders have been universally adopted
in Europe France particular for upwards thirty
well this country being the only mild
whose health
forlnds rapid increase of family.


Madame Restel is well known for thirty years Fee
male Physician the principal Female Hospitals Eu
ropehcse snd Parswhere favored by her
and she attained chat celebrity in


those great medical science specially adapted
10 the female frame for which her medicines unr
vailed as well in country Europe Her acquaintance


with the and Of the female frame enabled
hsrby tracing the decline and i'll health Of
scarce in the meridian Of e and the consequent rapd and
often apparently inexphcabe which consign many
fond mother premature grave-o their
nve knowledge Of the pasry cause, Of female indspos-
The discovery her celebrated Preventive Powder
the health but the life Of sectonaie wife and
fond mother.


The advertiser feeling the importance subject and e.
tmatng the vast benefits resulting thousands ado


on would most respectfully the attention Of thu mar
RED by all that they hold and dear their
Is wise and vrtuous evils which we ARE sub
by simple and healthy within control Ever
dispsssionae vuous and enlightened mind will unh ,ta
ngy answer in the Affirmative Price five dollars package
accompanied with full and particular diiections They
can be iorwafded ~ mani to any Of the United stes
ciies must be post paid, aid add-e sed to MADAME RES
TILL Female Physlean, Principal Office iis Greenwich
street, New York. Office hours from A M 10 O clock nj
Boston Office No. Essen 81 Imsr",MARRIED LADIES.,The New York herald. [volume] (New York [N.Y.]) 1840-1920
1842-09-04,"MONS. AND MADAME b E r H A RID,


Corn Doctors. from Paris,
DEG LEAVE inform the inhabitants of New York. that
they will be happy wait all who desire their
Mons and Mad Bernard have been practcing the
United States but monhs and in that short time have
ceved from Of the eminent gentlemen
and Others the benefit comfort which they
ceved have been by them They have
they extrcae Hard and Soft Cons Bunions Calloses &C.
without cutting. Mons and Made B, do attempt offer
requiring secresy faith its ecacy
confidently those who suffer from troublesome and
painful Cos that have the satisfaction Of carrying
away their tormentoI ihe-Com, in their hands


Mons and Made have in their upwards Of two
thousand from those who have experienced relief
hands, Mons and Made B. have pratced their profess
for several in Germany France and England and
have acquired great skill and much practical experepce-a fact
certificates from the celebrated En
gh, French and German physicians well from several Of
TIE nobility and gentry 81 those countries delivered to them
than minutes and the that the
thus edately their shoes and walk
without the least inconvenience.


Ladies and gentlemen will be waited their resi-
dence, il they desire II.


At home the morning from till IL, and in the afternoon
from till o'clock


Office at Boston, Isl Courtst. jys 3m*r","CORNS, COINS. CORNS.


n Murray street.",The New York herald. [volume] (New York [N.Y.]) 1840-1920
1842-09-21,"EOR FOUR YEARS has fully tested the extraordinary v
GEs Several million have been sold and given perfect
satisfaction 70 all who have used them


PHYSICIANS AND CLERGYMEN,


Lawyers Professors. rich and goor high snd ox-n ise!
sanction and they are now aiding sr influences
every part OF the known world. -.


Drs Hunter smith Rogers yandeIpooi scott ana iouI
Sheman Lozenges, daily, in their practice Shemans Me-


Dictated ozenges sold BY the ounce but always
with his attached The Doctor being educated
and physician and member of the Medical 30
cey Of the city Of New York. gives character TO his pepa
'''''' 'nt co 81 CHS scI0SEDs CONSUMPTION


tending Measles and ali affections 1f the Lungs imned
atey relieved by Shemans Cough Lozenges They entirely
all recent few hours and often the most alarm
influence as in the cases Of the Rev Mi Anthony the Rev
Mr. Seets and hundreds Of Others where they had
0seA gwen ~ WORMS CAUSE DEATH


To sands without their ever being suspected Children
and adults often suffer much from hem when box OF Sher-
mans Worm Lozenges would give them immediate relief
Hundreds Of instances have come knowledg- where
Physicians trying their skill vain. resortg last
the only hope to SheIman Worm Lozenees which have
called the Warehouse and poured forth their thanks and
blessings for the restoration Of the dear beloved onng
Never before has perfect remedy been discovered for the
eradication OF all kinds Of worms


HEADACHE PALPITATION,


Lowness Of Spirits Fatigue, Painting DesI ondency Nervous
Diseases generally and Sea Sickness all subject the
curative preper,ie, Of Shemans Camhor Lozenses They
like CHARM and should 20 to without thu
they inable sickness Persons subject 70 IA
gue attending crowded parties will find them to relieve


Warehouse 06 Nassau street Agens-Churshs lsa Bow.
cry; Sands Y East Eroadway. and corner Caanben and
ee oe and B Futon ooa
Boston, and Ledger Buildings, Philadelphia. aul6r","MEDICAL.

EXPERIENCE",The New York herald. [volume] (New York [N.Y.]) 1840-1920
1842-09-21,"DERSONS afflicted with ruptues may rely upon the best
instrumental aid the world affords application the
Office, No Veey street, either of the the
principal the United States Be careful examine the
Hull in writing: None genuine to be relied
good without his signature.


Many persons have undertaken vend limitations of Hus
celebrated and thousands imposed
quence. These limitations be relied upon they
made unsk mechanics and better than the ord
nary


Rooms fitted up No. Vesey street, exclusively
for ladies' having separate from the business depart
ment where fem ale in constant attendance to wait upon
female patients. - au26 lm~r",HULL'S TRUSSES.,The New York herald. [volume] (New York [N.Y.]) 1840-1920
1842-09-13,"What has caused this agitation,
Tation, tation, our foes betray
II is the ball rolling on,
To clear the way for Henry Clay,
To clear the way for Henry Clay,
For with him we can beat any man. man,
Man, of the Van Buren, clan
For with him we can beat any man.
Mechanics cry out for protection
lection, lection and bless the day
That set the ball rolling on
To clear the way for Henry Clay,
To clear the way for Henry Clay,


For with him, SC.
The merchants say there'll be no money,
Money money, their debts to pay,
Until the ball that's rolling on,
Has cleared the way for Henry Clay,


For with him, &c.
The farmers say there'll be market
Market market, for cattle or hay,
Until the ball that's rolling on
Has cleared the way for Henry Clay,


For with him, sc.
From all professions comes the cry
Cry, cry, speed the day,
When this good ball that's rolling on,
Shall clear the way for Henry Clay,


For with him, SC
The great, the small, the short, the tall,
Tall, tall, shall heave away,
To keep this ball a rolling on
And clear the way for Henry Clay,


For with him, &c.
Let honest locos stand from under
Under, under, without delay,
Join in with us to roll the ball.
That clears the way for Henry Clay,


For with him. &c.
We see the ladies on u.s. smiling,
Smiling, smiling, in their sweet way,
One word from them would be enough,
For Van or Clay to clear the way
We know they'll give that word for Clay


For with him, sc.
We've spread our banner to the breeze
Breeze, breeze, and it shall stay
Until the ball that's rolling on,
Has cleared the way for Henry Clay


For with him. sc.
Come, all true hearted patriots, rally,
Rally, rally, your strength display,
Doubt not the ball that's rolling now
Shall clear the way for Henry Clay,
Shall clear the way for Henry Clay,


For with hin, sc.",Clear the Way for Harry Clay.,The New York herald. [volume] (New York [N.Y.]) 1840-1920
1842-10-04,"90 RAZORS.-An extensive assortment of the latest
and most patterns fitted in cases OF every magi
nable varying from the paines to the most highly
finished The subscriber having had long experience in
the article enables him to choose the best examines each
carefully and will sell but those that perfect in
their edge and mtde of tie best materials and terms
that cannot fail please viz should the purchaser wish
week aer the money will be given back on returning
the razors, else be exchanged Tor others.


Those who have stiff boards and heretofore experienced
difficulty in getting razors to accomplish the desirable
end will with certainty be suited the first tral-prices
exceedingly low.


G. SAUNDERS, inv entor and manufacturer Of


the Metallic Tablet Razor Strop, los Broadway.",,The New York herald. [volume] (New York [N.Y.]) 1840-1920
1842-03-12,"Before Judge Noah and Aldermen Balls and Lee.


John w. Smith was tried for stealing work. bias
from Mrs Henrietta Variek Found guilty, and
seat to the Penitentiary for six months.


Mary Webster was found guilty Of numerically
beating her little daughter, only three years old and
sent uP for three months.


Maria Yeo little girl, was found guilty Of steal
ing three gold rim from Margaret Ann Wherkamp,
and sent to the House OF Refuge s,s1Ns..


James Kennessy was found gully Of beating his
wife Mary, and refusing to support her, and sent TO
the Penitentiary for six months.


John Mcintyre was found guilty of stealing two
decsnters from George Gardner, and sent up for
three months.


Peter Smith, was found guilty of stealing three
dollars in silver coin from George w. Bogart, and
sent up for six months.


John Brown found guilty OF sssaultIng and
beating Peter Dyson, and remanded back to prison
Tor twenty days.


Eliza Dignan was tried for an assault and battery
on Bridget kief, in consequence OF Bridget having
married Elizas husband, but Judgment suspended,
ADD she was discharged, on promise not again to
modest Mrs Eliza.


Jane Conlin, charged with a petit larceny, and
Jams Murray with assault and battery, were
discharged, no witnesses appearing against Them,
and tia Court adjourned to Tuesdny next, at 8
O'Clock.",special Sessions.,The New York herald. [volume] (New York [N.Y.]) 1840-1920
1842-08-12,"Corn Doctors. from Paris,


DEG LEAVE 10 inform the inhabitants of New York, that
- they viii be happy upon all who may desire their
Mons and Mad Be hard have been practcne the
United States but few MONTHS and in that short time have
ceiyed testimonials from Of the eminent gentlemen
and Others the benefit and comfort which they have
ceved since they have been attended by them They have
honor to the public shs. by and peculiar method
without cutting. Mons and Made B. do attempt offer
nosnm recurring secresy faith its efficacy; bat
painful CoIn that they have the satisfaction of carrying


Mons and Made B. have in the upwards, of two
thousand from those have az
their hands Mons and Made b. have pracced profess
sion for several Germany France England and
have acquired great skill and much practical experiences
ssh EIsnsh and German physicians well from Of
after four years The operation will occupy
than ten minutes and the relief the
thus treated Immediately their shoes and walk
without the least Inconvenience.


Ladies and gentlemen will be waited on al their own resi-
dence, if they desire It, ~
from till o'clock. - Vs.


Office at Boston, ISL Courts st. iva smwr","MISCELLANEOUS.

CORNS, COINS, CORNS.


Murray street.
MONS AND MAZDA RE r II n",The New York herald. [volume] (New York [N.Y.]) 1840-1920
1842-06-21,"MEMBER OF THE ROYAL COLLEGE OF SUR.
VI GEONS of London and Edinburgh, and of the Medical
College of adepha confines his practice select branch
OF his profession.


Nocet empta dolore voluptas.


Dr. +. is encouraged by the uniform attending his
mode OF the of venereal, geets, structures
seminal weakness and mecua affections, ther with all
those other bad symptoms which undermine the constitution
and lay the Foundation Of premature decay, either from NAL
trean,nt any other cause. In such persons the appetite
generally defective and the relish for life almost ublued-
His mode of universally admcd-s medicines
being pleasant to the taste and smell gently esnge the ibres
of the stomach and that proper tensity what good es
requires His constitutional debi
~ affords very observations sexual debility,
minal and impotccy brought by delusve habits
all its attendant symptoms lhysioogcslly explained This
work be obtained his Office log Fulton street where It's
Doctor be consulted all hours of the day and night


Letters post Paid will receive immediate attention.


.aaI 4.kc","DIR. FAWCETT,",The New York herald. [volume] (New York [N.Y.]) 1840-1920
1842-06-21,"THESE celebrated articles have been for ne ary
four years and the greatest proof Of their efficacy
the various diseases for which they recommended
that the demand for them has been rapidly increasing and
persons who have used them only continue their
but recommend them their friends


COUGH LOZENGES.
Are medicines ia world for coughs colds con
sumption, asthma wheoping cough &c.. discovered


THE WORM LOZENGES
Are the only articles which fail removing OF
every description. both from children and adults.


THE CAMPHOR LOZENGES
Are remedy for sickness and headache
paptation lowness OF spirits and all diseases
The Hon. Aaron Clark, Hon. Edw. ]. Porter Rey Mr..
Handbook Rev. Mr. Dunbar, Of the McDough street Church.
have used them. -,
dr;nrton Hudson","MEDICINES.

DIR. SHERMAN'S
MEDICATED LOZENGEG",The New York herald. [volume] (New York [N.Y.]) 1840-1920
1842-11-18,"-These invaluable Powders have been universally adopt-d
well by thousandsn thu country being the only mild
safe, and ecacious remedy for married ladies' whose health
forbids a rapid increase Of family


Madame Reste 10 well know ~ for thirty years Fc
male Physician the two principal Female Hospitals Eu
ropethose Vienna and farswhere h, her great
experience opportunities she attained celebrity in
those great discov medical science specially aated
to the frame for which her medicines stand unrl
vailed well in this country Europe Her
with the physiology and anatomy Of the female frame enabled
herby the decline and i'll health Of married
scarce the meridian Of e and the rapid and
often apparently inexpcabe which conslgp many
fond mother TO mature grave-to their
knowledge Of the primary Of female indsposi
onsespecialIy OF married femslewhich In 1905 led 20
shs discovery her celebrated Preventive Powders
Their adoption mas been the of preserving only
fond mother.


The advertiser feeling the importance Of SUBJECT and
nmating the vast benefits resulting thousands by ado-
non would most tully tlr
ned by all that they hold and dear their consideration
Is not wise and vuous evils which
Ject by simple and healthy within control Every
dispassionate yuous and enlightened mind Will unhestat
lnsiy aAswet IN the Affirmative Price five dollars package,
can be forwarded by mail to any P Of the UNITED sses AZ
TELL, Female Physician. Principal Office 49 Greenwich
street, New York Office honrs from AM. 10 clock r. ""
Boston office No. 7 Essen",TO MARRIED LADIES.,The New York herald. [volume] (New York [N.Y.]) 1840-1920
1842-06-06,":
FASHIONABLE MILLINERY GOODS.-The proprie
Miss KING daughter Of the celebrated Carl King
ce for sale select and choice of Millinery
Goods for the spring trade never yet presented the rsb
The assortment consists of the following
The celebrated 81 LIZ HAT, CALLED CAPOTTE DOR
LEANS, as worn by La Duchssse D'Oreans, Of Fnnce ,
SHED SILK. ENTIRELY. NEW. AND ORIGINAL
SsTYLEE-,And Lawn Hats do do-An entire new styleo


""MODINE CAPACITIES, ELSSLER


COTTAGE


Partisan and English FANCY STRAWS, of the finest ter
ture, variety.


The Ppetss respectfully soicits the ladies' To favor her
with call and her elegant and varied stock of Mil
nry themselves before they purchase elsewhere
will be them price and great
regards the variety and quality Of the goods
MISS s. KING. Magazine de Modes,
NIL I'm Brpad",TO THE ladies,The New York herald. [volume] (New York [N.Y.]) 1840-1920
1842-08-30,"IT BENNETT, 30 John and lls William streets, i'm


porter 'nd manuiaelursr OF Italian and English Straw
goods respectfully informs his and the public liz
scnsra thai he has hand splendid and extensive asso
msm Of ladies fashionable goods which he offers for
safe al very much reduced prices French and Ersh
Dunstabs, Italian ltunds, Fancy Sche and Imperial Ia
very fashionable and beautiful artcle fine Tuscans Albert
stIaws, &c. &c.


Also, an entirely article, the White Siberian Han
Bonnet winch for the summer all the styles
yet introduced being exire ney light durable white and beau
fu--aa Ell Fan al n Irnkc",STRAW GOODS,The New York herald. [volume] (New York [N.Y.]) 1840-1920
1842-12-20,"CAR1 AND AUCTION NoTICE.-lM-ssr; BELL 4
~ HOWARD (Thomas Bell and Robert Howard) give
uee TO their friends and the public that Com
mission business ia all its br nches and will be continued and
carried usoal and the honorable the old
stand No se Ann and lis Fulton Liberal advances
goods consigned for sale Certain sales and PROMPT
waartee can b. depended on The regular of
o. all descrptons takes place Wedne and Saturday
Dry goods clothing, fancy articles Tuesdays aud Fridays
Out door sales Of groceries, furniture and all descriptions of
property attended TO. BELL HOWARD,


Dc lmsec THOS. BELL Auctiopeer.",,The New York herald. [volume] (New York [N.Y.]) 1840-1920
1842-03-09,"ANDREWS AMERICAN LOCK.


ITO THE PUBLlC-$soo REWARD.-The late repeated


rumos and reports which have been wide and indus
triousy uiatd that Andrews celebrated Combination
Lock had opened picked and which thus far have been
asrerarded unworthy Of aotice beginning TO assume
character OF FEASIBILITY by which means many upright
men have deed give their sanction and counte
TO such reports The American Bank Lock ComVsuy there
FORE with the view of testing the question IN to put the
Combination Lecks iron safe enclosnqa
certified cheek Five Hundred Dollars which shan
be tine who open pick the Lock
This check ssrhd AID drawn to the order Of q
city retains the key Of the Lock- and 10 whom reference
10 made.


Il "" presumed that the public banks and officers OF banks
be satisfied bya fair open and honorable test ether
wanted bold attempts have been myde practice
BY arts cfehicsnery and tcL viii be exposed f be-
whose would be allowed they hsd been Of
the decepons The American Bank Lock Company by this
mode only seek establish the lnfabe security OF the Com
bnson Lock, which has thus far Ehstood every test and
this they dsclam ntiou of making
other Locke their being to prevent edsctua bar
rier 10 Bank Bnrglers.


The Chest win exposed in the Exchange Reading
'''''A' ''' WxDsWoRTH Smith,","AMERICAN BANK LOCK COMPANY.
aNQR EHoS anlERICaN LOCK.",The New York herald. [volume] (New York [N.Y.]) 1840-1920
1842-04-15,"Before the Recorder, Judges. Noah and Lynch, and Al


dermen Benson and Woodruff.


JANIS n. WHITING, ESQ, District Attorney.


APRIL lA-Cross fiction for Assault and Battery MIR.
Isaac Knapp, who occupies the lower part Of the house
lle Norfolk street, and Mrs. Ann Cooke, who occupies
the upper part Of the premises, appeared in Court both
swearing they had been assaulted andbeat oy each other.
Cooke swore that Knapp struck her first and Knapp
swore that Cooke struck him with a pole, and SO it went
criss-cross, back wards and forwards until neither court
or jury could tell what was what. Cook swore that
Knapp was a passionate and violent man, and Knapp
swore that Cooke was a ditto ditto woman. A little boy
who saw the ""~scrimmage, ss he called it. swors that
Cooke used the pole very 'savsgeronsly"" about KnaPps
peppers. Another witness who resides in an adjoining
house sw ore that Cooke swore and raved, aud handed
the pole W 18th all the skill of q native Of Erin, and nnaHy
making a full brush and lance-like pass, she gave MIN q
Sbulger"" On the side Of the nose that started the ciarst
In fine order.


The jury Of course could not agree and they were dis-
charged as well as the parties. l


Forfeited Recos aiz ances Francis J. Louis, indicted Tor
perjury, assault and battery and misdemeanor. NOT sp'
pearing, his recognizances were forfeited: JACOB someu-
dyke and Francis Granger for assault ana batteriss'were
served ditto.","General Sessions,

Before the Recorder. Judges. Noah and Lynch, and Al


dermen Benson and woodruff.",The New York herald. [volume] (New York [N.Y.]) 1840-1920
1842-11-25,"90 GREAT AND GLORIOUS HoLIpAY.-t will be seen by
the advertisement of the American Museum that this will
be Grand Gala day there Six splendid performances
take place during the day. by fifteen performers and many
extra attractions put FORTH The location of the build
ing, with its hundred windows and lengthy balconies a
ford an unusually fine view for seeing the military
panes all Of which pass the Museum their way and
from the Battery. The first performance takes place
IL O'clock in the morning. Ladies' families children and
Others will be delighted in visiting the Museum to-day.
The whole building will be beautifully decorated with
flags and banners making display uucqualled in the city,


any have neglected visiting the Mermaid, let them
member that her fhshp positively leaves town after TO-
morrow.",,The New York herald. [volume] (New York [N.Y.]) 1840-1920
1842-05-02,"MANUFACTURED FROM LADIES' AND GENTLE


MEMS HAIR


Necklaces, Bracelets, Wachsuard Earrings, Flower,
Rings, Wigs, and Scalps.


""A. c; BARRYS Wigs and Scaps will stand preeminent
above all Others Their peculiar light and vena
ting character their being shaped exactly the natural hair
their elasticity their
ship well their style Of finish and all
bine form such heads Of hair that they be
10 be fully appreciated
Any lady gentle man using A. c. Barrys Trcopherous
for the Hair and do find the best
Known IN this country he will with pleasure the
Tor all quackery scaed advice given al
diseases connected with the Hair the Hair Cutting Rooms
I46 brosdMay, corner of Liberty street stairs a9 linz","ARTIST IN HAIR.
FROM LADIES' AND GENTL]",The New York herald. [volume] (New York [N.Y.]) 1840-1920
1842-10-09,"- No. IL ANN STREET.


HE Proprietor Of this establishment continues hereto


lore supply his delicacics OF the
so served the best The quality Of the vands


ma very moderate changes are evident from the naterns
paonage which the public pleased daily award him.
HIS eos shall be- they have heretofore BEEN
contnuance and TO his house that for
celence and accommodation which has tor long time
mnained the poreor no longer connected with any
other he will pay h sole and undivided
house and spare no pains or
maintenance Gifts welleamed reputation. slt lmer


MAGNOLIA LUNCH.


CORNER BROADWAY 4 CHAMBERS STREET
~ The Propretors Of this ell know desire
form their friends and the public generally that the
for shell fish having ommenced they have made
for supply OF the finest the market affords
Pond and all kinds they will up
Steaks and every dclicacy OF the may always be
found here style desired te things
supper parties entertained and Meals served all hou


Gentlemen dining down will find this desirable
The propeors their thanks for the liberal
bestowed and hope by attention busness they will merit
share Of custom. CHlCKERING CARLISLE.
80 lmsf


TERRAPIN LUNCH-GouTmondeJ Qui Vive Thou


sand, of good cits lovers Of good fare have for
closing OF the iariamsd Terrspin LanchS The 6,ful
fevn now, however over. and again may they ""fe ed
WE'LL for be il known that the John Adams book
memory hangs his hat"" the Terapin also pro-
petor finest little fellows in Christendom yclept
Turtle Soup and steak line the mantle Of Sandy has fallen
again guaranteed the Terrapn single old
Ire Box will appesse the hunger Of him with the short
and Of the genuine half the old prices will
sine Greeu Turtle served this day. and day during
the season. Sc lmtr",HOUSE OF REFRESHMENT.,The New York herald. [volume] (New York [N.Y.]) 1840-1920
1842-01-14,"OWING to the celebrity, efficacy and nvarabe success,
Mad.me ksstell: Female Monthly Pills in all q
nature upon which the health Of female depends
their init eduction into the United Staies about yeas
counerfeits and isaitaons continually
pamed Of for the genuine Cheap common rls pureha
Female Monthly Pills"" the object Of ling If possible
at one dollar Females therefore caroned against
attempts to impose them Ii 10 sufficient here
that all f'mae Monthly Pins are contsris except those
New York. and No 7 Essex street, Boston. Prize 81.


Madame Reste signature written the of zach
box


N B. The married under e. must abstain
from their Use Tor tanned the directions","COUNTERFEIT
FEMALE MONTHLY


PILLS",The New York herald. [volume] (New York [N.Y.]) 1840-1920
1842-08-16,"NEW BRUNSWICK AND NEW YORK.
THE NEW JERSEY Railroad and Transportation Com
i pany have established Freight Line between New
Brunswick and New York, which they intend
hently.


Leaving New Brunswick at so A. A. daily, (sundays ey
cepted) and the loot OF LbeI tyee New York ga r. NJ
Te country dealers and the above line very de-
sabe Tor the speedy and
Of every description and particularly Droyers and
Dealers Live Stock who have $50 head of cattle convey
cd between New Brunswick and New York, the day
whenever required.


The for the transportation of cattle horses mules
sheer hogs &c. and all other kinds of merchandise very
low, never exceeding steamboat prices.


Merchandise by this line subject any
charge in crossing the North River


The Company have fitted mp large storehouse New
Brunswick, adjoining the Railroad Depot, which will always
seopen for the reception Of meIchandise


Passengers purchasing their tickets the ticket Offices will
receive ferry tickets gratis.


o. Freight for Newark, Eizabethtown Railway, West
field Psnfeld Scotch Plains Boundbrook and Somerile
by the above lines and delivered the day when
received. IN","RAILROAD NOTICE.
MARKET AND FREIGHT LINE.
s sssIsts / B Is gyk",The New York herald. [volume] (New York [N.Y.]) 1840-1920
1842-11-28,"HAIR OlL-There oil in the world that good
bad TO the hair Every body knows that when the hair
burned will grow again good All tho powders
for dying the hair nothing of lime aud lthr
and the h dy,d literally burned Liquids dying
the hair compositions Of causc spirits burns the
the powders and don't dye ham, and the hair
Will matter how times Is burn.d and
body knows also thai when the head full dandru the hair
begins and badness follows From
twenty beiag hair cuer and having the opportunity
myself composition known Pastors Hair Oil or
Compound Essential Oil of Almonds"" for destroying dsndru,
preventing the hair from coming aud This
imable Hair Oil will make the hair we matter how
much dandruf Is the head.


For SALE wholesale and retail, A. PASTORS Hair Cut
ter 1865 Greenwich street, New Aork. Price 80 bottle


Inns",,The New York herald. [volume] (New York [N.Y.]) 1840-1920
1842-11-28,"These invaluable Powders have been uni 7erssy adope
IN Europe but France particular for thirty wear
well BY housandsn this country being the only mild
forbids too rapid increase Of family


Madame kesteil, well know thirty years lie
male Physician IN the two principal Female Hospitals in Eu
eIperence aud opportunities She attained celebrity
those great dscovt medical adaned
to the female frame for which her medicines stand unr
vailed well this Europe. Her acquaintance
with the physiology and of the female frame enabled
her-by tracing decline and i'll health Of married fensIes
in the meridian Of life, and the rapid and
often apparently ncxplicable which consgn many
iond mother to premature grvcto their true
rye at knowledge OF the primary causes Of female ndsos
nons--especiay of married femsles-which 1908 led
The discovery her celebrated Preventive Powder""
Their adoption been the Of preserving only
fond mother.


The advertiser feeling the rportanee Thu, subject and g.
tmatng the benefits resulting thousands by their ador
ton, would fully of the
RED all that they hold and dear their
Is and viruous prevent evils which are sub
ject by simple and healthy within CONTROL Every
virtuous, and enlightened mind will unc ,ita
Ingly answer in the Affirmative Price five dollars package
accompanied with full and particular directions Tney
be forwarded by mail t. any Hr Of the United ss.ss All
TELL, Female fhysicap Principal Office, As Greenwich
street, New York Ofhce hours from AM. 10 clock M
Boston Office No. kssex az oil m%r","TO MARRIED LADIES.
MADAME RESTEI I,Q pREVE NrIN q 4",The New York herald. [volume] (New York [N.Y.]) 1840-1920
1842-07-02,"Before Judge Noah and Aldermen Crolius and Smith.


Juty I-Jane Williams lblack, for stealing three shirts
from MargaIe Keef and frock from Margaret bowling
mp for ninety days. John Dougherty for steal
ing plank from building TO be erected in Mulberry
street sent for sixty days. Catherine Martin for
stealing shawl from the store Of Jared Mack up for
thirty days. John Sweom, for stealing and shovel
from Mr. Randolph sent up for like Joanna
Conner little girl sent to the House Of Refuge for
stealing several ackmiths punches and 9th tools from
Benjamin Gilderseeye. Valentine Still, charged with
drawing knife upon William Gibbs, and Letitis Hagger-
"", with stealing small quantity OF lead from David


Hines discharged and the Court adjourned to Tues
day next.",,The New York herald. [volume] (New York [N.Y.]) 1840-1920
1842-05-25,"THE MONITORThs is the title given a treatise show.


ing the nature symptoms. consequences and
the diseases called private their best modes
plainly described the remedies most proper for their different
with useful hints important advice and all necessary
dire ctions enable the patient to effect private prompt
permanent cure. To the unfortunate Dr. Jordan offers The
fruits Of many devoted experience extensive practice
successful treatment Nor does he deem necessary
than this that the Monitor has reached ae seventh M
ton.


Sold for the PROPRIETOR, only Apothecaries HILL 60
Prince srcecor OF laIionw also be had Dr. Joan
Srccihc Courses No l. for the ofcr, gleets and all
fhnl discharges and Course No for the
encrea diseases IN all ITS stages These packages comprise
fvcry medicine wash and requisite needed either for


nal external They excite suspicion no loss
o time and used with safety and unvaryng


~ Prince street, of Marion blocks east Of
Nblo ens. Private coz Marion door
10 the drug store. ma Inn c
DACkE.T SHIP ONEIDA from HAVRE.-C onsignccs
u will please Send their permits board at pier NO NORM
River


| rpbi. .,nrc",PRIVATE CURE.,The New York herald. [volume] (New York [N.Y.]) 1840-1920
1842-10-20,"A FELLOW WITH FIVE Wwss.--A fellow answering 10
the names VIM d. Carr and Alfred Colburn was tried
at Ogdensburg New York. few days ago. for having
plurslitv of wives Twenty three years ago he
red in Vermont-soon amer he came to New York State.
ana was married again at Msssens in that State Four
vesrs after he shifted the to Utica where he united
himself 70 Miss Rebecca Clark. He gave Rebecca the
Sin about year ago and bright morning found him
self In Oneida county with commodity the shape
ola snug little wife, called Matilda. This last expert
ment produced four OF Ave young sinners, whom with
their mother Mr. Carr abandoned and skipped overthe
line into Canada Even in this chilly region, his ana
tory disposition began TO dsvelope iss he was we'd
dec again and again. back 10 the States and nnally
Ito close the evenul history he 10 now in Auburn State
prison for the term of Ave years. during which time,
least the ladies' will DO ffss from his vaccinations.",,The New York herald. [volume] (New York [N.Y.]) 1840-1920
1842-10-20,"ABERNETHY'S BOTANICAL PILLS.


ONE BOX of these valuable Pills worth all the quack


medicines advertised for certai, delicate diseases Let the
the unfortunate assured there ration
,eng these Pills TO be speedy and radical for
hs, gleets Irritation Of kidneys &C. They for several
prescribed by the celebrated Abernehy all stages OF
the abov disc Ia the first stages box usually su


cienr to effect few days la long protraced chr mic
stages ob,nste elects &c they equally certain having
cured who had taking other for months
which tended destroy constitution than cure the
disease They leave the parts TO the oublesome
weakness which frequently after using other medi
cnes They have unpleasant taste SMELL and
taking them might frequent the mos, fined society without
tireIy q vegetable ingredients which invigorae the
thecsries Hail. Catherine and in Brooklyn by Bagrove.
druggist, Fulton st. oil lmsr",ABERNETHY'S BOTANICAL PILLS.,The New York herald. [volume] (New York [N.Y.]) 1840-1920
1842-08-14,"INTERESTING Boat RAcE.--Our readers remember
that few days since Roberts and Dov!on rowed
with souls in the Henry Stork and the Jacob Faith
full, against each other, when Roberts beat The
friends of Dorlon backed him for second trial at
$50 aside. Yesterday the match came off. They
started from the Castle Garden, rowed round Bed
lows Island, p miles out, and returned Roberts
won the race by POO to 300 yards, doing the distance
in 40 minutes; Dorlon did it in so and IS seconds
There was great excitement about it; the river and
bay was literally covered with row boats several
steamboats, were filled with spectators, and the
crews Of the Warspite, North Carolina and Conner
cheered the combatants they returned to the win
ming point.","Truly, this is strange affair, and exhibits a
strange state of morals.",The New York herald. [volume] (New York [N.Y.]) 1840-1920
1842-08-14,"The returns received by various mail papers
yesterday excessively meagre. Nevertheless
we think we can the coming results that cast
their shadows before


NORTH CARoLINA.-Morehead the wing Governor
is undoubtedly elected The ocofocos have gained
the Legislature, with majority in Joint ballot
This locofoco Senator to Congress in place
OF Mr.. Graham, whose time expires. Mr. Clay has
no chance here. Thirty locos and twenty wings
elected TO the Senate locos have ten majority in
the House.


AIABAMA.-Gone all hollow for the locofocos-
consequently the State Bank system is crushed to
the earth. Twelve counties heard from in South
Alabama in which ten wings and eight locofocos
are elected All the Northern counties have gone
for the locoocos this only preserves but large
lyircreases their majority


lLLINoIs.-Here, Ford, the locofoco candidate for
Governor, has been elected by nearly 1000 MAORI
ty The locofocos have also majority in both
branches OF the Legislature This result is sup
posed to have been brought about by Joe Smith
and the Mormons Clay clubs were formed all over
the State previous to the election, but they were OF
no use.


INDIANA.-Very doubtul-both parties claim a
majority. Nineteen senators are to be chosen, and
paper speak confidently as to the result The
impression seems to be that the wings will have the
Senate, and the democrats the House, and that the
former, by reason of Its majority already in the
Senate, will have majority on joint ballot. The
Indiana Sentinel (democraD of the 9th inst, gives
returns from nine districts which have elected five
democrats and four wings. The Indiana Journal
(whig) gives returns from fourteen senatorial dis
tricts, which have elected nine wings and five
he IS
posed of one hundred members. The Sentinel
gives returns from counties which elect sxty-eight
members, and says that thrty-eight of them are
democrats and thirty wings, and that the loss
and gain, so far, have been equal-each party has
lost seven and gained seven. The Journal (whig)
publishes returns from counties which elect seventy
two members, and CLASSES them thirty. seven demo-
Gratis and thirty five whiss.


MIssouRI.-No returns beyond st. Louis. The
locos hold their own. Five members of Congress
are TO be chosen at this election.


KENrucKy.-No certain result OF the success oil
the ""relief'' men.",The Elections.,The New York herald. [volume] (New York [N.Y.]) 1840-1920
1842-06-17,"Dear Sr-We beg leave to inform you and your hume
readers that have established the New YoRK Pa.
TENT MEDICINE AND PERruMERv WAREHOUSE, No. 10 John
street. opposite Thorburn's seed store upon the plan
successfully in London and Paris where families
may genuine medicines, under the written cer.
Gates othe propreors and thus avoid the danger Of
terfets which so frequently brought under public
ice system of fraud which has caused the death of mil
lions OF fellow creatures Our stock already compr
the principal popular medicines which prepar
ed to SELL Wholesale retail at the established prices


Yours, respectfully,


EDMUND CHARLES & CO.,
C) l6 John Street. New York",M TO THE EDITOR OF THE HERALD,The New York herald. [volume] (New York [N.Y.]) 1840-1920
1842-10-08,"Before Judge Lynch and Aldermen Crolus and Stewart


Der. Thomas Curtain, stealing from the money
drawer Of Henry Hof, $l2, guilty penitentiary six
months Francis Brown stealing from an unknown man
his pocketbook guilty Judgment suspended and he dis
charged. Thomas Sherman guilty Of three separate
charges assaung some watchmsn, bound ever in $500
to keep the peace Henry Jackson alias John Manning,
black boy stealing from Messrs Dayton piece of plaid
worth Sl0 guilty sent to the House of Refuge Joseph
Marks stealing from John Farrell cloth jacket worth
g. acquitted. VIM. Seey stealing from Matthew Wal
ling Of the steamboat Rockand quantity Of wearing ap
parel worth $23, not guilty Edward Magee stealing
from Corlies Haydock, quantity Of crockery worth
3d. guilty penentisry six months. Ann Mack, stealing
from Thomas Clear calico dress worth 81, not guilty
Patrick Kelly, stealing from John A. Smith, decanter
worth fifty cents also stealing from Margaret Flynn
pair of ducks worth seventy6ve cents guilty on both
charges penitentiary three months for each offence
Bridget Oaks, assault and battery upon Thomas Tucker
cutting his head badly with pair OF tongs guilty peni
Tertiary month Mary Skinner, old offender stealing
from Rebecca Loughton shawl worth 81, guilty, peni
Tertiary six months. James Mahon assault and battery
upon Patrick Sullivan, guilty discharged at the request
OF complainant John Raglan assault and battery upon
Thomas Crumbie and attempting to stab him guilty
penitenary two months Peter Thompson, assault and
battery upon Issac Francis guilty. remanded for sentence
John Wright attempting to rob the pockets OF an un-
known man-acquitted. Thomas Brown, stealing from
John Lewis fifty centsnot guilty John Tuckbon, pre-
viousy convicted Of rotous and dsordery conduct was
discharged the request Of complainant Several persons
chargedwh petit lsrcency and assault and battery were
discharged for want of evidence


Adjourned to Tuesday next nine o'clock, A. M.",,The New York herald. [volume] (New York [N.Y.]) 1840-1920
1842-08-05,"ORRIS TOOTH WASH-Prepared from the original
~ cpe at No.8 Gold street, New Yrok-The Orrs Tooth
Wash purely vegetable prepaon possessing the proper
healthy and unpleasant oaour
the mouth, whether arising from decayed teeth om de
ranged Of the stomach


designed to be used tooth brush and will be found
supersede the necessity Of powder keeping fs teeth
and the wearing away Of the h the teeth
1t particularly useful of spungy restoring the
healthy and them contract around the
teeth In painful Of the teeth and arising from
ticulary servceabe the Ors Tooth Wash night just
before retiring This method recommended by emf
mulate during the day entirely removed and the mouth


Sound teeth and white teeth the valuable portions
of poor humanity; but how many neglect the attention
for their when surrounded by all the
needed Among these know Of mons pleasant
and eectua than the Os Tooth Wast cleanses and w-
tens The strengthens the gums ppres the mouth and
the breath We recommend its ALL young and
old-[ Boston Morning Post.


The Ouis Tooth Wash the best detergent used
our enamel.-[ Boston Transcript


For sale by the principal druggists in the city md =",PERFUMERY.,The New York herald. [volume] (New York [N.Y.]) 1840-1920
1842-08-05,"TNVALIDS aessous obta the best medical advice and


should not fail tsnthe little called
the Rubiconr by Dr. Gregory of No. Mott street, New
York; where he has beeusevert established in select
branch Of his profession andy rthe also continues admin
and less experienced had failed The Doctor does
this boast his skill only inform those
ing good advice, where il be Obtained Dr. Gregoys
domci drug private dwelling house. we'll
provided and arranged for the comfort and
patients.


Dr. g. does limit his few hours but is
home wait upon those seeking him all hours the
day and night ""a Mott streets but lite way off from Chat
ham square.


One dollar by mail free Of postage, will obtain the ""Rubi-
con"" by return mail, which shall also be posge Free",MEDICAL AID,The New York herald. [volume] (New York [N.Y.]) 1840-1920
1842-08-05,"FEMALE PERIODICAL PILLS guaranteed in every case
where the monthly periods have been irregular from colds
other Their ceraaty OF has long been
kBowedged by the medical profession and hundreds that have
these pills in their effects that care sometimes necessary in
their though they medicine
constitution Advice given gratis all who the pills. BY
Madame Costello, 81 Lispenard where the pills sold
genuine. Price 81 per box. jy2i imsr
MOST EXTRAORDINARY CURE.-If any have had


doubts they may now dismiss them and the most ncredu
ous consider deafness durable. Numerous of
cures, and many of them very remarkable, by the of


Scapas OIL have been published, but this the climax
Young or old, you may yet recover your hearing


A lady smithfed Pennsyvs,ia, and about years
of had been gradually getting deaf for than years.
that impossible to make her
in the ondest of VOICE winter she induced
that she has used two bottles and that her hearing perfectly
case may be obtained at the store Of Dr. JAYNE ""a South
Third street. Philadelphia which also the medicine is
for sale.


Sold in New York by the agents Sands, druggists
Fulton street OF GOLD and 1909 taton street whole
way corner Of Market street; Abraham Sands Co 273
Broadway, corner of Chambers street.


Price 81. iy23 lmr",MADAME COSTELLO.,The New York herald. [volume] (New York [N.Y.]) 1840-1920
1842-08-05,"SPRINGS AT KISSINGEN.


reputation Of being the chaybeate murac saline
known To the Medical Faculty.


The Rakoczy he's acidulous saline flavor, and being
powerfully promotve Of and excretion purfyer
strong solvent and at the time strengthening without
heating like Wesbaden and Karlsbad without inur
ing the stomach) potent duretc specifically upon the
liver the systema venar port and uterine system, and ds
pang existing obstruction The disorders and diseases
which this water has manifested the decidedly salubrous
effects, the following: al affections of the
banes and distractions the digestive organs arising from
local debility combined WITH inactivity Of the intestinal
tu want Of appetite atuency worms, hloaednes and OBJ
strctons in the liver and sysema poarum hemoshodal a
ecops against which has proved sovereign remedy
organic affection c dsorde Of the chest lungs asthma
tic attacks from phlegm and spec morbid deposits such
equity, heec and psorc arrangement Of uteri a. sts
tem rregulaty IN nenstruation scanty
mepstruation serily, anomalous hemonhoid albs
far these disorders originate from local weakness
and plethora abdomnas e) obstinate rheumatic and
equity affections, especially when the time obsruc
tons the lower OF the body above all ne
discovered ~ chronic diseases Of the urinary
gans Blenohee, hemorrhoids the bladder spasms
the bladder, % plethora and obesity h) chronic
dsoraer debility Of the skim which maness tsen
disposition to profse Precipitation extreme susceptibility
scrophua and other causes.


Regular shipments constantly received.


fresh supply just landed per Venea, via Rotterdam
Printed circulars and direc for be had gratis


FLORIAN STRAUSS, 523 Pc arl street.


Sole Agent in the United States.
To be had also Of Mr. Forenbach of Rsade and Hud
street. m","MISCELLANEOUS

MINERAL WATER,",The New York herald. [volume] (New York [N.Y.]) 1840-1920
1842-12-26,"90 Mr. Barnum, the excellent manager Of the Anne
rican Museum, whom all the little folks Justly consider
their friend and benefacor having made arrangements
treat Santa Claus to cold collation. Christmas Eve
received in turn variety of curious shows for the ho
days Among the rest is splendid exhibition of Anma-
ted Tableaux and real Punch and Judy. These were
too large to put in stocking, and Santa Claus had
but one SET 80 he left them at the Museum in charge of
Gen. Tom Thumb who expects all the little folks in New
York, to come and see him with their fathers mothers
uncles auns aud cousins, any hour to-day he will
keep the performances going from ten O'Clock this
ing through the day and evening"" Read the advertise
ment in to-day's Herald.",,The New York herald. [volume] (New York [N.Y.]) 1840-1920
1842-08-29,"A FEW IMPROVEMENTS have been made upon Fi.kh
Paant Novelty Cooking Stove, rendering it impossible
that difficulty should with il when managed
who has had experience the Of kind Of
The Novelty Stove the only coo-tove which has
been within the last three years. entire
principle all Others be combination Of old plans remoded
pattern, bearing incentive
the sale without any tgd utility economy The No
velty Stove ~ ali purpose
for which recommended, be returned and the
will be refunded The which is much larger than
perfect brick The fixtures which
Der and owing the peculiar of this
neay twice large be used upon any other Of the
size. Among the fixtures large boiler


ing gallons ~ barrels alarge rotary gdadle which will
oven, suitable for baking large oaves Of read Of rngs
suitable for sized kettle from barrel cadron small


brass kettle The Stove only needs be
any one that its perfect SIMPLICITY and peculiar adaPtaon N
Stove Establishment 200 Water street The public are eau
toned by those who stoves
as being the same principle of the Novelty Stoves,
STOVES are made npon hls nrncpe except Mes FISK or
200 Water eight hundred who have them
in use in this city. ala msr","IMPORTANT TO
III O u Sc X E. IL P F. r S.",The New York herald. [volume] (New York [N.Y.]) 1840-1920
1842-08-29,"The subscriber IN announcing his arrangements for the
1872 befope his friends with Of sincere
the able he has received for
lie likewise wishes call the of those ndng
send for their friends residing England Ireland Scotland
and Wales that they all times be accommodated BY this
the well known different lines Of packet ships sailing and
from Liverpool on the s h 3h 10Th and 9th Teach month
throughout the year.
has always been the study of the have the
emgrans shown ciiy and despatched without delay and
shose who send for their friends satisfied that every
those for well all who may embark with them
and should Of those whose has been paid
bark, the mouey will be refunded without charge.
The subscriber feels pleasure in making known the differ
en ships by which his out during the last
which has given general satisfaction and that he condera
bly, extended and concluded his 1892
The following is list OF ships


Ships Scotland, Robinson Ships Alabamian, Lane


Fairfield Wilson. Printice Hopkins


Frankfort, Russell. Tyrone Speare.


Russell Glover Howes Wales, Watts.


Hibena, Wilson. Westchester, Ferris


Alfred, CheeveI Osceola Childs


Clifton, ngersoll. St Cloud Emerson


Louisville, Allen New York, Nivsn


Sobieskie, Emerson. Warsaw, Crfiths


Qswego, Wood. Ocean, Willard.


Talbot, Storey. ~. Hampshire, Harding.
Panthea, Goodmanson Robert lsaacs, Trueman.


Virginia, Eaton. Europe, Batchedor
3. jenkins, Seymour.


free passage from the different ports Of Ireland and
land also be secured and drafts furnished for amount
payable at the National and Provincial Banks Of Ireland and
their respective branches and also Mesrs j. w. Robin
son. which paid free o. charge throughout
For further particulars upply to


ia w. ROBINSON, i6 Goree Piazras, and
anl6 No Neptune ST.. Waterloo Deck Liverpool.","NEW YORK AND LIVERPOOL REGULAR CON


MERCIAI LINE OF PACKETS.


Sailing to and from Liverpool, Weekly.
M ~ @ -
Old ESTABLISHED PASSAGE OFFICE, Cl SOUTH",The New York herald. [volume] (New York [N.Y.]) 1840-1920
1842-10-07,"PoLricAL Moral TAcrIcs.-At the recent mass
Wing Convention, held at Dayton, Ohio, where
Mr. Clay made speech, there was the following
exhibition


picture exhibited at the Headquarters of War.
rem County Delegation representing John Tyler give
which was note superscribed my conscience"" with
bag representing $4,000 to the DEVIL accompanying the
devil his imps, represented in the shape OF viper
snake, with his tongue out ready to bite Tyler the rear
Of the devil are represented animals of smaI description
near John Tyler stands Wise holding the skirt Of his
coat (Tyers) pulling him back; from the gallows
tends rope near Tyler, preparatory to place around
his neck-over the gaows the words two miles from
the White House-one mile from hell"" This picture
was exposed in eof the most public parts of the CITY,


No wonder the country is demoralised when
great statesmen encourage such exhibitions",,The New York herald. [volume] (New York [N.Y.]) 1840-1920
1842-10-07,"03- Those who troubled with the blues feel
they would enjoy ahearty laugh, and while away
few hours in behoding the wonderful works of nature
and art and blending valuable instruction with innocent
amusement, advised to visit the American Museum
That immense establishment with its six spacious halls
ard 1000 curosities; the performances Of Mr. Neis
who was born without arms; the singing of Miss Hood
the exhibition of sgnor vivadis wonderful automasons
the dancing Of Ceeste the Gpsey Girls revelations the
comcaes of Collins and all the wonders OF TINS worio
with slight portion ofthe next, presents the most UMPIRE
cedened array of amusements ever put iorn "" any
similar establishment in America",,The New York herald. [volume] (New York [N.Y.]) 1840-1920
1842-05-15,"10 State stocks there has been considerable improve


mcn within the last 30 days subsequent the arrival Of
news considered favorable from Europe The advance
which then effected has in many instances fallen
back. The new loans that were offering upon the mar


ket have not been taken with the exception Of those Of
the city and State of New York which bear per cent


These went of very heavily but stated yesterday
They have been by Of the leading houses.
THE U. s. government loan has been taken and
satisfactory offers have been made. Certain prints have
however daily reiterated story. that it is about
Ito be taken par but have failed hitherto The object
these is to induce bids The following table
o the comparative prices of stocks in the New York
market.",,The New York herald. [volume] (New York [N.Y.]) 1840-1920
1842-05-15,"In this market since the receipt of the last news from
Europe there has rmnes and sales have been
to fair extent prices that have been well maintained
In the Southern markets the business has been dull and
prices have generally suffered some reduction At New
Orleans the Ord instant the markets recovering
from the effects of the received from Liverpool the
first April and prices firm at Savannah. There has
been small business done only and prices have declined


The following is table Of the transactions at the diff
erent ports for the week previous to the rate affixed


SrocKs, SALES Prices AND REMARKS AT THE LEADING","Sales at the stock Exchange.

Cotton Trade.",The New York herald. [volume] (New York [N.Y.]) 1840-1920
1842-07-03,"S spe which Is Official, presents some curious facts
One OF which is that the duties 1885, large
ducon had taken place the rates high those
were IN 1889 which from increased import of the
duabie articles while the import of goods entirely free
declined hve per cent This undoubtedly from the
fact that the duable goods imported were theproceeds of
money borrowed and not the result of regular trade
They were the manufacturing products of the countries
that lent the money. The regular commerce of tho
country under the superstition that free trade operated in
jurously, would have induced large import of free
goods-which however, not the case.


The following table will show the average of each de-
scrpon of goods in the first three years of the series an
compared with the last three.


Free gds .4dram. Specific. Duties",,The New York herald. [volume] (New York [N.Y.]) 1840-1920
1842-02-04,"TINTED STATES HOTEL.-Ths underlined gives 40
keptb David Dorrance Esq add which has been closed for
upwards two Months has been put in complete order every
extensive building having been % thorough
examination and has been spared 70 make every
roc sucha. would BE- agreeable e the ost fssaiou. TIE
!ure. Of The house are chairs bsd.teads
tened this yore house should sustain The arrangements
ons equal those in house The services Of
the cooks n IN: country has been secured The sppy
the ader shall be ompee and the neral arrangements OF
the establishment such compete wi those Of any hotel
m the United States. without exception.


am happy to announce that have made arrangement
with Mr. Aonzo Reed late well known proprietor OF the
Wavery House. New York. to aid aud asst u the manage
inert ouse whose Undivided attention, Win thas
SELF will be devoted the utenancc Of the high respectable
ity this establishment


The Uni ed ates Hotel will be open for the reception Of
yisiters and boarders, on Monday, the oih inst; 49,


Having disposed Of my Interest in the Wayely House,
York having made with NJ nea 70 aid and
solicit the sa,touaes frierds and the public
morning shall he left undoue 20 render the house worthy 0!
that Distinguished PATRONAGE which has eyer been bestowed
teen connected -


Late ProI rector Of Waveley House, n. YoA.
Thil.ds1 hia Ian Inn",,The New York herald. [volume] (New York [N.Y.]) 1840-1920
1842-08-11,"M Ms. A ND MADAME BERNARD,


Corn Doctors. from Paris,


REG LEAVE TO inform the inhabitants of New York, that
- THY viii be happy wait upon all who may desire their
srylees Mons and Mad Bernhard have been pactcng in the
United States but few moihs and that short have
ceyed testimonials from Of the gentlemen
and Others The benefit and comfort which they have
cved s'ce they have been attended by them They have the
honr 10 inrs he public that by and peculiar ethod
they extcste Hard aud So Corns Bunons, Calosiies
without cutting Mons ad Made. b. do attempt offer
condn'y assure those who suffer from troublesome and
nui Cons thai they have the satisfaction Of carrying
away th' rtorneutnr, the Corn, IN their hands


Mons and Made. have their possession upwards of
Thousand from those who have peenco relief
their hands Mons. aud Made u. have ra.tced profess
sion for severa IN Germany France and England aud
Gave acquired great skin sud much practical fact
aes' By numerous certificates from the celebrated En-
gsh, French and German physicians well from OF
the nobility and gentry Of those countries delivered them
after tour years cure. The operation viii occupy
than ten minutes and the relief that the
sons thus treated can Immediately put their shoes and walk
without the least inconyene


Ladies and gentlemen VIII be waited their own resi-.
dence, II tley ccsire It.


AT home in the morning from till II, and in the afternoon
from tall o'clock


Office at Boston, ISL Court st. jys 3msr","CORNS, COKNS. CORNS.
""A",The New York herald. [volume] (New York [N.Y.]) 1840-1920
1842-12-10,"HAIR OIL-There oil in the world that good
bad the hair Every body knows that when the hair
burned will grow again good All thu powders
dyed literally burned Liquids for dying
the hair composition, of cauc and spirits that burma in he
will grow matter how many times Is burned; and every
body knows ALSO that head full dandruh the har
owenty being hair cueT and having the opportunity
myself composition known Pastors Hair Oil or
Compound Essential Oil of Almonds"" for destroying dandu
preventing the hair from coming and turning This
mable Hair Oil will make the hair WE'LL no matter how
much dandruff soreness is on the head.


For SALE wholesale and RETAIL A. PASTORS, Hair Cut
65 Greenwich street. New Aork Price so cents bottle.


nj line",,The New York herald. [volume] (New York [N.Y.]) 1840-1920
1842-12-10,"Oh HuLL'S UTERO ABDOMINAL SUPPORTER.


THIS new Inst for the radical Of Prolapsus Ute
ing the Of the obectional Pessry confidently
ended the afflicted the Of perfect soration 70
health having failed Of performing cure under
the gravafed circumstances.


The Supporter attained very high character Europe


i. this country Iris adopted the entire disuse
and all other surgical expedients the Lying
inosptals Of London and Paris, and universally
mended in Europe by medical Of the highest rank In this
Colleges aud Hospitals and by all the eminent private
titionen


Rooms have been furnished exclusively for ladies', No.
Vescy entrance from the business
where lady attendance, to apply
Truxses Sum 10 female patients. M lmTs","TO THE LADIES,",The New York herald. [volume] (New York [N.Y.]) 1840-1920
1842-08-30,"Corn Doctors. from Paris,
DEG LEAVE inform the inhabitants of New York, that
- they will be hppy wait all who desire their
.sces Mons and Mad Bernard have been praccng in the
United States but few months and that short time have
cey testimonials from Of the gentlemen
and Others the benefit and comfort which they have
ceved they have been attended by them They the
honor nfoa the public tina. by aud peculiar method
Hard and Soft Corns Bunons Callosies sc
without cutting Mons and Made do not attempt offer
requiring secesy faith its efcacy bat
painful CoIns that have the satisfaction of carrying
away their tomenor, the Corn, in their hands
Mons and Made have in their upwards Of
thousand certificates from those who relief
their hands Mons and Made B. have their proes.
sion for several in Germany France and England and
by certificates from the most celebrated En-


sh French and German physicians well as from several Of
after four years The operation will not occupy
than minutes and the relief that the
without the least nconv enience


Ladies and gentlemen will be waited at their resi-
dence, IL they desire II.


At home the morning from till H. and in the afternoon
from 2 till O'Clock.


Once at Boston, Isl Courtst. iva sm$r","CORNS, COKNS. CORNS.
E, Murray street.
MONS AND MADAME HARD",The New York herald. [volume] (New York [N.Y.]) 1840-1920
1842-06-01,"Pa. Doub $l5.60a5.70


Money is very plenty with the banks, and they find
great difficulty in employing advantageously but they
adhere strictly to short paper and prompt payments At
the time the rcmittances from the country parcu.
larly in those points where resumption is about taking
place. very small consequently, notwithstanding the
Righteousness Of money with the banks in the city, the
merchants severely cramped, and failures con.
santy taking place. particularly in the dry goods line in
which the compromises tina. take place almost
merable.


The Stock market remains very nearly in the
dition The most undoubed stocks those OF the City
and State of NewYor have improved and the loans
recently created by the two latter at premium. The
u States loan has not been taken. temporary arrange
mcnt has been entered into between the Secretary and
certain brokers' houses for little money for the immed
ale wants of the Treasury and the possibility that
agent may be sent abroad either to London Amster
dam when Congress shall have taken action in
gard to the The following is table Of the pr
ces OF the leading stocks:


Prices LEADING SroCKs New YoRK MARErr",,The New York herald. [volume] (New York [N.Y.]) 1840-1920
1842-12-18,"MACY OF THE CITY OF NEW YORK.


THE College of Medicine and Pharmacy of the city Of New


Yo:k, have opened in with their Medical and
Surgical Conaulting Rooms establishment for the exclu
sve reception opalen suffering from yenesal Diseases No
class Of human malades FOR their safe and successful
treatment degree Of maured and practsed
skill than do those which entails her but
aas thousands must bitterly acknowledge other class
has been much subjected the mare of heaess
and uneducated pIetender-men without chsracer-whour
medical ekge-without experiencewthou responsible
lily The members OF the College fully convinced that
diseases uniformly subjected the Of
properly qualified physicians OF human suffering
would De eyented and the innocent saved from the
which they ofen involved with the
guilty. order the refoe suppress possible tins
quackery the College have opened this
and placed under the management OF two eminent medical
gentlemen OF great and sound udgmentmen for
whose Iespectabty and talent high the Col
lege itself is pledged.


Patients Of both will be admitted and receive advice
grafousiv and The medicines will be dispensed
them at less than the usual fees whatever will be
required The College cherish the hope that this liberal
angenent will soon put stop TO the impost which this
class OF patients have been subjected and all thus affected will
il hoped the wisdom Of availing themselves OPP
portunty now afforded - By o,deI,


Office and Consulting Rooms Of the College,","MEDICAL.

PRIVATE ESTABLISHMENT
FOR THE TREATMENT OF VENEREAL DIS


EASES,
IN CONNEXION WITH
THE COLLEGE OF MEDICINE AND PHAR


",The New York herald. [volume] (New York [N.Y.]) 1840-1920
1842-12-10,"Correspondence of the Herald.1


STANFORD, Or. Dec 2, 1872
Society and Soirkes in Stamfrd-Eating Dancing,


Fyirting, and Phiiosophising.


DEAR BENNKTr--


Seeing frequently communications from the
country in your interesting paper, upon the subject
of local occurrences, it has occurred to me that it
would afford interest to your readers for you to have
a correspondent in this place. where gossip and per-
sonal SANDER pass more current than the bills of
the best bank in our country; and having but little
business to occupy my attention during the winter
months, Propose giving you an occasional sketch
OF what going amongst us, with the privilege of
a corner in the Herald.


There have been many occurrences of late upon
which gOod"" margins might have beea composed,
had any one taken the trouble to correspond with
you; but let pass over all old affairs, and take
review OF the splendid soirte which came off at the
principal hotel, kept by Mr.. Seely, last evening.


Soon after the sun had sunk beneath the western
hills"" carriages were running in every direction
through our streets, collecting the ladies, and about
9 O'Clock the ball room wasthrown open and short
ly It was crowded with The Young and the gay Of
both sexes, and probably more social company
never convened together upon any former occasion
in old Stamford II composed of all classes
and all seemed tofeel free and equal spirit predo-
mlnant within them, The ladies were really beau
utul, and it afforded some amusement to hear the
gentlemen, grouped by themselves in end of the
room, discussing the peculiar charms of this lady
and that lady. II was affirmed by seemingly love-
stricken youth that the younger Miss ~ was per
feet angel, and would be the queen of the dance
that evening. Another thought her sister looked
more graceful, and others expressed themselves
partial to the beautiful and accomplished Misses IT,
while others thought Miss F., Miss Y, or Miss G
would compare with any lady in the room. Your
correspondent took impartial survey of the dear
ere atures, Tor he considered them all handsome,
graceful, and accomplished.


The ladies' being thoroughly criticized, the gen
tlemen took their partners for the first cotlop and
after several had been danced, the company were
refreshed with ice cream, and other e cetsras TIE
dancing then renewed. and continued without
lntermislon till supper was announced, when the
gentlemen escorted the ladies into an adjoining
room, where table was SET with all the good
things of this life. We shall not stop TO mention
how the ladies looked when they ate, or how they
pouted when this thing or that thing was passed to
them. 1t is enough to say that they all seemed to
have good appettes, and they enjoyed the supper
very well. Dancing was again commenced, and
kept up till about one O'clock, when the company
adjourned well pleased with the entertainment OF the
evening.


might have taken more notes had anticipated
giving you history Of the ball, but shall be more
particular at the next, which will take place In Two
weeks. There are other topics upon which might
extend my remarks, but will leave them till ano-
Their occasion, and till see whether you deem this
worthy place in your paper, Gum NUNc.","Stamford, Ct.

Correspondence of the Herald.1",The New York herald. [volume] (New York [N.Y.]) 1840-1920
1842-12-10,"CHATHAM THEArRE.-A superb bill is announced
for this evening. The highly successful dramas of
Rinaldo Rinaldin,"" the ""Terror of Normandy
and venom"" all plays Of the most intense interest,
must draw crowded house. At no theatre in the
city can these excellent melo.dramas be performed
in a suitable manner, but at this establishment the
stock company here being above the ordinary cast,
the scenery and decorations of the most magnif-
cent nature. and, above all, manager who tho
roughly understands his business, ard knows how
to unite all these qualities produce the best effect


are virtues which but few theatres can boast of.",,The New York herald. [volume] (New York [N.Y.]) 1840-1920
1842-08-24,"M ms. A N MADAME BE K H RID,


Corn Doctors. from Paris,


PEG LEAVE TO inform the inhabitants Of New York that
- they will be happy wait all who desire their
Mons md Mad Bernard have been practcing
United States but few months and that short time have
and Others the benefit and comfort which they have
ceved since have been attended by them They
honor inform the public that and peculiar method
ney entreste Hard and Soft Cons B9nions Calloses
without cutting Mons and Made 3, do attempt offer
nosum requiring secresy faith its efficacy
confidently those who suffer from troublesome and
away their ioTmentoI !"",'Con, in their hands ~'''


Mons and Made. have in their upwards of
thousand certificates from those who have
their hands Mons and Made B. have their profess
sion for several in Germany France and England and
have acquired great skill and much practical
aested by certificates from the celebrated En-
gsh French ard German physicians well as from Of
ne mobility and gentry Of those countries delivered to them
than minutes and the relief that The
thus ated Immediately their and walk
without the least incouv enience.


Ladies and gentlemen will be waited their resi-
dence H they desire II.


from Till O'Clock.


Office at Boston. Isl Courtst jys 3msr","CORNS, COINS. CORNS.


Murray street.",The New York herald. [volume] (New York [N.Y.]) 1840-1920
1842-08-24,"MADAME COS ELLO.
FEMALE PERIODICAL PILLS. ranteed in every case


where the monthly periods have been Irregular from colds
other Their certainty Of action has long been
knowedged by the medical and hundreds
geless ted yariog, bossed remedies; indeed
these pills in their effects that necessary
their though they contain medicine detrimental the
constitution Advice given gratis all who the pills. by
Madame Costello, LspenaId where the pills sold
genuine Price 81 per box jy2l Imsr
MOST EXTRAORDINARY CURE.-If any have had


AZ doubts they may dismiss hem and the ncredu
ous may consider deafness cuabe Numerous Of
cures and many OF them remarkable, by the OF


Scapas OIL have be published but this caps the climax
Young or old, you may yet recover your hearing.


""A lacy IN Smhteld Penns and abo years
Of had been gradually getting deaf for 40
in the ondes tones Of voice Last induced
y Scarpas Oil for Deafness IL only add,
that she has used bottles and thar her hearing perfectly
restoed-she cured Any informal in relation the
may be obtained at the u Dr. JAYNE 20 South
Third street, Philadelphia which pses also the medicine is
for sale.


Sold in New York by the age rts, Sands druggists
70 Fulton street. corner of DID, and 100 Fulton whole
sale and rrta also sold by avid sands Co. Broad
way Of Market street; Abraham Sands Co,
Broadway. corner Of Chambers street.


Price 81. jy2s lmr",MADAME COSTELLO.,The New York herald. [volume] (New York [N.Y.]) 1840-1920
1842-12-02,"Louisville, Ky.


correspondence the Hera'l


LOUISVILLE, Ky, Nov. 25lh, 1912.


Grand Bal Mosque ct CostumGd Louisville.


There was sound of revelry by night,


AND beigums capital had gathered there


Her beauty ana her chivalry and bright


The lamps shone Ger fair women and brave men;


thousand hearts beat happily""


1t was scene respondent with wit, beauty, and
costume that presented itself at the Palais door. on
the long looked for evening of the grand bal ct
masque ct costume The gorgeous mirrors reflected
back the graceful forms OF many Hebe and Juno,
and the most magnificent costumes that taste and
art could fashion, gave evidence that expense was
not spared on that night For a moment, as you
glancad your eye FER the waving throng, one was
reminded OF some magnificent fete in the golden
days OF Venice, or OF Partisan carnival in all its
revelry.


-Four splendid rooms, with Oriental tapestry, both
rich and rare, lighted by thousand luminaries,
streaming DER coslest carpets OF Turkeys bazaar
divans, tabrets, and lovers LOUNGES and with sofas
OF richest embroidered satin, were well adapted for
such iete Here was the Ballad Singet"" whose
nightingale notes came DER the like the sweet
SOUTH"" enchanting every one. Here the gentle
""Zuleika, IN robes OF pures OF white, surround
ed, not weenlng her faithful Sellm, was signing
afar in distant chimes, for one SO blithe anu gay
And here is the beautiful "" Rebecca,"" whose Jetly
curs and eyes so liquid black, shone peerless midst
the dazzling constellation There steps with queen
ly air and noble gait, the Hindoo Princess"" gilt
ering with gems and pearls OF rarest cost and
beauty.


:"" She alone shone iairest of the night


With maIchiess pearls and jewels bright:


And here's the Greek Girl so much admired
for her tasteful costume, and


""On whose snowy neck, a cross she wore


Whicn Jews might Kiss and lnbdels ADORE""


But look at that little laughing Peasant Girl""
whose clear and ringing tones and bewlching cos.
tune, made her The centre OF attraction. More
than once the admirable Solomon Swap"" Was
heard TO exclalm, "" guess as how it is, that gal
Sal has got me now"" The roguish Frank Weber
would have died with laughter Iii beholding Judy
McCann,"" and the lord OF romance and of fiction
would have seen a Volktman's progeny in the
matchless Sybil,"" whose nomenclature called
forth from many beating heart, sigh that night.
Here the ""SOuthern Flower Girl,"" with bouquets
rare and sweet, and she with the Scottish klrtle,
were seen arm IN arm with a ""Spanish Cavalier""
OF dress oil rarest show, whose grace and elegance
attracted many an eye. The Queen OF Night""
shone brl yht with heavenly beauty on her brow,
and the snowy costumes OF the "" Sister Nuns duped
more than one high functlonary of the Council
Chamber. And here, : Persian Princess whose
high ennobng mlen and oh attire, gave grace and
motion TO each step. And lo there ""Suitana"" of
the East, enrobed In dress whose snowy richness
and gorgeous beauty enteebes all description. Now
laughing 6 FAIRY"" with Psyche waist and nimbe
foot, swiftly ghdes DER your bewldered path, and
now 8 Bavarian Gr'' sweety enchants your
ear with buy broom, buy my pretty brooms.""
exquisite has. Not Regent street or Plccadily can
boast so dem'd top Near him stands . Sir
Peter Teazle,"" whose hale and hearty cheers win
plaudits from the admirng crowd, SO happy was his
humOr. And here his tacetious ally, Solomon
SwOp, whose "" down cast jokes and happy sallles
invoked the eager ear oil all around. There glides
through the glltterlng sea OF gems and wavn,
plumes, the snowy Dazzle"" with bold assurance
L. a.. II. 90
man."" fellow OF nntnle jest and excellent fancy,
entertains a score or TWO with flashing wit, which
sells the table IN a roar"" = DICK Turpin"" was
somewhat afraid OF his furnished reputation in so
his fading honor, but looked the daring hero of
Lockwood. peruvian Rola'' in vain sought for
Cora, and though not slain by Plzano's band,
was pierced by score of Cupid's arrows.


Charles the Second deckedi in all his royal insignia
and regal pomp, was the merry monarch himself al
though he lackedmuc The willy Rochester to crown
his success. The Corsalr was there, but, ah alas,
the lovely Medora silently watching the pale
stars IN her lonely tower afar. DR.. Faustus, the
philosopher and the wit, shone bright in dress OF
shining silver, which was only equalled by the sal
lies OF wit and keen repartee for which his fame
abounds. Col Dumas and Lieutenant st. John
were the ""gass of fashion and the mould CT FORM""
and captured more hearts than bloody savages that
night. Here goes tie Grand Turk, with robes i'm.
ported from the Bosphorous-


""who stood like Atlas with world of words


For every car""


Now halls the spirit stirring waltz; and soon is
lost with the Emery peasant belle"" in the insprinJ
mazes of the dance Col. Blenheim, with so much
"" otinns cum dignitate,"" and Corporal Philosophy
so famed for love and argument, were seen grouped
with the Dominican brotherhood led by good old
Boniiace in bold array. The Unknown Fair fitted
about with much vivaclty, whilst very old priest
whose frosty beard contrasted strangely with his sa
BILE mantle, stood aloof, as though his heart still
beats in harmony with the gay and festive scene be-
fore him. The brawny Savage too was there, clad
IN his native costume, with tomahawk and pipe
looking on with grave composure and silent dig
nifty


Not a few of the most rich and beautiful costumes
appeared amongst the many, who were not masked
and who received the court and admiration of each
and every one. Amongst these were conspicuous,
one whose noble air and Cleopatra fascinaons
struck deep the eye of all. Another, dark eyed
brunette belle of the eastern Shore"" who dis
pensed her winning smiles to more than one wor-
shipper at her shrine OF love mess and beauty Ma
ny, many more were there, but description beg
gars in attempting to give an idea of the most mag
ni6cent and splendid gala that has ever been given
in the South or West.


A fine band of music gave out melody in har-
mony with the rich warbling tones of hundred
voices, almost reminding fone of Caypso's tabled
grotto.


ION with the dance let joy be unconfned


No sleep till morn, where youth and pleasure meet


To ctase the glowing hours with flying feet""
resounded from each gay spirit on that Joyous
night until ''the cock had thrice done salutation TO
the morn"" when the reluctant masques retired with
visions bright to their enchanted slumbers.


JUAN.","The Court adjourned till tomorrow morning at 10
O'Clock.


ITO be continusd1

Louisville, Ky.",The New York herald. [volume] (New York [N.Y.]) 1840-1920
1842-06-22,"Before Judge Noah and Alderman Crolius and Smith.


JUNE 2l-Parick Waters tried for stealing a sove
reign. but the evidence not being sufficient. he
quilted Charles Macoboy, convicted OF stealing watcl
worth sls FROM Charles johnson, sent up for sis
months. Margaret Morrison tried for stealing


pattern from Caleb Looey and sent to the City Prison
30 days William Jones and Edward Clarity were found
guilty OF stealing two pans and some silver ties
spoons from Joseph Gerotte and sent to Blackwes Is
land for six months each. John Young, for stealing
small quantity OF flour and bread from his employer An
drew Hoshler sent to the City Prison for 10 days.
William Gallagher for stealing two small CRATES AMI s>
pipes from Moses Y. Beach, up for months
George Calhoun for beating Maria Clark the City


Prison for 10 days Thomas Dobson for stealing bar
iron from John Blower, sent up for six months.
number OF other petty thieves, rowdies &C.. dis
charged for ant Of evidence.","Special Sessions.

SPecIWI SessIOHss
Before Judge Noah and Alderman Crolius and Smith",The New York herald. [volume] (New York [N.Y.]) 1840-1920
1842-07-31,"AT DEAL, MONMOUTH, co. N. },


EVILS +. HANKINSON respectfully informs his friends


and the public that he has fitted the best style the
house formerly occupied by Jacob Coes the above
the heathu situation the about miles from
Red Bank and fourteen from gstown Stages pass through
and fro the Philadelphia The Of board will
very reasonable terms.


LF H. pledges himself that effort of his will be wanting
TO render those who paonse him comfortable and that his
house will be found equal along the coast je30 I'm
watering place situated in Bedford County, Pennsylvania
open for the reception Of visitors.


To those who have visited the Springs, be
that they situated the Western Turn
pike which through PENIS from Philadelphia
Hbugh few mle Of the chief elevation Of the ALLIE
ghany Mountains.
Every ching has been provided at this watering place to render
pleasant those who seeking health
will be found suited all tastes and good band
Of music will be IN attendance.


daily stage will leave Chambebug the morning, and
arrive the springs the evening, if persons prefer the
Baltimore and Ohio Rail Road Hancock, will have daily
convey anccs from there to the springs.


The liberal patronage extended the subscriber the last
will the the coming season.


WILLIAM REYNOLDS.
je29eo lmsr Proprietor.","il% 2w*c

ROAR RIDING.",The New York herald. [volume] (New York [N.Y.]) 1840-1920
1842-06-16,""" . Il
MADAME COSTELLO, grateful for the extensive patron
!A literally bestowed since she opened the above or
fee resestuy soets the tenon Of females and mothers
which have proved eectna in remedng the diseases for


Madame Coeilo's Pile Ointment, certain for the
Piles in all cases.


German Soothing Syrup prepared expressly for children
teeihng will efec!ually prevent fits, screaming, &c:


Madame Cosellos Nipple Paste the essul remedy
for nipples, and which mother should be without.


Diarroea Cordial the most eectual remedy possible,
rally requiring but few doses effect perfect


Lip Salve Cream Of Amber for removing pmples botches
redness tan, s,n-bun and freckes.


Hair Renovsto positive TO the Hair falling
will in bald places and give rich dark, glossy a
pearance.


Also Beautiful Dye for the Hair does color the skin,
but will red grey light hair beautiful black La
dies have applied the Office by Madame Costello
ranfed.


Madame ca. Ointment and Lotion positive for the
salt rheum letter scald head and other erpuons
of the skin.


Cases of Liver Complaints which have been standing for
have been cured shor time by Madame C
cellent remedy ard restored to ~ fleet health.
Maxine Coselo's Syrup for after pains failing
nedy


Each and all of the above medicines prepared and sold
Lispenad and where be obtained such proofs these
facts will convince!the public there fancy in these
sertions.


Madame c. would inform ladies that good nurses may be OBJ
tanned al the shortest notice by applying her Office


All communications and letters be postpaid mile lm%c","MEDICAL OFFICE,",The New York herald. [volume] (New York [N.Y.]) 1840-1920
1842-06-16,"I CANNOT refrain from mentioning the public that


actually stonshed and surprised at the injury done this city
by taking the spurious pills, drops and mixtures lpdiscmnae
disease These fact, have sceraired entire salts
from the hundreds Of which have cured who
suffering from the effects of medicines niudicousy
ken Thus will be cure himself we'll any
DOCTOR another will that he will buy Doctors A, Cs
mixture for dollar which will him, without know
At The time whether he Put up by doctor not and third
euch No FOG 50 for all the physicians advice in the city
and thus the constitutions OF hundreds Young ruined
who would have comprised the Of the bone aud 81
new of country. wopd say you gentlemen that those
things for the time being check disease and if
wish, after life probably after married and have for
those days. have chronic rheumatism Of the
spne all dull headaches occa-


ona deafness los, of sight and scroulou children, then
three four days until well and probably he
charge much you anticipate. Should You select
your Physician you will find Office 81 Broad street,


myI7 Inns J. PROVOST M d.","TWELVE HUNDRED THOUSAND

A COMMUNICATION.",The New York herald. [volume] (New York [N.Y.]) 1840-1920
1842-06-16,"MEDICAL AID.


MO- PECK SLIP-Doctor Carpenter as usual devotes his
IN entire personal relief of the afflicted and
Fortunate the eecua and speedy all Diseases his
old established and well known Peck slip Dispenary No.
Peek slip Pearl street, Dr. Carpenter begs leave aprse
those whom he unknown he regularly educated
physician and surgeon graduate OF Union college and
Ecemiae of the New York Medical Society, and OBJ
taed his diploma this city year 1919 But what
important the patient know the fact that he speedily and
eecualy his patients thousands might and many will
testify His Offices and onyenienty adapted
the comfort ana privacy oil patents who are never exposed TO


DIR. CARPENTER
IN osn1",MEDICAL AID.,The New York herald. [volume] (New York [N.Y.]) 1840-1920
1842-01-16,"The receipts at the canal show the produce of the
State senorward orlsale. The cearances indicate the
goods sent in return to the interior for consumption
1889 was syear Of expansion, the exports
Of produce were small and the imports of merchandise
large which resulted in suspension In 1910 the banks
prepared for the temporary resumption that took place
in lsal the result was large exports and diminished
imports. During the past year the suspended banks as
the above liable indicates kept the FULL and the
result has been diminished exports and increased i'm
ports with extended dscredit and depreciation of the
local currency It not very probable that the people
will submit to the oppression of suspended bank rule
much longer, the banks exist under the opera
ton Of the Bankrupt Law on the uniform basis of the
constitutional currency th.se violent fluctuations the
trade will be avoided.",,The New York herald. [volume] (New York [N.Y.]) 1840-1920
1842-12-12,"LAIR OIL-There oil in the world that do good
IL bad the hair Every body knows that when the hair
burned will again good eve All tho wders
and the dyed, literally burned Liquids for dying
the hair composition; of causc and burns in the
will matter how times buTned and every
body knows also the head full Of dandru the hair
years being hair cueT and having the opportunity
sell congestion known Pastors Hair Oil, or
Compound Essential Oil of Almonds"" for destroying danduf,
preventing the hair from coming and turning This
mitbe Hair Oil will make the hair grow WELL no matter how
much dandruf soreness is on the head.


For sale, wholesale and retail a. PASTORS Hair Cut
I65 Greenwich street, New Aork Price 80 cents bottle.


nj line",,The New York herald. [volume] (New York [N.Y.]) 1840-1920
1842-08-28,"A FEW IMPROVEMENTS have been made upon Fisks


a ratant Nose Copkng steye rendering it impossible
one who has had experience the kind OF
stove The Novelty Stove is the only cooktovs which has
principle all Others being combination Of old plans remodled
IN PATTERN bearing
the sale without regard to utility economy. The No
yeity Stove warranted all every purpose
money will be refunded The oven which is much larger thar
Der more and owing the peculiar of


are nearly twice large be used upon any other of
same size: Among the extra fixtures large boiler


ing 80 gallons or ~ barrels alarge rotary gdddle which will


oven suitable for baking large oaves of bread Of rings
suitable for sized kettle from barrel aldon small


brass kettle The Stove only needs be
any one that its perfect and peculiar adaptation all
culinary purposes fully merits the high favor which has gain
Stove ESTABLISHMENTS 100 Water The public are eau.
toned not be deceived by those who advertise their stoves
as being the same principle of the Novelty Stoyesn
stoves made this principle Messs Fisk
the legally Authorised agents. References given the
in use in this city. als im*r","IMPORTANT TO
III O u 5 K X f. f. Pc z S",The New York herald. [volume] (New York [N.Y.]) 1840-1920
1842-08-28,"NEW BRUNSWICK AND NEW YORK.
THE NEW JERSEY Railroad and Transportation Com
pany have established Freight Line Between New.
Brunswick and New York, which they intend
hently.


Leaving New Brunswick at ~ A. NJ. daily, Sundays
eeEedl ana the loot OF iber Ctreet New York. at ""a r. M


To country dealers and the above line dc.
siIabe for the speedy merchandise
Of every description, and particularly Dove and
Dealers in Live Stock who have head Of cattle convey
cd between New Brunswick and New York, the day
whenever required.


The for the transportation of CATTLE horses mules,
sheer hogs &c. and all other kinds Of merchandise very
low, never exceeding steamboat prices.


Merchandise by this line subject
charge in crossing the North River.


! The Company have fitted up a large storehouse New
adjoining the Railroad Depot which will always
beopen for the reception of mec handise.


Passengers purchasing their tickets the ticket Offices will
receive ferry tickets gratis.


@ Freight fer Newark, Elizabethtown, Railway, West
field Psineld Scotch Plains Boundbrook and Someile.
by the above lines and delivered the day when
received. sull 3m&","RAILROAD NOTICE.
MARKET AND FREIGHT LINE:
-GR sI E4",The New York herald. [volume] (New York [N.Y.]) 1840-1920
1842-06-29,"FEMALE PHYSICIAN,
INFORMS the Ladies' of New York and Females, that she


continues give advice and her popular and eca
eous medicines the diseases of females Madame c. is hap
that her treatment has given much satisfaction
Mad anne C. haiet herself undertake the response
Bile Office Of Female Physician from long experience and prae
Shaving nowledge of the Of the human Frame
ignorance Of which renders the unbushng and
deeoyias Of useless not in
her skill and maternal socitude female physician How
will be found adequate to the In short she grounds
this notice the successful results of Thorough medical edu
cation and reliance appointed Of mpartrg health
and happiness all who honor her with their confidence


sad All letters postpaid. Office and residence 81
Lisqenard st. je2l lmsc","MADAME COSTELLO,",The New York herald. [volume] (New York [N.Y.]) 1840-1920
1842-06-29,"TO Farmer, Planters and Hortcuurists-The compound


Chemical Whale o. Soap be considered in the pre-
sen, nome Mt the best partion that ever compounded
Tor the total destruction every species nssng the
vegetable xlngdommaegots sugs osebugs, peach necrne
apple and pear tree insects AMI snail cabbage
lice, and all the smaller insects which parasitic indigo
nous and excite flowers such the oleander cus
proper application be Thoroughly exrermnated Besides the
extraordinary cheapnsss important economy
renders accessible for all purposes large scalelOOO peach
tees 80 Of land be kept free from the maraudng
insects FOR the trifsng expense of one dollar


Farmers raising corn oats, rye potatoes rrps, cabbages
at the dollars realize hundreds by
their fields from the devas,aons Of the The Com
pound Chemical Whale Oil Soap may be had in bulk
Of four pounds dozen of which packed box A. ply


DIR. LEWIS FEUCHTWANGER,


ie21msc Chemist No",HIGHLY IMPORTANT,The New York herald. [volume] (New York [N.Y.]) 1840-1920
1842-06-29,"REGs 70 inform those who have reesny .quired he has


prescribe for such require his aid usual Those difficult
and prorsced which require practical experience
have been the particular objects of his study The
improvements chemistry have into his hands
raj and important remedies which have escaped the ober
walton Of the less scrutinsng physician


Pr Glover. primary neaon enables kIn 2 keep pace
dca profession. The unsusectng should beware of
tha host OF self named Doctors and petende Of whom
aspire be authors Of little books subjects OF which they
toclly Ignorant .


Once, No 2 Ann stprvafe slh door from the
.-t.n,ra O 30 moi unNr","RICHARD NEEp. Com. Of Ds~ds. jels


DOCTOR GLOVER",The New York herald. [volume] (New York [N.Y.]) 1840-1920
1842-04-29,"PACKET SHIP Louis PHnLIppE.-The probability
is that this ship will be lost. Should she be saved,
it will be ""by the merest luck"" If assistance had
been sent the momeit the news of her going ashore
reached this city, she would now be lying at her
berth in the North River.


The wreckers succeeded at one time in lessening
the wafer in her, by means of Benefits steam pump,
five feet, when that efficient machine was thumped
out ~ofplace by some mismanagen ent with the chains
and cables, and she filled and settled again. This
speaks well for the pump, but not for those who
have undertaken to get the ship off.


Intelligence of her being ashore was known to the
underwriters in this city twenty three hours before
any steps were taken to send her assistance. Her
was such when she Grst struck the beach
that had Benefits pump, and proper cables been
sent down without delay. the Louis Philippe,
worth $40, coo, would have been saved.
- We think that some new system for getting yes
sells off shore should be Immediately adopted.",,The New York herald. [volume] (New York [N.Y.]) 1840-1920
1842-04-05,"THE EXTRA DOUBLE NEW WORLD, SECOND
EDITION! containing TIE Of Bulwer's new
Novel, ZASONI, will be published and for sale ,ai,
morning, at theofiea 80 Ann Street The public may
be assured tha. the Extra Double New World embrace.
the work entire, from the English edition. wi,hou;
abridgemcnt; and it bs had for The extremely loa
price ofl2s cents bringing it within the means Of thou
sands who debarre its perusa in The book form
for copies in wrappers for the mas-newspaper post,
age only to any par Of the country Orders from the
country promptly filled. Address


J. WINCHESTER, Publisher,


30 Ann Street, New York","ZANONI!-SECOND EDITIoN,!


pEICp 1os NpNrc,",New-York tribune.
1842-11-21,"90 There is no the American stage capable of
producing great amount of real hearty, soul cheer
ing laughter, winchel His wittcisms original
his acting nature ITSELF and his whole routine of per.
formances keeps the audience in constant of laugh
ter. Besides him there fourteen celebrated and
qualei performers engaged this week the American
Museum, besides Niagara Falls with real water the in
vention for illuminating the mighty deep, tae Abino La
dy and 900 curosites That greatest of all wonders
the real Mermai' remains this week only and is exhi-
bited without extra charge The scenery and all appur
tenancss of the Lecture Room, the most magnificent
in this city, combining beauty with real comfort.",,The New York herald. [volume] (New York [N.Y.]) 1840-1920
1842-11-21,"90 BEWARE OF OILS FOR THE HAIR They
debilitae and relax the very vessels that should be
convince any sensible person of this The of oily
matter badness than all other causes La
dies remember this and let your toilet be furnished with
the Rain Of Columbia-a spirtuous o. the
tonic and astringent roots but akaes whatever with
the most fragrant perfume Near hundred cases of
late and positive restoration of the nar reported
by living subjects and nearly all the ashionabes
perfume and purifier, il they losing the hair.
Immense quantities are sold only at II Maiden Lane
New York Express",,The New York herald. [volume] (New York [N.Y.]) 1840-1920
1842-03-29,"IJAIR OIL.There Oil AN do q od
bad TO the hair Every body knows that when
hair burned it will grow again as good All the
and lithrage, and the hair not dyed but literally burned
Ii uids hair compositions OF and
spirits that burns in way the powders and don't
dye hair the hair will grow matter how
times il burned aud every b.dy K, also that when
head full of dandru the hair to turn grey and
badness follows From experience years beng
hair having the runy Of examining great
many heads snd bioekhesd.) haze made myself great
Escuta Oil OF Almonds for desroying dandrsf preventing


the hair from coming and turning grey Ths inmitabie
Hair Oil will make the hair WELL no matter how muca
dsndruh or the head. .


For sale ,oesae and retail at A. Pastors Hair Cutter


iei Greenwich street New York Price so cents bottle",,The New York herald. [volume] (New York [N.Y.]) 1840-1920
1842-03-01,"PASSA(9E OFFTCE,


No 81 South street. New York


THE subscriber nnouncnR his


before his riends with
respect for the able support he has received for many years
paA-
He wishes to call the attention Of those intending
70 send fer their friends England Ireland Scotland and
Wales that they all times be accommodated BY this
line, BY weekly opportunities from LIVERPOOL well BY
ell the well different lines Of packet ships sailing 10
month, throughout the year.


has always the study Of the Subscriber have the
smGrans shown cvity and d patched without delays and
care and deent attention will be renby the Liverpool
Agents TO those sent for well all embark with
them and should any those passage paid
net embark the money will be refunded without charge


ubrcrber feels peasure in making known the different
shps q which bis passsnge out during the last
which has given general Satisfaction and that has consider
sSy srtened and concluded his arrangements for the year",LIE lie :. & .ssu ~. Az;,The New York herald. [volume] (New York [N.Y.]) 1840-1920
1842-09-05,"The subscriber in announcing his for the
appears beope his friends with sentiments Of sincere
for the able support he has received for
lie likewise wishes TO call the attention Of those intending to
send for their friends residing England Ireland Scotland
and Wale that they all times be accommodated by this
line by weekly opportunities from Liverpool well by all
the well known different lines Of packet ships, sailing and
from Liverpool the is 7lh h 10Th and 18th oeach month
throughout the year.


has always been the study of the subscriber
emgran shown ciyty, and despatched WITHOUT delay and
due and dgent will be given by the Liverpool agents
those sent for well all who may embark with them,
and should Of those whose has been paid
bark, the mouey will be refunded without any charge.
The subscriber feels pleasure making known the differ
ent ships oy which ms came during the last
which has general subtraction and that he has consder
bly, extended apd concluded his for yea 1872
The following ia list OF ships


Ships Scotland, Robinson Ships Albanian, Lone.


Fairfield Wilson. Printce, Hopkins.


Frankfort, Russell Tyrone, Speare


Russell Clover Howsx Wales, Watts


Hbcrna, Wilson. Westchester, Ferris.


Alfred, Cheevsr, Osceola, Childs.


Clifton, lngsrsoll. ST. Cloud, Emerson.


Louisville, Allen. New York, Niyen.


Sobieskie, Emerson Warsaw, Griffhs.


Oswcgo, Wood. Ocean Willard.


Talbot Storey. n. Hampshire, Harding.


Panthea, Goodmanson. Robert Isaacs, Trueman.


Virginia Eaton. Europe, Batcheldor.


3. Jenkins, Seymour.


free passage the different ports of Ireland and Scot
land be secured and furnished for any amount
payable at the National and Provincial B'nks Of Ireland and
their respective branches and also Msssrs W. Robin
which paid free o. charge throughout
the United Kingdom.


TURNER 'a''caa Jo sGPN HfHERDMAN 81 South street


or inv. ROBINSON, is doree Pis1zas and
sa1 No. Neptune ST.. Waterloo Deck. Liverpool.","NEW YORK AND LIVERPOOL REGULAR CON


MERCIAL LINE OF PACKETS.


Sailing to and from Liverpool, Weekly.
~ - ~ H.
6r6 EsTABLisAED fAs:sssA 81 OFFICE. 81 s6CTH",The New York herald. [volume] (New York [N.Y.]) 1840-1920
1842-08-24,"PHILADELPHIA, Aug. %, ls42
The following ticket for the Legislature selected
yesterday by the Democrats State Senator, Thomas
McCully. Assembly-Edward MCGOWAN, Of Moy amen
sing Joseph Deal, Oxford; Richard Bacon Kensngton
Thomas Tuslin Spring Garden Francis Clinton, South
wark Jacob r. Kline, and Joseph L. Hancock Northern
Liberties, and A. L. Roumfort, Germantown.


The City Delegation have nominated Richard Vaux for
Mayor George Emlen for the senate Joseph C. Neal
and John Kames, for Assembly


The balance of the Assembly ticket to be filed to-
morrow night The County ticket is considered quite
exceptionahle.


On Sunday afternoon disgracefu fight took place near
FederSnd Fifth streets, which at first only pitched
BATH &etween q members of the Hope Hose Company
and amember of the Hbernia Engine Company but sub
sequenty extended the members both companies and
others-there being at fime than hundred
persons engaged in the ARRAY Svcral OF the bellger
were severely hurt II is really fearful to contemplate in
what all this riotng to end Last night thirteen
and boys were arrested at McArns Garden for roous
conduct. And this morning again there was another
pretty riot among the Iaborers and workme en-
pioyed on the cuver, kensngton, and those who
not employed The rather pay in the last
was the cause Of the disturbance.


Last night while The steamboat HUDSON on her way
down the river from the excursion Burlington when
about i've miles below Bristol the lever broke and made
great havoc among the machinery. The crash tre-
mendous for the moment and produced greatest
senation among the passengers The boat detained
until smother steamer was brought down the river-when
she was taken in tow and reached the city this morning
between and O'Clock.


The only feature worthy Of note at the stock board to-
day, was considerable in Pennsylvania fves-s0
being bid for large amounts","Phlladeluhia.

Correspondence Of the Herald.)",The New York herald. [volume] (New York [N.Y.]) 1840-1920
1842-10-25,"THIS Stove pronounced last year. and this by all


who have IT, to be not only the best invented but the
only they had by which baking boiling
ing, could be done perfectly, and az the same time


This the improvement has been such that doubs the
of cooking be done, land that perecon)
than oher Stove Of The size for proof OF
which, have only cali Fisks Stove Establshment
Water street. where any quantity Of references will be
gvenand urther every Stove warranted the money
funded. Fks Regulating Premium Drum for parlos Hall
Drums and hall p,o and Office stoves, and all the ordinary
cooking stoves, fir sale cheap


FISK'S Stove Estab' ishmen mt, 200 Water street.


The above stove and also the regulating drum, be
the Fair bat those desiring stoves requested -
call at the establishment where they examine them
better advantage, Ho Water street. ole lmsec",,The New York herald. [volume] (New York [N.Y.]) 1840-1920
1842-11-17,"TAKE NOTICE


NEW AND GREAT -INYENTION.--FRAN
~ HIGHLY IMPROVED MANIFOLD WRITER'S
BY this wonderful invention, letter and duplicate
ten in operation, with ond greater facility than
akngs letter with an ordinary and ink.


To the mercantile professional, and travelling OF the
community this truly intention Of infinite value,
isl saving time, trouble and expense The principal
advantage to be derived from the manifold writer that
by of document be kept without additional
mstand rem. The instrument used for Writing agate
point Consequently by For banks
Offices merchants, OF buspess generally lawyers,
postmsste, editors reporters, public Officers and ell who may
&c with mIn tune and the satisfaction OF h.
wing exact copy Of what they have written, Ibis will be
found invaluable.


Francs Manifold Writer has been in succsssfu
pleasure ofrcceving gned appreciation Of all whose
APPRECIATION has under. Al the lat Far Of the hmer-
Institute the merits OF the article Acre examined into by
three OF the most able chemists the VINO
TO be ingenious useful and not liable
change color BY exposure TO oste chemical agents
Consequently amedal was awarded by he Institute.


The lately made this
article The paper OF the best quality manuactu in the
United STATES beng made for the manifold writer expressly
his order The ruling OF them, which has for
thought impossible has length been brought perfection
for which copyright has been secured The copying books
bound in variety of forms and Sizes var ing in price from
50 and upwards
ready sale liberal deduction made those who buy by
Wholesale


Newspapers magazines throughout the country copying
without alteration abrdgement Including
ceiye copy their order by sending payer contain
ing the advertisement the office OF the subscriber.


LEW FRANCIS, 80 William street,


oil Im.r corner Maiden Lane, New York.","TAKE NOTICE
NEW ANp GREAT iNyENTI0N;;- ,.,EEbR,AANGIs's",The New York herald. [volume] (New York [N.Y.]) 1840-1920
1842-10-05,"With pmplss, freckles, eruptions, ay, or tam Fnz.
OBSERVATION-DISCLOSURES TRUE-YEs. READ.
err calm word with YOU very true rely that in this
world only the rich the powerful and beautiful reign
among all The very miser is not proof against beauty
and the very devil hates nominees You have all heard
that fine clear skin and good head of hair, constitutes
""good looking person."" Another word-it has been
proved, that the Italian Chemical Soap will cure any
eruption or Disagreement of the skim and give any
fine clear complex on and that Jones' Oil of Coral Crcas
STA will make the hair grow stay its falling scurf
from the roots. is sold quite reasonable by Jones' 80
Chatham street. New York. State street. Boston, 81 Dock
street. Philadelphia 39 Fulton street. Brooklyn 81 State
street. Albany, and A. Marvin, Sing. Sing.","To hell with nominees or ugly features,
Give me the clear complexiond of Gods creatures,
/ hate a being-woman, child or man,",The New York herald. [volume] (New York [N.Y.]) 1840-1920
1842-09-25,"Tho second invention of modern times, which would
respectfully call attention, is KENNEDY'S CELEBRATED
PREMIUM CHEMICAL HAIR DYE the first ever in
vented in this This article be testified TO by


large number of oral and verbal ndatons
any thing the kind imported from part the world
and is rapidly supoccdng all for changing the
color OF the hair and whiskers beautiful dark brown
black from axen, red other objectionable color in
single application, without affecting the skin.


The above Hair Dye exhibited the Fair Of the Amer
Institute held Nbos Garden and receii ed the first
MUM being other exhibited. II be OBJ
tanned at the allowing places s-Bssy Ward Co. MAIDEN
Lanc; Leary 20, Aston House; 63 Bowery Walkers
$50 Bowery Bond Tiffany, Gourd Ellis, 259
Broadway and At the manuacIory No. Pine street New
York.


au3a lmsr GEORGE KENNEDY",INVENTION NO. 9.,The New York herald. [volume] (New York [N.Y.]) 1840-1920
1842-10-20,"Who NoMISArIoNs-The wing delegates selected by
the several wards nominate candidates for Assembly
and Register convened the Broadway House last even
ing, nominated


Smith Dunning, innkeeper, Of the third ward E. G
baldwin. plane maker of the fifteenth and Horace 81
John merchant of the ninth, candidates for Assembly
and then adjourned, to meet on Friday evening.


The nomination for Register postponed until after
the Assembly ticket selected Robert layton present
clerk of the Mayor and Cornelius v. Anderson, Chief
Engineer of the Fire Department rendered their resgna
TONS which accepted. Calvin Balls Alderman Of
the first ward the highest candidate and Richard H.
Atwe assistant Alderman of the sixth ward the second
The impression that George Gichel sail maker, of
the tenth ward would be selected the meeting


The following the last ballot No candidate receiv",City Intelligence.,The New York herald. [volume] (New York [N.Y.]) 1840-1920
1842-10-20,"CHATHAM THEATRE.-The Chatham has now
company of performers composed of the first talent,
and such as has yet been surpassed byany esa
blshment in the Union; and the degree of grandeur
in which dramatic representations are produced at
this house, fully evnces the tact and enterprise of
the manager Tonight three beautiful melo dra-
mas are to be represented, in which Messrs. Cline,
Lennox, and Wood are to appear. rich bill, and
one that will ensure full house.


90 One Of the most brilliant audiences we have lately
seen attended the American Museum last evening. Dr.
Valentine the prince of comic performers and delneaor
of American peculiares, real original and kept the
house In constant roar Of laughter His limitations
decidedly better than those Of any performer the
rican stage. The mechanical automatons from Italy are
great works of art and universal surprise
miraon The performances altogether of the most
chaste, finished and amusing description and highly
thy the immense patronage bestowed this favorte place
of public amusement Performances every afternoon and
evening.",,The New York herald. [volume] (New York [N.Y.]) 1840-1920
1842-10-05,"THE undersigned has, expense, fitted OF the


largest and splendid Coffee and Eating Houses in
New York. which hundred persons at least down
excellent and substantial breakfast dinner and iron
ceed either regards quality dshes any
tel the United States and varying PRICES from cents
shilling and eighteen DISH The Java and
Mocka coffee and the best and served only three
DENTS per cup And all other eirehmen in proportion The
assured Of feeling in this quite cat home"" In
fact department of the business under the supcrnten
dence competent whose sole end attention
directed the comfort and conyeniences Of customers and
guests HENRY GOSLING,


Proprietor Of the French and American Eating House.


Nos 81 and Nassau john and Maiden Lane


2 S-Open SundaYs dinner and","EPICUREs! EPICUREs! EPIcUREs!

ECONOMY, ELEGANCE, AND GOOD


TyVN(r",The New York herald. [volume] (New York [N.Y.]) 1840-1920
1842-10-05,"ONE box of these inestimable Pills all the Qaack
~ Medicines in the world for the Of


CoMMENr-f we examine the of the above disease
and the situation Of the affected consider 1t
important obectto be able remedy once
tain in 10 acton and at the time composed Of such
it, fact well known many that Of the remedies
offered for these diseases drugs
to render almost impossible continue without
creating sickness at the stomach other
Such being the there


remedy VALIER'S FRENCH PILLS will meet the uni
versa APPRECIATION being entirely free from objections
phe proprietor would here remark that the efficacy these
Pills IN the disorders alluded based supposton;
the contrary founded rational experience having
used them successful practice for upwards years
feels confident Of their superiority The remedies hitherto
employed.


Sold at No. 90 Nassau street, $50 Broadway and North
sixth street, Philadelphia Price 81 box. s2 lm*r","VALIER'S
F r ENCH Pill S.",The New York herald. [volume] (New York [N.Y.]) 1840-1920
1842-09-16,"SELF PROTECTORS.
ITO TRAVELLERS AND HOUSEKEEPERS.-Patent


secCocking Repeating Pistols, which be discharged
times in few seconds The pistol cocks the barrel
wolves and discharges merely by pulling the trigger the cham
Der aud piece and therefore blow apart
like repeating pistols The construction simple
they be drawn from the pocket and used with hand
the loss of moment; shots be fired fast
crook his finger They no larger than ordna
pocket pistol.


For travellers housekeepers, captains planters public Off
and Others they Indispensable Article
both male and mae with this pistol their lives
aud property, il attacked by many of them
equal to a dozen Of the comrnon tnd


The public invited call and examine the their
simplicity heg warranted not tn get out of order and the
peri safety will certainly recommend them all others
Wholesale and retail


J. G. BOLEN, lOi Broadway,


sis lmis.r between w all and Pine streets
DAILY EXPRESS LINES FOR ALBANY, UTICA
- BUFFALO. CHICAGO AND CANAOA.-The sub
scber having been engaged for the last twelve months
ming the Albany and Buffalo Express, connection wit.
Harden Co.'S New York and Albany Line, have recently
ended their Express Line from Buffalo Albany through
to this CRY their account will receive and forwa
DAILY (Sundays excepted) Specie, Bank Notes, Parcels
Packages Bundles and Cases of Goods to and from the fol
Albany Troy Utica, Syracuse, Auburn. Ithca, Geneva
Canandagua, Rochester, Batavia Lockport Buffalo, Cleve
land, Detroit Chicago, and the informed date places;


Also. Oswego, Sackets Harbor, Kingston and Toronto
c1 w, , attain, 70 tho co,,.c,;o0 and Of hill.
drafts and purchase and sale OF goods and
duce by sample and such other anscient business be
entrusted to their


GER together with responsible in the principal
upon the Merchants and Others be assured that


will be in this manner received more speedily than IN any
other possible way


sis POMEROY < co. No 2 Wall street",DIR. SOLOMON HETNE.,The New York herald. [volume] (New York [N.Y.]) 1840-1920
1842-08-14,"LII SUFFERING under any of the symptoms of secret
""A disease whether oflopg DURATION OF contraction
Are confidently referred TO D9eror JsTdans Specific Courses.
These specially prepared enable the
tient effect and satisfactory without loss Of
time which end each package contains every
nal the guidance and safety of the patient
companed by DR. Jordons private treatise, The Monitor
wherein full directions with plain description Of the
tue and treatment of secret naade


the remedies for their different sages-to which
added much valuable information useful hints and important
advice suited alike the present invalid and those who
having heretofore been unfortunate either contemplate
rage, or have recently entered into that state.


The price Of the Monitors so One dollar SENT
Post pail, ensures its rece ton.


10, These admirably adapted for strangers
travellers residents in the country being complete,
pact, and guaranteed TO effect a


Sold for the proprietor only at Drug store 60 Prince
street, Of Marion, Sd block Of Broadway.


Private 6sh Marion street. door below drug
,.f1t",PRIVATE CURE,The New York herald. [volume] (New York [N.Y.]) 1840-1920
1842-01-20,"The same excitement prevailed this day through
the whole city, to see and hear this extraordinary
trial.


Crowds surrounded the City Hall, ndeavorinr
TO gain admittance but the excellent regulations
prevented any confusion or uproar, and none but
those authorised and required to attend the trial
were admitted. The Court was full, but not so
crowded as the day before BY half past ten o'clock
there were only ten male and three female witness
es present, including Mrs. Adams, who looked ra-
Their pale and agitated (; her father with her.
wards Colt, who sat right opposite to her ON the
other side of the room.


Colt was dressed in ack pantaloons, boots black
satin vest dark blue beaver cloth half overcoat,
worn as froek coat 4 black silk haRdke rchief
was tied neatly round his neck, and the ends pass
ed under his vest, out Of sight, he looked uncom-
monty calm, but was evidently somewhat nervous,
though he suppressed all traces Of emotion He
came into Court before nine o'clock. and sat an
hour and half in reading the papers, particularly
the debates in Congress- from the second edition Of
the ""Herald."" His father was with him, a vene.
rable. fine, benevolent looking man. The old gem
tlsman had evidently suffered much from his sens
situation he looked if he had been crying bit
tery and long Colts brother was also present,
contributing as much as possible to his brothers
comfort.


Most excellent order was preserved inside the
bar, through the peremptery order of Judge Kent
which the officers carried o1t fully, and the accom-
modations for the reporters were most excellent
No less than IL reporters were present.


Precisely at halfpast ten o'clock, Judge Kent
and Alderman Purdy and Lee entered and took
their seats The Court was then opened. The
Clerk, Henry Vandervoort, called over the names
Of the eleven jurors sworn the day before, all of
whom answered thereto.


The following is comple.s las Of the jury","COL It's T RIAL /.

SECOND DAY-THuRspAY.",The New York herald. [volume] (New York [N.Y.]) 1840-1920
1842-05-28,"MoRE INDIAN MuRDEn.-Several more Indian murders
have been committed.


The indians killed two men named Van Zandt, within
six miles Of Santaec the 18TH and attacked house
OF Moses Cason within four miles of Santaec and killed
his wife and one child.


Another letter states that the house OF Mr. Ward was
tackled by Indians in the night.


After this outrage at santaee the Indians wcnded their
way South Their trail had been discovered and Lieu.
tenant Baker proceeding tolcxamne it with six mounted
men, had been fired upon by about IS warriors.


Two of his men were killed and one endorsed, who
was instantly stabbed Lieut. B. and the other three men
made good their escape All the dsposable force, about
700 infantry, had gone in pursuit",more Indian murders,The New York herald. [volume] (New York [N.Y.]) 1840-1920
1842-05-09,"GENIUS GRABBKp.--Yesterdaym morning an aged gem


eman named Robert Stanton formerly in the ship chand
ery business corner Of Oliver and South streets arrived
in this city from Staten Island where he now resides and
while visit TO friends in BROOKLYN was picked
out by rogue named William Griaths alias Bill Woods
who has recently arrived from Philadelphia as fit sub.
ject for inspection chance would offer Bill
stuck to him like until his return the afternoon
and stepping forward very politely while the old gentle
man crossing Water street Catharine, to lend
him his arm he accidentally slipped his hand into the
breast pocket Of his coat and his fingers sticking wal
let he drew j. out With them The old gentleman and
bystander named Stone perceived the rogue and officer
Ben Parker, who fortunately at hand arrested
him and lodged him in the Police Office Justice Merritt
asked him his business and place of residence when he
replied that he transient man, had particular
home but put sometimes in place and sometimes in
another"" He committed and will probably be sent
up dig stone for six months Tuesday morning His
fun at the ces has all flashed in the pan.


Born BOARDS of Aldermen meet tonight at O'Clock.


LOOK YOUR PocKETs.-t is contemplated tibet
there will be about 500 pick pockets thieves rogues
robbers than usual in city to day and
Therefore all persons Who visit public assemblages should
be on their guard.


THE CORONER held three inquests the bodies Of per-
sons who died suddenly from Incorporate habits. The
first was Jane Johnson coored woman residing
of Cross and Orange The second John Winshp
trict watch house; and the third Patrick Hansbury who
formerly resided nj SIT Hudson street, with Thomas Gill.
gan who died at the Third District Watch House
after he ed there Saturday.",CITY Intelligence,The New York herald. [volume] (New York [N.Y.]) 1840-1920
1842-05-09,"No: To- FLEET STREET, LONDON.


William Harding, Proprietor,


Returns his thanks the professional and gentle
men, aud the public for the liberal support he has received
since occupying the above named Hotel and hopes by
hitting TO retain the patronage hitherto
afforded W. II. his patrons that endcavors shall
be spared 10 their comfort and fatters himself
few can compete with him far regards Wines and
Viands being his ambition procure the choicest
approval OF his supporters, aud conducting business
most liberal system, The daily bill of fare, containing
greatest variety combined with moderation Of prices cannot
fail giving general satisfaction Breakfasts (plan) 81 each
lodgings los Cd per week. Public Meeting and Committee
Rooms. .9o ans","N Office TO r ALL w A Y


TRAVELLERS.
ANDERTON'S HOTEL,",The New York herald. [volume] (New York [N.Y.]) 1840-1920
1842-11-08,"-These invaluable Powder have been universally adopted
in Europe France particular orupwards of thirty yea
well by housandsn this country being the only mild
safe efcacous remedy for maued ladies' health
forbids rapid increase Of family


male Physician the two principal Female Hospitals in Eu
rope-those of Vienna and Parwhee vorec r, her great
experience and opportnnitie she attained celebrity
to the female frame for which her medicines stand
with the physiology and anatomy Of the female frame enabled
the meridian Of life, and the rapid and
often apparently nexpcable which consgn many
fond mother their
knowledge Of the primary female ndspos
The discovery her celebrated Preventive Powders""
Their adoption been the of preserving NOT only
fond mother.


The advertiser feeling the importance this ,ubject and 90


mang the vast benefits resulting thousands by their adop
uon would most respectfully Of the


ned BY all that they hold and DEAR their
Is not wise and virtuous evils which sub
iect BY simple and healthy within control Every
dpasonate virtnous and enlightened mind will
nsly answer the affirmative Price five DOLLAR package
can be forwarded By mail part up!,d sssis Az
TELL, Female Physician Principal Office. ls Oreenwieb
street, New York Office hours from AM to clock PM
Boston Office No. Essex msr","TO MARRIED LADIES.
MADAME REsTELL'S PREVENTIVE POWDERS.",The New York herald. [volume] (New York [N.Y.]) 1840-1920
1842-11-08,"SOLOMON HlNE, M p, No. 81 Reade street, New York.
- In scrouIa and chronic eases charge made It'll the
patient NEUTRALITY-SUSPICIOUS. delivered gratis All persons de-
formed under years. have their bones straight
ened References riven to numerous patients who have
cured ~ this city. OF SUM-
HAIR OILThere OIL in the world that can do good
IL bad the hair Every body knows that when the ha
burned will good IS ever All Tho powder
for dying the hair nothing but mixture OF lime and thr
aud the hrr d but literally burned Liquids Ion dying
the hair composition, of ciuc and spirits that burns IN h
way the powders, and don't dye hail. and the han
will how any times Is burned and every
body knows Also that when the head full odandf the han
oftwenv years beiag hal, cutter ard having the opportunity
myself great composition known Pastors HAIR Oil. OF
Compound Esscual Oil ofAlmoRds"" for destroying dandu
preventing from coming aud turning grey. This IN
'mtsble Hair Oil will make The hair grow WE'LL matter how
much dandruf Is on the head.


For SALE wholesale and retail, at A PASTORS Hair Cut
63 Greenwich street, New Aork Price 80 bottle


NJ Imss f",THE GERMAN SURGEON.,The New York herald. [volume] (New York [N.Y.]) 1840-1920
1842-09-14,"OR DAVID BRENNA 4, the honor Of informing hi


Trends aud the public TIM thas removed from the Granite
Guiding 70 US Cambe sise where he will, without the


tof mercury cure radically idin few days. the yoostn
rely rec from any corrosive toncs maerai and wllct
aken according 70 his duectiols will the painfu
symptoms which invariably follow abuse Tor rather the use
II mercury andother noxiops med universally sdInn
vtered IN those DR. Brcnnas medy simple iat
Gamble administered without the danger OF bad cone
uences the paen, being able dung tine Treatment TO asn""
% his business and live usual.


srenna practice not confined 70 the care y % ,oor
neus and 20 administer medicines the homeopathic system
the only that has cure chrome Diseases AZ
Chamber street rs 100 lmr",OR. DAVID BRENNA a the honor of iniornnl,The New York herald. [volume] (New York [N.Y.]) 1840-1920
