date,text,headline,publisher
1850-06-13,"The steamship Canada arrived at Boston absut
seven O'Clock last evening-;oo late by two hours
for the mail train for New York. Her mails will
no's therefore, reach this city till this afternoon.


The steamship viceroy, Capt. Ewing, arrived al
Halifax at six o'clock on Tuesday evening. She
kh Galway on Saturday, the lst inst, with twenty
two passengers.


She brings Dublin papers of Saturday, the lst
Inst, and London and Liverpool papers Of Friday,
the alst ult We are under obligations to the Pur-
ser for the prompt delivery of our packages She
has had head winds nearly the whole distance.
Her Goals are nearly exhausted, and she would
not leave Halifax till yesterday afternoon.


The wind at Halifax, al 8 o'clock on Tuesday
evening, was very fresh from the northeast.","DOUBLE SHEET.




TELECkAPHIC lNHELLlG ENCE.


~~~o~>~~~~>~~~~>~~~~<~>~
ADDITIONAL EUROPEAN NEWS,


.~-~~>~~~~~~~>~o->~>|>~~~~-~


AR RIV
OF THE
STEAMSHIPS CANADA, AT BOSTON,
vIC11oY, AT HALIFAX.

The CIR EEK QUES TON.
~~~~~~So~~~~~~<~~~~~o~>
III. ERECALL OF THE RUSSIAN MIgBrER


&O., &c, Acs.",The New York herald.
1850-09-12,"DAYTON. Nay l, 18k7.
""DR. A. n MAuRIcEAu-My dear Sir: The Married Wo-
Private Medical Companion for which enclosed one
dollar your address, safely hand. would
have troubled with these few hnss but that i'm
PEELED Of gratitude for myself and wife,
utterAnce to our sincere and heartfelt emotions


my wife has been percepbly sinking for some three
ferng months before and during confinement
successive and debtated and Frustrated
her. putting her life in imminent danger and which
the last OCCASION depred Of Isuppossd that this state
things inevitable resigned myself the
this time tnow about two monthsl heard your
book highly spoken Of tanning matters reaching
my On Its receipt and perusa
the relief Afforded distressed mind and the Joy s
pages parted wife, leaning that the dis
oovery or NJ Desome,u1 provided remedy opened
prospect to which little conceived possible. Nc
pecuniary consideration repay the obligations
under for having been the Of importing
the matters contained The Married Womans Private
Medical Companion But for this another year would
wife would have been in her grave and children ls
motherless.""","THE MARRIED WOMAN'S
PRlvArB MEDICAL COMPANIoN

sICKLY AND UNHAPPY WIVES.",The New York herald. [volume] (New York [N.Y.]) 1840-1920
1850-02-14,"ClXTH WARD LAT NETTING OF TEE WARD COM
- meee OF the Sixth ard held at the Sixth Ward Hotel
Tuesday evening February H. 1880 Edward Logue Esq
unanimously elected Chairman and John Layden and
fex Hart Secretaries for The ensuing The following
gentlemen then elected Finance Commttee flames
trct. howard Gsllsahsr Third District, Edward Logue
Fourth District Thomas heehsn Fifth District, Michael
Mclaughlin The resolu lions then unanimously
Rsssved That the wimos proviso hrsbrand cast into


the democratic camp BY and unpncpled fede
rnlists in disguise


Resolved forgotten the base treacher, Of
Ryndes Purser Co. in the Presidential pagn
view with contempt their pretending
TO be democrats.


Resolved That political desertion deserves political DEATH


Resolved That thoee who advocating the Wmot
OF glorious Union deserve the fate Of Martin Van Buren,
and Ben edict arnold


Resolved That the Of representatives In the
General Con mee meets with APPRECIATION,
and they shall all times bavetour hsarsst
their en- the integrity OF the faith.
ing 70 be held at Tammany Hail. the 18th instant OPP
position the ilmot proviso and the old Sixth will
this upon every other similar occasion, be early her
Iott.


keroivsd That the dsorgsnrins pursued BY the
barnturners In the General Committee merits the unquA
other proof Of the ""rule ruin principle which
that faithess and reckless facton


Resolved That highly Of the course OF General
Css the Austrian question and the Wmo proviso
expesve Of the genuine principles OF true democracy


On molten these utons and the procesdings ~ this


BY order Of the Ward Com is.e.s


fsnr Hasr, Secretaries.",,The New York herald. [volume] (New York [N.Y.]) 1840-1920
1850-03-08,"From the Alta Caifornia. Jsu al


Upon the banks of the Colorado river lives
warlike tribe, called the Yumas indians aud more
exquisite specimens OF the human form divine were
never TUNED INTO this breathing world by good dame
Nature. They are tall. manly and muscular, and
possess native grace of manner peculiar to the
superior tribes OF the red man. They are athletic
and swift OF foot, and as bold they are hardy.
Their SKIN Is of dark copper color, but smooth
and clear, and their countenances betoken great
frankness and intelligence. But IN this, their good
looks belle them; for class, they are treacher-
Gus, deceItful, and great thieves. They are the
most expert swimmers, passing one halt their time
IN the rushing waters OF the great Red nver o. the
West, bfeastlng the most violent current, and
transporting heavy burdens from shore to shore.
The experts are not men alone; the women are
equally dexuous. The principal article Of food
with them 10 the mesquit bean, which grows in
great abundance near the banks OF the Colorado
and Gila rivers, and is eaten by them when rpe in
raw state, and also dried and prepared as ato or
cruel The women, as ~ all Indian tribes, per-
form the work, and collect the beans in huge
wicket baskets, holding a bushel and more, which
they bear upon their heads. When a mziron goes
out To pick beans, she takes her Papoose, cllps II
IN the basket, and II IL Is necessary for her to cross
the stream, approaches the bank, losses the basket
luto the water, and springs in after 1t. The bas-
Lets are coated with resinous substance, and are
impervious TO the water The swimmer then gives
the basket u whiH before her, making IL spin
around and fiy before with extraordinary velocity.
They swim high out OF water, and float like blad-
ders Their hatred TO the Mexlcans Is Intense,
and they have frequently attacked ENGRAVING par
ties. They are very fond OF mule meat horses,
''snd such small deer"" and devour them when
scarcely warmed through. The Ash of the Coora-
do they also eat, hall cooked, tail and all.


They sbomnate their more civilized neighbors
OF the CHA, the PImos aud Maricopas, who are
quite civilized, cultivate the soil, and receive
yearly grant Of clothing from the Mexican govern
ment. They are under the command Of a captain
general, native chief, Gallo Azui, who has halfa-
dozen wives and military suit OF clothes. The
hnriCppRg Dimpa he lilo foea .ff
Apaches, and frequently make up war parties, pene-
traie the ApacherIa, and return laden with scalps
Gallo Azul, littiemore than a year ago, thought
"" proper 10 make an attempt to cviize the Yumas.
He therefore took war party, and met the Yu-
mas near the mouth Of the CHA. Determined not
TO be civilized. they turned to and whipped Gallo
Azufs little party, whereupon that chief returned
to tie bosoms Of his wives and his corn-ields,
with a vow never to attempt to civilize the Yumas
again-unless he had an nvincible band Of his
warriors with him.",The Yumas Indians.,The New York herald. [volume] (New York [N.Y.]) 1840-1920
1850-05-27,"Ease IN WAKING. AND COMFORT TO THE FEET
IL The Pannus Corium Leather Cloth Boots and Shoes
generally used In England and France 10 ntroip
20 the American public The advantages II this material
Their pahty and extreme 20 the feet They
draw set hard orast They resemble the hres leather
tnd bear brilliant rolsh-ars particularly adapted for
climates one trial will prove their superiority
leather. GkO HALL. 25 Broadway.
TUE REPUTATION or THE CHAP BOOT AND sHoE


DEPOT, No Ann street bounded the North by the
Arctic Ocean, South BY the Aiantic Eat By the of
lundy sud West BY the Rocky Mountains The whole popu-
stion. tbarrs the Indians within those mits nit tbs,
JONES "" Without competitor In his line",nooTs AND SHOES.,The New York herald. [volume] (New York [N.Y.]) 1840-1920
1850-05-27,"- EPETITION OF THE GRAND EXHIBITION CON-


N Of Prisons American Mammoth, Double Grand,
Piano Forte the Apollo Rooms Wednesday evening
May 29hMr. JAMES PRISON respectfully informs his
friends and the public that in consequence Of the constant
applications the instrument and at the urgent
quest all those the first will repeat the
Concert above when four performers will play at the
time the Mammoth Double Grand Piano Forte The fol-
loving eminent artists have Kindly their
Timm Kyle, Esfed, johnson, and Scharfenberg. Doors
open III Concert commences at o'clock. Tickets, Fifty
Cents each be had at the principal hotels music ssre
and Prssons Piano Forte Manufaetory 81 Leonard ST.",,The New York herald. [volume] (New York [N.Y.]) 1840-1920
1850-05-19,"Planett's Bltters Will cure Dyspepsia, In
digestion Debility Liver Complaint Nervousness Headaeh
all bilious disorders to be had Wholesale and retail
JAMES SADLIERS ga Broadway for the proprietor


-------------------------


WoOdman, Spare that Tree 1.-The old
tree which for centuries has stood what is
the eneI OF Pe street and the Bowery and for has
fact that the house before which stood the where
Chat unfortunate female died. has last fallen
spirit Of improvement and where stood that
sah--a monument to her memory-nothng remains to
remind the IL the tale Of her history but the
familiar sign hoard, The Old Tree House. Mr.. Coriond
che present proprietor has caused the org
nal % te sawed into small pieces
tenve mnrovcments which he is making the premises
nrc completed viii be most happy piece % the
tee that once hadowed the window OF Charlotte Temple
any that may desire to valuable amemente


Gstta Perchn Heads, Figures, Faces, &c.,
In great variety just received Washington For
sale by j. LAUMONIER. ~ Maiden lane, up stairs.


0Ouraud's Italian medicated soap, for
esrins all skin diseases dscoloraons aud bemishss Pou
ere Subtitle eradoang suporuous hair
ne body Lii White for the complexion Liquid Rouge
H. st Walker street. fst store from not n Broadway
]. T. Calender ~ South Third street. PhiladelphiA


HAIR Oyc-BatchclOr's Genuine Liquid
Lair Dye, only be procured the mandatory Wall
eereet The public should guard against itaons Soc
various dipsmas Persons whose hair has assumed bad
color from the Of the imitation dyes have 10
- Nv csi'ips ~ shove Copy the sddrsss.",,The New York herald.
1850-09-20,"George "". Jones, Bayiy, Cartier, Disney Ewing,
and others, took part The bill was faaly taken
out OF committee ard passed; yeas l25, nays 35.
The House then adjourned.


The horde of politicians and SPECTATORS now
here, is very great vast number from all parts
Of The Union but the greater portion from New
York The lobbying going on with the members
OF both houses OF Congress is We hement. Those
who win may laugh.


CorcorsD, the Earrings x Co, got their bill rela.
tive 10 The Mexican Indemnify, through the House
Today, ''Just as easy as rolling of log"" They
may laugh, and put money in their purse. They
are good follows, and wealthy, and have right,
and can sford TO laugh. ""God bless the rich
The poor can begi'",,The New York herald. [volume] (New York [N.Y.]) 1840-1920
1850-05-12,"Hall to the Lords Anointeif


Gr-st David's greater Son.
Hail. In the time appointed,


Ills reign on certh begun.
Before him. on the mountaina,
5 shan peace. che h<sAld, go,
And righte0uene<s, In fountains,
Prom hin TO valley dow.
The mountain dews shall nourish
The seed in weak meas sown;
Its branch shall spring and flourish,
And shake like Lebanon.
Arabis's rt-ranger


To him shall bow the knee;
The Ethiopian stranger


His glory come to see.
With offerings Of devotion,


Ships from the isles shali aset,
To pour the wealth Of ocean,


In tribute, at his feet
Kings shall fall down before him,
And gold aud incense bring;
All nations shall adore him,


His praise all people sing.",,The New York herald. [volume] (New York [N.Y.]) 1840-1920
1850-01-22,"""A scribers and the public in general respectfully
formed that the second grand Concert of the above inu
ton will take place the Italian Opera House. saturday
evening, Jan 70 1852 which occasion the following emf
will appearSguorina Tru1, Mics Julia North
ALL Sgnoipa Perrin sgro Fort signor Ros, Corsi, Sig
Benevsnano, Mr. Joseph Burke and Orchestra VI
sixty During the Concert viii be performed


grand for nifty wind truments comprising the
hest talent the country Conductors hessrs Theodore
Eisd and Max Maretzek Tickets for Psrquet and Boxes
81 each; Amphheatre 2 cents Reserved seats which
he the Box Office of the Astor Place Opera
81 20 eseh Subscriptions for the remaining three Concerts
received the book also
Office Of the Society No Az Broadway and at the Box
of the Italian Opera 81 for two admissions each
Cor cert ana Sill for four admissions to each Concert Par
tculars in fmall bills.",,The New York herald. [volume] (New York [N.Y.]) 1840-1920
1850-06-19,"Three steamships leave this port, this week, for
Europe.


The English steamer Amsries, Capt shs mon, will
leave at noon, to-day, for Halifax and Liverpool.
Her mails viii slors at half past ten o'clock this
morning


The American steamship Hermann, Capt. crsbtree
Southampton, England and Bremen. Her mails will
close at two o'clock and all letters must pass through
the Poet ONCE.


The Irish steamship vieeroy Capt E~ing will leave
on Saturday noon, for Galway, ireland. Her mails
will elose at hafpsst ten that morning


The Weekly Herald win be published at nine o'clock
each morning with the latest news.


Single copies, In wrappers, sixpence.","MAILS FOR EUROPE.

The Weekly Herald With the Latest News from


all Parts Of the American Continent.",The New York herald. [volume] (New York [N.Y.]) 1840-1920
1850-08-01,"WEDsEsDAr. July Sl-oP. M.
The later foreign news brought BY the Canada and
published in Erys Herald had the effect OF stden-
ing the holders Of cotton and fair sales made at
the full rates previously quoted. The market closed
with better feeling Flour dull, and sales mode
rate, and for ordinary common State and Western
brands, prices favored purchasers, while there was
alteration to notice in any other description. Gonesee
wheat was held at former rates. There sale Of
Southern white terms stated below. Corn exhibited
no change; moderate sales Of mixed with small lots OF
round and yellow, were made at former prices. Rye
was firm. Pork was inactive, and only small sales
were made TO the trade, at yesterdays quotations
Beef quiet. Lard steady, and in fair demand
There was not much doing In sugar and coffee, while
prices were quite steady.


AsHEs were less active to-day. Sales reached 60
bbls at 50 SO Ooh for pearls and SO IS for pots.


~",CITY TRADE REPORT.,The New York herald. [volume] (New York [N.Y.]) 1840-1920
1850-06-04,"The Astor Place Opera House brilliantly thronged
last night 1t was the first appearance OF the troupe
since their return from Boston, where they have met
the to which their merits entitie them The
opera represented last night, was ""Lucrexa Borga'
one Of the most popular productions Of the modern
Italian school, abounding In dramatic effects, and
crowded with brilliant and pleasing melodies. The
principal furnish opportunities FOR great vocal
talent and admirably these rendered by Sgnora
Bosio and sienori sav and Marini The banquet song
Of sgnors vielt also given with considerable
skin, and elected encore. The enthusiasm Of
the auditory was wrought to high pitch through
out the performance Of the opera, and the
whoc mass Of fashion, Wit intelligence and beauty
Joined in general tribute OF admiration Of the voca-
lists The part Of Gennaro, by salv, inimitably
sustained throughout. His opening solo was given
with the most nished expression and in the closing
he magnncenty effective, as was, also, Sig
Bosio, whose vocaration truthful and bril-
liant


The next performance will be on Wednesday eve
ming, when the favorte opera Of Norma will be pre-
sented and another fashionable house may be expected
The public fully alive to the entertainments At
their command.",The Italian Opera Company.,The New York herald.
1850-10-26,"There ID now building Ut Bobokea ana ON Aha no,,
finished, block Of very handsome and superior hsu,.s
There thirty Of thsmsaoh three stories hi,h 80


light airy The kitchens fitted in ths h.s
with the most approved ranges for hot and eIs
which be used in the baths 81
the second stories In addition to the furnished b


the pipes In the street there pumps and cserns
house. with large vaults for COAL and houses for wood


The centres and Of the side Of the auoS
rsne have bold and projecting octagon fronts Their cor
niees well those Of tho intermediate houses sup
ported and smbeshed by we'll prop ,rtonsd passrs The
western front 10 ornsmentsd BY succession Of tasty
vaah and the OF both large enough to admit
Of handsome flower gardens These houses occupy BOTH


sides Of the in the immediate vicinity Of the ferry
with the awr and river in 'front.' The view OF the bay
harbOr from this point is extensive and beautiful Among
the number Of these houses there is upon plan
what novel; In this there four distinct and separate
Stories each story having separate Kitchen and two bed
rooms adjoining for servants-a dining parlor drawing
room and four bedrooms with bathing rooms wash stands
water closets &c. Se There separate entrances and
private stairs for servants These different roes instead
Of being placed perpendeua ether extend
rzontsy forming four separate and distinct one story
houses of hundred and ten feet each THIS
men saves the occupants the trouble and Of
three four ghts Of stairs SEINE dozen tmes
day These different floors with the the houses
gether with intended for hotel boarding house.
supplied with all the comforts Of tho beit
modern houses.


They contracted he finished and ready In the
of November The streets the vicinity Of the
square to be paved and curbed.


The Mesrs Stevens laying down pipes sapply the
town with water and cheaper rate than is charged
by any sther The boats leave Hoboken different
parts Of the city eight times hour and kept
all night The taton for crossing the ferry
but dollars year. FOR the head of family. Those
purchase rent HOUSES for the remainder OF this
for the coming year. will do well to examine them.",,The New York herald. [volume] (New York [N.Y.]) 1840-1920
1850-09-06,"BaLrfsoHE, Thursday, Sept 8.
six democrats have been elected In this city TO the
Reform Convention. In the county, ave democrats
were elected and probably one whig In Anne Arun-
del county ave wings and one democrat elected
Two distrcts In Allegheny county have elected three
democrats and two wings


The wings IN Hartford county are ahead. As fss AZ
heard from Frederick City gives $40 majority for the
union ticket, composed OF both parties


Eleven counties have been heard from which return
thirty wings and twenty democrats elected The whirs
have gained enc member and will have majority in
the conventfon",The Reform CONVENTION.,The New York herald. [volume] (New York [N.Y.]) 1840-1920
1850-07-18,"The tax payable the hrst Monday Of July and tbs
seven trst nsusd companies have made shsir pay
meuts fer the present year.


The mining operations in the Upper Peninsula are
being carried with renewed energy this ana
considerable additional capital has been Invested


The only Plank Road state tar paid CAST year vaa
the tax OF sl2 paid by the Detroit and Howell Plank
Road Company For the present year, the tar win
amount to about $3.50 As The following Il the amount
due for 1850 from each company, OF VII ch, at last
sdvices. the Detroit and Howell Company alone had
paid their quota",,The New York herald. [volume] (New York [N.Y.]) 1840-1920
1850-04-04,"The transmission Of our despatch commenced
about IL O'Clock last night, over Bans Merchants
Line, which, notwithstanding the severity of the
storm, worked, as it always does, admirably and
rapidly.


The steamship Europa, Capt Lott, arrived at
Halifax at half-past two o'clock yesterday. She
left Liverpool on Saturday, the 23d ult. She will
arrive at this port early Saturday morning next.


The news is two weeks later than our previous
advices.


All descriptions of cotton, except fair and good,
had declined one farthing. Annexed are the quo
tations Fair Upland, 81 Mobile, 81 Orleans.
6sd.


The following table exhibits the present prices,
with those ruling at the sailing Of the two previous","ARRIVAL OF THE EUROPA.
N'->-NNN>SNNN>N>>>~>N~
TWO WEEEs LATER


FROM
ALL PARTS OF EURe ePE.
oN~N0Nr~N.>~~~>~~~~~~N
1elegraphie from Halifax to Portland,


THENCE BY
Winslow & Co.'s Express to Boston,
AND THENCE OVER
Bain's Merchants Telegraph, Office go Wall street
~'Nr~N~Noo>o~|-o~o.>o
ANOTHER DECLINE In COTTON.
.-c--IN~oO~>o.~N@-N,.>~.N
THE BUDGET OF ENGLAND.
~~>~>~S>cS>>>O~No~NN-~N
All Quiet in France.


&c. &c. &c.",The New York herald.
1850-04-24,"Manson, Indiana, April % 1850.


From the officers Of the steamer Wisconsin, and an
eye witness Of the burning Of the Belle Of the West
gather the following -


About half an hour after midnight this morning.
the steamer discovered FIRE in the hold and
imme diately ashore, Warsaw, and made fast
Up to this period the flames had not yet burst forth
and the after hat CHI opened for the purpose Of
getting water into the hold, but such was the rapid
Roadway of the flames that all efforts check them
proved wholly Ruthless anu in few minutes the en-
tire boat of fire.


The total number Of passengers board was about
400 among whom were two California companies and
80 families, who were removing to the West


From the register is ascertsined that 90 have
perished. and the probability is, that many have been
lost whose names were not enrolled therein.


Such the rapid progress Of the fire, that before
the passengers could get out Of their after
the first alarm, all communication between the after
cabin and the forward part OF the boat Of and
everyone either compelled to jump into the water,
or perish in the flames.


At the time Of the deck falling in, lady and gentle
man with child in his arms, standing between
the chimneys.


There were, also board largo number Of horses,
which mostly all burned to death and those that
not, were badly burnt that they obliged
to be killed, to put them out Of their misery",ANOTHER ACCOUNT.,The New York herald. [volume] (New York [N.Y.]) 1840-1920
1850-05-28,"The new English steamer Asia, after run Of
eight days and seventeen hours. arrived Al II IhfIx
yesterday morning, by which we received our teie-
graphic accounts. The early dispatches, with the
markets, were reproduced upon our bulletin at five
o'clock yesterday evening. and the political news
came TO hand just after midn ght.


The commercial news is highly favorable. Cot
ton still firm, and in demand. One descrp-
tion advanced. Breadstufis were the rise Ane-
rican securities were in active demand, and ad
vsBcing.


There is a disturbance between Russia, France
and England, on the Greek question. The Rus
sian and French smbass ,dJrs hid lrft Engilnd.
ans iho'a there was some attempt 20 explain their
abrupt departure, the attempt proved any thing but
satisfactory. Trouble may possibly arise on this
ubicct


The French nation are in O state Of conflsion.-
The new electoral law has excited the utmost
power Of The democratic and conservative elements,
which are now struggling 10 produce harmony onl
OF general discord. Where the matter may end
Gao scarcely be conirciured, bet it needs not
IolItical philosopher To divine that II = impossible
for such summary organic changes 10 be effected,
without changing political society to its very foun-
dution.",The thurman Ncxya.,The New York herald.
1850-09-25,"Great excitement prevails here among our colored
population account OF the recent passage la Con-
gress Of the Fugitive Slave bill. party OF seventeen
negroes, who bad formerly been slaves, started on
Saturday armed 10 the teeth with pistols and psie
knives Tor Canada. Small parties lea viDy
daily


The accident the Central Railroad occurred az this
Plane Portage road whilst two Of the section boats
defeending Tbs rope breaking caused the boa's
TO descend With tcsru velocity. dragging with tLnn
large portion Of the rope man named Jsuis0n, who
was st the time the hind boat thrown OF with
great violence when be coiled IL the rope aud
drssgsa a considerable distance. lie picked up,
horribly muaged corpse


There are twenty Inches Of water In tue chann,
day Weather clear and dry. The city Is perfectly
leulthy.","Negro Excitement at Pittsburgh, Sc.",The New York herald. [volume] (New York [N.Y.]) 1840-1920
1850-06-01,"Court-very valuable Hudson River property at auc-
tion James n. Miller Co. Austioneerp, will sell at the
Merohan,s Exehasgs, w.nssday jana i2,h. 1850
o'clock under direction Philo r. Rugges ESQ., Ree-
valuable property consisting Of the farm and
81 Esq deceased
tanning about eighty In Weschestsr half


mile from and thirteen New II
beautifully situated the bank Of the Hudson along
which the railroad has southern the
x2uytsn Duyvel Creek which inlet from the
Hudson and AFFORDS Of hsb and oysters The land
rises With bold epss ascent to the height Of about s9
feet above the eveof the rvcr where 10 then
plain Of rhish with some Improvement,
and healthy atmosphere a. this elevation and tho charming
,ituation on the river On the elevation the mansion
house. large we'll built two stone house.


magnificent view Of the river and surrounding country
Tie uttuilsnss suitable aud convenient there
good apple orchards besides other fruit The soil 10
productive and under good There SUBJ
stana docks the udson and the creek the
water teng OF sufficient depth for soops and steamboats,
The extensive qures attached to this place; the facility
with whhhe qusrrcd and the city and the
great demsnd for the article render them Of
and increasing income 10 the The part
OF this property presents an admirable Place for railroad
derot snd business purposes aud with ths stone quarres
materially contribute enhance s value On the whole,
the local sdysntsse and unryad situation Of this proper
ny make u an Object for the attention of capitalists
tencn desiring scuEry seat The sale win 30
pCrCmptory to tie highest bidder The will bs made
known ne the time OF sale.",pERExrroRY sA1E-Iy oRDkR or WE SUPREME,The New York herald. [volume] (New York [N.Y.]) 1840-1920
1850-04-28,"R.IRoab AccIrrSr AND NaRRo. Escafs-M about
half pact eleven O'Clock last night az the New York
train via New Haven approaching this city being
half way between Newton Corner aud Brighton, aud
gong at the rate OF twenty Eve miles su hour the
Fineer suddsnly dcscrbcda huge stone weighing over
a ton that had rolled down IRON the bank which is
about thirty feet high at this spot and was lying upon
the track As there s curve At this point the train
was almost upon the stone. before u vas perceived,
aud nothing could be done 60 prevent collision
which in an instant Afterwards took place The en-
eincer let 81 the steam but had not time 70 reverse
the engine Amer the collision. the train went the dis
tsnce o. its length before the motion stopped The
forward wheels Of the engine thrown ofthe track
and the head u u buried In the ground and con.
siderably broken. The tender vss cspsred. and the
trucks len twenty feet behind The baggage car vss
thrown up the bank several feet end being thruss
into the bank While the other remained on the track
The passenger cars we're len upon the track There
we're about seyenty.hve passengers In the cars
.7p-IH.",,The New York herald.
1850-12-11,"The Heather-Mssical A6asrs, &c.


The weather-wise believe that present appear
ances indicate an approaching snow Storm and the
owners of sleghs are looking up their vehicles and
examining the bells and buffalo robes in anticipa-
ton of some glorious sport tomorrow.


Since the departure of Jenny Lind, our local
events are few and uninterestng, but the musical
circles bottling up their enthusiasm for the ap-
pearsnce of Parodi tomorrow week The largest
portion of the seats for this evening are engaged,
and Lucia"" will be appreciated by large and
fashionable audience.


The Coroner, this morning, held an inquest upon
Elizabeth Jones, widow woman, who was fouad
dead, from the effects of intoxicaton.","Our Philadelphia Correspondence.


PHILDELPHA, Dec. 10, 1850",The New York herald.
1850-01-19,"ST.. Louis, January IS, 1850.
letter hs. been received here dated Salt Lake City
Oct 1sth which says that the Mormons from Cali
forris brought much gold All kinds OF merchandise
were scarce and commanded high price,, There we're
only two mall stores in the valley TO supply popus-
tion oils GOO


Snow had fallen on all the mountains arousd the
valley, and at the Southwest Pass it was four feet
deer.


Rumors prevailed that Missouri emlgrsnt. had killed
squavs Of the Snake tribe Of Indians sni that
they consequently hostile to the whites and
committing depredations wherever opportunity Of
fred. Subsequently they had battle with another
party Of emigrants.


Messrs Livingston and Kinksid traders at Salt Lake
had cleared $40 900 in tive weeks They had sold all
their mercha disc that was to arrive.
MIR. Rose Of New York had also sold 5000 wsrth Of
Goods In two days.


Grain crops had been gosd the prospects of the eoun
try were hne","Important from the salt Lake-Indian


HostiIlties, &c.",The New York herald.
1850-12-21,"The AmsEisaa Unisa..


Givs ne the man
Who's; nss.t With llssriet virtue swns
Who With mere party never turns


Against the great
eve me u. man each STATE shsolds ain,
Who guards his eountry ana its fame,
Who sloriss In, and loves the name


American!


Iloaths each clan
That tssds On perty strife and liss-
Their deeds hate;
Their wordy meannsss despiss,


And though they prate-
They are not true unto the Past,
At hrst we're falss-are false ~ lass,
And in the mould were never cast


who first began
To frame union OF the States,
That Freedom loves-that Rsction hates,
For wholly then,
A. rolled away 0ppressions night,
They stood bold champions tor the right,
In council first and FIRST in fight,


American!


They felt the fan
Upon their hearts from Freedoms Wings
1t walked Desire,
And spread the fame, that qusnehlsss slipgs
To Freedomh fire
It burnt to ashes wrecks Of wrsng,
While through the world was heard the song
That echoing ages shall prolong,


American!


The partisan
Forgsts the legacy they gave


Who toibed and bled
A mighty continent to save


His heart and head
Have all great principles forgot
His country's veal with woe he'd blot,
He claims to be, what he Is not,


American!


Who leads the van
In rage political, should find
That men suspect
Him traitor to himself and kind
And not erect
In truth and fres-beyond fall
True to his trust, high honor, all
That virtuoas men rejoice to call


American.


We place ban
On him who steals our paltry gains,
And brand him thief!
Thus justice equally ordains,


Wbsteer our grief,
That We the man should spurn who dsrss
Divide the Union into shares
We will not own the blood he bears


American!


Whoe'er outran
In virtues LOFTY, golden race,


The mighty one
In whose high deeds we proudly trace
Our Washington p
Unselhfh deeds. which kings attest
Display the noblest human breast,
And show to earth and time the best


Am.ricsn


One simple plan
May battle yet each party power
Thy ballot hold,
The saored wealth of freedoms dover,
More rich than gold,
UDpleoged unbought, cast bravely forth
Without respect to South or North,
In favor Of the highest worth,


American


Heaven ssve the man
Who deems the Union for all time
Inviolate-
Union majestic and sublime,


OF States State,
Whose empire sweeps from main to main
Each State link OF Que vast chain
That never broken. IL the gain


American",,The New York herald. [volume] (New York [N.Y.]) 1840-1920
1850-11-15,"I .ATrer DISCOVERY IN RUBBER-GEr A Pa
IL tent Honestly you can, but ret IT,"" III other
wspie make inventions witch render your patent OBJ
solete-usecssget reissue covering others discovery
not necesssry should be the inventor but strong
pay 5000 tl0O 600 t60o 70 agents 20 prooures
rsissue whom got s vauacsno Law repeal of sudu
lent patents The parchment will justify In chsrrng others
with pratng suit 10 tits al
low dcnuls or withdraw them again aud again With
draw IT. In An nterlocuory motion the Judge refuses and
sends 70 trial at law aud thoroughly beaten
jury rendering verdict agapst call the nteriocuory
motion trial and pretena the Court declared patent
valid truth 10 not neeessary under this system; bed
fslsehood even better 70 uphold fraudulent patent


evcceed In avoiding trial before e court and jury,
on the merits q the patent for sht yesrs much clear
all and the discovcrie made during the time
real egporsrbesdes the patent oren Vide ss.s for
n enly get right ssents and strong enough
matter II ~ lb of the eminent LEGAL advisers


in the cor-ry give written opinons that the reissued
patent Ia fraudulent ard void; make smske Keep
capitalists cut of the business ereept such will pay you
tbute rather than epd these siso eontrbuts
the general pnd with which 70 carry operations your


lawyer discovers impoer make Part Of the
patent 20 him and place the eombnntou fur at bis dpo
es traduce tboes whom drive bribe
msny fgreen ores) you draw into your meshss
the thercurhly used Jour fs the
he will have and the larger the nuwber the
greater will be IN making the world believe
great reriue HE but ksep his perseu
cut Of sight and, II the busBees IN which game play
""a hcud be large one, may iuire fortune imnor
tai your Retire, and he PERFECTLY -spsctabe.


ars toet ~ Tnda Rubber Oocss fcr sale W Na~n
faeturer ~ fsCourtanct street. H0RAcKn. DAT.",,The New York herald.
1850-05-19,"JrstorsY And MUnnrR MinptrroRn. Drt~-0n
Thursdsy last, Capt John Windsor. who Is between


sixty aud seventy year, Of becoming jealous Of his
wife Who about seventeen repaired TO the gsrret
where she engaged at loom with her child. lie
armed with loaded pistol and AZ once Informed
her that he had for the purpose Of killing her She
imvlored him 60 spare her but In vain lie shot her
IN the right side the hell passing entirely through hr
body frcm which she died n about eight hours. Mr-.
Stuart wife of he postmaster st Mddieford. heard the
the and report % the pistol and gave
the alarm when MIR = and another person entered the
house. and proceeding up stairs. met the old man
coming down. He was armed with n double barrced
gun and Acknowledged that he had shot his wife and
iuts rded 60 kill Joseph Osborn Mr. stuart wrest
ed the gun from him. proceeded mp stairs. aud on
trinx the garre observed the woman lying weltering
IN her blood pale death aud her infant child watch
ing the death throhs Of it, parent Mr. then repaired
60 the store door and demanded entrance Windsor
opened 10 about inch and peeped out but refused TO
admit any Mr.. stuart. however, forced open the
door snd discovered that the murderer had been taxi


ing lsudanum. lie acknow athc had shot his
wife deliberately and only rcgretted that he had not
succeeded In kirg born likewise lie said that he had
been on the look out for .. all the morning aud would
have knlsd him had an opportunity offered but had
faiod In consequence of the latter having discovered
hs design. lie then went 20 his dssk snd taking
other pistol. attempted Go shoot himself Mr. :.
cesded IN taking the pistol from him and secured
raj other weapons that In the store The murderer
became faint nom the effects Of the laudanum and the
do.e being too large caused hn TO vomt the whole,
when no recovered. lie vas then committed TO PRISON
Cspt windsor vas quite wealthy. -Wa~iaeicr (Dei)
Delou crtcr Nog IL.",,The New York herald.
1850-01-21,"SATURDAY, Jan 1916 r. NJ.
AS usual on the last day Of the week, trade was
Their lapguid, but steady. The cotton market was
quiet with reduced sales, while prices continued
firm. Holders of this State and Western fsur were
firm, but sales moderate Canadian continued
firm, while ssles light. Wheat continued firm
and ssles CT Western we're reported terms given
below. Canadian also firm, handsome lot OF
which the market, but not sold. Corn
scarce, and prices were firm Rye -four and meal also
continued firm. Coffee being in few hands, was held
Mt full prices and above the views of buyers heuce
sales were unpportsnt Sugars were In fair request,
1T steady prices while molssses exhibited material
change Freights were steady, with rather more
Offering.


CorroS There not 90 much disposition to take
hold Of cotton to day but stocks were not pressed for
sale fair business however, done, and full ask
ing rates well adhered 20 The sales reach 90 bales IL
IL not surprising thaa Of unusual activity 80 600
bales having changed hands during the psst six days
should cloee comparatively dull We retain our old",CITY TRADE REPORT.,The New York herald. [volume] (New York [N.Y.]) 1840-1920
1850-02-09,"From the Frontier Guardian. Jan 121


Every man Who expects 20 90 TO the VALLEY In the
spring hould begin to prepare TO make good
around his helds and TO put them In good condition;
and % coon the most IL cut start the ploughs and
put IN all kinds OF spring grain In sbupdsnce; and ~
Ne have . number OF the beet Kind Of blscksmiths,
With plenty Of coal iron and ste.i hand. men that
ibspd going TO the Valley should have their wagons
hoped-irons for Jokes all made. chains and various
other repairs made before the food and rush Of emit
sration cones In the spring when you can hardly
get work done for love money. Begin TO think
about wagons. wagon beds, projections, bows and
covers We do not intend that any companies sha
leave here for the valley later than the 18th day Of
June positively The great SNOW storm that our last
trains caught In the mountains last fall. ~
spcpt sdmoniton TO start our last trains month
earlier than the last started last Jesr which vas
In the fore part Of July


The people in the Salt Lake VALLEY but scsntiy
provided sith goods wares and merchandise notwth.
standing the heavy stocks that taken there last
year they have gold there 20 purchase with, and
hundreds 81 men in mines digging for Goods
groceries farming utensils, gaes nails paints oils
machinery mill irore botine cloth. and about 20 900
good young and 20 600 sheep, are wanted there
Chicfsns pigs. cats and dogs plenty In that place 81.
rssdy. They want turkeys and eeese there still We
hops trains Of goods and emigrapts starting from
this point the valley every week from the LIST day
GIN sy TIL the 18th day cf June Goods goods IL the
err there, and gold gold 10 the response.",Interesting from the mormon Settlement of,The New York herald. [volume] (New York [N.Y.]) 1840-1920
1850-06-29,"Last night the ""Hugus nots"" attracted very fash
ionable audience large proportion Of those present
were strangers visiting the metropolis and the
remainder were principally habues Of the Astor Place
entertainments. Never has the opera been more
faithfully or energetcay performed than this
casion. The long, brilliant, first act was chiefly
marked by Marini, whose song about the Pro-
testants was highly applauded. signors vietti.
though not very prompt in her time, very
satisfactory In the main portion Of her vocaliza-
Gon but Bosio In the second act was truly charming
We have never heard her to advantage after she
fairly commenced. The briancy and force OF each
deDza viii long be among her trumphs In
the third act the closing grand scena between Stefan
oni and Savi produced perfect tempest Of appro-
baton. They were called for twice at the close,
and were literally thowered with bouquets. Salvi
grand climax OF power to a highly wrought specimen
Of vocal music The duet also gained vastly by stef


anons wonderful and artistic skill She displayed Ia
II, and indeed throughout all her scenes, mon
energy and brillisney, and was warmly applaudes.
The fourth act introducing the trio between Msrin
Sslv and sefanoni was effectively rendered and the
orchestra and chorus added largely here they did


IN every act to the successful representation Of the
opera


On Monday ""a La semramiden will be performed
This Is a fAvorite opera. Its melodies rch-its
music fsmiliar-its chorusses brliant-and the story


Interesting In this Tedesco will appear the Queen,
and Arace will be sustained by vietti This latter
part win give an opportunity for the whole power Of
her conrslto voice, and there will be much interest
to hear the voeasts generally. in so grand opera",The Italian Opera.,The New York herald.
1850-09-13,"CoOK wANTFD-oNE RECENTLY From EUROPE.
~ pcssbe preference will be Evsn II from Connaugh
though otsctons viii be made 20 the other Provnoss
ins from the priest neghbcr AZ home will he ""a
etnt recommendation The place will be permanent. The
family all ard private q the highest rcspecta
be eBeumbersd With husband Or brother ehd might
ts inundated in the housc The work s light, being
plain sooknr and sssist cha mberm aids
vah. Every privilege will be ACCORDED for gonK
aud during the week. and for attending church
Sundays and festivals The Kitchen 10 large csrpeed ssd
vel furnished, containing all the modern inproy
tuoh steam boilers washing appsraus gAs self supply
ina &C The situation ~ the house psasan
heahJ ct urches places o. and where
street passing IL lively. ard % The me,
kId All Trycesiens and rarades In front % che h0ue
and the Kitchen cellar (which 70 ocsed aoored and
mftst and has larra window hung vita pullers and
WEIGHTS The requisites % the place Consdcrahie
ding the fa and bu saved IN cooking dsmared


s and clothing and linen Injured in the wssh Ssh aud


fruit marlet IRE near at hard for Fridays asd ether fast
tavt, and m ard in abundance daily received


from the country The pastry 10 all 10 the
the eonfeco except when the cock incnes N
for her company note addressed TO Home"" and
lest at this once, will be ali that IL necessary.",,The New York herald. [volume] (New York [N.Y.]) 1840-1920
1850-04-29,"SATURDAY, April 27-6 p. NJ


This being the last day Of the week, and the Cam.
bras not received, trade in general way, vas
inactive, and Change, withal but thnly attended
Cotton quiet but 1rm with quite limited sales,
both buyers and sellers waiting for later foreign
news There but moderate transactions in state
and Western -four. while prices firm. Canadian
continued quiet. Southern in moderate demand,
at steady prices Good Genesee wheat scarce aud
firm, with sales Of small parcels said to be- at
better prices. Rye was pleny, and lower Corn con-
tnuod hrm with fair sales at full prices Pork was
active but at prices which rather ruled In favor
Of purchasers. There was better inquiry for beef,
aud beet hams continued firm. Cut meats irmer,
aud in good demand Lard was dun, aud sales light.
Coffee steady. and In far demand to the trade.
Sugars we're in fair demand at steady prices,",CITY TRADE REPORT.,The New York herald.
1850-06-11,"OUR SPECIAL DESPATCH.


WAsHISGroN, June 10, 1850
The cabinet were badly frightened yesterday. Mr.
johnson recalled from Baltimore; but on his
turn the cabinet had become easier In addition to
what sent you yestsrday in reference to Mr. Green
/ would say he has been absent ayear He represents
the Island Of st. Domingo stin much disturbed by
the wars between Faustin and the Dominicsns. and
that they are likely to continue until tho blacks
Spanisrds are extermirated.


General Mccall confirmed Inspector General,
vice Col Duncan, deceased Mr. Bcntlett, for Mexican
Boundary Commissioner is not yet confirmed.
Notwithstanding Col Benton's speech. the inpres-
sion gains ground that the will pass ths Sc
nate The debate will probably be continued week
two yet. The House are cxpectedto commence voting
tomorrow.


The spani.h Minister has been consulting with Mr..
Clayton today.


The Steamer Vixen, lying In this port, ordered
to get ready to sail supposed to be for Cuba
with Dispatches for Commodore Parker and Mr.. Camp
bell


The new City Councils were organised to-day Ben
jamn French elected President ofthe Aldermen,
and silas Hl President Of the Common Council after
which, the Mayor elect, Walter Lennox, qualified,
and took his seat for the ensuing two years Mayor
seaton delivered eloquent valedctory and inaugural
speech. The new Mayor is much commended.","TELECRAPMIC TNTELLIGEyeE.


~N|>N|>o|~N~>NN~~~>ON~~~N.N
AFFAIRS IN WASHINGTON.
.N~SN~~~~~0~<>-~o~>oO0>~~~
TIE CABINET IN C0SSgLTATI01.


NNy~NoSN~>rO0|>~oN~)>o~NN
The Progress Of the Debate on the
California Question.


e~~O.N~~N>~>ov~N>N~>NN~
INTERESTING PROCEEDINGS IN THE
NASHVILLE CONVENTION,


DC, &C., So.

TELECRAPnIC IsFELaIGEyes.",The New York herald.
1850-11-17,"W.sHINGroN Nov. 16, 1850.
The Republic of this morning says that coalition of
the democrats and aboliioni,ts defeated the whole
whg tic ket except the Governor in the State Of New
York and that the same coalition has defeated the
wings of Massachusetts,


Under the item in the general appropriation bill
sppropriatng $4,000 for the survey of Delta Missis
sipri the War Department have detailed Major Long
and Captain Humphrey as typographical engineers,
together with Charles Elliott for civil engineer They
Instructed 20 report fully the subject at the
lie g. moment.


Senator Douglas Of Illinois, arrived In Washington
yetterdsy his way to North Carolina, to join his
family


The IIalsboro' Recorder contradicts the statement
that the Hon Hugh Wsddell, OF North Carolina, Was
rendered and has accepted the Consushp to Havana.
Ia all n mistake",News from Washington.,The New York herald. [volume] (New York [N.Y.]) 1840-1920
1850-08-25,"The court which occupied, during yesterday,
hearing testimony the ha,eas corpus Of the negroes
charged with stealing horses, in Virginia, rendered
their dec sion this Horning 1t appears the negroes
slaves and had stolen horses to escape with The
court decided, that the slave who steals horse 70
cape with, commits no crime criminal offence.
The prisoners thereupou ordered to be- discharged
About oozen men from Winchester, Va, assembled
at the pron aoor and attempted to seize and hand
cuff the slaves on their coming out. great crowd of
whites and tree blacks also Assemb ied and general
riot Immediately commenced One slave effected his
escape amidst shower Of stones and clubs the other
two, their masters with assissnce, succeeded despite
all resistance in hspdc pfling.


Several negroes sta bbed and otherwise wounded
The Of the slaves slightly hurt The Court
Immediately -sued warrants against the owners. anc
all engaged, for assault and battery, with intent
iDcits hot. The slaves and masters in jail
ano large number Of other arrests have been made
which the Court are engaged in disposng Of
The Court also ordered a pose to be employed for
dsperfirg the mob assembled in front OF the jail AZ
all hazards, which they succeeded In doing without
much resistance.


The town Is now comparatively quiet",,The New York herald. [volume] (New York [N.Y.]) 1840-1920
1850-12-17,"Increase ......... NEUTRALITY-SUSPICIOUS.. $685.


The portions Of the city and districts from
which nothing has been received, are those in
which the most extensive improvements have been
made, and where the population has increased at
least one hundred per cent. There are nineteen
wards Of the city and districts yet 10 be heard
from, besides the thickly settled district of Penn,
abe population of which has doubtless quadrupled
since 1910.


The Vigilant Engine Company Of this city, num-
bering about tiflylmembers, and splendid band,
departed in the cars for Baltimore, this morning.
They carry their engine and four handsomely ca
parasoned horses 10 draw it, and grooms in livery,
40 lead them.


The Coroner is investigating the death OF
Colored man, Alexander Kedding, who died at the
Moyamensing lock up, from injuries received by
being thrown out Of one Of the dens in Dufly's
arcade. The man who inflicted the injury has
haen",,The New York herald. [volume] (New York [N.Y.]) 1840-1920
1850-07-28,"The Tremendous rains OF the last three weeks have
gradually sweed the upper Mississippi aud its trou-
taIies until have the highest water ever known In
these parts The at this point Is at least eghteen
inches CHER than IL at the spring freshet last
April and was this morning still rising slowly AtSt
Anthony Yesterday afternoon. 10 had fallen about an
inch From ths presume the still increasing
waters here from the Minnesota The rise at 81
Anthony was SO great that the boom above the mill
dam was broken aud the immense body OF logs carried
down against the dam. The water pours over the
structure in huge torrent and about fifteen hundred
logs were swept off before they could be checked
Some sawed um Der also carrid away The steamer
Governor Ramsey unable to reach Sank Rapids on
h. last trip up owing TO her wood piled at different
places along shore being carried OF Rice creek Coon
creek and Rum river are higher than ever before
the mouth of the first named stream are flooded The
Minnesota is not yet high as at the April rise Mr.
Martin Mcleod, from Lac qui Parle, reports heavy
rise about the sources all the low lands being undsr
water Information has nseen received from Mr. Kilt
SON .ile ira der Pembina, that the whole country
along the Red river is completely submerged and he,
with the rest OF the inhabitants forced to take to the
hills The annual OF traders from Red river.
which usually reaches St Paul about this time, need
not be ex pected for several weeks.


The destruction on st. Croix river has been very
great report however, that the race at the Falls
has been destroyed, is untrue. The mill is somewhat
injured, and many logs carried of. All the booms
below the fals--at Marine Osceola Arcola Sc, are
broken and general havoc committed among the logs
At Saltwater the food is the principal street.
running parallel with the lake, and Of all the
lower of the buildings along 1t submerged
Along all the mentioned the crops planted on
the bottoms probably entirely destroyed. This
will prove the severest loss of ALL settlers
without great Inconvenience and suffering No teams
pass to the upper country and the great body
of Indian supplies have net yet gone forward.-St.
Paul (Mtn) Chronicle, July II.","r,ood A. IN. Upper Mississippi.",The New York herald. [volume] (New York [N.Y.]) 1840-1920
1850-01-30,"Jeu <s-h NJ
About eight o'clock last evening"" party Of Irishmsn
assembled the Of Union and Jefferson Streets
and, for some cause unknown, commenced breaking
windows, with stones. The Sheriff and . small un-
armed posse proceeded immediately to quell the dis
tubsncs, when they we're fred upon by the mob some
Eve or six shots being discharged AZ this uncture
the military called ouNApd hastsned 10 the assist
anee Of the Sheriff They succeeded In securing and
lodging jail over seventy Of the rioters and dispersed
the remainder.


Mt Peter Cresmer, citizen, vas seriously injured
BY ball entering his breast and his recovery s some
what doubtful. colores woman was also badly In
jured about the head Several others reeeivsd slight
jrjuries. All is now quiet",Serious Irish Riss iu Poughhes psis.,The New York herald.
1850-06-23,"Tpsarpv "" Missrs.rpi-We learn from the oficers
of ths steamboat Natchez that Col. Duprse vas re-
Gently sed By his son-in-lsv In uinds county Miss
Col tupree and his son-in-lav Mr. Graves. have for
sotde time past had differences. On saturday the sth
last they met At church rear Brovnsviile. Hnds
county Graves Jeff the church, but followed
by Dutree. who approached him and asked II Graves
vss srmed Graves, hoping TO prevent any dacutv,
said that he was not Dupree then pulled Graves from
his horse and cut him several times with knife when
orsves pulled pistol from his pocket and shot the
Colonel through The bedy. Col Duprce m0unte1 his
horse and rode several miles towards home, but died
about two hours after having received the wound
Neu Orleans Picsvuas, Jans Is",,The New York herald.
1850-04-27,"IT'S CALCULATED THERE ARE 5000 PHYSICIANS


in the United States, and hereby challenge the whole
body together give proofs of curing In twenty years
diseases have in the last year Tai
Antidote ez Nassau street For shame yenslemsa whea
deru and powerful nervnehss been that anal
hilses the distressing Neuralgia builds the deorp
ed and broken and hardly dozen of have
degned test it. For shame for shame when you All knew


that there nothing reliable known touch the and
hereby declare before God and that my antidote
varaby in hundreds Of effects speedily the
wonderful cures. 81 bottle; 50 Dozen The money
turned IL not efectu nj.",,The New York herald.
1850-04-27,"Br bark st Lawrence has repaired taking cargo
schr 0ak Leaf having repaired sailed yesterday for
MA steamer Wilson Hunt is waiting orders Bark En-
pres tof Yarmouth NS Scott from Wilmnso NC. with
aearso Of lumber sailed sth inst for California Brig Mores
OF New York. and sehr April from Boston for California;
have been condemned and sold.


The hull OF vessel bottom Of about 10 tons bottom
pssnted green WAS seen these islands few days since
She had been in that condition three months


Brig Swan. Pierce at Hamilton, from New York. expert
enced heavy weather. split sails and lost twenty",,The New York herald.
1850-03-24,"Loss oF srsSIsg sHr WR.-By the arrival here
yesterday II the steamship Falcon, from Chagres via
Havana the eth inst, We have received nles Of the
Foro Industrial the Diars and the Gacefa Of the latter
port. 70 the eth inst inclusive report IL current
that the fisate hsabel H. which sent from here
several weeks since TO demand restitution from the
nost pusssnt Emperor Faustin the First for outraees
committed upon the persons and property Of the
q Spanish vessel. wrecked Santo Domingo has
been ashore somewhere on the Haitien coast aud
totally lcet ~ this rumor should prove true Il viii
be eyers loss TO the Spanish nation for ~ possessed
but FIVE frigates, and this the best. She rated
forty -four guns and was built In is36.N o. Picsysae,",,The New York herald. [volume] (New York [N.Y.]) 1840-1920
1850-11-21,"DRr doons The market for most descriptions OF
dry goods II dull but firm Business IL only active In
preparing Tor spring trade and closing up where
possible, cid coneignments One exception may
remark In the large demand for clothing for the Calf


fornia market The orders tinualy Increasing


and giving full poyment 10 the wholesals
clOthers. The shipments OF mons clothing to San
francisco and sscrame INTO City have even yet been
below the demand the great increase On the populs-
ton there continually Increasing the consumption
Brown and blssehed sheetings and shirtinss exhibit
increasing frmness with some reduction OF stock
The demand IL limited and more for blsaohed than
unbleached descriptions, the lstter being 10 some
slie request for shipping Drills are steady and hm
with moderate stocks. Printing cloths command but
demand We consequently see some increase OF stocks
Trough holders are very firm. Prints show little In
quiry, though prices are well maintained and re-
vival of demand - is expected, will enhance them
considerably; Ginghams are buoysnt In price; the
domestic mskes have secured preference In the
mark,t 70 the benefit % prices. The manufsctories
are IN full worn Tor the eprng trade Chsmbrays
in request DENNIS are quiet but firm. Jeans rather
more active at steady prices stripes dull but vary
ina in price Cotton hannels ftesdy Baxgng
burgbs quiet, with slight stocks at prices
The demand for ticks Ia good, aud better prices
realizing Mousiines de lsine 0mmand yet large
trade; the demand has exhausted the stock OF some
descriptions prices better and are freely realised
the home Manufacture T. Kept busly active to ssppy
the coming wants Of water sns spring. This branch
Of trade will be steadily active think Throughout
the winter Both foreign and domestic however, are
In request and prices show q tendency to advances.
woosn goods generally though IN larger supply than
cotton fabrics held very firmly and the price Of
wool sustains the hrmness Of holders. The stocks
cone'st ~ staple goods. for which demand must
sacrifice. British goods compose By the greater
part - the stocks, but in the hands o. strong


80. = - ssssiA. SURE ana better 4
market in prospect me slcthins tr.as are bsyiss",,The New York herald. [volume] (New York [N.Y.]) 1840-1920
1850-04-30,"OID WOMEN OF TIE PRESS The editors of
three or four daily papers are gravely informing
their readers that they must prepare for the reccp-
ton of the telegraphic dispatches from the invis-
bic world, not conveyed by dots or letters, but by
brckbats, combs, old shoes, dirty handkerchiefs,
and nieht-caps. They are fairly awake, at last, to
the Importance ofbelieving in the Rochester knock
ings, and the Stratford rsppngs and spirits, mys-
terous and wonderful revelations from another
world. These ed tors already provided with
breeches and boards, but they should put on pet
icoats, more becoming TO Them and suited to
the peculiar flexibility OF their minds They beat
Mrs. Partington in creduliiy, and might believe
not only in the seven wonders Of the world but in
all those old deceptions which have been proved
tricks over and over again. Where's Blitzi
Where's Bamum' DO put these comb-and-brush-
throwing spirits and the wise editors into one cage
and show them at shilling. II would be fine
amusement for the Chinese lady, and would attract
well as small feet, OF any other feet. When
can they be readyl",,The New York herald.
1850-06-19,"The burning OF the Griath has been attended with
most serious loss Of life IL is supposed that more
than 200 have either been burned to death found
watery grave the greater portion Of when emil
grants Mr. franklin Heath his wife and four children
numbered among the lost. Mr. Heath was formerly
resident in this city whence he removed to New York
His brother James still here gentleman named Pal
mer operator In Speeds telegraph Office Toledo Is also
among the lost The @. left here yesterday morning
for sandusky and Toledo, with than two hundred
passengers when within about twenty miles Of Ceve
land she took nre, and the flames spread with such
rapidity and fury asto defy every effort to oxnguish
them. The most strenuous efforts made to stop
their progress but they only subdued when the
unfortunate vessel Was burned to the waters edge
The mate, after It found impssble to save the
vessel threw himself into tho lake and sawm ashore
lie proceeded immediately TO Cleveland. Ho says that
only thirty Of the multitude board escaped aud that
two hundred lives last",The Terrible Steamboat Disaster.,The New York herald. [volume] (New York [N.Y.]) 1840-1920
1850-07-14,"Advices from Madrid mention rumors of serious diff
terences between Narvaez and the Duke Of Montpen-
ser It Il also said that had ball given by
the Prince de Carin the Nespolitan Minist offered
a gross insult to the American Ambassador, who had
-spproache to salute him. riH not hare anything
say s~e"" shouted out Narraes, who represents
that ha5ors pirates and public elonies""
Having uttered these words in tone loud enough to
be heard all the room, Narvaez rumped the Anne
sfcan Pienipotentiary who at once cut"" by all
the Spaniards present.


The recent passages Of the British steamship Asia
and the American steamer Atlantic have excited
great interest From the logs of both vessels learn
that the distance each day follows",United States.,The New York herald. [volume] (New York [N.Y.]) 1840-1920
1850-07-21,"HOMESTEAD VILLAGE IN THE TWELFTH WARD,
n city Of New York, Eighth avenue One Hundred aud
nfth sreetsThe subscriber having
sod all his lots the side Of the numbering
from to one hundred and twentysns and having
peatsd calls for has induced him have
laid out building lots Of Is BY 100 feet the tract Of


land the east eide OF the making In all three hun
drea and seventy seven lots They situated hsss
avenue the city All within view Of the High Bridge
the principal buyers have been mechanics who
person wishing % buy cheap ho~ss,sad and have 10
In value On January 1st, homestead
the amount Of $500 The subscnbsrs opening the
TERns-sevsnty-hve per cent remain on bond and
for ave thirty dollars the time Of sub
.erbins and the balance When the psrtis. take their
dssds, mape plan ke Apply at the Window Shade Ware
house, IT'S and III william street. - - -","FOR SALE AND TO LET.

",The New York herald. [volume] (New York [N.Y.]) 1840-1920
1850-10-12,"Your anonymous correspondent has rather over
shot the mark. The project OF another large hotel
for the increasing excess of visers dad not originate
with myself, or with either Of the accomplished
keepers Of the United States Hotel, who must have
trouble enough with their old concern, without
being bothered with new one. The project orr
ginaied with the late Doctor Clark, TO whom the
community are greatly indebted for his lberality,
in fixing Congress Spring for visiters, and for de-
voting the splendid park TO the free 81 the public.
Nor, recently the guests popular United states
and Union Hotels, sympa,hising with thousands
who could not got in, have renewed the project
aud several gentlemen have taken the liberty of
uniting and proposing 10 construct hotel Of ample
Dimensions with cottages nc, adapted 20 the taste
and convenience Of the public, 10 occupy seven
acres OF high plain, and the slope Of Temple Hill,
groves, &c ara the adjoining three acres Of flats.
extending down near 10 Congress Spring The
lands and structures will neither cost one fifth OF
The estimation Of your disinieres,ed correspondent,
nor will the length Of the buildings and cottages
much exceed Two thousand two hundred feet.
Political descriptions may misead excit bic people,
while a candid and dignihsd course would be more
likely to inspire reciprocity in otheIs. Besides,
either party may find profitable occupation Va at
finding strictly to their own eflsirs, without later
NEEDING with the concerns ~ Others; AMI thus
new enterprises may spring up sud flourish without
disturbing those already established


JNo. x. PsrERs.


New Yoik, Oct 1850.",,The New York herald. [volume] (New York [N.Y.]) 1840-1920
1850-11-08,"Wounded, Sc.


NEWCASTLE, Del, Nov. 7-IoPM
The steamer Telegraph belonging to the Errioson
line, while her passage from Phladelphia Bslti.
more burst her boiler OF this place about o'clock
this evening.


SO tar about twenty four persons have been brought
from the wreck wounded aud killed.


Some FIVE six have drif,ed ashors, sai been
pickedup


1t is supposed that great many were blown ov,r-
board.


The captain and crew are supposed to hevs bee,
all killed


The boat has drifted two miles below hers and "",
have steamer to tow her in


Charles Hagan, a passenger, who has just laudsi
says that the Telegraph had too much steam on
About forty passengers have been isaded among
whom . great many hurt and scalded. There ass
about twenty more board yet, who are suffering
greatly.


The arsenal has been thrown open here for s,e
fort Of the wounded who srs attended by ali OWE
physicians in addition to six from Wilmington
Among the wounded i've ladies.
Our people are doing everything to alleviate the H.
tress Of the euiferers.


P.s.-Ths steamer has Just beon towed to the wharf
The cabin door Is strewed with the scalded.
Captain Claypool has been found, but is very baby
hurt.


There are seven persons dead on board, as nsar
can be ascertained.


The names of the sufferers as far We can learn,
are, James Hadley, Margaret Dixson, cook, Mishsss
Boyden, Michael sultve, Pat Blanchfeli md Daniel
Mccarthy, all badly sealded.


The boat win be towsd to Phadep his by the stssnsr
Tiger, TO- night.","NEWS By TELEGRAPH.

Another Awful Steamboat Explosion ""A
Great Number or Persons killed ana
Wounded, Sc.",The New York herald. [volume] (New York [N.Y.]) 1840-1920
1850-07-12,"WATERING PLACES OF THE SEAsoN.-Our cor
respondence is beginning to pour in upon from
the various watering places throughout the coun-
try. Before the Saratoga season is fully advanced,
however, hundreds will pass few days at the wa
tering places within few miles of the city. Some
of these have already become very fashionable,
and will go continue till the Saratoga season is at
its height. Coney Island, with its excellent Ocean
House, where every accommodation is afforded;
Bath, Fort Hamilton, and Long Branch, are now
visited every day. AT the latter place, the Morris
Hotel has become very celebrated. 1t is quiet
retreat-offords the best sea bathing-the air is
delicious and invigorating, and the walks and
drives are truly excellent and inviting. The Ocean
House, at Coney Island, and the Morris Hotel, at
Long Branch, are both very fashionably filed.
We learn, also, that at Bath and Fort Hamilton,
there are many visiters.",,The New York herald. [volume] (New York [N.Y.]) 1840-1920
1850-06-17,"FASHIONABLE WATERING PLACES AND FASHION,


ABLE MANNERs.-The summer solstice il proving
too powerful for the fashionable world, and thou
sands are scampering hither and thither for fresh
air. Some hurry to Newport, some to Saratoga,
and some to Niagara Falls, and such fashionable
localities, where fashion, and not comfort, rules
with all the follies of the hour-where mothers
with marriagable daughters, and aunts with elig-
BILE nieces-where fashionable blacklegs and fool
ish tailors' blocks and dummies keep up constant
delrium and fever of nonsensical etiquette and ele-
CANT misery. Comfort at such places is quite out
of the question. There is no chance fer the slight
est exercise of freedom and independence. Cliques
keep up petty warfare, and the whole mass are at
the mercy of few swindling walters, who will not
attend to your wants unless you engage them spe-
cially in advance, and pay them for common civil
ity. We have seen some foreigners almost starved
cut at these places, obliged to help themselves or
60 without. The Ocean House, at Newport, has
some very curious kitchen diplomacy, which is
family initiated by some of the hotels at Saratoga.
Kitchen Galphinism is constantly exhibited-clams
for this and claims for that-tl one gets perfectly
bored to DEATH throws his purse the heads of the
walters, swallows his dinner cold and hurries to
some quiet and decent retreat, 10 enjoy season of
retirement and repose. Give the country.
Fashionable pandemoniums are too troublesome.",,The New York herald. [volume] (New York [N.Y.]) 1840-1920
1850-03-02,"A NTHoNY :. BL5EGKER. AUcTIoNEERmANrao-
fAny Blocker win sell public auction Wednesday,
arch 9th. 1885, at ~ sclock noon Metchaas
change the following valuable property vzThe three
dwelling houe No. 10 Twenty fourth Btreet between the
Fourth and Madison syenses oyerookhg Madison Square
The h. God order and replee with
Also three attic house situated the norhe
Fourth and Thrteh street, occupied
public and we'll escu ated for that other
OF busnefs requiring corner Also the two three attic
houses adj dining the above and occupied dgeings
These houses can at small be altered
which tho growing Importance Of their situation


the stopping place "" the and of the Fourth
and broadway line Of and OF the terminus Of the
New Haven and Harlem Railroad, TO demand Also,
three lots ground the eide OF Thirty fret
leween Fourth and Madison distant eighty feet west
of the fourth each lot being three feet four
inches BY hall Of the block in depth. Also, lot ths


outherly aide Of Twenty between
Third ayehues twenty Eve feet ros feet pins
inches der, Distant hundred Ave feet Of
Third Alse three lots the Sixth distant
TWENTY-FIVE feet south Of the southse Sixth
And seventh street Also four lots the north side Of
Sixty street, dred feet Of thu
Sixth aud adjoining the lots Also four lots
tbs side Of Sxt-seventh street, commencing
hundred feet Of the Sixth the
and Sixty sixth street lots Terms easy made
the day Of ssle.",,The New York herald. [volume] (New York [N.Y.]) 1840-1920
1850-11-08,"Lat evening, Mile Jenny Lind gave her twenty
fourth concert in America at Tripler Hall Every scat
in the building occupied and several persons
compelled to stand. 1t highly respectable and
well dressed audience and the applause though not
Of that tumultuous kind which marked Miss Lind s


first concerts In this city, still and hearty
The musical thermometer 10 no longer at the fever
point 1t Is at blood heat and is not likely to get
below that natural condition before the Nightingale
wings her fight to the sunny South The enthusiasm
goes on steadily and healhy and the exquisite me-
lody of that inimtable voice, which charmed and
astonished the listeners two months ago. in New York
still continues to stsrtle and delight.


The selection Of pieces last evening presented rich
and varied banquet. The duett, from ''seniramide
was sung with great eclst by Beletti, aud Miss Pin.
tard, Philadelphia singer who Is gifted with fine
contralto voice in good cultivation. Still beau
tifu was Meyerbeer's French duet, La Mere Grand
between that lady and Jenny Lind The effect Of the
contrast OF two voices so different most pleasing
and the song was encered Belletti, who never fails
and scarcely ever varies, acquitted himself with his
wonted success.


Mademoisell Jenny Lind was in excellent voice.
and in the ""Flute Song"" the "" Bird Song,n and the
Echo song.n her magic notes swept over every ear
with enchanting effect Her rending OF the recitstvs
&c Susanna non vieu ?"" and the aria Dove Sono1
without effort. But the highest ACHE vement was the
was the aria, "" Perche non he, from Lucia d LAM
mermoorn which flashed, 1t gushed from the foun-
tain of music In her breast and spsrkled like muir
muring mountain rill, leaping and dancing in the
sunbeams. 1t was wonderful combination of the
highest order Of musical genius with natures gift Of
a glorious voice and the most consummate skill Of
accomplished srtiet",Jenny Lind In Tripler Hall.,The New York herald. [volume] (New York [N.Y.]) 1840-1920
1850-05-05,"The sgnifcent assemblage Of beauty, fashion. wit
and intelligence, to hear ""Lucrezia Borgia,r last
night quite epoch in the muscal annals Of the
very Of beauty close to the orchestra
and thousand blossoms Of lsveliness scattered
thicky everywhere From the stage to the ceiling
brilliant Of enthusiastic admirers Of the lyric
drama, whose enthusiasm actually robbed themselves
Of many Of the closing notes Of Angela Bosio, Viett
Salvi, and Marni Never have witnessed more de-
light than this occasion. If any came to doubt,
they went away satihed. Angela Bosio triumphed,
c. vett delighted, ssvi created 6irore, and Marini
lie, and great night for the vocalists Bottesin
soul full Of music looked through his eyes while his
mastery touch arked the bass which controlled the
general harmony. Ardit soothed every attempt at
belious noise md directed his assistants In mastery
while Becherni prompted with his usual skin
and kept the chorus alive to the time and the
sion. The ,io, between sayi, Marini and the charm
ing Angela encored well the bsliaia Of sgno
vietti. salvi's delicious meditation, expression,
feeling and admirable tones. captivated every one.
harn sustained his great reputation, by his clear and
decisive method and noble voice. while Angela Bosio
carried herself noby through every scene executing
her music with q fervor and finish truly snimating.
There calls for them, between tho acts. which
ovations for the performers the applause being
Of the most enthusiastic character.


Tomorrow night are to have Ernani,r With re-
desco, salyi, G. Badial and Marini. II Is the last
night and 1t will be great occasion Some must stay
away.",The italian Opera at Niblo's.,The New York herald. [volume] (New York [N.Y.]) 1840-1920
1850-06-10,"SsrtErtrs June SO r "".


The cotton market active to-day. With iucrpsssd
sales. M Yesterdays prices The Sour market Wss
quite steady with better inquiry iron the loc, trade
aud fron tfs cArward. Canadian continued IN fair
drfnand with more doing At previous rates Southern
rather dull and sale. light Thor was little
wheat oeripg snd good Gencsee continued - he held
az ertrrme figures. and above the views oi mnlers.
Corn was firm with good demand for export. and
saes we're freely ade at rates given below Pork
doll with lish salss a. yesterdays prices Beef
tiuusd dull Cut meats we're steady Lard va. .uist.
% former rates Butter and ehecse without
chsugs. Coffee wss quiet but nrm Sugars continued
in Good demand 1t steady prices Nolisses were un-
chsr eed With a fair demand from the trade",",iTY TRADE nEponT.",The New York herald.
1850-07-24,"BALrMoRr, July Is, 1880.


In culpspper, Virginia, on Wednesday, mob ofltwe
hundred men, including justices Of the peace
Of church and Others proceeded to the jail resisted
the sheriff and carried Oh VIM. Grayson free negro
TO the woods, where they hung him till dead. The
assigned was Grsyson had twice been convicted
Of numbering David W. Miller, . white man, but each
time appealed; and the General Court granted new
trials the ground that the testimony hardly just
ned suspicion, much lees guilt.


The mob allowed Grsyson one minute to eonfess. He
svowed innocence, when they strung him up on
fence rail, between two trccs


This outrage created great excitement. The papers
sntreat the Governor 20 arrest all hands",A Case Of Lynshing.,The New York herald. [volume] (New York [N.Y.]) 1840-1920
1850-04-14,"DAREuMS MUSEUM PARLIAMENTARY T. BAR
ID mum Proprietor Manager Henry sanford Assistant
Manager. THE GAMBLER new moral and domestic Drama,
expressly for this Museum by Robt Jones ESQ OF
PHILADELPHIA and designed for companion piece TO the
Drunkard will be produced Monday evening and pre-
the purpose Of allowing Miss Mary Taylor TO appear
in Of the characters which she sustained with great
In New York. and to make emendatons add


ons and which greatly enhance and
eject Grand performances afternoon farces and
Petit Dramas Ballads and Fancy Dances and the maxnh
Dssolvng Views and Chromarope. The Curositiss
number 10000 the choicest in the world Wednesday
ming. Benefit Of j. Hall Robinson. Admittance 70 esnts
Children under 10 years. l2h eents.",AMUsEMENTs IN PHILADELPHIA.,The New York herald. [volume] (New York [N.Y.]) 1840-1920
1850-04-14,"HENRY H. LEEDS, ACCOMMODATIONS, PRE-
eous Stones kc set in the most fashionable manner
Pearl keekiaces Silver Tea Sets Forks spoons BE- Fine
Gold Watches Chains Rings *! Ss-isnry u Leeds : Co
o'clock the gallery Of the store large and valuable
stock Of real Diamond Bresstpins Clusters Tia
Bracelets and Pearl Necklaces beautiful rings Ear
rings Breastpns Necklaces and Bracelets set with Ems
raids Sapphires Garnet Pearls and 9th
Or precious stones Also an assortment Of silver Tea sets
sortment fine gold ladies' and genemens Watches This


valuable stock will DO sold without the purpose Of
closing the concern.


GALE OF ELEGANT fuRNITURE.-B A. Chiffon,
- AuctonerCole Chiffon will sell at Auction, on
the elegant rosewood and mahogany furniture in
the above house. consisting in Of the following Wis
Brussels and other Carpets Oil Cloths Rosewood Parlor
Fnrniture suite Rosewood ak and half Octave Piano.
Oil Paintings together with Mahogany Chare Dvans Sofas


large and elegant Pier Classes Book Csses Dressing Tables
Bedtsads Beds Marble Top Tables and wsshstAnds
Rockers ks. Csndeabra Astral Lamps Turkey Red Cur
tans &C. Also good and large assortment OF China aud
Glassware Also general assortment Of kitchen furniture
with which the sale will commence.",SALES BY AUCTION.,The New York herald. [volume] (New York [N.Y.]) 1840-1920
1850-10-30,"Tonight, Msrstzek will bring out with all possible
effect the grand opera ""Ernann The cast is quite a
powerful one including Truf, who will make her first
appearance this season. with Lorini Beneventano, No
ve and others The chorus and orchestra powerful
and may anticipate such performance as will dis


nguish those who engaged in it, for their several
talents and Accomplishments. We learn that the
charming Parodi will not appear before next Monday
and that at early day she will place her services
at the disposal Of the italian Benevolent Society 1t
being her wish to aid the fund established for the
heneft of italian exiles in the metropolis.


The sersnsde given at the Union Place Hotel to Pa
rodi, Monday night took the distinguished canta-
trice entirely by surprise She had supposed that the
enthusiasm Of the people would he confined to the
opera house and when she heard the music aud cav
the torches which ad ded to the beautiful midnight
spectacle of admiration paying homage to genius aud
art she could not keep back the tears which fled her
eyes, and revealed her grateful heart.",Firth Night of the Opera season-Parodi.,The New York herald. [volume] (New York [N.Y.]) 1840-1920
1850-11-11,"TINTED STATES NAIL STEAMERS BETWEEN NEW
~ York and Lverpool.-The ships composing this lin.
the following


ATLANTIC, Captain West. BALTIC. CAPTAIN Coastock
PACIFIC, Captain Nye. ADRIATIC, Capt. Grafton.
ARCTIC, Captain Luce.


These ships having been built by contract expressly
every has been taken
strueton also In their engines to strength ars
speed and their accommodations for passengers
qualed for elegance comfort.


Price of passage New York to Liverpool 9lsO exeu.
awe Of extra size state $685. from Liverpool e
New York ELS


After Of April next the rate Of freight by the
above from Liverpool will be ally ced


An experienced surgeon will be attached TO each ship.


No berths secured unt til paid for.


Of these shps will not be for gold
oliver bullion, specie jewery precious Stones metals
unless bills Of ladins signed therefor and the value
thereof therein expressed.","TINTED STATES MAIL STEAMERS BETWEEN NEW
~ and Liyerpool.-The ships lin.",The New York herald. [volume] (New York [N.Y.]) 1840-1920
1850-11-13,"Last year, coalitions Senators formed by the
opposition In ESSEX, Middlesex, Worcester Bsrkshire
Norfolk, and Plymouth counties. They succeeded in
Middesex, Worcester, and Plymouth, emily eleotng
thirteen Senators. Tho wings elected In Suffolk rs
sex, Norfolk, Hampshire, Bristol, Barnstable aud
Dukes. and Nantucket-in all twenty one. In Frank
lin, HAmpdep, and bsrkshre-sx seats there was no
choice and the vacancies were filled BY the whig can
didafes elected by the Legislature


This year. the loco and free soilers united
Senatorial candidates In ell the counties but Suffolk,
Hampshire, Barpstable Nantucket, and Dukes. where
the whig msjorites decided that unions could
hope to effect nothing for those Who made them.","BY NAIL.
MASSACHUSETTS, LEGISLATURE.",The New York herald. [volume] (New York [N.Y.]) 1840-1920
1850-05-10,"Eosp VIII 20 lady ung 10 dAlIIng White KIN
rosy cheeks The nedicamens Of which ID is composed
Of such powerful nature that the host OF cutaneous
redness roughness sunburn,
ralowness freekes pimples letter salt rheum kc-mut
before them leaving the skin white soft smooth.
and transparent, and altogether lovely! Neither maiden,
wife mother should other delightful emoliient
in their atoms For shaving IL IL the most glorious
pound used making rich creamy lsther in salt hard
we'll soft. Gourauds Poudre Subtitle
raDd uproot superuous hair from part Of the hui
body Courauds hedieated Hair Restorative will pre-
badness and the hair places whence has
fallen on IL will also give to dry and wry hair rich moist
and magnificent softness and gloss Coursud Liquid
Rouge imparts to pale lips and checks permanent rose
stain Courauds Liquid Hair the best
article invented for changing red grey hair beau
tiful black brown Gourauds Iiy White removes in
ously nu She's redness snllownes roughnes &c
The genuine articles are be had only OF DIR FELIX GoU
ID, 81 Walker in broadway
T. r. CsllendeI IS South Third street Philadelphia.",,The New York herald. [volume] (New York [N.Y.]) 1840-1920
1850-09-02,"M DEAR siR-I know you will have the Kindness 70 bear
with in eneroaching your time, while aeknow.
ledge behalf Of myself and wfeb the obligations feel
ourselves under to in having made known certain mat
ters contained in your Invaluable Married Wcmans
Private Medical Companion IL has been worth its weight In
gold express myself rather warmly, you viii see
that cannot do too My when inform you OF the
which have through u, been benehtted win
situation when obtained book through the
curiosity look upon IL n one OF the most ortu-
Of life. had been married ten years
children. long struggling
INCREASINGLY to the end that might gain moderate CON-
potency but the results Of utmost esertons AZ the end
left about where was at the eesnnins Of each ans
barely of life Finally this constant effort
Beginning 10 have it's effect heath felt less
capable endure its continuance while s the necessity
Of perseverance,. -
This con slant, unoeasins struggle part was i'm
peave consequence % the rrotrasted condition Of
wife with occasional ntermisson) for sir years much
confined her he'd aud OF incapable Of
taking the charge and management household Affairs
Her condition from Of which was ignorant
Oh what would have rvea bad the x years % live over
againt What would my wife have given 20 have been
the days and still longer nights PROSTATE
bed % sickness all Of which would have been avoided had
then Of The Married WomAns Private hedicA
Companion.","Extract from a Letter.
COMPETENCE AND HEALTH.",The New York herald. [volume] (New York [N.Y.]) 1840-1920
1850-02-28,"TVHo VH LhOBS w


Hotels, Public Gardens. Museums Theatres 10, out Of
New York Cty.-A Company, perfectly original and diff


rent any other Company IL existence are about starting
ments with persons The Company consists of
performers three ladies and three gentlemen, who
band the Female Ninstre assisted By the


Sable Brothers, three children aged three Eve and seven
years old known the Infant FAMILY who give sepa-
ratey and together variety which alone
would and Female Jugsler all Of which
are calculated crowded and respectable audiences
For particulars address the proprietor of the franklin
Museum, l75 Chatham SQUARE, New York.",ITO PRoPRIlToRs OF .rLAcEs OF AMUSEMENT.,The New York herald. [volume] (New York [N.Y.]) 1840-1920
1850-06-30,"CHOLERA THIS YEAR.-There is much inquiry
among the nervous part Of the population whether
we shall have any cholera, or none at all, in the
city, this season According TO all accounts, and
in the opinion Of eminent medical Inen, we may
ticipate very healthy summer. The atmosphere
has been charged abundan,ly with electricity, and
we have had many refreshing and cleansing show
trs, which We did not have last year-and to the
deficiency Of thunder showers, last year, was at.
trlbu,ed the viralence and destructivsness of the
disease. Yet, though the Atlantic country, gene
rally, has been visited with these health ring
showers, accounts from beyond the Mississippi
state that electrical phenomena have been unno-
ticed there Cholera, and other pestilential spide
mics, after their first appearance, appear only 10
break ont in fpots, here and thsre, and with mit-
cation cf their original effects. The timid, during
the present season, think, will have no cause to
mp eheEd any uncommon danger.",,The New York herald.
1850-06-30,"FOREIGN POPULATION OF LARGE CITrRs-Re-
ton of the census law, show that nearly one half
of the population of Boston are foreigners OF
these, fifty-two thousand are Irish. The descend.
ants of the Pilgrims, largely engaged in manufac-
turiag, jobbng, and railroad speculations, gener-
ally reside out of town, building up other cities
such as Roxbury, .Charlestown, Lawrence, Lowell,
Worcester and other places, thus getting rid of the
metropolitan taxation, and some of them educa-


ting their boys at the Latin school, at the expense
of the city and its foreign population. A large
proportion of the inhabitants of New York, Phila-
delphia and Baltimore are foreign born, or Of for
eign parentage. Yet, notwithstanding this, it is
remarkable with what ready tact and prompt
pliancy our institutions mould these subjects of
king-governed countries into good republican cit-
zens. Our American institutions seem, at once, to
affect all their tendencies, judgment and charac-
ter Many of them, on arriving in this country,
become more thoroughly and practically Ameri-
can than the native born inhabitants themselves.


Such results spring from the free, liberal and
enlightened press--from the omnpresent and time
anticipating telegraph-and from our admirable and
and efficient laws and federal constitution, upon
which are based those harmonious State compacts,
so little understood by the British prses, but which
the novitate freeman feels and thrives under the
momen his foot touches the shore of the United
states of America.",,The New York herald.
1850-08-16,"August IL, 1850.


Arrival Of General Pat. from Saratoga.


arrived here yesterday morning by that perfec-
ton of steamers, the New World. There has been
very little out of the regular routine Of pleasure
and enjoyment at this delightful summer retreat,
during the past two days, except the arrival OF
Gen. Paez and suite from Saratoga. The General
appears in fine health, and has spent most OF yes.
tefday and to-day In visiting the public grounds
and buildings, and rambling about the many de-
lehtful rural spots 10 this vicinity. Gen. Paez
and suite returned from of these rambles after
the dinner hour yesterday aud they entered and
passed to the upper end of the table, every spoon
was dropped and every eye turned towards this
distinguished stranger. There are now about one
hundred and fifty guests at this house, but the
daily arrivals are not near as large as they were
two weeks auo","The Watering Places,

CozzBNs' HOTEL, WEST PorsT, !


AUGUST IL. 1850.",The New York herald. [volume] (New York [N.Y.]) 1840-1920
1850-11-09,"OACIFiC NAIL STEAxSHlP COnPANY.-THE PUB.
lie informed that under the Arrangements this
Company steamers inspected and approved BY the Navy
Department and carrying the United States mails will
leave Panama San Francisco the first ana
fifteenth days Of each unless detained by
accident or the non arrival Of the mails at Panama The
steamers Of the first Of he month will touch at Acapulco
San Bias hazatlan San DIEGO and Monterey The steam
fifteenth Of the month win touch 1T Acapulco but
other Mexican ports.


The new steamship COLUMBIA will ply regularly, after
her arrival in the Pacific between San Francisco and
in Oregon awaiting at the former port the arrival Of mails
and from Psnama and returning without delay
with mails and the following
San Francisco. regular line OF propellers will be kept up
for the transportation of freight and transient
between PAnama and San Francisco


The connection the Atlantic will be maintained by the
stesmshgs EMPIRE CITY. leaving New York the 18TH
and CHEROKEE. leaving New York the 18th Of each
York spare steamer.
win form direct line between New Orleans and Chasres
leaving ut such periods will little detention
possible onhe thmus and forming with the Pacific steam
ship through line TO and from New Orleans and ports In
Mexico California and Oregon.


Through Tickets for month can be secured app
cation to the Company South street, New York. App-
cations for from New Orleans should be made to


ARMSTRONG. LAURASON 4 Co.. Agents, at that place.


New York. Oct. 81. 1850.",,The New York herald. [volume] (New York [N.Y.]) 1840-1920
1850-06-23,"ALBANY, "". r.. June 20, 1850.
TIE WeafAer- Theah,sals-T Trial for Poisoning WE.


For several days past, the weather has been exces
svey warm In this vicinity In fact, the shone
with 80 much vigor, that one almost fancied himself
broiling In Are. But this morning we're favored
with refreshing thunder shower, which has made the
atmosphere quite comfortable. Vegetation looks
thrifty and beautiful, and the farming commu nifty
will doubt. realize handsome crops OF all kinds Of
produce this year.


In theatricsls. have considerable attraction at
tho Museum Saloon. Hudson. the celebrated Irish
comedian closed his ment last Monday evening
his benefit night, which occasion q very large and
fashionable audience In attendance Last even
ing Mr. "" A. Vincent promising and talented young
comedian. received his farewell benefit The saloon
filed with q delighted and Discriminating audi
tory, which, considerng the heat of the weather
quite compliment to the young sctor, who greet
cd when he fret appeared tor the evening With per-
feet shower Of fragrant bouquets. Miss Julia Dean,
the charming tragic actress, appears this evening.
Aibansns are to have y theatre in about two
months Mr. Eddy the tragedian. Is the protector,
he havirg purchased . commodious building for that
purpose, in Green street between Beaver and Hudson
streets.


The trial Of Carr for poisoning his wife drsgs slowly
along. this being the eighteenth day Of The
min up will not take place till next Monday Tues
day There IL some doubt about his being convicted
by the present jury, although the evidence against
q very","PunLADsrrHi., June 81, 1850.

Our Albany correspondence.",The New York herald. [volume] (New York [N.Y.]) 1840-1920
1850-05-30,"Fsilicnslk Concert ~ Wsfiingioa-Ths Barcness q,


hareueriifss end tsr frsf Soirfc - TIE Tsa,t,r


You remember SIR Wiliiss rapturifation Ia behalf Of
al snobdcm. las he himsclf would write ~ over the
arrival q Madame the Baroness de Marguerttes in New
York, aud the uoiiHss moncas which Of our big
snobs and snobbesses got Up give her audiences az
two dollars ticket and on Der aristocratc purse 1t
was understood in New York that the lady was alto
gether too sristocratc TO appear IN public and could
only be heard by the favored few Last nist b uavs
her fret public concert in the Untcd States NJ earn
- 10 small but distinguished audience TO most %
whom she had brought letters Of introduction shei,a
plump. well formed lady and dresses with exausite
taste and In the true Partisan style she wore yellow
satin skirt trimmed TO the waist with dinnu-aso BLACK
lace ouncee very deep az bottom and gradually narrow
ing 20 her beautiful and vouptuous bust whose SPLEEN
did contours set ""a BY network terist q
black bugice Her shoulders are rounded and polished
40 those Of the Venus, aud she has magnincsnt
tbrctt and faultless neck. Her features candid,
frank and pleasing and she opens her mouth prettly
In singing like linnet Her voice u full
prano q good compass, but shsky aud screaming In
the upper register and occasionally hollow and throa-
~ In the lower She sings with little expressions nj.
though the thin audience and the unaccounable cold
ness with which she received evidently deprosse
her spirits and rendered her incapable q doing herself
complete justice. she vocalizes with much facility
and IL altogether pleasing singer.


she bad brought letters 10 several % the leading IA
mules N the metropolis VIE we're present. Otherwise","w,.mSaro,, Sunday, May %, 1850.",The New York herald. [volume] (New York [N.Y.]) 1840-1920
1850-09-27,"Nav YoRK FlREyEN ~ ALRANY. Howard En-.
CINE Company No -, Of New York, arrived int his
city yesterday afternoon, and were received atthe
landinElfrom the Aida, byiDanicl d. Tompkns Com
pany, No. :, and escorted through several of the
streets, 10 their quarters, Stanwix Hall The com.
Tany II composed Of fine look ing set Of men, and
the engine Is OF lhe piano pattern, highly hnishd
end sad iefossess great power. In the evening,
the Fne Department Of the city honored their guests
with an escort by torch light Nearly the whole
strength Of the various fire companies was cont
buied on the occasion AT eight O'Clock, the pro-
cession was formed ut the Hose Depot Ia Hamilton
street, under the charge and direction Of Chief
Engineer James Goold, and Assistants Burdick
and Parker The Howard Company. (the guests)
wss received at Stanwix Hall, and escorted TO iis
place in line, when the entire procession moved
through the several streets The whole population
81 the city seemed poured into the streets through
which the procession passed, and the crowd was
especially great in state street The Fire Depart
ment deserves much credit for the good taste that
presided over this fine scene. Howard Company,
together with Tomphins, No. 3, visited Troy this
afternoon, upon invitation OF the Tro an frrmen.
The visi'ers viii return TO the city OF New York
IN the Ahdt on Friday morning -diba~y Aiias,
spS~.%~ ~.",,The New York herald. [volume] (New York [N.Y.]) 1840-1920
1850-06-21,"Tee and Four Dollars q Day.
70 al nay fellow citsens send this epistle Tree,
Bsst four and twenty aldermen, who wosld not take
- .I.lssd .ssmpsst in teapot"" all for to increase
Ter these city fathers had their eyes pom four dollars
Now instead of being fathers had they little children
Such ntlsnsss had not surprised .ltho' twas very
For first their tea that's good bohsa they battered it
Fer sough for four and twenty tsasust four dollars
day.
But like fish that have been nibbling, sharks I'd
Or like the man that runs that he may fight another
Or else that stolen things sweet not forgot
Ihot get back to tea again with four dollars day
lame excuse than none at ALL is better, I've heard
say
How easy tits to find excuse for four dollars day.
just with city fathers who of can't do without;
Perchsnce it is their mother dear, don't know the
loves are out""
But that they'll be restrained from such bad
IN bet the Mayor that's in the chair will veto such,
say;
Tho they may try their hardest, with spouting get
hope and trust BY all that's just the Mayors the
better horse.o
Bow IL they plead, as case of need it wastes the time
To take their their tea at City Hail. and they don't
like the pay,
Ny kind advice in trce give, that they every day,
Go take their tea along with me, not far across the
way.
Who does not know Dan Sweeney's house, Is igno-
rant, say,
And that he gives good beefsteak, fine coffee, and
strong tay,
Knows very little of this town-so conscrpt fathers
pray
Go there and take your tea longer take the citys
pay.
For bout shilling if you're willing, you can have
good blow out.
If not such you've often had twill not create the
govt;
And il your friends with you, you can pay rom
your purses,
Instead of making others pay well deserving


Al",Tee and Four Dollars . D.v.,The New York herald. [volume] (New York [N.Y.]) 1840-1920
1850-06-17,"NJ.
The cotton market continued drm, with free sales,
at about the advanced current since receipt OF
the late news Flour continued dull, with moderate
demand for the local aud eastern trade; aud sales OF
common, western. and state brands, made ~
about decline OF Ga cents per barrel There NO
change in Canadian ar Southern brands There va
. good demand t""r carn meal for port to the Vest
Inoies Corn duh aud prices inclined to droop
Pork was steady wi'b moderate transactions Bcef
continued dull. Cut meats were without change.
Lard In fair vii sales at full prices Cop
per contin usd hrm aud the market active. Sugar
nrm with fair -rl's full prices Freights
hibited IN erial change.",CITY TRADE REPORT.,The New York herald. [volume] (New York [N.Y.]) 1840-1920
1850-06-24,"The great event Of the opera season, tonight, VIII
draw together fAshiopsbls aud brilliant sudienss
The plot, and . general description OF the music,
already have appeared in eur columns We may, how
ever call attention to the exceedingly powerful array
Of talent which will give strength and scsney to the
work The two ladies who will sustain the female
characters like the original personators in Paris, may
be expected to create great enthusiasm. Aarini Also
viii fill the r5ls Of the celebrated Levasseura bass
singer Of rare pereetion and savi will take Of
one the best characters in the Of Dupres-
that admsble French tenor The talent of the vocal
lists alone in ordinary opera would command extra
ordinary public attention. but this united with an In
creased and powerful orchestra led by Bottesini and
Arditi-the former controlling the orchestra with
his powerful instrument aud thu latter with his vio
lin, always prompt and encient, guiding ala grand
result may Added to this the and
wardrobe will lend their charm to the whole, realizing
the eesis alike, OF Scribe and Aeyerbser. Our ex
peetatons not at high pitch, but believe they
viii be fully met by the representation Strangers
IN town should their seats eAiy Our citizens,


usual have not forgotten to take their places par
tieulsrly many distinguished and fashionable fami
lies TO be present amsng others believe those
Of the Brith Minister and the British Consul Of this
city.",Chs Italian Opera.,The New York herald. [volume] (New York [N.Y.]) 1840-1920
1850-10-20,"SERIOUS RAILROAD ACCIDENT The Boston Bfail
az Friday evening, states that a bad and destruc-
i've accident occurred at Oxford, on the single
irsck of the Norwich and Worcester railroad, on
Thursday afternoon. The express freight train
ircm Norwich for Boston, broke down, and the
heavily laden cars were wrecked and piled up with
Their contents in an entire and ndistingushable
mass. The irsck was alss torn up for some dis
lance, and the damage must be quite heavy. We
learn that no lives were lost Il was found impos-
stole to clear the track time, and The trein for
New York which lett Bostonat halfpast i've L: M,
was obliged 10 stop at Worcester all night. The
usin due from New York was Detained by the
seme csufe.. The Providence Journal contains the
fcllowirg telegraphic dispatch;-


Wotossrrn. Oct. l7-At eve o'clock this arerooon,
the express heieht train from NorEich on the or
wieh and Worcester railroad, OF the track when
about one mile below Oxford The engine and several
ears were badly broken, and Ar. Barton, the engi-
had his legs badly fractured ami his recovery Ia
considered doubtful The Of the accident Is not
known.",,The New York herald. [volume] (New York [N.Y.]) 1840-1920
1850-06-07,"THE EXPLOSION OF THE STEAMBOAT ST.. LOUIS,
ON TIE MIssIssrPPI.-The St. Louis Republicans, OF
the 30lh ult., speaking Of the explosion of the
steamboat St. Louis, near that city, and the loss OF
life, says From what we can ascertain, it appears
that the boat had been into quarantine, and although
having on board between l25 and l30 deck passen-
gers, but six were required to remain in quarantine.
With about 120 deck passengers on board, she left
the quarantine, and proceeded down the stream to
the southern end of the island, with view of
taking the main channel up to the city. While
rounding the island, the extreme starbOard boiler
collapsed the fue fore and aft, dealing death and
injury in uoni directions. Some ::nn;iIty persons,
who were uninjured by the steam, jumped into the
river, of whom it is ascertained that nine were
drowned; the remainder saved themselves by swim
ming to the shore and TO the boat. Upon the decks
seven were killed and weight scalded. Al
though we heard of nine being drowned, and seven
killed on deck, their names we could not ascertain
Seven were OF the crew, and pine deck passengers
When the boat arrived at this port the following
scalded persons were on board, viz -


Severely scalded-Mrs. Upperman and child,
Margaret O'Neal, Bridget Graham, Henrietta De-
John Meth, Christopher Hawk, John Williams,
Peter Starker, James Walker, slave of Mrs.
Mcclure, Harriet Smith, John Smith, Michael
Carpenter, Mary Cortiss. Warren Pratt, Bridget
kilcuand and child, Mrs John Lace, William
Benson, John Milton, Henry Curdy, John Har-
denbarg, Mettis Hof, Patrick Sullivan, and Thos.
Donnelly-in all twenty-eight- Slightly scaded-
Edmund Duan, Maria Wells, John Casey, Thos.





Kelly, Thos. Powers, Ruel Lock, NIichl. Gatterey,
James Fraenus, Jacob Long, Jules Sobrie, Eliza
beth Carley, James Fritts, Thomas Young, Joseph
Grange, Mrs Mary Morris, William Fagin, John
Lace, Louis Tebbe, Patrick Rurl, Mary Levy-in
all twenty-four


The above list of the scalded comprises the
whole number, and we fully satisfied that the
number killed does not exceed that above stated.


AT the time of the accident, Mr.. Geo. Buchanan,
second engineer, was on watch. While the boat
was in quarantine, the doctor was kept working.
and upon leaving il was found the boilers contained
too much water. The engineer raised the mud
valve, and after allowing sufficient to escape,
closed, or thought he closed it; but from some
obstacle or defect il failed to close unbeknown to
the engineer, and the water escaped from the
boiler 10 such an extent TO cause the explosion.
This matter, however, has not been inquired into,
and the cause is merely conjectural. Another
explanation is, that the fues which are unusually
large, and the boat rounded into the main
channel, and struck the fsrce of the current, she
may have careened to the larboard slde and thus
exposed the flues to the effect of the heat and
steam An examination will be made to-day.",,The New York herald.
1850-10-22,"MoNTtEAis, Oct. Ia, lS)o
The Rsgatta-7hs THdpstriol Fdir-Stscpls Cha~,


&c.


This mornings rain made the Strangers and cit
xens Of Montreal unhappy, for 1t threatened to
check the pleasures Of the day, and deny the fair
snes an opportunity Of sporting gay ribbons and
glossy silks. At Roon il was certain that the
weather would be propitious, and forth into the
streets swarmed every man, womaa, and child
who could leave the houses. Religious bazaars,
or rather bazsars with religious object, waylaid
the unwsry, and levied toll upon the pous. The
regatta was the first amusement of the dsy, and
due attention was paid 10 the proceedings BY the
spectators, who collected on the river banks to the
number OF ten Thousand The interest was centred
in the skill race-hat craft being most familiar to
our river races. The struggle was well main
teined, but Montreal was conquered, and the prize
fell to sturdy Upper Canadian.


Returning from the regatta, the streets presented
an aspect Of unwonitd commotion, for priests,
Jesuits and their eleves, squaws and their rinkes
oiicsrs in full dress, and strangers 10 every style
OF equipment, were TO be seen pushing along
,n,1sSeh dhs muddy streets =, toraIds Bonsecours
for the uses Of the Industrial Fair. | thought the
selection OF market place inappropriate; and TN
rooms, though capacious, were sombre, the stair.
cases which led TO them circuitous and dark
The products were placed in enc quarter, the
manufactured goods in the opposite. I NAV
here rtmerk that the press were not invited 10
attend, spd we're, with few exceptions, charged
for sdraissioe. In the next place, they could only
take sste., surrounded aud elhows BY a crowd.
No catalogues were furnished; and many curious
specimens we're TINS upksown to the psblis These
acts 81 stupidity exoussble, ~ the business was
new to most Of the committee. The specimens of
Manufactured oloths, and edged TOOLS were equal
to anything | have eeen in New York, taking
quality for snsty. The gold from the Chaudiers
rsgien was TO be seen in virgin Jumps, and so
hke the Californian, that heard IL so called, in
New Entland tones before the visiier had read the
inscription. Castle Garden, upon superb scale
contained all, asd more thas all, 10 be seeu here:
but the variety Of articles peraded as home manu-
fscture BODIES good for the country. Patent
leather and dressed porpoise skins were novelties
and tobacco pipes, cotton cloths- articles rot
hitherto described rs native labor The rooms felt
close, though they did not contain much above
three Thousand.


Tenenow, the steeple chase Genes %. The
sun to be rup for is one hundred pounds-a tempt
isg belt - the style Of men here who covet such
prizes


The corporsticn gave public dinner They
neglected al FIRST TO send invites to the pres; but
their tickets not ceiling well, they turned liberal,
s.s forwarded printed esrds st5P. M. to dine At
Tie Quebec branch Of the City Bank Loses","Our Canadian Correspondence.

E'IV''I'HtIt N7ttf
The Regatta The THdpstriGL Fdjr-Sisep!s ChaS,",The New York herald. [volume] (New York [N.Y.]) 1840-1920
1850-05-31,"OVER THIRTY PERSONS KILLED.


Sr. LOUIS. May 2s-10P. M.
Another terrible steamboat accident took place this
evening. The steamer St Louis collapsed two hues,
three miles below the city at Quarantine fightful
scene ensued-the shrieks of the wounded and dying
were most heart


Prom all information which could DO gathered in
the confusion, IL appears twenty lives lost,
and fcrty persons wounded. About half the number
Of persons scalded will certainly die The sufferers
were mostly deck passengers. have not as yet been
able to ascertain tho names of those killed. Nine
bodies have been recovered and buried number
were either blown or jumped overheard OF whose
bodies will probably never be recovered Every pos
ble assistance has boon rem dered to the sufferers
The Of lamentabl is not known.
The boat and machinery all new and the OIL
GERS careful and experienced men


Badly Seaidsd.-Cristian Hall John Williams Peter
Hacker, Harriet Smith. John smith, Margaret Corlus
Michael Carpenter, John Lease and wife Mrs Ober
dine and child, Margaret Neal Mrs Hickman. b. Kill
cummn and child and slave belonging to Mr.. Nc
Clure


Among the killed the following Mr. Lerbant,
and Mr.. Plummsr, Of Red River. cabin passenger
but deck at the time OF the accident he also ost
negro servant Mr. Mclaughlin. Of New Orleans, lost
his wife by drowning she had five hundred dollars
about her person


The whole number lost will probably, reach thirty
besides the negro.",Another Fatal Steamboat Explosion.,The New York herald. [volume] (New York [N.Y.]) 1840-1920
1850-06-21,"CUBAN IsvapERs AT Nassau, N. ply an arri-
val at this port yesterday, from Eleuthera, we
put in posse Of file of the Nassau Royai
Go=,tn. The number the 9Th sayss-


Some excitement created ycsterday by the arri-
val in this port 81 sloop boat under the hmsricsn
fng, having on board four persons who supposed
20 be fugitires um the late expedties TO Cuba and
this superstition was confirmed by some conversation
which they held with gentleman who visited the
boat


The boat and crew we're placed under guard, and
the crew. four In number were brought, during the
afternoon, before the police magistrate charge OF
having violated the provisions of the Foreign Enlist
ment Act. They were remsnded until this morning.
when they discharged IL appears that three Of
them we're Americans, and British subject, for
merly resident here.


The vessel was furnished with . regular clearance
and other papers from Key West.",,The New York herald. [volume] (New York [N.Y.]) 1840-1920
1850-07-08,"The cotton market exhibited no change, while the
Gales were somewhat larger than those OF YESTERDAY
The Hour market was mere buoyant owing In put
TO rumors OF breaks en- the Western Canal The
sales however moderate. and chiefly made to the
local and Eastern trade At about yesterday quota
tons Canadian was In demand for export, without
change in quotations Southern -four was some bet
ter while sales were comparatively light Wheat was
quiet, but hrm, Corn was held Mt hrmer rates and
SALES we're made ut advance OF about bus
Tor mixed and fiat yellow Western. There
round yellow Offering, which would also have COM
mai dtd better price. Pork continued about the
sane, with n fair amount Of sales Beef continued
firm. Cut meats were In moderate request. with sales
of bans 1T prices given belo~ Lard steady with
small sales Coffee sas steady, with small sairs
OF Java and ~ Domingo Sugars aud molasses
quiet, and hclders firm",CITa TRADE REPunr.,The New York herald. [volume] (New York [N.Y.]) 1840-1920
1850-01-24,"BUn,rss ov Nsw Yesx rosr orricr tn, 70.
Man - The mail by the steamship Canada
which left this pert for Liverpool yesterday consisted
of sty hsussbd three hundred aud sixty letters
they lumber Of newspapers was beyond count Ofth.st
tsrs twenty eve thousand msled aud patched
between niue and half past ten oclosk yesterday The
zane vessel brought to this country fortyrine thos
tsnd letters These statements give idea OF the
inmsnse quantity Of business transacted IN the New
YoIk post Office but II must he rscoectej that thi,
steamship bnsinsss Is but tnsll fraction Of what
Gone in Tat ,nice, ssd at ts tine Of the year 10 .
Tuisimsd but cues 10 every two sseks. ASS genersl
,hlrr eny ihcuAnd letter. and hiudssd sad six.


teen thousand newspapers, pass through NE NsE Yofs
pest Zee every day, exclusive e the forsien nail",,The New York herald. [volume] (New York [N.Y.]) 1840-1920
1850-08-10,"NAsHiNcToN, August y. 1880.
few days rince, four male slaves, belonging to
Messrs St. ph,ns and Toombs were missing, and had
been concealed by soolitionists until last evening,
when effort made to carry them OF


The police having got wind Of the movement over
took the carriage containing the slaves and i've men,
four miles from the city.


The party in the carriage fred at their pursuers,
which returned. and two men we're badly injured
The capture was finally made Of the whole party,
with the exception Of one slave Of Toombs, who
.tcsped


The hack driver and persons In charge together
with the three slaves have been committed % pri-0n
Cbipmsn from Philadelphia l. III. name Of the
white man arrested IN running of with the negroes
lie fred the fret ball ut the officers and wounded
OF them eighty. The fire returned by several n
fctrs engaged IN the capture black man named
1lanis. arrested accessory Tue capture
MADE near silver Spring Bair's Farm by Capt
Goddard and police cfhcers Woodland Handy and
affair",,The New York herald. [volume] (New York [N.Y.]) 1840-1920
1850-11-05,"IMPORTANT FROM NIcARAeUA.-The schooner
Maria, Captain Greenleaf, arrived on Sunday from
San Juan Nicaragua, brings US information of the
arrest of Capt Ellery, of the steamer Orus, from
New York.


1t appears that difficulty occurred between
Capt. Ellery and the police, who went into the
Captains private room, while he was engaged in
paying some OF his crew, in search of some DESERT
ers from British man-of war lying at San Juan.
Ike result was the arrest and Imprisonment of
Capt. Ellery and his mate.


After hearing before justice, the mate was
discharged, but the captain was reminded for
further hearing. The particulars of the difficulty
are not stated


river waiting to cross the bar.",,The New York herald. [volume] (New York [N.Y.]) 1840-1920
1850-05-17,"PREPARATIONS To GIVE THE INVADERS WARM RI


CErrIoS-TnE CHOLERA, ETC.


Bosroy, May Cox PM
We have received private advices in this city which
although later than brought 10y the steamer Isabel
possess great interest especially to those who may
have friends engaged in attempt to invade the
island Of Cuba private letter from Havana, dated
the sth inst states that the Spanish authorities
fully prepared and waiting to give the invaders hearty
reception with powder and ball. Spanish cruisers
were lowering about the coast in all directions.
The deaths by cholera ut Havana for the week end
ing May sth averaged ~ per day.",Important from Havana.,The New York herald.
1850-05-24,"GREAT DESTRUCTION PRoPERTY-sEvERAL PER-


SONS MISSING.


MEMPHIS, Tenn, May % 1850.
The steamboat Constitution, from st. Louis for New
Orleans about eight o'clock last evening"" caught fire
wharf and totally consumed, together with
her cargo, which consisted of cattle, tobacco -four
corn bacon lard hemp oats, beef &c. The wharf and
ferry boat also consumed and the fire spread
with such rapidity, that books papers and money
boai the Constitution destroyed The keeper
aud several others are missing The flames
d, in lhe vicinity Of the vessel a. to exclude tho
hope of rescuing those on board. There fifty
head Of cattle on board of which nine only succeeded
in making their escape


The total loss of property by this calamity will not
fall far short of 100000 The ferry boat Insured
for $1,000. The steamer and cargo luod at
SIS COO, and insured for S150O0",Steam boat Burned.,The New York herald.
1850-04-15,"RARNUMs MUSEUM, PDILADELPHIA.-P. T. BAR


ID Proprietor and Manager Henry Sandford Assistant
Manager THE GAMBtER new moral s and domestic prama
Philadelphia and designed for companion piece to the
Drunkard, will be produced Monday evening and
sned every night this week This piece withdrawn


the wofod purpose Of allowing Miss Mary Taylor to appear
in New York. and to make emendatons add
ton and which greatly enhance its interest and
effect Grand performances every Afternoon Fsrces and
Petit Dramas Ballads and Fancy Dances and the masnn
number C0 the chcisesv in the world Wednesday
ming Benefit Of J. Hall Robinson. Admitanec, cents
Children under 10 years. l2l, cents",AMUsEMENTs IN PHILADELPHIA.,The New York herald.
1850-09-02,"The American mail steamship Atlantic Cap
tain James West, arrived at her wharf at halt-past
one O'Clock yesterday afternoon. She left Liverpool
at halfpast eleven o'clock on Wednesday morn
ing, the 2lst ut, and has, therefore, made the
passage, from wharf to wharf, in eleven days and
two hours.


She had very severe weather. and head winds, for
five days after leaving Liverpool. Ga the third
day she experienced tremendous westerly gale
the severest che ever met with. During the last
six days she had favorable winds and weather. and
made over three hundred miles every twenty-four
hours. Her highest speed ,cas three hundred and
:wenty-three miles in one day.


The Atlantic comes crowded with cabin passen-
gers. Among them is Jenny Lind, the Swedish
Nightingale. II IVES with the utmost difficulty
that the Nightingale made her way to the At
lantic, SO great was the crowd in Liverpool to
get a parting sight of her sweet and benevo-
lent features and it would have been i'm
possible to lave got her on board, wer
not that Messrs. Brown, Shpley u ! engaged
steam tender for her exclusive use. She
was very popular with all on board, aud made
herself extremely agreeable. She danced and
sang almost every evening, and enjoyed herself
very much. She gave a concert for the benefit
of the sailors, which realized the handsome sum
. Of seventy pounds sterling.


The widest enthusiasm prevailed on her land
ing at the foot of Canal street. Thousands had
copgregated there TO see her. They followed her
carriage in throngs to the Irving House. She ap-
peared several times at the window, and bowed
20 the people. She seemed delighted with every
thing around her.


<x.I Il. of","DOUBLE SHEET.
NEWS FROM EUROPE.


N~>~>~~~~~~~~~~~~~o-~


ARRlv Al
AMERICAN STEAMSHIP ATLANTIC.


~>~~~>~-~~~>~~~~~c~~~~~
-FOUR D a z 3 L a = Il r.
ANOTHER DECLINE IN COTTON
ACKNOWLEDGEMENTS
ARRIVAL OF JENNY LIND.


~~>~~~~>>~>>>~~~~>~~
Tho Swedish Nightingale, Ashore and AflOat.


~~--r1~oo~o-~o--~@o~>~r~N
tremendous Excitement in Liverpool


and New York.


s~~o.~~>~~>~~->>~~~~~~~
THE LEGITIMlST CONGRESS- AT WIESBADEN
,~~~~>~N~~~~~~~>~~~~O~~
Important Movements In Spain
Relative to Cuba,

ANOTHER DECLINE COTTON

ARRIVAL OF JENNY LIND.

The Swedish Nightingale, Ashore and AflOat.

tremendous Excitement in Liverpool


and New York.

THE lEGTIMlST CONGRESS- At WIESBADEN

Important Movements In Spain
Relative to Cuba,


&c NC. &c",The New York herald. [volume] (New York [N.Y.]) 1840-1920
1850-05-31,"RAKNUMS LANCASHIRE BELL RINGERS, At TIE
- Chinese Buildings, No $50 Broadway.rhis talented
band Of performers whose entertainments during the past
weeks have been greeted with crowded
bounded applause will again evening this week.
commencing Monday May th at o'clock, and ON Wednes
and Saturday afternoons at o'clock Their novel


rmances far excel anything of the kind before Wit
messed by American audience. Their music, beay pro-
euoed by the of twentyfour bells lime viz four
70 each man. produces IN effect at enee and
chanting They variety Of popular marches
waltzss quadres pokas national airs Ethiopian melodies
and select pieces from the celebrated operas with har
and deeaey of tone which the


In conjunction with the Bell Ringers will appear those


talented vocas Miss Lese and Mr. Harrison the former
in variety Of popular and the ecveral comic
melodies aud improvisaory illusions Admission, -
children under 10, half price.","l LA,MUAsMdHE E., BEL ELL kaNoERs AZ TIE",The New York herald. [volume] (New York [N.Y.]) 1840-1920
1850-08-23,"WHY SO OFTEN UNHAPPY.


THE CAUSES AND THE REMEDY.
MAEr AND MANY WIPE ENDUREs YEARS OF
v1 bodily suffering snc OF mental anguish and
helpless sbtering her life that Of her husband and haz
ardng she future welfare of her children arising
which, would the suffering the
TO the wife and 20 the husband aud
difficulties having their origin in the mind being weighed
Down and harrsses in Of the sickness 81 the
companion Of his bosom.


How portapt that the should be known
wife, 20 husband, that the dreadful and narrowing
the health and happiness of both
avodd Life 10 too short aud health too precious admit
portion OF the 60 be without the full snjsy
ment 81 the other The timely Possession OF little work
entitled follows has been the 81 saving the health
and the life Of thousands, as over


TWO HUNDRED THOUSAND
copies have sold since the edition
The thor has been induced advertise
and Of those who have been indebted TO m
publication for all they hold dear THAT all have
porunity fobsinns and who have favored him with
ousaDd Of letters enoomum Of which sunexeA
TO the Advertisement","TIE NEW TERRITORIES.

MEDICAL.


MARRlAGEt
-HN so OFTEN PPY",The New York herald. [volume] (New York [N.Y.]) 1840-1920
1850-08-01,"WEDNESDAY, July 3l-9 A. NJ (
The Canada, Capt. Harrison, with l25 through pas
sesgers arrived at o'clock and sailed New York
at nine o'clock, with moderate southeast wind The
Canada reports very rough passage, with q sue
cession Of heavy gales She sailed from Liverpool at
q half past three o'clock.


The steamer from Bermuda has arrived


Gotten advanced ga Nd Sales Ill 900 bales
Spectators took $4,000. exporters 10000. Fair New
Orleans, 81. Market closed quiet.


The Pacific arrived at Liverpool at half past Eve on
""wednesday morning. in aud half days following
8 1or differences in time) from New York.


The Cambria arrived the day previous in thirteen
days from New York.


The overland mail has arrived with two weeks later
advices from India and China


The commercial treaty between China and the United
: States had not been concluded


Little doubt exists but that hostiites have ere this
actually commenced between Denmark and the
Duchies II important results likely ensue
large Russian feet is of the coast fer the avowed
purpose Of giving the Danes all the assistance they
may require.


The Cupard company have determined to commence
line OF screw steamers OF great size ard power for
the conveyance OF goods aud passengers between Ii
verpool and New York. The line will be wholly
independent Of their present line.","ONE W u = II L A r = n
ALL PARTS OF EUROPE.
ARRIv AL
STEAMSHIP CANADA, AT HALIFAX.
>>~~~~~~>>~~~~~>~>~~>~o-


TELE GRAPHIC
NUa Scotia, New Brunswick. and Maine Lines,
TO POR TLAND,


THENCE OVER
BANS MERCBANTs' TELEGRAPH,
NEW YORK. HERALD.


~~~~~~~~D>,~~~~~>~~>>->
ARRIVAL OF THR PACIFIC AT LIVERPOOL.
>~ON>N~~~o-~~~~>~~~>~
ACC0tsHEnENT OF The QUEEN OF SPAIN.


>>~~>>~~~~~-~~~>>~~~~~~~
Death Of the Infant.


>-D~~~~>~~~>>~~>>~~>~>.~~
WAR BETWEEN DENMARK AND THE DUCHIES.
~>>~->1>>0~>~~>>~oD>>c>>~
ADVANCE I'm COTTON,


&c, &c, &c.

ADVANCE I'M COTTON,

HALIFAX TELEasArH ovrIcE,",The New York herald. [volume] (New York [N.Y.]) 1840-1920
1850-08-01,"BgFFALo, July 81, 1880
Another steamboat explosion has taken place. We
learn by despatch from EIie that the steamer Ame-
RIGA, from sandusty for this port burst pipe
drum about o'clock, of Barcolons, and was towed
into Erie by the Alabama. One of the engineers and
two other persons killed, and many others badly
scaldsd, two of whom have since died. One person
found dead under the era nix. The decks Of the
boat are torn up and badly shattered.


SECOND DESPATCH.


BUFFALO, July 81, 1850.
We have just received the following list of the wound
ed far ascsrtained by the accident Of the America
last night. There others whose
BILE to learn. There twenty. seven injured OF
whom nine are dead and six eight badly, perhaps
MORALLY wounded.


Michael nsSgerty, Buffalo badly
Michael 0'Connor. Providence, badly.
Patrick Welsh Buffalo badly.
William p. Bennett. Ballston Springs. slightly.
J. ii stsnclif. Middleton Conn, badly.
Patrick Hoatley. very badly.
Archibald Lindsay, Michigan, badly.
Jerry OConnor, wife and five children-wife and two
children badly


Timothy Lucel badly.
Thomas Plumber, Buffalo, badly.
Patrick Henley, Buffalo badly.",,The New York herald. [volume] (New York [N.Y.]) 1840-1920
1850-09-21,"Lewis Lent the celebrated equestrian who
from San Francisco with broken constitution in de-
cline his learned advisers told him. DIR X took the
In hand, and in less than month he considered himself
trely well This medicine nstures remedy prepared
from vegetables for internal well external 1t
directly upon the diseased part giving health and strength
IL Is cure for diarrhwa cramps bilious choc cholera
and all diseases of the kuies and weakness male %
male Sod in large bottles each at 46 Broad
Call and the doctor and bis astounding and refer


enees. Sold also Hyatts Life Balsam, billiards Wild
Cherry Bitters, Sands and s. p Townsends Satsapaga
Hutchngs Dyspepsia Bitters Dr. X. will


the hair and disease. Don't fail to call and",DR.. KeIIinger's wonderruI cure OF Mr..,The New York herald.
1850-07-15,"NEW YORK, JULY 49, 1850. AT MEETING, HELD
IN board bark Charlotte Harrison arrived at this
port from Greenock last evening"" Mr. Wngate having taken


the chair at the general and his thanks
for the honor conferred young lady read the
following address to Captain Archibald Mcintyre the
der Of the bark:


Srwe the in bark. feel that cannot
let this opportunity without public
our hearte respect for yopr conduct commander
% vessel admiration fer the OF your dis
pine ing attention to the ccanlness Of the
chip and determination t. have oil deck fire.
quently consistent with safety To these
and 20 the excellent quality Of provisions
WINGED that indebted, under divine providence for
the enjoyment of health during the voyage We must also
that and fostering Kindness all
Illness calf admiration and gratitude Your bany
and attention in all mark gentleman the
widest Of the word. In with this te t
Of regard permit say, the value
HANGED by the number
gft and sincere wish for welfare and future
happiness and that merits chip
come more known, and more extensively appreciated""


Captain McIntyre was then presented with handsome
Dressing Case Writing Deck; and subsequently,
young lady With neat address presented Mr. Geme
officer Of the bark with handsome silver chain
young lady in HE manner presented Mr. Harry Clark
second officer with pencil case.",,The New York herald. [volume] (New York [N.Y.]) 1840-1920
1850-05-29,"- Chinese Buiidnrs No. $50 Broaiwsy--This talented
ban ~ performer whose entertainments during the past
two weeks, have been with crowded and
bounded applause will again evening this week.
commencing Monday May eth at o'clock and wednes
day and Saturday afternoons at o'clock. Their


rmasces far excel anything Of the kind before wit
messed ty American audience Their music being
sueed by the use Of bells at lime viz fsur
10 each produces effect astonishing
chanting They execute variety popular narchea
w,7e quadrlles Ioiiss national airs Ethiopian
and select pieces fro the celebrated operas
and deescy Of tone which creates the greatest
In with the Bell Ringers win appear
talented voealst Miss Leslie and Mr. Harrison the former
in variety 81 popular and the latter several comic
melodies and improvitst0ry illusions Admission, q
children under 10. half price.","OLrNrIo-rIEncEs an,sraEl.s-rnE oaIoINAI

RtRsN,JMs, LhiNcAsnlsE BELL RINGERS. AT TIM",The New York herald. [volume] (New York [N.Y.]) 1840-1920
1850-06-04,"Sr. Louis, June 1880
Recent adviees hom Council Bluffs state that the
California emigrants at st. Joseph, Kanesvine, and
other points, had. with few exceptions, efS for the
Plains


The nrst Mormon train consisting Of 100 wagons and
between 600 and 500 persons, would leave Kanssvils
for Salt Lake, about the LIST. inst.
Alarming reports, relative to small pox and cholera
almost daily reached the frontier and the small towns
from the emgrants on the Plains These reports were
mostly brought In by emigrants who were returning
discouraged, and were not generally believed.
party Of six enigrsns, recestly returned report
that all Of SullivSns company from Brunswick, with
tho exception of three, had fallen victims to the
cholera


$50 miles and always In sig bit each other Grass
and water were quite abundant.
On the 9th ultimo Kanesvlle and Its vicinity vere
visited by tremendous storm which unroofed several
houses, and did much injury To the timber Rortu-
nately the crops not suc cently advanced to su
er, and no lives lost.",,The New York herald. [volume] (New York [N.Y.]) 1840-1920
1850-09-03,"AND TWENTY-FIVE INDIANS.


From the Corpus Christi Valley Aug


We are again called upon to record one OF the most
melancholy aBd unfortunate occurrences that has
taken place for some time this frontier Three
young men, Alfred Mel, jobs wilibarger and Dock
sullivan. members Of Captain ford's company on
Tuesday last we're attacked by twenty dvc Indians In
the open prairie the side OF the Santa erudes
sixty miles rom corpus christi Ihey wers returning
they encountered the Indiana The follosing
Account has been communicated by Mr. Mel,
the only Of the three who escspej aud
who is nov lying dangerously wounded. having
been shot through the left lung With pistol bail be.
sides being pierced With six arrows. IL sppcaS from
his account Of this melancholy aGair that they
riding along the road when the Indians charged upon
them. They dismounted and prepared to dsfeDd them
selves The Indians rushed upon them and shot suli.
vans horse at . distance Of one hundred aud nfty
yards Another shot passed through he body Of Suli
van near the heart who remarked that be YES dead
and laid down The Indians thu being despatch
ed him by shooting him throuf the head with
Nel and Wibarger finding further resistance useless
saving their lives except by fight. mounted their
horses and endeavored 20 escape. The Indians
eloee upoa them, and dashed after Whbarger who
went In direction while Mel took another II being
Impossible for them TO keep together ss they In
the midst Of Indians The Last our informant o.
Mr. wbargsr he was hotiy pursusd aud there IL very
little doubt but that be vas overtaken and Killed az
nothing has been hard Of him since. Another
party q indians pursued Neil who had not reached
over three hundred yards when they wounded
his horse This csusei The animal to pitch aud plunge
and himself being wounded by an suo~. dis
mounted. An inaian W anu shot n IN through
the body with large holster pistol lie tainted aud
fell The indians stripped him aud pierced his body
with several srrows and left him for dead In this
situation be remained immovsble Tor some time; but
recovering and finding hmself able TO rise although
weak from the less OF blood he his SAY into the
tsmenn This IL Of the remarkable escapes on
record That after receiving elk wounds IN his
body. and large bullet hole through hts left lung.
Just above the heart thsuld be able 20 travel sixty
miles during this weather. without any nosrsh
ment. and perfectly naked Ills situstcn "" prccs.
rous yet hopes entertained of his recovery These
af..AA ~. g.. a
have been In frequent actions with Indians They wers
ell With Capt Ford In his recent engagements an
frontier Their death will be sincerely regret-d BY rsose
Who tnew them. Dock sullivan Of the bay
who accom- MED the memorable MGR expedi,i On
suffered With his companions In the dur icons OF
Mexico. Their long experience IN indian vsrfss
chance for escaping the consequences - this m.ian.
choly event II y possible, though aot very likely
badly wounded and there No tors am Dag hs ftIend
cor his safety","

NFLiCT BETWEEN THREE Oh CArrAIs roRD's MKN


IWrxrv.Eft-E",The New York herald. [volume] (New York [N.Y.]) 1840-1920
1850-01-21,"BY HENRY M. SMITH.
love my country's pine clad hills,
Her thousand bright and gushing rills,
Her sunshine and her Storm
Her rough and rugged rocks, that rear
Their hoary heads high in the air,


In wild fantastic form.
love her rivers deep and wide,
And those bright streams that seward glide,
To seek the oceans breast;
Her smiling fields, her fertile wales,
Her shady dells, her pleasant dales,


Her haunts Of peaceful rest.
| love the forest dark and lone,
For there the wild birds merry tone
ls heard from morn till nights
And there are lovelier flowers | ween,
Than eer 10 eastern lands were seen,
In varied colors bright.
Her forests and her valleys fair,
Her flowers that scent the morning air,
Have all their charms for me;
But more | love my country's name,
Thore words that echo jestblsss fame,
And sound from sea to sea",MY Country.,The New York herald. [volume] (New York [N.Y.]) 1840-1920
1850-12-31,"WINTER PAssAeEs AcRoss THE ATLANTIC. The
severe weather, and strong north and northwest
winds that have prevailed for some time past, have
hadthe effect oflengthening the passages OF vessels
from Europe to a very great extent. Steamships,
as well as those vessels entirely Dependent on
favorable wind Cor reaching their various destina-
tions, have also been greatly delayed. The few
sailing vessels that have arrived lately from Eu-
rope, have all had long passages, ranging from
fifty to seventy days from Liverpool. AS must be
expected, there are great many European packets
due. The pocket ship Splendid"" arrived ye ster-
day from Havre, after boisterous passage Of over
sixty dsys, and many Of those now due will be
lucky II they make their voysges within that time
We believe that there are about fifteen packets
due rom Liverpool.",,The New York herald.
1850-05-27,"We regret 10 learn that on the stansaus there has
ject the Sccton T,s gives the particulars


friend nom the mines has favored US with the par


cusrs Of depiorabe event which took place recently
on the upper stanslaus. Some six weeks since, one
William Hunter and another man. residing at Carson
Greek pure hasedt two mules from named Parkno,
ed them TO near an Indian ranche. where they
Indian and boy who told them the mulcs at the
rancho, aud that Parkno was there also. when within
loo yards % the rancho the Indian started TO run
Hunter Immediately shot him, and then knoc ked down
the hoy, and would havs killed him, but for his com
psnion body Of Indians nred upon them With
rows but they escaped unhurt. The Indians after.
wards had talk, and all agreed 10 let the matter
rest But notrith.ianaing this Hunter .as after.
his mule In Indian scslps which unfortunately reach
ed the Of the Indian and hence probably occurred
the catastrophe which followed Not long subsequent
20 thi. event party Of twelve consisting of Uunter
his brother v. h. Hosknson J. Shelton NJ y. Cottrel
prospecting tour among the forks Of the upper stanis
lsus The party separated. Hunter, his brother Hos
kinson, shelton and Cottrel In one party-the other
narrow part IN. former party suddenly as.ssd By
n shower Of arrows aud Hunter and his brothers fell


mortaIly wounded. Hoskinson aud Cottren made
rush Tor an opening where the Indians would not be
likely 10 sttack them shelton seeing his compsni0us
fall stood by until told by them 70 save himself pos
sible that they we're dying-shelton left them, not,
however, un t the Indians commenced throwing down
rocks, one OF which struck enc OF the dying men.
MELTON, stsr much fatigue ana ssasIlns, resensa dr.
Greek Strange TO say although the arrows fell thick
around him he untouched lie fred several times,
and thinks he brought down two three Indians.
Osborn and Parker their party slso attacked
but All escaped with the exception Of Parker. who was


struck by an srrow which, but for his shoulder blade,
might have proved mortal. Hoskinson, OF Hunters
party vs wounded the feshy part OF the hip By an
arrow. Hunter and his brother were killed about
twenty miles sbovs Pass te Pine


Since the above occurrence. a trader at tCarson's
while bringing In part Of beef had one quarter stolen
beef killed vss grossly fnsuited By the In slans
and one Of them proceeded 70 drav his bow upon him
when matter OF safety he shot him downs thing
hly fuetffable",,The New York herald. [volume] (New York [N.Y.]) 1840-1920
1850-11-18,"NOR LIvERPO@L-UNITED STATES NAIL STEAM
IL ship ATLANTIC, Capt Jas west-Ths steamship will
depart with the mails for Europe, positively, Sasur
dy the k of csmber At IL o'clock M from her BERTH 81
the foot of Canal street. No berth secured until paid fer
All letters must through the Post once Fer freight
pasrsgehaving unequaed accommodations for elegance


EDw'D. K. COLLINS Sc Wall street.
The steamer PACIFIC will succeed the ATLANTIC, and
sail December 2lst.


TINTED STATES NAIL STEAMERS BETWEEN NEW
"" York and Lverpool.-The chips composing this line
the following


ATLANTIC Captain West BALTIC. Captain Comstock
PACIFIC, Captain Nye. ADRIATIC Capt. Grafton.
ARCTIC Capt ain Luce.


These ships having but by expressly
service has been taken in their
also In their engines to strength and
speed; and their for
qualied for elegance oomfort.


Price Of passage from New York Liverpool $780, exclu
sve Of extra size state tSzS; from Liverpool
New York ED.


After the first Of April next the rate Of freight by the
from Liverpool will be materially redu
experienced surgeon will be attached ship.
. No berths secured until paid for.


The these ships will not be table for god
diver bullion specie jewelry precious stone: or metsh
unless bills Of adnR signed therefor, and the value
thereof therein expressed.",SIiIPPING.,The New York herald. [volume] (New York [N.Y.]) 1840-1920
1850-09-15,"The FGEaiEN AND TIE CORPORATION JOINING
JouRNALs.-Several of the journals that have
been purchased by the Corporation--some for
two Thousand dollars year, and some for one
thousend-have been very chary, for some time past,
about referring to the charges made against the
Corporation, by The Chief Engineer for malfea-
sance in office; but they are now plucking up
little courage. AS the jobs of the Corporation in
crease, the courage of those journals increases
with them, 10 attack the fremen, and do every
thing TO njure those worthy and generous citizens
The sun sneakingly published, yesterday, an at
tack on the Chief Engineer for the charges which
he mace against the Common Council--svery one
OF which can be proved-as return for the two
thousand dollars which it receives from the Corpo
ration. The Tribune and other journals say but
little or nothing, but admit communications against
the fremen into their columns. The iremen of
New York need expec: nothing from the Corpora
ton bacGmail journals, which have been bought
by the Common Council, like cattle ia the market
at so much per year There il no danger, how.
ever, but that public sentiment will support the
fremen against the presen, base, corrupt, and i'm
beetle Common Council and oil their bla ckmail
organs.",,The New York herald. [volume] (New York [N.Y.]) 1840-1920
1850-08-09,"GHfLADFlPulA August o, 1907.
Funeral Of Com. Jo'e.- The B'Ookiyn Glard'-Tts


Cape BGy Di6ictliies--.1 Church SuEk- MoneV Mat
tiers, &c.


The funeral obsoqulcs Of Commodore Jones took
place yesterday Afternoon The ceremonies were of
the most imposing character Notwithstanding the
heat of the weather. there large attendance of
the military, including the Continental Guards of
Brooklyn. The pail bearers were Com Stewart. Com.
Read, Captains Henry ana Lavalette, Com uull and
Gen Bennett. Three clergymen OF the Episcopal
Church ofloated The bier was borne by sailors be-
longing TO the navy. \ company Of regular troops
fired the usual salute over the grave.


The Brooklyn Guards took their departure for home
in the O'Clock train this morning They escor-
ted TO the wharf by Captain Frizs company, and left
amid the prolonged cheers Of the crowd who had col
lected there TO pay their parting respects to
pany which the city Of churches may well be proud
The season at Cape May is the turn and visiters
have assurance that they be both
fed and lodged after fashion. AS you may have per
-ceived from the Baltimore and Philadelphia papers,
there have been serious difficulties at the Atlantic
Hotel between some Southern gentlemen nd the wal.
tiers OF that establishment but no two accounts
agree. No doubt the dsrkies were impudent. and
Southern blood. as usual, hasty but collision
between guests and servants could take place
in a respectable, well regulated hotel. Think of a
waiter at the Astor, or Irving, abusing white trash""
for having the impudence TO ask for larger slice Of
beef SC Such occurrences have taken place at Cape
May, and will take place again, unless the landlords
neecing their bosrders which process is generally
submitted 20 through fear of nattention insoence
The floating chapel Of the Redeemer ut the foot of
Spruce street. sprung asak yesterday and sunk until
her keels rested on the bottom at the dock Active
preparations are making to float the chapel again.


The hotels keep full. and Market street, within a
few days. has shown some signs Of life. heavy fall
buriness IL not anticip atcd


The stock market vas quite lively to-day, closing
after several fluctuations small advance yes
tsrday's prices Money IL more in demand and the
fall business sets in the rates must increase Texas
treasury notes nomnay held at about 90 cents in
the dollar but let any purchasers make their appear
anee in the market and prices would rise TO high
water mark. Holders quite confident that
they see the promised land",Our Philadelphia correspondence.,The New York herald. [volume] (New York [N.Y.]) 1840-1920
1850-04-12,"Bee. SO TO 46-Regarding the money of passenger and
freight trains. regulation of track. engineers sc


SEC Accompany not Liable for passengers injured
while on platform of any other in viola
ton Of printed regulations Of the company conspIou
ously posted provided the company furnish sufficient
room nfide the passengers cars.


See ~ Company must, within two years after filing
Its articles Of association begin the construction and
expcnd ten per cent Of its capital and the road Is
not fnfhed and in operation within ave years Its
porate existence and powers shall cease.


See. As Right Of Legislature to annul dissolve
any corporations formed under this act.


See ~ and 5o-An existing railroad corporations
within this State shall have and possess all the pow
ers and privileges contained In this act.


See. 6l-Nothne In this act contained shall autho-
rise permit the New York and Erie Railroad Com
papy 10 ndon the Of their road In the county
Of Rockland east Of Sunern's depot.


Sec 52-- This act shall take effect imme ediatcly.",,The New York herald.
1850-12-16,"GALE ON LAKE MICHIGAN DESTRUCTION OF
STEAMBOATS, AND SBIPPINa.-We have Just heard
from the steamer A. d. Patcbn, TO the effect that
che is total wreck, and that the Lexington, which
has been 10 her assistance for the past two weeks
has been driven ashore. The gale, which has con-
tnued with undated fury for the week past, and is
now raging with great power, has resulted in i'm
mense damage to the shipping in this harbor aud
on Lake Michigan. To-day, we hear of the pro-
being ashore off Bois Blanc. The large schooner
Constellation came ashore in this harbor not Two
hours ago. The light ship snd schooner Madeline
were driven eshore last week, aud are being badly
stove. Detroit Tribune, Dec 9.",,The New York herald. [volume] (New York [N.Y.]) 1840-1920
1850-04-15,"SUNDAY. April 14th-6P.M.


The stock market closed yesterday duh and dcprcs.
ed. Notwithstanding the abundance aud cheapne-sof
money, prices with difficulty sustained The fact
is operators in fancy stocks have no spirit aud verv
little confidence They do take hold with so much
energy in times past; and they operate with fear aud
trembling We have never known such things
In the stock market II Is impossible TO tell what a
day may bring forth The advance In most OF tho fan
ccs has been enormous and very few Of those holding
these unguarsntied securities appear to have tho.
slightest idea OF the extent Of the advance already re-
allied. fthey would reflect moment aud figure nm
the difference In prices now, compared with those cur
rent few weeks since they would he astouisbed nc
the rise, and no doubt soon realize There are many
who have lately purchased fancies at prices above
those now ruling. who anxiousy looking for an i'm
provemcnt sufficient TO enable them 10 get but those
who can make profit any stocks they may hold at
prcsont prices and fail to will regre,n There
has been very little variation in prices within the past
two weeks and the market has been hanging nv tho
smallest thread Prices have reached their minating
point, aud they probably will remain quiet for somo
days before the downward movement commences. Tho
advance thus FAR realized has the interest ac
count rapidly and IL Is difficult 10 carry the
cies nov. than when they ruled forty arly and
sixty per cent lower. This difference will soon tell
against holders and may force upon the market largo
quantities Of stock Outsiders do not like 20 hold anv
fancy stock long, they fond ofrcqucnt and
II they fail to make profit one they scll out ana
try their luck In another In this way they generally
lose all the capital employed in such spccuIafiops
leave the street completely pluckcd Of their fleece and
give way for others who have propensity for prae-
Using the game The bears are looking on with
the most perfect indifference but they will not lct tho
hrst oPrortun pass to enter the market great force
The course pursued ny the bears during the past two
months must ultimately tell prices by reducing the
demand for the neies and destroying the market for
such securities IL Is our impression that from this
time forward the fsncies will steadily dcprceintc and
in few weeks reach the points from which the rise
commenced.


Tho annexed statement exhibits tho prices current
in this market for the principal speculative stocks for
each day Of the past week, aud at the close If the
week previous II viii be that prices have been
pretty uniform throughout =


QvorArroNs FoR r,,r PRIxcnaL srocKs IN nus Wv","NJ q n K "" M ARK EFT.",The New York herald. [volume] (New York [N.Y.]) 1840-1920
1850-05-24,"ANOTHER SERIOUS ACCIDENT ON THE NORWICH
AND WORCESTER ENTHUSIASTICALLY morning,
at New Worcester, about six miles from Worcester
city, one of the wheels of the hind truck of the
cond class car of the Norwich and Worcester train,
broke causing the car the last of the train, TO Zip
over, in consequence ofwhich the following persons
were injured-some severely, and others slightly
Jas. Blue, (colored) several bad cuts in the head
considered to be the most seriously injured Kitty
Woods, badly hurt in the head; Margaret Farm
stock, head and shoulders-considered to be the
second most seriously injured; John Hines, head
and shoulder, severely; Robert Gay, head and
following were miscellaneous, but slight:-Ellen
Donnelly, Sarah Vrance Hannah Sproule, Elvira
Sproule, William Wood, Patrick Cochran, John
Doyle, James M'kennan, Michael Donnelly,
John Welsh, and Charles Colbum, (colored.)
There were some fears yesterday that the injuries
received by Blue and Mrs. Farnstock might prove
fatal. The train was detained some twenty mi
nutes by the accident. AT Worcester, the wounded
received all the professional aid their cases admit
ted Of The capsZed car was drawn several yards
before the train separated and ran ahead. The
brakeman, Brady, received some injury in endea-
voiing to cast the car loose. The car itself, and
the tracks were, so much broken by the turn
and dragging, as to be unfit for further use. The
wounded passengers were taken into the FIRST class
GERS That the accident did not prove instantly ia
car, after being disengaged froIl the tran rolled
into some water, and the passengers were all
thrown into heap, and the stove, in which was
tire, fell among them, scaldng three or four.
After the parted train had been brought back, great
difficulty found in opening the door of the car,
and separating the mingled mass of broken seats
aud human beings.-Boston Post, May 20.",,The New York herald. [volume] (New York [N.Y.]) 1840-1920
1850-05-24,"SAL Hunter viii forfeit any sum- IL failing 20 cure
that under his Row long
standing saetng Patients invited 20 his Dspen
Strangers others who have been unfortunate in the
His great remedy Hunters Red Dropthat troubles the
quack doctors muchcures like magic in venerca diseases
Price Dollar. Read and RehectThe afflicted would do
we'll reflect before trusting their health, harpise and
In many their lives In the hands Of physicians gno
venereal and mercurial diseases IL 10 certainly inn
possible for man understand all the ills the human
family subject DR. Hunter IL known be the
successful practitioner Ia the United States Years Of
tice exclusively devoted 90 the study and treatment 81
diseases arising from impurities % the blood whereby the
constitution has become enfeebed, enables the Doctor
ru srsedy","SKI, NOT ONLY MONEY. But LIFE sAyEp:-DR.",The New York herald. [volume] (New York [N.Y.]) 1840-1920
1850-01-06,"LAuScH.-The beautiful ship Star Of the West, was
launched yesterday afternoon about two o'clock from
the yard Of Messrs. Perrine Patterson Stack at VIII
lamsburg. She moved from her ways In fine style aud
her appearance, when in her element elected much
commendstion from all present We neglected to
mention yeser day. In remarks insrelation to this
vese that she built under the immediate super
intendsnce of the gentleman who is to command her
Capt. A. B. Lowber, whom she reflects great credit
for his and judgment also her builders for
the superior and worknsnliks manner in which they
have put her together.


ANoTBER New SHIP.-The splendid new ship, Mar
tha's Vineyard sailed from Portland the Sd instant
for New York. She was built for Dunhams Diamond
Line Of New York and Glasgow packets and will take
her station accordingly.",Marine AMalra.,The New York herald.
1850-04-10,"Fatal ACCIDENT NoswIoH AND WORCESTER
RAnRoAD.-on Monday night the steamboat train, on
the Norwich and Worcester Railroad with about two
hundred passengers met with serious accident On
attempting TO pass bridge at Wilsonve, about three
miles from Webster, at eight o'clock in the evening
the bridge which spanned rapidly running stream
about ten feet deep. suddenly gave way and pre-
cipated four about twelve feet downwards. The
timbers OF the bridge saved the from immersion.
The locomotive became detached ana passed over in
safety but wild panied soon after by the
OF the injured among whom several ladies,
announced the catastrophe. One gentleman
thrown over seven seats, and many persons
severely bruised. Two Of the breakmen killed
The effect of this sudden precipitation towards
the stream was to put out all the lights. to
shatter the cars and to disodge the stoves from
their positions. One was set on fire by the burn
ing Goals but was extnguished After the first
alarm had subsided. the passengers were engaged in
breaking the windows 20 to escape. while the swo
len waters Of the stream sounded dsmally upon the
ear in the darkness and filed the mind with dread
and fearful apprehensions. The Conductor and the
agent Of Adams's express, howsv~- quickly pos
sible procured lanterns. and the passengers
tricated from their peril, some Of them severely,
though not dangerou ly. wounded The locomotive
was sent forward and obtained additional cars and
most Of the passengers brought to this city,
where they arrived at about III O'Clock yeserday The
bridge has been considered unsafe for more than
week. 40 much so that the passengers have on somn
occasions walked over IL, rather than To risk their
lives The public will naturally Inquire into such cu,
pabe NEGLIGENCE",,The New York herald.
1850-10-28,"The largest ssssmblAge-snd IL could not have been
lsrrer-ev.r gathered In the new musical hall, vas
present at Anna Bishops magnificent sacred concert


last night Our space will not permit us to eritieise
tn. ,pisndd performance but cannot fail to notice
the arv.lous vocaiisstiou Of Anna Bisbep In Ora
tiss ssimus In which she surpassed all former ssorts
and created . genuine and spontapsous excitement,
such as has never been surpassed In this metropolis
n all sh. did, the same charming method, the same
faultsss expression ruled through and estael he'd
her as orthy of her great fame as vocalist Of the


ost finished school The other performers, including
the orchestra and chorus were very efeient Miss
Luce used her contrsto voice with great skin and
effect and Messrs seguin, Noveln and Msnvers, we're
admirable In their several efforts. The orshesrs ""
hey on 4 prsise",MusicaI-Trfpler Hall.,The New York herald.
1850-05-05,"SATURDAY, May 4-6P. NJ.
The weather was inclement and this being the last
day Of the week, trade, in most descriptions Of pro-
duce. was languid. Cotton continued firm with fair
sales, including some lots for export. The private
accounts fully corroborated the previous telegraph
report Of the Canadas The market for Western
aud State -four continued heavy and transactions
limited Bonded Canadian in better demand
owing TO some orders having been received for the
British provinces. by the Canada. Southern brands
cont nu,d firm hut sales were limited. There was
but little wheat offering. and the terms Of holders
above the views of millcrs and exporters Corn
continued rather scarce, and prices buoyant. The
pork market exhibited no change. and sales
mostly Of n retail character. There change In
beef Cut meats firm. and lard quiet at
previous rates There change TO notice in the
grocery trade.


Asurs.-The market with small tran sactions.
quiet at 81 ~ for pot, aud pearls. the latter very
firm. The receipts through the week were light. The
stock In the Inspection warehouse yesterday was",CITY TRADE REPORT.,The New York herald. [volume] (New York [N.Y.]) 1840-1920
1850-02-22,"FEB. 20 Charge Of Couats!f fting Money The Uansd
STATES, Lotisa Worf- and John Shoemachsr The
prisoners (Gsimaps) were brought beor. the Court,
chsrged with couni-rfeitipg CONS purportng to be
din.sn OF the Ubired osates Of Americs


Frec.ricks Paul 10 Germsb) was examined By Mr..
Summers representipg the United States district At
toipey and deposed that, about the 5th instant she
the DEFENDANTS who reside at 81 HoEard street,
forge counterfeit coin purportinv 60 belswu money.
A counterfeit dim. piece aud svme tmAii Germsn
sver bars produced we're found In the possession OF
the defsnssnts


Cross examined by MIR Morrill, am married wo.
man living swsy from my husband; ! len him, was
married within the lsst few months. and left my hus-
band after eight weeks; have known no other man
sr CO, except the one ! live with now The witness
~ss examined with q view to prove the immorsl
ty Of ber character and that she has been bosrder
that che lived With hsr husband previous TO their mar
rsge aud passed aud wife on board the vessel
coming this country She the female defendsut
psss bad money; she did not the male defendant
pass any counterfeit coin Lsuisa WORTH told witness
that she made rrusisn dollars and Amsrican ten cent
Of those the defendants made the female prisoner
told her che would make come counterfeit money Wit
supposed from that statement that the shs
raw with defendants vas bad the male defendant
told her the money was bad; she attended bar
for the sccu,sd once twice. she boarded vith tho
defendants asd they kept her clothes for money due
for Der board sbe had dispute With them. and left
the boue without paying her board IL vas about Eve
six days she lett them. che had difficulty with
them: ,he hsd two with her witnesses now In
Court; they cid not strike the defsndants but Ar.
Worz struck the men; there Ii warrant out. at the
fer riot aud ssssult; ~ was In the bar room and
sometimes In tn. ktchen, she ssw defendants make
the money; IL about from IL or 10 O'Clock to In
the morning. Adjourned.",United states Commisssoner's once.,The New York herald.
1850-12-01,"Esw ALRAsr, Is., Nov. 30, 1850


man his wife, and two children, who we're %
white that there not the most remote suspicion
that they had African blood In their veins, ar
rested afsw days since, runaway slaves from Arksn
sas contribution vas got up, and they we're ran
somsd to-day New Albany alone raissd s5Ts Of the
purchase money. what's little singular In this
&c. that this family tconsting OF father and mother
and dsushterl had been living here for several
months, had associated altogether with white people
aud the rather bright lad. had been attend
school They state that they we're, time ago
ticed board ofs steamer where they detained
on the charge OF being runaway slaves but that they
were set on shore some hftv mifes below here, and
eventually found their vay back The woman tells q
rather singular and improbable story, which, In sub
stance n ss follows She 10 native OF Baltimore,
where she married her nrst husband who TOOK her
ths vilds Of Arkansas. The Indians killed her hus-
be nd and made her and her daughter prisoners She
saws that abe lived with the red for eres' length
Of time Our citizens we're much excited In their be-
half and thei not much difficulty In getting suf
asient money 10 pay for them.",,The New York herald. [volume] (New York [N.Y.]) 1840-1920
1850-12-01,"BATAVIA, MY, Nov 80, 1850
The man who yesterday killed. by the collision
between the express train from Buffalo and the emil
grant train from Rochester, snisrant on his
way to the West He had child In his arms, which
escaped without injury The persons who were iu-
juIed will ell recover The train going West was I'M
der slow motion; the other making ordinary time
but inclined plane Of thirty feet to nte 1t the
point where the collision occurred, reverse curve,
and piece OF wood prevented the engineer from
seeing the approach Of train for distance The
engineers Of both trains jumped OF before
the collision, and thereby escaped.


Democratic Nomin alton for Mayor Of Boston.


Bosros, Nov. so, 1850.
The democrats, last night, nominated Charles d.
Goodrish Law and order mau ss their candidate for
Mayor. There will be Independent whig candidate
against Bigelow.


The stonington train has not arrived. The Norwich
and Fall River lines in.","m. Lat. Fatal n.,lro.a Accident.",The New York herald. [volume] (New York [N.Y.]) 1840-1920
1850-06-18,"Business hss been nearly suspended to-day I'm con
sqsnee Of the general celebration Of the anniverssry
Of the Battle Of Bunksr lli.


Charle'town the scene Of celebration, Ia crowded
With people.


An imposing procession. headed by large military
escort together With the Executive of the State,
Jueges Of the Supreme aud other courts
veterans. lie marched TO the Navy Yard where the
Hon. Edssrd Everett delivered .lolsent oratiou.
The fags flying from the various public buildings
the stores Poet Once and Custom House were closed
and everything wore true holiday, Fourth Of July
sIPssrsnes.


The dinner was attended by nearly 1000 persons,
and Ystfttic speeches and toasts aboundsd",Celebration Of the B.tus .r Bunker mn,The New York herald. [volume] (New York [N.Y.]) 1840-1920
1850-04-18,"DAREUMS MUSEUM PHILADELPHIA-P. T. BAR
- Proprietor and Manager Henry Sandford Assistant
Manager. THE GAMBLER new moral and domestic Drama,
written expressly for this Museum by Robt JONES' Esq., OK
Philadelphia and designed for eompauon piece 30 the
Drunkard Will bc produced Monday evening and
snted night this week This withdrawn for


the t~ofod purpose Of allowing Miss Mary Taylor
In Of the characters which che with
In New York. and make ndations add
Uon and which greatly enhance It's and
effect Grand performances Afternoon farees and
Petit Dramas Ballads and Fancy Dances. and the msnn
cent Dssolyng Views and Chromarope. The Curosities
number zoo CO., the choicest IN the world Wednesday
Ming, Bensht Of j. Hall Robinson. Adinittaass,
Childrsn under 10 years. l3a cents.",ADJUSTMENTS IN PHlLADELPIIIA.,The New York herald. [volume] (New York [N.Y.]) 1840-1920
1850-12-21,"THE GOVERNOR or SEw HAMPSHIRE AND TIE YUoT-


TIvK SLAVE LAw-CRIMINAL MATTERS, Ere.


Bosros, Dee, 20, 1850.
Mr.. Atwood, the democratic candidate for Governor
In New Hsmpshire has repudsted the late letter pub
ished az h in regard to the Fugitive Slave bill and
say,, that Christian aud patriot he shall stand
by the late Compromise measures.


Jack Wade has been indicted for rebbing the Dor
che,tsr Bank Of Geo. and has pleaded guilty Sen
tenee deferred TIL next April Charles southwic has
been also indicted and pleaded not guilty HIS trial
takes place next April BROOKS indicted for receivin
Is to be tried on Tuesday next The bank has rsso-
Narad All 600","Array In Wilmington, Delaware.

",The New York herald. [volume] (New York [N.Y.]) 1840-1920
1850-12-01,"Another splendid sacred concert at Trpler Hall to-
night will hll the house brobably, to overlooking.
Thee sacred tntsrsip snts make the public familiar
With tie sacred works ofthe best composers and Anna
Bhhop's hni,hcd ,ocalisation adds charm to the
whole, that Is quite celebrating aud refreshing The
selections made for this evening such will CON-
nsnd uncommon attention, and We may expect 10 see
several thousand ptrron, present This concert will
be the seventh 81 the series and Anna Bishop, Miss
De Luce Philip Meyer aud Nove with large chorus,
and the magnificent orchestra will form attractive
amount cf talent such Is seldom found Ia concert
We notice that this will be made OF
thote gems which have delighted the musical world at
the preceding eptertairmeutg aud Anna Bishop will
sipg tbose beautiful positions shich have been 20
constantly the theme In musical circles, during the
lat month II 10 quite credishle to the taste OF the
metropolis that these concerts continued with
attendance 60 upabated. There 10 reason 20 believe
that they have the very best Influence the pub
lie mind, aud trust that with the great talent
Fought to give variety TO them that they gill be
continued throughout the year.",Anna bishops Sacred Concert Tonight.,The New York herald. [volume] (New York [N.Y.]) 1840-1920
1850-08-06,"Great efforts are making to quiet the storm that
has broken out among the democracy. relative to
the nomination for the mayoralty. The seceders
from the convention, who nominated >. msyoury
Tuner, seem disposed 10 stand by their nominee,
whilst Major Watkins, his principal oppcnent TOT
the nomination, invites him 10 Withdraw IN favor OF
zone new man, whose name has not YET oeen
mentioned. The parties are To held separate meet
inqs, to-day, for the purpose Of deliberaton.


The three Bishops Of the Protestant Episcopal
Church, 10 whom was referred The ong-standing
difficulty between Bishop Whungham, OF Mary
land Gnd the pastor aud congregation OF Christ
Cbnrch OF this city have refused 10 take any action
in the matter. The congregation and pastor Of
this church hold Bishop Nottingham 10 such utter
couteup, both .s TO his privsts and clerical char","BALTIMORE, August 5, 1850.
- - -. k-...AII. a.",The New York herald. [volume] (New York [N.Y.]) 1840-1920
1850-07-07,"F.TlL LocoMorivr Expresses The first locomotive
boiler explosion that took place the Western
Railroad. occurred on Saturday afternoon near the
Cappvilie station aud attended vita fatal conse
qUences. II the locomotive ktis. 81 one Of the
freight trains. bound for Springfield After passing
the ttat'on half mile the engineer. John Mcn sgnn.
stepped the train to deck his engine with aurel from
ths read side Amer delay Of about eight minutes,
BE- moented again and pulled out the throse 20 start
the train Directly. and before the motion had been
communicated to all the cars the back part Of the
heller tore out with tremendous force aud explo-
zion louder than a ak pound cannon. honegau vss
instantly Killed and his body found fifteen rods
distant in the bushes. whither ~ was blown by the
free % the explosion Ii entirely stripped of all
cot ipg ave single stocking aud his meek han ker-
chief and was badly scalded The body was also minus
one leg below the knee. which vas blown on ct the
rCin. and carried In another direction distance 81
thrty rods falling the other eide o. the train from
the main part Of the body and near the hndermost
ears piece ~ flesh ~ large rs mans hand also
fell on one Of the back more than thirty rods
distant from the locomotive. William whitman, fire.
occurred aud very severely though Il Is believed
not dangerously, fcsldsd by the steam. brakeman,
Mr.. knigbts, was directly behind whitman, and
escaped with two eight bodily njsres No other per-
con hurt The force 81 the explosion may be
judged Of from the fact that the action drove the
engine twenty rods up the grade Of forty ave feet 10
the mile, amer separating IL from the tender The
latter eontsincd cord aud half Of wood having just
been retlled. and the whole Of u swept out and
thrown high into the air coming down In all direc-
tions around. like shower Of hail Some OF the wood
blown against the top of the first freight 90
forcibly to strip than half Of u pletely Oh
The accident occurr, about o'clock p N. honesss
vac twenty four ye.rs old and unmarried sgrrngfet<
thsss) Republican, Juig",,The New York herald. [volume] (New York [N.Y.]) 1840-1920
1850-02-08,"FsoM CuRacAo AND VENEZUELA The brig Hayward
Capt Clay from Curacao Jan Is arrived ct this port
this morning Captain G. reports that the night before
he left Coonel Castaa and two other officers engaged
With in the late insurrection arrived at Cufaca
having succeeded In escaping from the prison 1t La
euyra The distance between Laguyra and Curacao
about tvo hundred miles, they traversed In open
boat when they started 60 reach Bonaire but
they driven Away from that port By the current
Col Castalia was formerly . member Of the Monsgas
Mopagas with . vessel Of war hlled with munitions,
&c suddenly started for Maracaibo and Joined the
rebels OF course, he object Of peculiar ami
mostly TO the existing government and his escape st
this moment will probably cause them some trouble.
At Curacao, the feeling was that rebellion would
soon break cut In vepezuels. and such news daily
expected there. On the contrary letter from Span
bh house In Laeuyrs, says that though there great
Jet will probably take place the government
vsilsntly their guard The high prices obtained
for coffee tends IN great degree 70 keep the country
quiet Boston Erening TSareier, PED. 9.",,The New York herald. [volume] (New York [N.Y.]) 1840-1920
1850-05-18,"TORNADO AT NEw ORIEASs.-Bctween four ana
five o'clock ths morning, one Of the most violent
gales of wind which was ever witnessed in New
Orleans, sprungu The angcred eleme seemed
TO mock at all impcdimcnts; and, with the rain,
which descended in a delUge, the fearful vivdness
Of the hghtnings flash. and the hoarse rumbhng %
heavens artillery"" scene was presented which
was, indeed, territically sublime. To ships, steam
boats, new buildings fcnces. gardens. &c, the
damage done hy this tornado is immense. Tho
steamers Latona and Winfield Scott, had both their
chimneys blown overheard, and their pilot houses
converted into complete wrecks. The steamer
Nashville was driven from her moorngs across the
nvcr, where she run into the steamer Belvdcrc,
making wrecks Of both boats Indeed, all the
and, rs yet, We have not heard 1.-THE ~
the damage sustained by them. The vessels
and boats lying along the western side Of the
river were even more damaged than those
this aide, as against them the whole fury Of the
gale wac spcnt. Along the levee at Algners, the
waves were driven with fearful force, and the
,eIs lying there were battered together 80 If they
wefe mere playihings N the storm. Two large
shits blown across from the upper part Of the
seeond municipality. and landed Just below Gretna.
A number Of ships opposite the tobacco wzro-
houses, where they were crowded together in cios.
tiers, received an immensely Of damage. The
large snd well-known tree which grew near
TcbouIitouas street, between Teresa aud Hunter
streets, uprooted md left barricade across
Tchoupitouias. We expect 10 hear Of a great deal
cf damage along the coazt-the result Of this ter
rife tornado. II. S-We have learned that the
steamer Iowa, Capt. Morchousc, from ST. LouiA
had her chimneys blown dywn about O'Clock
this morning, when three miles below the red
church. II will thus be perceived that the gaze ex-
ended considerable distance up the nvef-
~ o. Eeifd, Move",,The New York herald.
1850-07-13,"DISTINGUISHED ARRIVALS Soon ExPECTED.-
Within short time, We 0lay look for the arrival
Of several distinguished persons, of both sexes, in
this city General Paez will be among the first,
and Ill probably reach here this month, or the
beginning OF next; then We will have the Turkish
ambassadors who, by the last accounts from Europ-,
was on his way to This country, to collect informa-


ton of the condition, resources, prospects. power,
greatness and prosperity of the United States, for
the information and enlightenment of the Sublime
Porte. Though last, not least, the celebrated cam
tatrice, Jenny Lind, will soon take her departure
for these shores. These arrivals will respectively
create great sensation in this city and through
out the country.",,The New York herald. [volume] (New York [N.Y.]) 1840-1920
1850-10-29,"B0sTo,, Oct. z, 100.


The brig Garland has arrived at Salem from Para,
having ssiled Oct She reports that the yellow r.
YER had 70 appeared among the shipping there with
great virul'nce Many foreign vessels we're detained
by the illness Of their crews whole being
down with the sickness and vessels ha Wing lost
Ave six of their hands. The fever mostly con-
nned to the chipping when the Garland left she had
sichne-s board when sheleft but on the eighth
day cot, ter esptsn. William Ha LEY wenhsm, died
Of essr and most of the have been more less
III during the passsge.",Ravnges OF the Yellow Fever at Parn.,The New York herald.
1850-12-20,"WASHINGTON, Dec. Is, 1850.
Second Washington Concert of yewxy Lind.


The concert this evening, OF Jenny Lind, carried
the town by storm. Her frat evening thoroughly
dfused the csntagon among our citizens. The
report that she passed last evening with the Pre-
sdent and his family, her visit to the House Of
Representatives day, and the understanding she
was at the Patent Office with the President and
daughter, together with the assurance that all the
lions would be at the National Hall tonight, set
all the world within this expanded village into ac-
tive motion. The scene at Wizards Hotel till as
late as eight o'clock discovering, was very curious
and interesting; the complaints concerning tickets
and seats were very amusing, and if half OF
them were correct, there was some sorry
huckstering among the SPECTATORS. The sur.
rounding country sent in large detachments
the hotels were filled with strangers-the
town was alive. And yet the hall was not full.
twenty-five hundred people, suppose, would
be equal to the number Of the house. The Presi-
dent and Cabinet, members of the Senate and
House, Supreme Judges, &C., were present. Jenny
sung with great enthusiasm; but there was evi-
dence of a slight cold in her voice The gallery
took possession of the programme AT the close
of the first part, they called for the "" Echo. I""
Jenny complied. The boys were in raptures, and
struck of into demonstration of their own Jenny
Lind; the President, Mr.. Webster, Mr.. Foote,
end Gen. Cass, were each given three cheers.
Three were then proposed fer Harry Clay, and
such enthusiasm was exhibited in the response,
is only 10 be called up by the presence of Harry
Clay. Jenny closed the concert with {"" Hail Co
lumbia;"" at the close Of which, Mr.. Webster rose
and bowed 10 Jenny, and Jenny curtsied TO Mr.
Webster, and the compliment was twice repeated
between them, when Jenny disappeared. Mr.
Webster then remembered that the whole house
should have stood up when that noble song was
sung by Jenny Lind Take il all together, this
concert was very good, very enthusiastic, and
very remarkable affair. The audience was ele-
CANT, the singing was enthusiastic, the boys were
enthusiastic, and the whole affair went off with
considerable ecat and to the entire satisfaction OF
all conc eTned.","NEWS BY THE nj AILS.

Our washington Corrcspondence.


WASHINGTON. Dec. IL. IS5",The New York herald. [volume] (New York [N.Y.]) 1840-1920
1850-09-06,"THE LATE RAILROAD RIor NEAR PIrrsBrRsH-
ARREST or THE RIOTERS The riot on Sunday
night was on the Pennsylvania and Ohio Railroad
Capt. Rswley's company reached the scene OF
battle on Monday evening, and forthwith proceed
cd to make arrests. Up TO 10 O'Clock yesterday
they srresred thirty-two Corkonians, whom they
found AZ work on the road. Many Of Them were
Unexpectedly taken-they were surprised at the
bold array Of sodery. An examination was held
before Justice OF the Peace, the result OF which
was that commitments were made out for the
whole parry. The following are their names
Alex Stspletsn, Morris Fitzleriand, Pat sullivan,
Thos. Hays, VIM. Dsisy, Matthew Dryer, Jos
Cunningham. Joe. Dickson, Tat Cusban, John
ReddeD, John Carson, James Long, John O'Brien,
Martin Duffy, Daniel sullivan, James Hagan,
Dennis Mccarthy, Eugene Sullivan, Cornelius
Gsnen, Dennis Dris RN, John Moore, John
Houeb, Eugene Lynch, Lawrence Coming, Tim
Mccarthy, Jam,s Martin. John Toomy, David
Sullivan, Joserh Walker. Daniel sullivan. Danl
Ly ons, Michsel Daisy. They were put on board
the little stesner star, and brought to tho city,
well guarded. From the landing they were
paraded through some Of the streets 70 the jai-sn
immense crowd following, Of course. Those who
walled over the mot ground give horrible accouI ~
Of the cad work done by the Corkonians. Ihe
Ccxnausht men were driven ont OF their shxntees
iSfo the woods, with wives and children, and all
the shantecs were destroyed with their contents.
Men, wcmen, snd children were compelled 70
sleep in the woods during the nighc -Pufsb~rgh
(Po Poet, Apg ~.",,The New York herald. [volume] (New York [N.Y.]) 1840-1920
1850-03-26,"This ball came of last night, and made grand ion.
preston Old Tsmmany was filled to its ut.ermost
capacity, go far as dancing room concerned


TheoompaDy met sbou. 10 o'clock, when the presense
Of beaux and beauties inspired each other to extrsod
nary efforts. The dancing saloon we'll lighted the
orchestra hung round With the American Gag and
from the centre dsngled the picture OF General Cas-
supported his right by Washington and his LETT
by General Jackson This constituted all the ornate
appen iages Of the room, except the fxtures The
dance went merrily the ladies delighted aud
TIE gentlemen were, by sympathy, the ssuis way in.
clined The order Of dsncins was as f-ilows;--",,The New York herald. [volume] (New York [N.Y.]) 1840-1920
1850-11-12,"DETROIT, Nov. IT, 800.
The schooners Telegraph and =. Gale, sfsw nights
ago came In collision Lake Huron, about Eve miles
from Bots Blanc. The bulvsrk Of the T. was carried
away and the Gale vent down rapdiy.that those
board Of her could not tell where she injured
Fifteen minutes had not elapsed from the time they
discovered each others LIGHTS before the O. went
devn The crew Of the n were lucky enough 10 save
the email boat and . compass. BY which they
enabled TO reach Macinsc. from whence the steamer
Keystone State transported them to Chicago. The
officers and crew lost everythipg they had on board
The cargo, consisting OF beef tsiiow, &cwas partially","schooner sunk ,n Lake Huron.",The New York herald. [volume] (New York [N.Y.]) 1840-1920
1850-10-31,"The Steam Vessels OF England and America.


tFrcm the London Chronicis oct. ~


For nearly ten years, England has maintained an
ocean stesrs navigation BY means OF the Cunard
and West India mail steamers not solely for her
own advantage, but to the great gallo Of the world
This hos been accomplished by large cxpend'-
ture efboth public and private money; and mad ""
not been for the large subsidies paid BY the govern
ment for the convey snce Of the usils these eater
rriees muss have fsiled. The service has now,
however, become well established, end ptoprictors
are re spng the reward Of their enterprlse ana pa
titnce Nv Annually Increased dividends. How tar
OF how long THE will be maintained, must now
much depend upon the success OF our transatlantic
nyple in the various lines Of ocean steamships,",,The New York herald. [volume] (New York [N.Y.]) 1840-1920
1850-08-16,"RICHIE GRIEvE, NO. BARCLAY STRICT.
IA U, what are this ooDque'ts that heroes achieve,
Compared with the fame Of renowned Archie GEievs 7
Go and see him ~ hon with fowl aad with beast,
And taste will oenfess him . wonder At least;
Leave dusty Broadway and Just enter his store,
He'll show sush strange things neer before.
Here, first OF all, is breed Of Scotch dobtsys,
Green Caracas parrots. and Sanese uoakeya,
And ponies Cas- Adian. and Shetland, so small,
We might carry them, Saddle and bride and all;
Engii,h hull dogs that .ren their terrible jaws,
And thsrgy black moun aip bears licking their paws
We may see forest wolves. raooons and Wild eats,
And terriers rough bearded the sworn foes Of rate
Here swirl hounds, Italian and British, are found
Whose equals sot in the wide world arousd
This Archie avows with a nowledge profoundly
Leave the 81. Bernard breed and the small poodle.
And list 70 the lsrhs he has taught Yaahse Doodle.
70 moehins birds ,insins the songs Of black Dina,
VI moekns the chirpngs OF sparrows from chnsi
nere too are lnnetshe the and the gray,
Prom the land OF the heather sing the whole DAY.
And .Anarier 80 yellow. who's. notes are divine.
Archie swears they Matched the banks Of the Rhir
hers the whole fesshsrsd tribe from the bg ostrich
In the dssert that lives - the small hoppins
And the lord OF the dunghill crows loudly and clear
Atho Gagged up axes love 20 his fat easkling dear;
Here all kinds u sound sweet harsh deep and hollow
What orchestra could such a conssrt ser follovt
Hirh NJ sits the owl with tuft like crown,
And sravely the symbol % wisdom locks down,
While squirrels lesp about and the golden esh swim,
o, dfoli Archie Greye who 10 like unto hipl j. l..
No. Barclay street.",,The New York herald. [volume] (New York [N.Y.]) 1840-1920
