date,text,headline,publisher
1849-08-26,"The steamship Alabama Capt White, from East
Pascagoula With three companies under the comma nd
Of Major Bsnbrdge MAJOR Miller, and Captain Rains
1.-THE $th artillery her way Tampa Bay stopped ct
Fort Pickens, and took In other panies From
Tampa Bay, we understand, after having landed the
troops, she will proceed to New Orleans, and from
thence to Chagres -Psar DeRserat, .sng 16


UNrKp srarrs Tsoors ~ FLos,pA-we learn that
reports have been recently received at the War Depart
nent from General wigs aud the commanding on
Gers At Pascsgopa and Pensasos, that Ave additional
compsni-e u artillery route for Tampa Bay,
which point doubtless they reached eight days
since. This additional force with the three
ordered from the Atlantic States also In position before
this time make the total force in Florida twelve
and II 10 believed fully equal to any present
emergency In that quarter We und-rrtand that the


fret orders despstched for the Of the seventh
regiment OF infantry, fom near st L-uis mi.carred
which viii cause delay 10 the departure Of that
regiment for Florida The last ofcisl reports from
Tampa Bay, dated the stb instant, show that every
thing was then quiet Warrington Rspubhe, Aug rs",Army Intelligence.,The New York herald. [volume] (New York [N.Y.]) 1840-1920
1849-12-31,"The Toss z.ifuns states that tremendous storm has
driven the waters OF the Neva from their bed and
ried them towards st. Petersburgh. The water rose
with great rspidity and than fest
above its ordinary level General terror prevailed;
the citadel: the floating bridge carried away,
and the 0strict OF Wassili Ostrow completely
cut on from the city and partly submerged. That
part OF the city called GALLERIES flooded that the In
babants obliged to take refuge the roof Of their
houses. and on the Admiralty side the water burst
the quays and inundated the streets Happily. ct 1--WE
o'clock In the afternoon, the wind changed the Neva
gradually returned to its bed, carrying With IL an I'M
meme quantity OF property. At wsssiu Ostrov .
large two massd vessel Hoated into the very midst
Of the city and after the waters had receded was left
standing aoross street IL does not appear that any
lives were lost.",,The New York herald. [volume] (New York [N.Y.]) 1840-1920
1849-06-25,"MAIL STEAMEH ATVON, TUX


The owners will despatch this fine with the
nails tor Chagres via Havana and New Orleans,
18th June instant On the last voyage. two
persons who embarked at this port evidently for sinister
purposes tie Of difficulty and delay at Ia
yana guard similar in future, the
ship will each trip to Chagrc and return thence via New
Orleans voyage che made shorter time than
had ever before been having reached this in
than and half days from Havana For speed, safe
excellent the Falcon is
ahoat This offers the most
desderabe medium Of with the sthmus Of
Panama Passengers distance recommended make
early applica ton for state rooms",TUE MAIL STEAMER FALCON. FOR CHAGREs--,The New York herald. [volume] (New York [N.Y.]) 1840-1920
1849-04-10,"Cso the pills two three week. sufficient
TO purge freely and when fearless
OF be made; down with eight, and =
little while the dose do this until the bowels
strongly puged This effected the danger for that at
tack Angina pectoris and stone the gall bladder
treated the same and although considered
bic by the medical profession cured by the
RErHa PILLS Piles are cured by BRANDRErH's PILLS.
severe attacks the doses must be FULL six eight for few
nights together will the Whenever thio
disease in the treatment of other diseases
good sgn nothing but the pills and outward app
cation cold cream lard and make frequent cold


locally Where there have been pectorsl affections asthma
consumption &c. will be the pills
to effect permanent But any other course will
euredly bring On the pectora affection.","ANEURISM, OR ENLARGEMENT OF THE HEART,


arteries PILES. &c. &c",The New York herald. [volume] (New York [N.Y.]) 1840-1920
1849-10-29,"STEAMER CREscESr Cry. Oct IL, 1910.


The undersigned passengers in the steamer Crescent
City, on her voyage from New York to Chagres take
this method OF presenting thanks to Capt. Stod
dard his officers and for their attentions during
the voyage which they have made so pleasant and
agree able Our tables have always been furnished with
the greatest abundance Of good cheer attendants
constant wbch together with the very superior quail
ties Of the herself have tended greatly to ale
viate the mind from the feelings upon eay
ing home and friends We part, wishing them and their
noble chip all the success they so much merit.


Signed John l. Powers, Chas B. Wells, VIM. G. Hill
dreth, p. NJ. Adams, and many others. true copy
the ORIGINAL",Marine Affairs.,The New York herald. [volume] (New York [N.Y.]) 1840-1920
1849-01-23,"Within the past two weeks there bee very little
reports relative to the public finances made to the diff
ferent legislatures generally sstsfaetory showing


steady improvement in the revenue, and In the pro-
duotivepess Of public works The debts Of the delin-
quent States have been largely increased the
iston of interest,"" but their resources 20 rapidly
ausmenting that have not the slightest doubt few
years will suce to all the difficulties and raise
the market value of their securities much above our
rent rates Our States progressing In wealth
and population with enormous strides tho annual In
Grease In the quantity and value Of taxable property
asns sufficient to moderate the rate Of taxation, 90
that the burden will ultimately fall moro lightly
upon ell.


The annexed statement exhibits the amount Of tom
mage employed In the trade between the United States
and the island Of Cuba in each Of the past sixteen yssr",,The New York herald. [volume] (New York [N.Y.]) 1840-1920
1849-06-23,"The weather yesterday was pretty considerable Suoh
pufhng, and blowing. and gaspng and sweating What
changing Of Clothes and purchases Of sephyr coats and
straw bst What drinking OF brandy and ice, brandy
smssh and sherry cober! Yet all could not subdue the
heat There not breath Of sir except ct the Bat


terry and the rivers From nightfall till advanced
hour, there a continued succession Of lightning
flashes illuminating the whole heavens The following
register of the thermometer At New York for the
pressnt month""; up this date for six O'Clock in the
morning twelve O'Clock three o'clock afternoon
aud six O clock in the evening =",,The New York herald. [volume] (New York [N.Y.]) 1840-1920
1849-07-30,"SATURDAY, July 28-6 r. M.


The market inactive, and inferior and lower
grades duller while good brands rather
and prices firm The receipts fair particularly of
the lower grades Southern brands we're firm with o
steady demand. Wheat was very inactive and the
ket, in the absence OF expert demand quiet and
previous prices nomnslly the same Corn in good
demand at full prices for expert and for the East rye
Hour was steady aud In limited supply Meal
scarce and prices were steady Rye was firm at the
advance. Oats hrmsr, active and scarce. Pork
was heavy Tor mess while good prime Was firm. and
previous prices sustained Beef firm but inactive
Lard was more inquired for aud the market steady
with fair amount Of sales but meats held absvs
the vewS Of buyers while there continued be good
demand-sales we're moderate. Butter aud cheese
dull without material change in prices There was
good inquiry for with fair sales At firm prices
Cohes continued firm and In good request The cotton
market was firm with some l-ss activity.",CITY TRADE REPORT.,The New York herald. [volume] (New York [N.Y.]) 1840-1920
1849-07-28,"Captain Hughes was robbed by the Cheyennes and
Sioux Indians thirty miles this side Of Fort Kearny
June Sth He returning from the Fort whittier he
had driven six hundred head of government cattle.
They surrounded him, about six hundred in number
and took all his horses mules baggage and wagons He
had but small party with him. and they too strip
PED Of everything The Cheyennes were in search of
the Pawnees, and had destroyed deserted Pawnss vii
h 20 the day before The next day Capt H. fell in wi
hundred Pswnees, Ottoes and Mahas, who imme-
d'ateIy gave chase to the Cheyer mes. despe,a's
feht expected, the latter in high spirits
and fully determined on being revenged.


Capt Hughes brings no news but what has been an
tcipsted


Information has been received from Salt Creek, in
the Indian territory that the Washington City Com
psny of California emigrsnts were met forty miles be-
yond Fort Ksarny. They all well and going ON
finely.","From the Far West-Indian DepredatIons


-NashiDSton City California Company. t",The New York herald. [volume] (New York [N.Y.]) 1840-1920
1849-06-04,"The Queen gave state ball the second this SEASON.
last evening MAY 10y, at Buckingham Palace, to a
party Of 1900 comprising the members of the royal
family and foreign princes and princesses in England
all the members of the diplomatic corps and their la
dies the ladies and gentlemen Of the royal household
and very numerous circle Of the nobility and gentry


The state saloons were opened for the reception and
brilliantly illuminated with handsome chandeliers
and candelabra, the recesses being decorated with
choice and beautiful plants in flower which were also
tastef arranged at the southern end Of the picture
gallery occupying the whole width and height Of the
gallery


The company were invited at half past O'Clock, and
after O'Clock the visers began arrive aight-
ing both at the entrance in Pmlco and at
entrance in the garden, at which latter guard OF
honor Of the Foot Guards was stationed, with the
band of the regiment.


guard of the Yeoman Guard was on duty in the
Grand Hall and Staircase under the command Of Sir
Seymour Sadler Exon-in- Waiting. The officers pre-
sent were Sir George Houlton (Ensign) and Captain
Bellairs (Exon)


half past o'clock attended by Lady Augusta Bruce
Baroness de Speth Sir George Copper and Lsrd James


Her Royal Higness the'Duchess Of Cambridge was &C.
companied by their royal highnesses the hereditary
Grand Duke and Grand Duchess Of Mecklenburg Sire
ltz. and was attended by Lady II. Cadogan and Mr.
Edmund Mildmay.


Their Royal Highnesses received by the Hon
Misses Murray and Macdonald, the Maids OF Honor in
Waiting Sir Edward Bowater, Groom-in- Waiting
Captain Francis Seymour, Groom-in- Waiting to the
Lieut. Colonel the Hon Alexander Gordon, Esuerry-
in-Waiting to the Prince, who conducted the Royal
Duchesses to the White Drawing Room, where the





visiters.


Their Royal Highnesses the Prince and Princess
Augustus of SAKE Coburg joined the august circle.


His Roy al Highness Prince Leopold Count Of Syra-
attended by General Prince Castelcicaa the
Neapelitan Minister and the Chevalier Colonna.


Their Serene Hghnesses Prince Edward Of SAKE
Weimar and Prince William of Hesse Philippstah were
also present.


The Duke Of Argyll and other Scottish mobiles wore
the Highland dress.


Shortly before 10 o'clock Her Majesty and Prince
Albert quilted the White Drawing Room, accompanied
by their Royal Highnesses the Duchess of Kent the
Duchess of Cambridge the Hereditary Grand Duke and
Princess Augustus Of e.Coburg and the Count Of
Syracuse, and were conducted by the Lord Chamber
lain through the saloon into the ball room.


The Queen wore a dress Of white and silver tulle
diffusion trimmed with bouquets Of red and white
currants, green leaves and diamonds Her Majesty's
head. dress formed Of wreath Of red and white
currapts and diamonds, to correspond.


Herr Strauss and his orchestra stationed in the
ball room, and played the national anthem the
trance Of the sovereign.


Her Majesty opened the ball with his Royal Highness,
Prince Leopold Count Of Syracuse, in q quadrie.


The following quadrilles, waltzes, and polkas were
danced in the ball ROOM


Quadrillss Martha, Carnival Tubel Stradella.


Waltzes-Epionen, Lorey Friedensbothen, Landes
Tarben.


Polkas.-Eisele. Marianka, Exeter.


The throne also prepared for dancing. Mr..
Weipperts quadrile band attending In this saloon.
The following ausdriles, polkas, and waltzss were
danced in this apartment


observation-disclosures lie Disble, Naples Masaniello.


Polkas-Hungarap. Fire Fly, Princess's.


Waltzes.-Eleapor, Allies glamour, Douro Huguenots.


The green drawing appropriated Tor refresh
ment during the night.


supper was served in the state dining room.","Fashionable Intelligencc-Her Majesty's


State Ball",The New York herald. [volume] (New York [N.Y.]) 1840-1920
1849-04-23,"The Charleston Packst-For Californ,a,


The steamship Columbus arrived at her berth
to-day, at twelve o'clock, having been precisely
seventy-seven hours from Charleston. She has
fory-eight passengers and large freight list.


The bark Ralph Cross, for California, was to
have started yesterday afternoon, but has been de-
hyed in consequence, of the shippers of her cargo
not having made the proper clearances at the
Custom House. She will not get off before Tues
day, and has but about thirty passengers The
great bulk OF the emigrants now bound to Ell
Dorado, from this port, have chosen the splendid
ship Susan G.. Owens to make the voyage in.
The number of her passengers will exceed two
hundred from all parts of the country.","Our Philadelphia Correspondence.


PHILADELPHIA, April 22. 1919.",The New York herald. [volume] (New York [N.Y.]) 1840-1920
1849-08-17,"Before the United States Commis s'oner.


tro. 10 Unibd States Peter SUtrson The de-
fendsnt was brought before the commissioner on n
charge Of felopously asssuins Portuguese seaman
by the name ~ Ammcr, belonging TO the bark Gull
ford from Oporto with dangerous weapon the offence
being committed upon the high II appeared that
the prisoner. Swensop, Was the second mate Of the
vessel end that the voyage from Oporto to this port
the night Of the 10Th Of July last on the middle
watch the prisoner discovered the complainant asleep
on the windisss while duty aud threw cup NJ cold
In hs face and afterwards struck the complain
ant twice over the bead with Delaying pin, woundns
him "" ~ seriously Th' PENDANT. svenson produced
TIE fr,t to- Mir Leslie TO prove that the plainant
admitted he asleep when the prisoner threw
the water upon him IL further appeared on the
defence that upon receiving the cold water. the
psptnt sprsng up and seized the prisoner by tho neck
handkerchief and forced him against the rail side
Of the vessel and that one Ehmol, another seaman,
20 his assistance and also laid violent hsnis upon
the prisoner: that the prisoner commanded Ehmo to
20 swsy ard told the complainant, Ammon, to let go
~ him. which order ssid Ammon disrerarded; that
thereupop the prisoner struck him the hand and
subsequ ptly n violent blow over the head With the
w,spon referred to- wbich laid him 1.-THE compisnsnt)
senseess ON the deck Other facts Of extenuating
character wers offered In evidence, and srenu-
ously urged by the advocate for the prisoner, who.
insisted that the act Of the gross Instance
IL rdinstion and that the prisoner Obliged
90 resort to forcble means In sef defence The Com
missieper upon the evidence, ordered the discharge
Of The prieonerl",,The New York herald. [volume] (New York [N.Y.]) 1840-1920
1849-07-08,"Our columns are enriched this morning with
several letters from our European correspondents,
and one or two extracts from European papers
Among these interesting documents will be found
letter addressed by the Roman Triumvirate to the
French Ambassador. 1t is the most interesting
document concerning the affairs of Rome and the
iniquitous intervention Of France, that has yet
been made public. 1t throws to the winds all the
himsy objections and subtleties that have been
urged against the Roman people by interested
persons in America, for the manly and indepen-
dent course they have pursued. The sentiments
which pervade this letter are worthy of ancient
Rome, and of the descendants of the men who
were masters of the world. We are certain that
they will meet with favor from the American
peOple","ADJUSTMENTS TOMORROW EVENING.

New York. Sunday, July 8, 1919.

Affairs In Europe.",The New York herald. [volume] (New York [N.Y.]) 1840-1920
1849-10-06,"The Weekly Herald win be published at nine clock
this morning.


Among its contents are-The Details Of the Forsiea
News received by the Canada Affairs in Mexico and
California News from Havana and Texas The very
Late Intelligence from the Bahama Islands and Bra
Ellis Sentence of the Astof Place Rioters; sketshes
Of the Career Of Ned Buntine, and his late Divorces
Trial: The Poussn Difficulty Full Psrtis ulars of tbs
late Terrible Fires in this city and Williamsburg
Serious Riot at Paterson, New Jersey interesting
Medical Intelligence Doinas ut the Annual Fair OF
the American Institute; Our Washington, Southern
Canadian aud other Interesting Correspondence from
all parts Of the world Editorial Matters
Dispatches Maryland and Georgia Elections; Sport
ing and Naval Intelligence Theatrical and Local
Affairs City Politics; Com mercial and Shipping Re
cord besides great variety Of miscellaneous news
items.


Single copies, in wrappers, sixpencs annual sub
serption, three dollars.",THE WEEKLY HERALD.,The New York herald. [volume] (New York [N.Y.]) 1840-1920
1849-04-24,"NO. 5O BROADWAY.
LII his valuable preparations have stood the test for
IA number Of years and warranted in every
tual.


The Compound Chemical Whale Oil Soap against the rose
bugs and other insects injecting the flowers the Spring The
moths which most destructible wooens hannels
clothing and furs, annihated by the Patchouy Com
pound The unryaled Fly Paper his
determination Of bed cokroaches Rat
Paste, all universally approved.


His artificial Manures, Suphate OF Ammonia Sulphate of
Soda, Nitrate of Soda, Bone Dust, &C. all
had.


The superiority Of his Anputrid Disinfccng Agent for
purifying ships sinks priyes sick &C. atested
many shpmastes the hotel keepers and Board
Health of the city.


The Indian Choagogue, the radical of fever and
bottle Of which
wise most favoraby known through the United States
Orders for all the above goods punctuay


DR. LEWIS FEGCHTWANGER,


No. 80 Broadway. the Bonded Warehouse
Agents Broadway and John street. Fulton street.
of Front ap2i","DIR. FEUCHTwANGER's OFFICE,",The New York herald. [volume] (New York [N.Y.]) 1840-1920
1849-12-01,"An Isoiprsr ~ CALpoEsia.-when the gold mania
broke out in the West two young boys of ~idos
cd mother In st Louis determined upon seeking their


fortunes in the land OF promise without her
They accordingly packed up few things and com
menced their long pilgrimage overland, ria Indepen-
dence As their mother heard Of the rash step
which her had tasep, she was OF course sofely
grisved, knowing that they took money With them
and fearing that they would perish on the way. 10
happened that fe~ days Afterwards friend made
his mind try his luck In California aud determined
upon taking the Isthmus route. In. wdOs. thinking
that favorable opportunity 10 remit some money
the young travellers for their benefit In Iarna. in
they should reaoh there she embraced A. and
sent by him all the money the could gather. A. this
hend landed Ia San franci-co tbs t-o boys eutered
the other side and TO the surprise u all they met
In the centre 81 the city The boys In terribly
destitute condition. being literally naked ssi
the friend handed them the money which tosir
ther had entrusted to his for their they cried
with gratitude The meeting and the spec tscle witch
the boys pre,snted, were, our Informant sage, very
Affecting",,The New York herald. [volume] (New York [N.Y.]) 1840-1920
1849-12-06,"A MEXICAN ART UNIoN--THE Distribution
Members and ladies admitted One thousand works Of
Paintings Sculpture Ststuettes and Medals in Bronze
will be allotted to the members Among the Dting
the works Of Lsutrs. Duraad Edends. Gray.
ko,herme Church. Bingham Glass Doughty, Morse, Gig
Rossiter Boutelle, Odde Lang Baker; White May
Dess Ranney Vest innsss stearns Peele Bonned inck
ley Morton. and other distinguished Americas and resident
$500 Each aemter IL sated copy Of the beau
tful engraving Of Youth, from Coles painting when
superior rrnt before executed in this country
also copy Daroys Outlines Of Sleepy Hollow, by Ir
wing IL Is ackno~lc by all who have examined tho
collection that has been exhibcdin Ame
RIGA equally rich IN attraction The subscriber for the
sent has uneqaaed opportunity for achieving the
vesment OF securing the possson superior work. ra
ying his taste for and Of anordng announcement 10
prtmising artists Of his country. suhscripon S.
should be made early Free Galleries containing the paint
ings &e day and evening No. fT Broadway
Broome street.


TIVE PEOPLES FREE ART. UNION At TUE FANCY
u Fair, Croton Hall Bovery.-rhe next Distribution Of
Prize Paintings and Engavnss will take place the Fair
Monday evening next December lOth. Every
pending One Shilling in the fGir will be presented with
Ticket which, therumer Is drawn, entities the holder do
Hundr.o and Pity richly framed Epgravnr that are 20
given The Fair and Picture Gallery open,
day and evening. free TO all


4 Attest FROM TUE PAcIFIc-J. CURNEY HAVING
IL returned from California will be happy % see his friends
and the public generally at his old established Daguerrean
Gallery 19 Broadway and will pay personal attention 20 all
who nay lie DESTROYS % procuring perfect picture.
darueueope view OF the city ana harbor Of San Francisco
can be seen at the rooms",FINE ARTS.,The New York herald. [volume] (New York [N.Y.]) 1840-1920
1849-04-17,"STRANGERS AND CITIZENS AFFLICTED WITH ANY
~ form variety Of syphc mercural other disease
who have been only half cured by quack had better
fully perusc the following letter.


Dir. C0OPER-Sir: Last July contracted q certain pri
vate disease and immediately applied to doctor who pro-
mised to me in week. continued with him two
months, but gradually getting worse; triod after
another-aH the advertising doctors-and each
mised positively at length discovered the
object Of these money, and that they not
doctors. concluded into the hospital, whore tho
doctors kept under of or eight weeks
and liberated, pains in joints, and
IN body covered with ulcers complete skeleton; tho
considered it dangerous to give medicine
advised Southern climate left the hospital and
advice q several friends placed self under
Of January last WE'LL and restored perfect
health. wish this published. THOMAS GREEN,


Carpenter and joiner, Harlem Now York.
Dr. Cooper warrants matter how long
standing Of elect, Structure and Seminal Weakness and
mild Of private malades cured in 4S hours without
terering with the patients habits. Dr. Coopcrs Office IA
Duane street, two doors from Chatham street ap7 It,","MEDICAL, NOTICE",The New York herald. [volume] (New York [N.Y.]) 1840-1920
1849-05-11,"TO GOLD WASHER MAKERS AND VENDORS.
A s THERE HAVE BEEN AND STILL ARE A NUMBER


OF Gold Washers offered for sale and advertised the
best to be had the undersigned, who believe and adver
e the best offered for SALE propose public exhibit
ton Of our machines and also evidence Of honest be-
machines SALE join select committee of respectable
Judges md procure for each machine given amount
which let the committee equal quantity
of peer solder and mix it WE'LL and then let each
the sand through his machine in his and
committee judge which does the quickest and which
catches the of the solder Let the committee give
certcat to the successful and advertise the
suit that the public know where get such machine


SHERWOOD FITZGERALD,


Gold Washer Depot, FPS Fulton street, Nassau,
IL",TO GOLD WASHER MAKERS AND MEMBERS,The New York herald. [volume] (New York [N.Y.]) 1840-1920
1849-11-13,"SACRAMENTO CITY, Oct. l, l849.


This city is growing up rapidly, and will soon
rival San Francisco. Only three months ago
there were but two houses and now the streets are
well laid out, and buildings going up very fast. A
bowling alley here rents for 81, 900 month, and
Is comparatively pleasant mornings and evenings
cool, and mid day toleraby hot. | lately made a
slight trip to the mines but the niodus opeyand.
did not please ""thls hombre,"" as they say here;
and after losing my horse and things, | made for
the embarcadero, covered with dust, (not gold)
having walkedthe whole distance.","INTERESTING FROM CALIFORNIA.

Off.Hand Accounts from the Gold Region.

PRIVATE CORRESPONDENTS.

SACRAMENTO CITY, Oct. l, l849",The New York herald.
1849-12-13,"BROADWAY THEATRE.-TIRST BENEFIT OF KATE
- and Ellen Batoman aged Four and Six Years Friday
evening December a. Isi9 On this occasion will pre-
ssnted the LIST and I'd Acts of MACBETH Macbeth Kate
Batemen Lady Macbeth Ellen Bateman Also the farce Of
the FOUR hOWBRAYS-in which Kate Bateman will dis
play her versatility and persnate Four Differ
as Peter the Comiesi GARDENER They win likewise sing


Duett trst time in this ethyl plraphrass of popular
negro song written expressly for them aud entitled lnd
gent Aged Edward Little Ellen will sing two favorite
Comic Songs Pnrcularso of other bs of
the day The Box Sheet is Prices Of Admission
Dress Circle and Parquette 70 cents Family Circle 50
DQOra ut Ga n'clnck.",,The New York herald. [volume] (New York [N.Y.]) 1840-1920
1849-06-12,"Use the pills three times week. in doses sufhcicnt
10 purge freely and whom fearless
the pills be made down with eight,


little while repeat the dose do this until the bowels aPO
strongly purged This Effected the danger
tack Angina psctors and stone in the gall bladder
treated in the and although considered
BE the medical profession cured by tho
RETHs PILLS. Piles are cured by BRANDpErH's PILLS.
nights together will tho worst ths
the treatment OF ether Diseases IL
cation lard and make frequent water
LEGALLY. Where Affections asthma
eonsnmptsn &c. will be required with tho pills
to effect permanent cure. But other will
suredy bring the pcetoral affection.","ANEURIsM, OR ENLARGEMENT OF THE HEART


ARTERIES. PILES, &c. &C",The New York herald. [volume] (New York [N.Y.]) 1840-1920
1849-05-08,"VOIGTLANDER'S MlCROCOSMIC VIEWS, AT THE


New Assem- bly, Rooms. Chinese Museum OIL Broadway


The exhibition of these novel and wonderful piauros viii
at the Chinese Museum. Monday evening, May T.
They consist of several hundred paintings glass by the
eminent artists reflected through thirteen acro
matte lenses, transparent thirty feet wide
embracing scenes in Italy the Alps Germany Spain Portu
GAL England, France China Africa and all the old
world and series of American Views including
and Mount Auburn Cemeteries New York Bay, &c. &c. The
Slave. portraits Of Washngon Taylor Clay and W-bstsr
and entirely and magnificent spectacle entitled The
Kaleidoscope. The beauty magnhceuce views
cannot be adequately described words Parquet tickets
81 cents md eas be secured during the day from
.""iock. by application the Hail. Admission all othes
parts of the house. % cents Exhibition to At TX
O'Clock.",,The New York herald. [volume] (New York [N.Y.]) 1840-1920
1849-12-30,"The splendid steamship Empire City, Capt. Wilson,
will leave this port Wednesday next at three O'Clock,
for Chagres, with the mails for the Pacific.


The Wetkiy Herald will be published at 10 o'clock
that morning. 1t will contain the Presidents Mes
sage the Reports from the Secretaries the latest
from Europe, the marriages and death. in the nted
States since the departure Of the last mail the list Of
vessels that sailed and the names Of passenger, who
have gone in them, and variety of other interesting
matter.


Single copies in wrappers sixpence. Agents will
please hand in their orders MoHday-or on We'd
nesday morning, before O'Clock,","NEWS FOR CALF 0RNlA.

Affairs on the Atlantic Coast


NN~NNNNN~NNNNNNN0(~O
THE WEEKLY HERALD.",The New York herald. [volume] (New York [N.Y.]) 1840-1920
1849-04-14,"WASHINGTON, April l3, 1910.


BY THE PRESIDENT.


UNITED STATES DISTRICT ATTORNEYS.
stephen Wicker, of Iowa, for the District Of Iowa
Peter Hamilton for the Southern District Of Alabama
Bowen Swotzer, for the Western District Of Pennsyl-
vania


LAND OFFICERS.
Benjamin Putnam, Surveyor, Mineral Florida.
Smallwood Noel, Recover, at Fort Wayne, Indiana.
John Dade, Register, Springfield, Missouri Horace
Mower Receiver, Kaama ZOO, Michigan. Isaac Mofatt
Register, Kalamazoo. Francis 2. Catlin, Register,
Willow River, Wisconsin. John G. Floyd, of Iowa,
Receiver Willow River Wisconsin John H. Kinzie
Receiver Chicago Illinois Robert Grifths, Receiver
Palmyra, Mississippi


INDIAN
Charles Babcock, Superintendent Of Indian Affairs
at Detroit, Michigan


BY SECRETARY OF THE INTERIOR


INDIAN SUB AGENTS.
Samuel C. Spencer, for the Seminole indiana Florida
William llatten, Of Tennessee, for the Upper Misss-
sppi. Washington Barrow, of Tennessee for Council
Bluffs Adam Johnson of Ohio, for Sacramento and
San Joaquin Rivers, California


PErsIon AGENTS
James Swan, Baltimore. Thomas Reed, Sen, Mont
peer, Vermont. John II. Peck, Burlington, Vermont
TO which the Poltney Agency has been removed james
Hall, Cincinnati, Ohio


ARCHITECT.
Robert Mills, Of the District Of Columbia Architect
for the erection Of tho wings Of the Patent Office build
ing",Appointments.,The New York herald. [volume] (New York [N.Y.]) 1840-1920
1849-05-21,"SATURDAY, May 19-6 P. NJ.
The -four market for Western and State brands
better, with good demand FOR export There al
So moderate demand for the Eastern trade. There
was also, rather more doing in Southern and New Or
leans. Wheat was firm, and held above the views Of
buyers. Corn firm, with a good demand for ex-
port while sales, chiefly Southern, pretty freely
made at yesterdays full prices. Meal firm Rye
inactive. Oats more firm, with steady sales. Pork
was dull and sales of mess made rather in favor of
buyers Beef feeble and only in moderate request
except beef hams. which continued firm. Groceries
presented no marked change, while sales steady
ut rates chiefly current during the week Cotton sold
to fair extent vt steady prices. Kard continued
firm",CITY TRADE REPORT.,The New York herald. [volume] (New York [N.Y.]) 1840-1920
1849-09-28,"New ORLEAss, Sept. %, 184s.
The steamship Severn has arrived Mt Mobile bringing
81 101 in coin mostly for England and the remain
der for Mobile and this city The late Round Island
expedition had excited much uneasnsss In the city OF
Mexico.


The Mexican Consul at New Orleans had intinatsd
that the expedition destined for Lobos Island
Tsnpico


General Herrers had addressed rsmonstrsnos to the
u. Lsgstion at the capital. The government had
commenced making extensive preparations to defend
the cities along the coast General La Vega had ool
leci.d forcs Of 500 and armed Q steamer with
artillery to defend the entrance the rampico River
II Was expected that the new tariff would become .
law.


The town Of Antigua has been completely inundated
by the recent heavy rains The inhabitants had barely
time escape with their lives Public contributions
had been taken up fer the relief Of the sufferers
The cholera decreasing at Mexico.",Later from Me DC.,The New York herald. [volume] (New York [N.Y.]) 1840-1920
1849-12-28,"Prices have been quite uniform during the past week
CT two, but the transactions in government and State
securities have been only to moderate extent Quo
tatons for United States and many State stocks
with the dividend of, aud holders have kept their
stocks out of the marke for the opening of the books


Within the past few days, money has been in
tive demand, the result partly Of daily in
creasrg wants and partly of the tghness of money in
our nsghborpg cities In Boston the market has been
tighter during the past week. than has been known at
any time during the previous year and large amounts
Of business paper and corporation certificates from the
East, have been offered in this city for discount Our
capitalists have very little confidence in railroad paper
and require individual endorsement to make 1t negota-
BILE 1t is the general impression that the money
market will from this time forward steadily tighten,
until the demand becomes fully equal to the supply,
and the rate of interest close up to the legal standard",,The New York herald. [volume] (New York [N.Y.]) 1840-1920
1849-12-25,"~ CONTINUATION OF COOLEY KEESE'S GREAT
~ sale Of splendid BooksCosey and Reese will continue
their sale Of English Illustrated Works on Wedae,day
evening, Dec. 26 and Thursday evening Dec q at their
Sales Room 9 Broadway Dey street Among the
magnificent works to be disposed Of Napoleons great
work Egypt vols folio 1.-THE greatest work OF any age
Musee Roya and Franoss vols folio Tho Houghoa Gall
lcry Galaee of the Palas Royse Mackns splendid Bible.
Bcydes shakspeare Gallery felio Costumes Of all Nations


vols. Bosch Symbols. 600 plates Scrap Book of Foster Gall
lry The Stafford Gallery superb Lava Physogno
my, vos Bewieks Fables, Defoe's works Sci together
with rich and superb assortment Of embeshed and IL
lustrated works Fiaay and Saturday the supple
menary catalogues will be sod containing the richest asort
men Of Erglsh and American Annals illustrated Works
and elegant Books, ever offered at auction.",SALES BY AUCTION.,The New York herald. [volume] (New York [N.Y.]) 1840-1920
1849-11-22,"M ORGANS LITERARY DEPOT, EXCHANGE PLACE,


W adjoining the Post oce, New Orleans, La--At the
above establishment always found Books Of
ssription, consisting Of Novels History. biography scen


fc, Commercial, Geographical and hedcal Works Also.


complete assortment OF Stationery together with all
principal Daily and Weekly Neyspapsrs and Magazines
Country orders for article in the trade supplied and for
varded with despatch. Books mailed Prompt attention
paid any work ordered ~ mail Foreigs Books imported
10 order. j. G. MORGAN


Literary Depot adjoining the Post Office, New Orleans La.


Complete Arrangements have been made with the
principal Publishers throughout the Union for supply Of
the new vorks as fast as issued. J. @. n",NEW BOOKS. Asc.,The New York herald. [volume] (New York [N.Y.]) 1840-1920
1849-07-25,"Wheennk banes ars ""a psr cent sisoounI


The demand for sterling exchange for remittance
by the packet leaving this port tomorrow (wednes-
day has been emily to moderate extent and the rates
rule little below those current by the previous pack
ct. On Paris there has been very little doing.


Domestic exchanges, specie, and uncurrent money
rather quiet. The amount Of uncurrcnt money
Offering for redemption Is exceedingly small aud the
rates ruling very low. In fact, there regular
quotations, the brokers making such terms will
the most business.


The annexed table exhibits the quotations for the
principal public securities Of the country in this
ket, at the respective periods named -",,The New York herald. [volume] (New York [N.Y.]) 1840-1920
1849-09-15,"SYRACUSE, September H. 1s49.
The Mass Convention Of both the barnburner and
the old bunker democracy assembled at the Baptist
Church this morning.


Wsdsworth Livingston was appointed President, and
A. Thomas (of Rensseaer) Secretary, temporarily.
There was q good attendance, the building being
nearly filled. Among those present We noticed John
Van Buren,, Preston King Gen Robert T.. Temple, II.
ii. Van Dyke, and other prominent men.
The prospects Of union are highly favorable.


SECOND DESPATCH.


SYRACUSE, September 4-P NJ.
The Democratic Mass Convention have adjourned,
sine die-after ratifying the union ticket nomna-
ons and adopting resolutions embodying the Of
those which passed the recent Conventions at Utica
and this place.


The leaders regar6 the coalition complete and
the party"" separated with good feelings and much
confidence of in the approaching contest with
their ancient foes.


The State Fair being and the politicians gone
homewsrd our city is beginning to assume its usual
quiet aspect.","nOCratIc Mass convention MT Syra-


cuse-UniOn Perfected.",The New York herald. [volume] (New York [N.Y.]) 1840-1920
1849-05-08,"THIS COMPLAINT HAS BECOME so FREQUENT


that there few who have had several
times 1t is kind of malignant cold attended
with much and prostraton OF
possible, swallow six eight Pills. large dose
lut-y relieve the BRAIN that appearing
suffer greatly this complaint When they have
we'll put your feet and legs in hot take hot bath
circulation your life may be the ferfe Now 20 to
bed and when bed take pills and hot
catnp, balm balsam eiwater grue-any
Of these drinks will and which be left
chocesther Of them will help nsensibe perspi
ration and this method will generally Should
patient after the pills and this after treatment
be better in the morning. let him take another six eight
ten pills according TO the Of symptoms, and
the drinks, and foot general bath, night My
pernce has shown that the third day generally finds the
patient WELL when this plan has been adopted in the Begin
the be adopted whether takes one day or
twenty effect the However bad the head
let blood be drawn eeches applied all
blood have Instead losing this life of
pills. which will take the death principle from
u.s. leaving blood relieved and ready rally all its life
restoration the purgaton has left il
free to effect this object.


CHOLERA.


This terrible disease has resisted nearly all the efforts Of
medicine arrest progress but BRANDRErHs PILL6r
almost Immediately they are swallowed exert benehcl
influences they of the the irritating matters
which the disease depends it's continuance; they
vital warmth the surface,
previously chilled by the GOODNESS Of approaching death.
There fear provided Bandreths Pills
ready for immediate their prompt administers
will vanquish the mslady, and restore the health. Use
them directed in the diseases enumerated below.","MEDICAL,

BRANDRETH'S PILLSARE A SURE CURE


FOR INFLUENZA",The New York herald. [volume] (New York [N.Y.]) 1840-1920
1849-05-08,"Use the pills two three times week. in doses sufficient
to purge freely and when fearless
Of the pills must be made; down with six eight and in


little while repeat the dose do this until the bowels
strongly purged This effected the danger
tack Angina pecters and stone in the gall bladder
treated in the and although considered
BILE by the medical profession cured by the
RETHs PILLS: Piles are cured by BRANDRErH's PILLS.
In attacks the doses be full
nights together will cure the worst Whenever this
disease In the treatment of other diseases
good sign nothing but the pills. and outward aup-
cation cold and make frequent water
locally Where there have been pectora
consumption &C. perseverance will be required with the pills
to effect permanent But any other course III
suredly bring on the pectoral affection.","ANEURISM, OR ENLARGEMENT OF THE HEART.


ARTERIES. PILES &c &c",The New York herald. [volume] (New York [N.Y.]) 1840-1920
1849-08-15,"The psl.,gh IN c. Standard, Of thestn Inst, says
In this region cotton with exceptions IL said
look toersbly we'll though aso have been visited
for weeks past With rain almost every day Thus far,
the corn crop In this section Of country has never
perhaps be. surrsseed and unless some unfsvorable
cbt rye shosd take place the yield will Ne very large


The Savannah Republican, Of the I'll inst gives the
followine extract Of letter dated Marion county
July 30 -"" The crops In this county are unusually
promising. Planters from the cane brake regions OF
Al.bsms cay that they have never seen liner cotton
Some ha planted the Petit Gulf seed with prospects
Of the highest success. A number about Ocala have
fps patches OF tobaccon",,The New York herald. [volume] (New York [N.Y.]) 1840-1920
1849-05-10,"ODD FELLOWS HALL,
CORNER OF GRAND AND CENTRE STREETS
BROTHERS PERKINS, GRATEFUL FOR THE VERY
ID liberal patronage already extended them and which
has exceeded their most sanguns anspatons leave


PRIVATE SUPER ROOMS
fer the reception Of Ladies accompanied by GsQsmsA
for the FIRST time, complete


They confident Of their ability please the most
dous of competent experience and taste in such
having assured them that their saloon exesed
IN London Paris for CONVENIENCE, for ENT, for


GoRGHousNgss DECORATION,
for the perfection Of its and for its and polite
attendance. Its


LARDER,
has always edible Of the New York markets. and
addition almost daily contributions of uxures by all
steamers from the tropical regions and from Europe Their


VAULTS AND STORE ROOMS
arc supplied with the choicest brands of


WINES, LIQUORS AND SEGARS,
selected here procured directly by Importation and their
charges will be found reasonable restaurant Of its
character in this city or elsewhere. mhH","ODD FELLOWS HALL,",The New York herald. [volume] (New York [N.Y.]) 1840-1920
1849-02-19,"RARNUEs AMERICAN hUsEUh:-P 7. BARNUM. MA.


mayer and PROPRIETOR Greenwood Jr auager.
Splendid every evening
~ o'clock Most attractive bill this Two LARGEST Per
sons in the world In Of the marriage which took
place Saturday evening last Of tho celebrated Quaker
Ard their desire 70 spend portion of the |,
inns CITY, the manager has the inform his
he has made further with this colossal couple
short period The Giantes Adoats young uakeress OF 81
year. Is nearly eight feet high and weighs sH pounds The
Ssases Giant, ~ years Of age stands plump eight feet
ssn At all heT. contrast with Ttana Fairy dat
western the Yankee Comedian; Tho Brothers
ra E Emma Leslie. Miss josephine West Mrs Iopsll Mrl
Ave the living Ourans Ouang Wax Scripture Stsuary M
children under ton years. l2k cents.",RARNUNs AMRRICAN NUsEUN.-P n BARNUn. IA.,The New York herald. [volume] (New York [N.Y.]) 1840-1920
1849-10-05,"Our teltgrsphic dispatches, given below, indicate
pretty certainly the general result Of the elections
just held IN Georgia and Maryland, although the
details are not complete. The democrats, it ap-
Pears, have carried everything before them in
Gtoieia, ard gained largely In The popular vote IN
Maryland, Decides, probably, one Congressman.
There results were not unexpected, even by the
wings. The policy Of the abolition sectien-the
Seward and Greeley men-of the wing party, to
say nothing Of the laundering management Of
affairs by the wing cabinet a, Washington, has dis
tracted and weakened the party all over the coun-
try; IN the South, particularly. Future elections
Will probably result still more disastrously for the
wings, unless they get rid of some of their leaders


Our dispatches, generally, this morning, will be
found interesting.","TELEGRAPKIC INTELLIGENCE.

",The New York herald. [volume] (New York [N.Y.]) 1840-1920
1849-12-07,"The Cos, II Madams Sstgneue The other day we
rubthed the arrest Of Madame segnets charge ~
purchasing bill 81 goods by false pretenees preferred
by MIR. John Weller the cobfectioner In Broadwsy,
amounting to 1872 The matter was yesterday brought
up before Justice Mctrath. airing. and the two
witnesses, Mr. Weller and John Gafney, we're cross
AHMED, when IL shown 70 the maIistrate that the
evidence did not sustain the charge aud Madame seig
nette was, thereupop discharged frem custody. This
case wac some time previous presented TO Justice Blake


ly, but he net deemnr the evidence sufficient TO
tain charge Of false pretence declined to entertain
the CON plant. Justice McGrsth however, differing
somewhat In opinion with Justice Blskely tooE the
complaint; but on investigation that magistrate found
that the evidence did not sustain the accusation.",PoIicc InielIIn.nre.,The New York herald. [volume] (New York [N.Y.]) 1840-1920
1849-05-15,"TO GOLD WASHER MAKERS AND VENDORS
THERE HAVE BEEN AND STILL ARE A NUMBER
OF Gold Washers offered for sale Advertised
best to be had the undersigned who believe advsr-
Use ours as the best offered for SALE propose public exhb
3op 81 our machines and also evidence Of our honest be-
machines for sale join and select
men as judges and for each machine given
oil sand into which let tho committee put equal quant
of fine spetcr solder and mix it we'll and then let each
work the sand through his machine in his way
let the committee judge which quickest and which
catches the most of the solder. Let the committee give
eertheate to the most successful and advertise
suit that the public know whore get such machine
as VIII answer their purpose when they California


SHERWOOD & FITZGERALD,


Gold Washer Depot, l221s Fulton street. cor Nassau,",,The New York herald. [volume] (New York [N.Y.]) 1840-1920
1849-07-16,"II IL stated upon good authority that Turkey has
refu,ed psrnission for the Russian armies to pass
through her territory. This step. IL may be hoped.
may srrest the varke progress Of the RUSSIAN arms.


Lrvset


We Lave received late news from this quarter. At
Athens Nr Wyse had an interview with King Otho
The indemnify bill Tor DAvsiisn widows aud orphans
had been abandoned, ana the budget Of lssg yet
passed


Constantlnople advces inform that the Sultan had
received autograph letter from the cabinet Rus
STA thanking him for the slscrity With which he had
entered Into the convention made by General Grabbe
Russa has sb'nincd permission from Turkey
to ps,s troops through Sersis.","Impor from Turkey,",The New York herald. [volume] (New York [N.Y.]) 1840-1920
1849-11-10,"A BRAHAM KASTOR, IMPORTER, 39I BROADWAY
""A intending retire from business acquaints his friends
and the public in general that he pared
goods at extremely lew prices to close the The
stock goods consists Of rich Frnges and Gmps and
all kinds Of Trimmings black silk Laces and thread Laee
thread lace Collars and Cuffs thread lace ve French
Blends fer trimmings Kid Cloves ks, &C. Wholesale and
retail customers are invited to call.


ITO TIE LADIES.-EDwARD II. NEWMAN NO. ssIx


broadway, Opposite the Theatre) Offers considerably
under regular prices, fine needle collars
sleeves infants robes waists and caps Swiss
and JaeoBet trimmings embroidered vaenciennes collars
and cuffs lace sleeves and under handkerch lace
wells thread and imitation lases breakfast caps
head dresses dress caps mourning goods Kid gloves &c.
No deviation in prices.","MILLINERY, AND DRY GOODS.",The New York herald. [volume] (New York [N.Y.]) 1840-1920
1849-05-09,"CORNER OF CRANE AND CENTRE STREETS
BROTHERS PERKINS, GRATEFUL FOR THE VERY
- liberal already extended to them which
has exceeded their most sangune antcipatons leave
say that their


PRIVATE SUPER ROOMS
for the reception Of Ladies accompanied by Gentlemen
for the first time, complete.


They are confident of their ability to please the fas
udious gentlemen OF competent
matters having assured them that their not
m London or Paris for CONVENIENCE for EXTENT, for


CONSCIOUSNESS DECORATION,
for the perfection Of its andfor prompt and polite
attendance. Its


LARDER,
has always edible of the New York markets. in
addition almost daily contributions of luxuries by all the
steamers, from the tropical regions and from Europe Their


VAULTS AND STORE ROOMS
are supplied with the choicest brands of


WINES, LIQUORS AND SEGARS,
selected here procured directly by importation and their
charges will be found reasonable restaurant OF its
character in this city or else where mhN","ODD FELLOWS, HALL,",The New York herald. [volume] (New York [N.Y.]) 1840-1920
1849-04-01,"The LATE Mrs. GERRY.-The Salem mass. }
Register, Of the 22d inst, speaking of the late Mrs.
Elbrdge Gerry, says ="" Mrs. Gerry was daugh-
ter of the venerable Charles Thompson, the Sec
one of the most elegant and accomplished ladies'
OF her day. Trained up amidst the scenes of the
revolution. she possessed all the energy and firm
ness Of those times During her husbands absence
as ambassador to France, her house was entered
by burglar, when, animated with true courage,
she seized pistol and encountered him; he fled
before her. jumped from window, broke his leg
and was taken. Her husband died poor and, to
provide for this relict Of Governor, Sgner of the
her son was appointed Surveyor for the port OF
Boston !; but the ruthless prescription of Jackson
swept HIM from Office, and his mother from COM
petence. But the death of brother in the service
fortune. Col. ]. T. Austin, the late Attorney
General Of Massachusetts, married her eldest
daughter",,The New York herald. [volume] (New York [N.Y.]) 1840-1920
1849-06-19,"ODD FELLOWS HALL,


CORNER OF CRANE AND CENTRE STREETS.
BROTHERS PERKINS, GRATEFUL FOR THE VERY
- liberal patronage already extended to them and which
has exceeded their sanguns antcpatons beg leave to
say that their


PRIVATE SUPER ROOMS
for the reception Of Ladies accompanied by Gentlemen, are
now, for the first time complete


They confident ability please the most fa
tidou gentlemen Of competent and taste in such
having them their saloon exceled
in London Paris for CONVENIENCE, for EXTENT, for


RATION,
for the perfection its and for it's prompt and polite
attendance. Its


LARDER,
has always every edible of the New York markets. and In
addition almost daily contributions Of luxures by all the
tropical regions from Thor


VAULTS AND STORE ROOMS
supplied with the choicest brands of


WINES, LIQUORS AND SEGARS
selected here directly BY Importation and their
charges will be found
character in this city o. elsewhere. mhN",ODD FELLOWS HALL.,The New York herald. [volume] (New York [N.Y.]) 1840-1920
1849-08-27,"The peace OF our city was not disturbed last
night by the riot that usually takes place. Early
this morning, carpenters shop was fired in South
waik, for the purpose Of bringing down the Fair
mount engine, and to afford the Hope engine boys
ans their allies, the ""kers,"" an opportunity ""to
lam them out Of their boots but it failed to bring
III, m across the city line, so the entertainment
prepared for the ""Faifies' was postponed. The
city police were posted along the boundary hne,
ard cent back some Of the uptown companies,
-who were anxious to pass down to the fire. One
was taken into custody, and will be kept for hear
ing before the Mayor to. morrow morning.","Our PhilsdsIphia Correspondence.


PHILADELPHIA, Aug ~, 1919.",The New York herald. [volume] (New York [N.Y.]) 1840-1920
1849-02-27,"General 7ayior's Heaith-KiNrng ouh Ktndnes.


The President elect has recovered very much
from the fatigue of his journey, and looks quite
well to-day. He, however, does not receive any
visits for the present. This receiving public visits
is very serious affair, particularly where every
man, woman, and child does the recipient


There Is not the slightest necessity tor General
lay lor's fri nds and admirers to worry HIM to
death with their kindness and we trus, he will
not give more than one or two receptions previous
to inauguration day. A magnificent banner, DIS
playing the stars and stripes, waves gracefully
from Wizards Hotel, over the head Of the old
hero, who, throughout his whole lite, has so nobly
& defended them r.","WASHINGTON, Feb. u, 1910.",The New York herald. [volume] (New York [N.Y.]) 1840-1920
1849-05-09,"UNIRECTIONs FOR PiLOrS.-VESSEL5 SUBJECT TO
~ Visitation by the Health OGcer Every vessel from
foreign and vessel having had,
during her passage any Of smallpox infectious
contagious dscaso-arrivng at time All vessels from
the ordinary from which they
south Of Cape Heplopenarrivng between the thirty
day sixteenth day of October And all vessels
from any place INCLUDING islasds in Asia, Africa the
from any Of the West India Bahama, Ber-
muda or Western Islands from place In America
in ordinary passage from which south Of Georgia
arriving the frat day OF April and the first day Of
November. ALEX. H. WHITING, Health ohicer.


Journal Evenns Post and Sun. please",,The New York herald. [volume] (New York [N.Y.]) 1840-1920
1849-05-09,"AND WRAPPING PAPER.


PERSSE AND BROOKS,
PAPER MANUFACTURER AND DEALERS,


WAREIIoUsE 65 AND 81 NASSAU STREET Ny.


Mills at Windsor Locks, Conn.
VNHE subscribers have constantly hand large assort
ment Of all kinds of News, Book Writing Hardware,
and Wrapping Papers and Trunk Straw Bonnet Boards
Of all kinds and qualities suitable both for the New York and
Southern market. On
The Paper their Mills equal any other
printing in the market OF strong texture and fabric,
and of uniform color.


Their arrangements with other manufacturers such
will enable them to fill orders for any kind of desired
by their customers the shortest notice. mills l3t","JEWS PRINTING, BOOK, WRITING HARDWARE


AND WRAPPING PAPER.",The New York herald. [volume] (New York [N.Y.]) 1840-1920
1849-11-15,"RGAN's LITERARY DEPOT EXCHANGE PLACE,
eicirire The Post OFce, New Orleans, La--At the
Embellishments msy always he found Books Of every de-
on, consisting Of Novels, History Biography scienu-
Numerical, Geographical. and nedisal Works Also,
nete assortment Of Stationery, together with all the
el Daily ard weekly nswsrspsrs ana Magazines.


orders for any article IN the rsdesuppiied and for


with despatch. Books mailed Prompt attention
any vorh ordered ~ nail rereig Bochs inrorted
> e. MORGAN.


w Depot, adjoining the Post Once. New orissns, La
Complete arrangements h-ve heen made with the
rsbiishers thr.urhont the univp, for .upyiy Of


rerks ~ fast as issusd. IGN","NEW BOOKS, &C.",The New York herald. [volume] (New York [N.Y.]) 1840-1920
1849-08-19,"INCIDENTS OF THE tHOLENA,


The Cincinnati Csmmeyciai Of the 1ith Inst, says
Captain Kendrick OF the steamer Cambria gives the
facts relative TO circumstance which occurred that
boat her sst trip from this city 10 St Louis Ger
passenger taken with cholera passed rapidly
through the several stages and finally died, sup
posed. lie laid out, his coffin was made, and he
would have been buried In the Of two three
hourf had not Captain Kendrck ordered that the body
should he kept until IL got cold and the fact Of death
established After lapse of about eight hours, Cap
tain Ksndrick examined the bsdy, and found II cold
and was therefore satisfied that the could be safely
buried The boat landed IIswesvillc, and the
grave was dug but as the lid "" the coffin about
b.ing screwed down the man opened his eyes, gave
gasp OF two aud actually recovered. lie IA alive
snd well The carpenter who made the coffin
buried In II the next day.","St'MsAR

by THE MAILS.
y...Y.E.. NJ.

INCIDENTS OF THE CHOLERA.",The New York herald. [volume] (New York [N.Y.]) 1840-1920
1849-05-12,"TIVE CROWD WHICH GATHERED At THE AsIoR


Place Theatre dispersed by military force, but We
doubt if even Nations Quad could permanently
dispense the crowd Of citizens and distinguished strangers
who gather daily about AUCKLAND & SUMMERS store.
for their turn to be waited upon for their
Gold Pens, Stationery Books and Fancy Articles; for oil
these articles there in such elegant taste and variety
that ladies and gentlemen tired Of examining and
purchasing Probably there place in the city where the
seekers after both the useful and ornamental be better
eraed in price and quality than at l73 Broadway
Couandt street. Call and and judge for yourself",,The New York herald. [volume] (New York [N.Y.]) 1840-1920
1849-05-12,"GUPERB DOUBLE DAHLIAS, AND CATALOGUE FOR
~ 1SThe subscribers have ready for delivery their
annual catalogue Of this splendid auumna flower and ready
for delivery ten thousand strong vigorous plants With
gard to the quality Of the Dahas sent out by them Suffice
that Europe has been ranacked to the most
choice and beautiful selected by Eng


land and imported without regard to cost The fancy
variegated kinds predominant None cultivated
the lowest priced but what fine and the will


lie found advance those of last superb
they Considered and successful they were taking
the first prize wherever exhibited superb, all Dozen
500 second selection, $40; third So Where selection H
left to the propretors bcralty will be the criterion and
having many thousand to work on there will be no need
of meanness Catalogues may he had application at Is
John street. and the plants packed Of the
Union Also Monthly Heneysuckle ~ cents; Beauty of the
Prares Running Rose superb SORT cents and elegant
collection of yerbenas 50 per dozen; Phlox Van Hauten
beautiful variegated, Saliva spendens major q
cents Galanda pcta IL cents PortuDias of cents
Phanthes albus, pretty runner with white flowers, %
cents Mauranda Barolayane and Manetts Gabra snowy
runners each; Tom Thumb Nmrod Huntsman, and
Fire King Scarlet Geranums flower all summer In garden


EACH superb ccllec Of Fuchsias and Gcranum 80
per Also extensive assortment Of Exc
tic Annual and other Flower Seeds, all growth of 1913


pscke of 20 select ANNALS which includes the beautiful
German Double Balsams and Astors Phiox Drummondu
&c 81 Garden Seeds in every variety, Pruning KNIVES
INV 9'' J. NJ THORBURN co.


Early Cabbage Plants Cau flower Tomato and Egg Plants",,The New York herald. [volume] (New York [N.Y.]) 1840-1920
1849-07-07,"CONTENTS.


The Reception and Movements Of the Rev. Theobad Ma
hew this city The Celebration of the Fourth Of July
The Details Important News from Europe brought by
the steamship Canada the Most Recent Accounts from the
Gold Region Mexican Integeuce Indian Depredations;
The Devaaons by the Cholera throughout the American
CoDnent The Postal Arrangements between the Usited
States Great Britain Changes in the New York Custom
House Letters from various Correspondents Of the Heraid
Sporting theatrical aud Local Information; large amount
Editorial Matter; Commercial and Shipping Record for
the Week Telegapc Adyices to the latest hour from
portion Of the country, &c, &c.


Single copies sixpence; annual subscription, three
dollars",,The New York herald. [volume] (New York [N.Y.]) 1840-1920
1849-05-31,"William Froelick, Swiss, was found drowned yes
terday in the Potomac river with his pockets literally
filled with rocks showing clearly that the act Of drown
Ing wa premedtaed. He had been an employee at the
Navy Yard, a steady and industrious young man; and
had boarded for year two at Harrington's Hotel
1t 10 reported that the deceased became attached to


niece of the landlord and that upon the discovery of
Che faet he was elected from the premises; that
Thursday he to the house for his trunks that
the Ian dord set upon him. and after high words
beat ard msnglcd the deceased severely; that this
cured on Thursday last and that since that time the
ceased has been missing till found this morning
dead In the river. The impression is that from cha
grin and shame, after the matreatment "" hch he
ce'ed the deceased deliberately committed suicide by
casting hmfelf into the river There considerable
excitement ut the Navy Yard this morning in regard to
ths melancholy affair. and good deal Of omnous
hood","WARRINGTON, May 20, 1910.

",The New York herald. [volume] (New York [N.Y.]) 1840-1920
1849-08-31,"A WHEELER, REPORTER OF FASHIONS, CORT-
IA abdt street. New York, and so South sixth street,
Philadelphia has just issued his Fall Fashions for gente
meme weang apparel for the Fall and Winter of 1919 aud
1850 Upon presenting patrons and friends with the Fall
Fashions leave to state that entire has been
adopted the getting of the plate which makes both
useful and ornamental at the same time many
figures than Of former works The book IL also
enlarged and embehed with figures and drafs for cutting
and accompanied by pattern sheet that is full and
pete. unexpectedly ask the trade before supplying them
selves this Fall to examine what offer be
better and work furnished
you entire for only 81, ON post paid orders.


A. WHEELER Reporter,


4 Gortlandt street. New York",PUBLICATIONS.,The New York herald. [volume] (New York [N.Y.]) 1840-1920
1849-01-30,"RARNUAS AMERICAN MUSBUM-P T. BAkNUN Ma


mayer and Proprietor; j. Greenwood. J Asstant Mana
ming At ~ o'clock Raytter particular tall Two PERSON. an


teen feet g weighing S4 pounds Determined as usual not
procuring for public safoaop every novelty which time I
Dor AZ money command the world produce the m.n
ger proud In announcing tho following and
unexamped aractoDs The Quaker Giant and Gantes De
ever produced Miss Elisabeth Simpson delicate young Gus
Ssris ct P;ary feet high and weighs
person who PRODUCE female height and ss why
one year from this time She is byoad all the most
Mr. Baes the immense Norf Giant proved Isyre
than the Quaker Giant recently arrived being himself Quaker
and having for that has now remmed
It, This usher gentleman, Of stands plump light
feet in his sockng and weigh. sos pounds II impossible 70
convey just idea Of this colossal human COUPLE The weird
the immense attendant this precuds M
possibility of being extended beyond short They
T'ania the Fairy Queen either Of whom smAer tho
infant that walked alone therefore
the human pair in existence Also engaged the
Mammoth Brothers the latest pair this aide Of oos The
tninn ensin the Lecture Room unequasd any ak


places osr usemsn America and will produced by Great


estern the Yankee Comedian Pete Norris the comic singer
Miss Emma Leslie, popular vocalist Giss Josephins Wat


the danseuse TIE Sable Brothers, the bes Negro
Mres 10 the city, consisting of ct mucsaa under


gee extravaganza. Mrs ASerl Mrs sopo MAE
Burroughs Mr. Oldh Id 70 &c The highly popular musical
speoustors entitled California Yellow Fever Gold NAn in
which Great Western are supported bv the entire
company including the Sable Brothers. and In which author
Mr. Evans pssonates the celebrated character Dandy Cox
new Yankee story by the fresh and laughter provoking
Great Last week of the elegant and carved
Aode OF the oity Of Jerusalem as stands with every
fae Living Ourans Uutsng Wax Scripture Stauary Madam
Rockwell tho Fortune Teller; Picture Gallery Grand Cosmo
Art iSS nnE tom r.
cents.",RARNUMs AMERICAN MusIuM-P. Tn.n,The New York herald. [volume] (New York [N.Y.]) 1840-1920
1849-01-30,"IN oeed the invoice OF voigtander Quick Work


ing usrume Is for twothrd sze plates 10
all who their orders and tubes will DO
forwarded without delay who havo been waiting
them and RENTED the amount would do well make
remtnnces without delay the instruments will
according date Of order These ins being decidedly
the b. and useful for all made vgt
laender sou they deserve the attention Of all artist
the Price $40 The different sizes of
justly celebrated we'll the best may
be procured at the lowest MARKET Irice by addressing post pad)
Lahgcnhcim beokers 81 Brosd way, New York, w.
Langenhem Philadelphia Exchange agents FOR the sa Of Sogt
Iaspders Instruments",,The New York herald. [volume] (New York [N.Y.]) 1840-1920
1849-06-17,"FROM HAyTr-DErLoRABLE STATE OF THE
COUNTRY The schooner Kokeno. OF Province
town arrived ut this port from Jereme, May 23d By
her learn that drought had prevailed upon
the island for several months causing great scarcity
ground fruts, upon which tho inhabitants chiefly
depended for subsistence There not. however,
any great demand for foreign provisions the nhsb


tsnts. generally much too poor to purchase to
any great amount. Notwithstanding their troubles
ard defeats the language Of the people warike
ever with regard to the Dominieans Some fifty de-
serers who had away and left the President in the
urch in the late bates bad been arrested upon their
return home, and sent to Port au Prince for punish
ment. Coffee was scarce, ana hard to be got The
nopoly law still in operation, ~ a dead weight
upon the little that left OF the former prosperity
Of the island -Bosion Erensng 7rareter, June u.s.",,The New York herald. [volume] (New York [N.Y.]) 1840-1920
1849-08-14,"BUFFALO, august l3-l L. NJ.
The steamboat Empire State sprung q leak on her
passage up Lake Michigan Thursday morning last,
during severe gale. Every effort made TO keep
her anoa with her pumps, but II found impossible
and she ashore just belov the sleeping Bear
where she lies in nine feet water IL IL feared that
she will be total los,; the passengers and crew we're
ell saved.


Another account, dated Detroit 18th, says The
pumps we're set at work, but the water gradually
gained, and the lsrboard FIRE put out. The fire.
stood to their kneot in water. At this time she
was twenty Eve miles distant from land; the boat
headed for the beach, the only alternative to pre-
vent her from sinking; yet, notwithstanding the ut
most efforts and exsrions Of the passengers and
together with the bilgs pumps which discharged 500
gallons Pee minute the water continued 20 gain until
after another, all the fires extingushed. She
was however, rapidly reaching the and, under jib,
when about twelve O'Clock she struck the Michigan
shore, about three miles below the Sleeping Bear and
filed with water The passengers, after remaining
twenty four hours the wreck taken on by the
propeller Delaware aud brought this city this morn
ing.


The Empr. still lies in feet water. The mate ex-
presses opinien that she cannot b. got or",Wreck of the steamer Empire State.,The New York herald. [volume] (New York [N.Y.]) 1840-1920
1849-08-14,"Sr. LOUIS, Aug. l3, 1919.
Traders from Chihuahua have arrived who left there
June 4th and met United States Infantry upon the Sc
mirone. Troops and traders getting along safely
but slowly The Indians were troublesome. The Kis-
Cheyenees and Arrapahoes occupy the road both
beyond and this side the Arkansas The Camanches
have gone south The cholera among the Kiowsys
and was fatal Beyond Santa Fe, on the Manrauna
route, and the Rio Absss, the Indians were very
troublesome. The government Of chihuahua had made
contract with the Texans to sxterminate the Indians
at fifty dollars stAead The Texans are bringing in
men, women and children FL Paso is desolats, owing
to Ind an depredations",,The New York herald. [volume] (New York [N.Y.]) 1840-1920
1849-06-13,"LOUISVILLE, juno IZ--U r. M
severe storm occurred the village of Me-
tropois, Illinois, the Ohio river, Friday last
Both chmneys of the steamboat Peytona blown
overheard and two three coal boats in tow Of tho
Belle Of Nashville, and many in tow Of the Superb,
sunk.


The steamer Memphis encountered severe gale
Medina and the pets house and the roof of the
cabin, were blown of. The chimneys also blown
down Three pilots with the carpenter thrown
overheard and drowned, together with thirteen
others. The captain blown from the hurricane
deck to the forecaste and seriously hurt The books
and papers, and almost every thing else, lost;
also the greater portion of the cabin furniture Those
who remained in the cabin escaped uninjured The
boat badly shattered and man almost torn to",,The New York herald. [volume] (New York [N.Y.]) 1840-1920
1849-07-14,"The interesting European Intelligence received by the
steamer Niagara Movements OF Father Mathew in New
York and Brooklyn Ravages Of the Cholera the Amer
ean Continent; Canadian Affairs; Letters various sub
eets from General Scots Secretary Clayton, Henry Clay
and Re,erdy johnson; Casus N. Clays Account Of the
Yoxown Rencontre Col Benton and his late Speech at
New franklin Mo- West Indian, Mexican, Texas and Cali
forpia News; Death Of Col. James Dunean Letters
from Couespondens Sporting Local and theatrical
Affairs Army and Naval Intelligence Movements Of the
friends Hungary In New York. Phlsde pha and Harris
burg ""A great variety Of Editorial Matter Commercial and
Shipping Record The Latest Telegraphe Adyees. &c. sc.


Single copies sxpence; annual subscription for the
country edition. three dollars.","THE WEEKLY HERALD.

THE NEWS OF THE WEEK.

The Weekly Herald will be published at nine o'clock
this morniug. Annexed are its",The New York herald. [volume] (New York [N.Y.]) 1840-1920
1849-11-12,"SATURDAY, Nov lO-oPM.


The receipt Of the Csmbriss news, published In an
Es,a Herald, this forenoon had the effect OF checking
business to some extent merchants disposed to
await the receipt of private letters before moving
freely Ths principal Influence Of the felt In
the cotton market and larger sales made includ
ing parcels for export The -four market was steady
bui somewhat less active than 1t in the fore part Of
the week There cSn.!snsa to be COED demand for
Canadian and there considerable lots going for
ward freight TO England. Southern brands we're
quiet, while there was no change worthy OF notice
Rye -four and n esl insctvs In wheat there was
fair kusinsss doing bnt prices were heavy. There
good inquiry for Canadian and o. rather batter
prices Corn remained about the same, with moderate
sses There wAs he change Of mcment In other grain
The usrket FOR mess pork was better, while prime
Inained rtesjy at yesterdays prices Beef sons-
what 1rmsr Lard quiet at about previous quota
tions Butter and cheese remained about the same
The inciemencv Of the weather had the effect of
checking trade IN sugars sud cones Gales Of Witch
light While prices CONTINUED steady Freishts were
rather SITTER with fair engagements for Liverpool at
rates giyss below",CITY TRADE REPORT.,The New York herald. [volume] (New York [N.Y.]) 1840-1920
1849-04-19,"ODD FELLOWS HALL.


CORNER OF CRANE AND CENTRE STREETS.
BROTHERS PERKINS, GRATEFUL FOR THE VERY
- liberal patronage already extended to them and which
has exceeded their most sangune antcpaon leave
say that their


PRIVATE SUFFER- ROOMS
for the reception of Ladies accompanied by Gentlemen
now for the FIRST time, complete.
They confident of their ability to please the
tdious gentlemen of
matters having assured them that their saloon exceed
IN London Paris for coSvGEIEScE, for EXTENT for


CONSCIOUSNESS
for the perfection Of it's polite
attendance. Its


LARDER,
has always every edible of tho New York markets.
addition almost daily contributions of Injuries by all the
from the tropical regions and from Europe


VAULTS AND STORE ROOMS
supplied with the choicest brands Of


WINES, LIQUORS AND SEGARS,
selected here procured directly importation and their
charges will be found reasonable
charaet in this city elsewhere. mh27",ODD FELLOWS HA,The New York herald. [volume] (New York [N.Y.]) 1840-1920
1849-03-29,"EARM AND COUNTRY BEAT FOR sALE -TBE SUB


scrter offers for sale bis valuable Estate situstcd Long
Island Sound about and half mile from tho vlgs Of Flush
Ing the White stoue Road agreeable purc
will divide IL into three property being ed


rendr this practicable giving each nom 30 100
that be desired The and fences and connected
the property the order with
Of every description fruits that could be collected
having been the and had the atteon
oos Tho from New York about 10 mi
boa make almost hourly trips the city which
der the location particularly desirable Of
10 presumed will purchase without viewing tbs property


they referred to Mr. O. O. Weeks (overseer the
or to the sui scrbcr. - e. @. ROWLAND.",,The New York herald. [volume] (New York [N.Y.]) 1840-1920
1849-09-07,"Broadway FIRST above the Irving HouseAr Gold
smith pleasure Of Announcing his friends and the
public that opened the fall campaign against bad wri-
ding his fsy Broadway and now completing his
ss and prepared TO make arrangements With ornate pu
p This the yersal correspondence The con-
Jugson Of the verb to write, embraces literal fact
write he writes; write, write they
and all write. Is IL not matrer OF abe nrst
imr should all write rapidly and we'll Ar
gument would be thrown fact self evident Mr.
o. spacious pleasant for classes and private
Lessons earpetty invites both citizens and stranger? 70
call his rooms aay hour during the day and evening""
fesr Oh intrusion.",,The New York herald. [volume] (New York [N.Y.]) 1840-1920
1849-08-08,"NoBILE, Thursday, Aug. 2, 1870.
The steamer Trent, Capt. Clark. at the Point, in
three days from Havana, brings but one passenger
to Mobile and rs for Mexico, and has freight large
quantities Of quicksilver


1t appears that the schooner that took Francisco
Rey alias Garcia from New Orleans touched at Havana
the Oath ult and transferred Senior Rey to the
American brig Andrew Rng,at quarantine, the rsgus-
on not allowing to land without performing eight
days quarantine Immediately hearing Of Rey
ported abduction, Gen. Campbell the American Con-
sui went alongside Of the brig and offered his services
and protection to take the brig outside Of the harbor
and put Rsy board OF the packet about to sail for
New Orleans; but Senior Rey declined the Consus SER
vices saying that he there by his own free will 50
the Consul dropped the matter.


Captain Clark heard from different persons while on
quarantine, that Havana was unusually sickly. The
black vomit is making sad havoc among the citizens
Quarantine regulations still enforced, but are
expected to be soon repealed",,The New York herald. [volume] (New York [N.Y.]) 1840-1920
1849-06-08,"Letters from tha Island to the 10th May (reeeived
by the way of Malta that armed band Of
desperate Greeks. from the Aorea. had invaded the


island and ensconced themselves in the woods making
occasional rallies therefrom for purposes Of plumber
Captain Parker, the half pay of the s0th regiment
holding the civil appointment "" captain Of the wood,
bad been shot his residence the Black Mountain
whilst taking with his wife, who taken
aside whilst they committed thu murder they after
wards carried the lfe-ss corpse his and set
fire to the Six OF her murders have been
committed outside the town. which attributed to
the same parties. Two companies Of British soldiers
have been despatched into the wood to capture q.
terminate the villains","Greece.

",The New York herald. [volume] (New York [N.Y.]) 1840-1920
1849-08-09,"Before tho Recorder, aud Aldermen Wood aud Mullins


AUtvsr Shortly after the opening Of tho Court
this morning, the Grand Jury came in, presented q
number ~ bills ~ indictment. and proceeded 20 the
further prosecution a. their iabors.


TIE Coifs,are Man Among the bills presented w
the Grspd Jury, were two indictments against Samuel
Thompson alias 1homas. alias Williams, better known
ns the tonEdsEce Nan, who was brought into court
and srraigued These indictments are FOE twO alleged
giand larceucs said 90 have bcn committed by prison
err in stealing geld watch valued ~ 80 from
Jno = Sturges, On the 10th of March last, and the
other for stealing another gold watch worth Sl0O from
Hugh Mcdonald the 18Th Of May last The District
ATTORNEY moved the for trial during the pre-
sent term the motion opposed BY the counsel fr
the prisoner who stated that he had mportant Wit
nesrs whose attendance could not be procured during
the present term he therefore requested that the trial
might 20 of until the September term The District
Attorney raid that grave charges had been brought
against certain officials in this matter he deemed i
necessary try the Immediately, in order that
the Whole affair might be investigated The couus eel
for prisoner drew up and presented to the Court
AFFIDAVIT. setting forth that William Wright. nov In
Philadelphia important witness for the defendant
and that the presence e said wright could not, pro
baby be secured during the present mouth bat could
In all probability, be had here IN Septeoher next. The
Court consented that the should 60 on until
September, ana meantime Thompson u committed TO
await his trial.


There being no more ready for trial. The court
ajjourntd till this Thursday morning. at II clock",,The New York herald. [volume] (New York [N.Y.]) 1840-1920
1849-01-29,"APPEARANCE of Fanny Kembs Bwtler-Her Shaks


persan Readings, &c.


AS every thing relating to Mrs. Fanny Kembe
Butler is just now of considerable interest, her
friends IN New York may be pleased to learn
thrt ugh The Herald, that she has just made most
decided hit IN this city. The first of her Shaks-
perian readings was given at the Masonic Temple
this evening, and the house was crowded with the
fashion. beauty, and intellect OF Boston. Not q
spare seat could have been had Tor love or money,
and many more would have been present could
they have obtained admittancs. The entertain-
ment was noble one, being the reading OF ""The
Tempe St."" and both that and the lady herself were
vehemently applauded. have never witnessed
more hearty, cordial reception than that which our
ordinarily phlegmatic people have given to this
remarkable and most intellectual woman.","BosToN, Friday Evening, Jan 25, 1919.
APPEARANCE of Fanny Kembfs Bwtler-Her Shaks",The New York herald. [volume] (New York [N.Y.]) 1840-1920
1849-11-15,"The NEw YoRK ELEcrIoN.-The State cleo
ton in this State has resulted in double victory.
Goth parties claim triumph. For the whigs, it
has settled down upon handsome majority, as
they all say-certainly very handsome thing for
the ""colored gemmen"" Of this city, who are very
handsome fellows in their way. The democrats
have earned II by ""a very meagre majority, esPe-
cally IN the city, where they have lost all their
chances, and all the spoils The result is the best
that has taken place within our recollection. Both
parties are perfectly satisfied that they have car
ricd the State, and both are perfectly contented
with the result; while, at the same tune, both are
abusing their refractory members the cause OF
their defeat Itis very funny affair, all round
When will Downing and the ""coored gem
men"" be ready TO celebrate their triumph",,The New York herald. [volume] (New York [N.Y.]) 1840-1920
1849-05-09,"Use the pills two three times week SUFFICIENT
TO freely and when paroxysm fearless
Of the pills be made; down with eight, and in
little while repeat the dose; do this until the bowels
strongly puged This effected the
tack Angina pcctors and stone in the gall bladder
treated in the same and although considered ncura
bic by the medical profession by
RErH's PILLS: Piles cured by BRANDRErH's PILLS.


In attacks the doses be full six eight
nights together will the Whenever this
disease comes in the treatment Of ether Diseases
good nothing but the pills. and
cation cold lard and make frequent cold watee
locally Where there have been pectora affections asthma
consumption, &c. will be required with the pills
to effect permanent cure But other will
suredly bring on the pectoral affection.","ANEURISN1, OR ENLARGEMENT OF THE HEART,
q arteries. PILES, &c, &C",The New York herald. [volume] (New York [N.Y.]) 1840-1920
1849-09-22,"The Wsskiy Herald win be Published 1t nine o'clock
this morning.


Its contents will embrace the Foreign News brought by
the Cambria, received by Telegraph from st John N
The chieai Account OF the Difficulty between the
French Minister and the United States Government;
Biographical Sketch Of John Faron Engineer Of the
Liverpool Line of Steamers Full Report Of tho Trial
Of the Aston Place Rioters The Explosion Of the Cuban
Revolution; The Round leland Expedition and tho
Government Authorities Mississippi Repudiation I'm
portant and Interesting Int-geues frou, Hsyti, q.
Domingo, Turks Island, and British Guiana Late
News from Mexico and Santa Re; The etockbridgs In
dians; The Democratic Union Convention our usual
Interesting Correspondence from oil parts Of the coun
try; Editorial astter Telegraphic Dispatches rhsa
ricsl and Local Affairs Sporting intelligence CON-
mercial and Shipping Record and . variety Of other
Interesting and Miscellaneous Matters


Single copies, in wrappers sispense. Annual sub
fcrpten price three dollars-mail.d to any part Of
the wcrld","

The Weskiy Herald viii be published 1t nine o'olos
this forming.",The New York herald. [volume] (New York [N.Y.]) 1840-1920
1849-08-20,"SATURDAY, August l6-0 L M


The dulness which prevailed In the forenoon
tinued Tor the remainder of the day. Change
thiDly attended. and transactions In nearly every
branch Of trade were limited Flour sold only to
moderate extent Including variety Of brands among
which were state. western and southern. There
change in prices, unless it for small lots
q little Of order which q shade lower. Wheat
remained inactive, ana sales reported. Prime
was scarce, while Southern new particularly inferior
lots easier. Corn duh and sales quite mode
rate; while quotations about the same yester-
day Rye firm, with moderate sales Oats contin-
ued dull Rye nour continued scarce and hrm. Meal
was in good demand and sales of Brandy wine made
terms stated below. Pork continued inactive, with
limited sales to the retail trade 1t yesterdays rates
Lard steady, without change in prices. Cut
IN better nd moderate sales Butter
was steady There more cheese arriving and with
raj her deing to the home trade There also
some inquiry tor export Groceries, usual the
last day the week. rather slack but prices
tinued quite steady Cotton was inactive aud sales
were limited, while there change in quotations.",CITY TRADE REPORT.,The New York herald. [volume] (New York [N.Y.]) 1840-1920
1849-06-07,"The passengers Of the steamship Hermann, before
separating beg leave to express to Captain Crabtree
their sincere thanks for the kind aud liberal
which he has contributed their comfort
mept during the rough and tempestuous voyage from
southampton to New York, now nearly completed.
Not only to express their unqualified appreciation Of
Communications, and general good management, but q
having encountered strong westerly gales for
nine successive days. most of the time blowing with
great strength and violence and tremendous sea- yet
none Of the Inconvenience usually attending rough
passages have been experienced either from notion
otherwise.


SLOWED BY IEARLY ALL THE PAasENGERa BOARD.","OK BOARD OF U, S. Mail STEAMSHIP Hermann,",The New York herald. [volume] (New York [N.Y.]) 1840-1920
1849-09-17,"Nav YORK. SATURDAY, Sept. 10 Z. ~.


The -four market dull and easier, especially for
the ordinary aud common grades with . moderate
local eastern demand for tho mid ding and better
grades There were some shipments b-ng ada own
ers accouHt. southern brands continued steady, With
moderate les ut about the current rates OF yesterday
The receipts Of wheat we're larger, and the market
heavy with sales Of Grnesee. terms stated below
Corn continued quiet aud sales moderate with
out hiarked change In quotations There was NO
material change in rye or oats. Rye -four and meal
inactive, and sales moderate. The pork market
CONTINUED dull With fair amount Of sales including
mes, At slight concession, In cases, in favor Of
buy ers; prime remained ABOUT the Same Beef CON-
tinued issctive and cut meats dull Lard rather
heavy. With fair inquiry There was NO marked
change In butter or cheese Coffee continued quite
nru and sx-s of Rio reported Ct slight advance
Ssears continued active. and large sales made,
While the market closed firm The cotton market
tinue easy. with fair sales for export.",CITY TRADE HEPOR e.,The New York herald. [volume] (New York [N.Y.]) 1840-1920
1849-08-29,"I OsT.-A BANK BOOK ON THE ROWERY SAVINGS
IL Bank No. 1879 time in July last. 1t is OF
but the payment has been
the bank The finder will be literally rewarded by returning
it to JOHN AUSTIN, 81 Thompson street.


TWO BOYS LOSr.-Two INDENTEO APPRENTICES


to the Glcng Business answering the following des
cliption, left the house Of the subscriber Sunday
last for the purpose Of attending school and church.
fir which time they haven been heard ofThe
eldest named Alexander Campbell aged IA years, small but
stout light grey with under brow hair
light freckcd about the well
with the city intelligent and with rather progressing ap
had when lie left, black esth Jacket black
velvet with gilt buttons white linen pants with light
stripe coek white Shirt linen bosom and collar with
black silk neck rbbor shoes straw hat broad brim with
black band The younger named William Reed, aged IL
years tall thn face long complexion saow eyes dark hair
trewn he has rather sleepy he dressed in
g jacket covering the hips black checked stun black
cloth pants shirt and neck ribbon Alexander;
hat Off with brim bound with black
and land othe same under The ribbon his hat there was
small black band Of gaoon with his in white thread
Both Of the above described boys orphans and without
relations known the subscriber
ing them, obtaining information which lead to
their discovery, will confer favor by addressing JAMES
r. DBL VECCHIO, Looking Glass and Picture Frame Ma
nufacurer, No. 4s5 Broadway New York. N BAH
forbid hsrborns trusting the said boys under the
penalty Of law.",LOST.,The New York herald. [volume] (New York [N.Y.]) 1840-1920
1849-05-01,"Use the pills two three times week in doses sufficient
to freely; and when paroxysm fearless
of the pills must be made down with six eight and in
little while the dose do this until the bowels
strongly purged This effected the danger for that
tack. Angina peceris in the gall bladder
treated in the and although considered
BILE the medical the
RETH's PILLS. Piles cured by BRASDRErH's PILLS
In attacks the be full eight
nights together will the Whenever this
disease in the treatment of other diseases,
good sign nothing but the pills and outward appli-
cation cold lard and make frequent of cold
locally Where there have been pectora affections asthma
consumption &c Will be required with the pills
to effect But other course will
suredly bring the pectoral affection.","ANECRISNI, OR ENLARGEMENT OF THE HEART,


",The New York herald. [volume] (New York [N.Y.]) 1840-1920
1849-10-11,"From the rhilso.lphis Evening Bulletin, Oct. 10


About o'clock this MOI ming, the oninous eigbt
taps OF the State House bell announced smother riot
This second outbreak commenced about o'clock,
when the hose q the Morris Hose Company. which
was doing service the scene of action, wss cut.
This was signal for the rioters 70 u
sault Bfickbsts and stonss we're hurled by them at
the fremen, and firearms we're used eth considerable
effect. several persons being sounded The Mayor,
Sheriff. and police, we're soon on the ground and
cesded In restoring order Mayor Swft, HIMSELF who
arrived Nfore the nilltsry, srrssted Two men.",Tse second Riot.,The New York herald. [volume] (New York [N.Y.]) 1840-1920
1849-05-10,"Use the pills three times week, in sufosne
to freely and when Paroxym comes fearless
Of the pills must be made down with six eight and
little while repeat the dose do this until the bowels
strongly puged This effected the danger for that
tack Angina pectors and the gall bladder
treated in the and although ncu
bic by the medical profession cured by the of
RETHs PILLS. Piles cured by BRANDRErH's PILLS.
attacks the doses must be full six eight for few
nights together will the Whenever this
disease comes in the treatment Of ether Diseases
good sign; nothing but the pills. and appl
cation cold and make frequent cold
locally Where there have been pectora affections asthma
consumption &c. will be required with the pills
20 effect permanent But any other will
suredly bring on the pectoral affection.","ANEURISM, OR ENLARGEMENT OF THE HEART.


ARTERIES. PILES. &c &c",The New York herald. [volume] (New York [N.Y.]) 1840-1920
1849-05-30,"CURE CUARANTIED.-PRIVATE MEDICAL AID.


to prevent the abuse of mercury call at the Hyneraa
Dispensary Division New York city and 50 North
Seventh street. Philadelphia where Dr. Hunters Red Drop,


medicine known to fail in curing the most desperate
cases secret Diseases Obtained The


medicine such ha' drives ysstge Of the disease
from few days, and in every
1t will without regard to circumstances situa
ton diet hindrance from business Price 81 per vial.
only where tho patient rely get


ting the article This medicine to trouble the
humbug Doctors Tho fact is 1t
daily that have been lingering along for months.
They may all Of lies against it, yet will live
when they dead The that would deter the victim
this disease using this medicine would refuse throw
O rope to q drowning medical book for nothing",,The New York herald. [volume] (New York [N.Y.]) 1840-1920
1849-12-24,"SINGULAR lSciDESr MAD HoUsr Some months
since, an incident occurred In city Luuatc Hos
Iital, Of a very peculiar character. A mother and
daughter both became and we're placed in the
same story Of the building where they had access to
the same hall. They met. and recognised each other
though one had left the other ago In Ireland
Both had crossed the ocean. become RESIDENT. here
and lost all knowledge Of the others history or fate
both became bereft Of and upon the pub
lie for support, and In mad house, surrounded by
met, and though reason Was dethroned aud each was
there with mind dissnsed,n yet nature triumphed
over the clouded intellect and for brief moment the
parties talked Of the land Of their birth and when they
had separated from each other. This incident a. OF
romantic interest sufficient to suit the anxious
inquirer after extraordinary adventures. Bo5OB He
rad Dec. 20.",,The New York herald. [volume] (New York [N.Y.]) 1840-1920
1849-01-15,"DOPING THE QUESTION TO CALIF0kNIANs.-""WELL


John, where will get board in California;! Answer
We'll don't know ance Peter guess BOARD at 81 per
day San Francisco Yes but obtain board at the
mnes"" We'll don't know. uncle Peter"" Robert how is it
with you? o. uncle have made Am pie povii0n have


hoard vessel saIres salt beef pork lot Of hard bread
eookpg ell as digging Yes Robert but how will you get
barrels the without roads from the
head of navigason Why. roll them there uncle Peter


You them in the there being buildings there
Will not the hoops shrink loosen, the barrels lea and the
tents spOilY ""WeH uncle; think of tina


kichard how AGve arranged for living the mnes


Well uncle, down Wells KILLER rrovosts
Front street. where they keep all kinds of Meats
Soups PICKLES Preserves Spced Oysters Sour Crou and
Turcseed AGO ha Of Meats
served Vegetables material for 400 Soup half barrel
Sour Crout Ito eep off the for the Of So which,
with ,he $50 for 400 pounds bread makes 75
Sec ave Au los food FOR quite lbs day. for
So 40 week. These provisions Iut oannr aud
keep Il retaining perfectly their natural flavor.
bags throw tbsm backs of mules where
best dggipgs 200 miles distant while poor JOAN cant
ct for want Of food and Robert need dig his bar
REL well Richard says uncle Peter, ""you 40 to Calor
mia with eafey You will along in he world boy turs
CALEDONIA FOR SALE--A SMALL MANUFACTURING
~ Jewelry doing coed business in manufacturing and
vhr heads and jobbin in general Te man with small
this good opportunity the business has been established
years The cash The proprietor will soil great
application made Neutrality-suspicious. cash Apply to David
Lunn. No Ccurtandt at.","A RARE OPPORTUNITY TO GO TO CALIFORNIA.--AP
~ ply mmedia tey ut 2aSh Front st",The New York herald. [volume] (New York [N.Y.]) 1840-1920
1849-01-24,"TNoR TIE GOLD REGIONS OF CALIFORNIA, VIA CHA


grsa The fine fast ling coppered bark Guord Capt


W. In9rp will be Immediately dsspAtched for Ch.srss
and amoderate number The by way


Cfsges the only that aords reaching the
Gold Mil early In the spring. and advance those who
have gone round Cape Horn and thousand
during the winter months Of the South
hemisphere Passengers will DO allowed remain board
the vessel for fifteen DAYS after hsr arrival Chse provided


majority 81 the desire it rate mar
diem to afford them opportunity securing passage
Panama before leaving tho ship For freight apply on
board at foot Of Clinton East River JOHN R
BERT OSBORN. III Wall street. or JAMES W. ELWELL 81
sfre ~","EoR cALIroRNIA.rSE sPLrSDIo LIVE OAK SUR

DACKET SHIP ORPHEUs, FOR CALIrORyIA-pAar

INOR TIE GOLD REGIONS OF CALIroRNIA VIA nu.",The New York herald. [volume] (New York [N.Y.]) 1840-1920
1849-08-01,"BRie.-ltw VIII be remembered it has been stated
thst collision took place between thi. steamer
and another vessel, about seven miles west Of
fsulslsnd Island, week ago last Friday. We
are informed by gentleman Just from that Island,
that Captain Kimberly, keeper Of the light, says
that large pieces of the steamer, fifteen feet long
and eighteen inches square, with part OF the wheel
house, came ashore there the neat day, together
with the whole bowsprlt Of herm. brig, and part
OF her Jib-boom and Cant Kimberly 10 OF opinion.
from the state OF the wind, and the brig's dirse-
tion, that the vesse must have gone down, with
every soul on board. Nothing has yet been heard
Of her.-Ner Haven (Ct.,) Cosrir, July 30.",,The New York herald. [volume] (New York [N.Y.]) 1840-1920
1849-01-23,"DiGboiicol Outrags-Rspe and Attempt to Murder.


The most intense excitement has prevailed in this
vicinity since Friday last, owing to nendsh outrage
upon respectable white GIRL of about IA years Of ags
by devil inoarnsts in the shape of athletic negro
1t appears from the preliminary examination of the
case that the daughter of highly respectable and
worthy family, living this village, was on her way
home from school, Friday last, about four O'Clock,
she was attacked in piece Of wood through which she
was compelled to pass by diAbolical negro and bru.
tally rAvished. After having accomplished his helsh
design the negro asked the girl II she knew him.
replied the unfortunate victim, do, but too weln
Then, damn you,"" faid the negro, ""In kill you"" At
this uncture he seized her by throat and commenced
the work Of DEATH but, by providentia dispen-
istion, before he had accomplished the heborn act
large boy, who had been attracted the spot BY the
and having spear In his hand with which he had
been fishing, the negro became alarmed and ran into
the woods After few minutes, the girl enabled
to walk, when the boy accompanied her for o short
distance, and having to 60 In opposite direction, he
lett her to proceed home alone Scarcely had the hey
turned his back when the negro, who had been watoh
Ing their movements, discovered by the girl in the
act Of running towards her again with the Intention
undoubtedly, Of finishing his diabolical work. The
boy again ran to her assstsnce and proceeded homo
with her, when the alarm WAS instantly given, the
Beighborhood aroused, and about seven O'Clock tho
black hend captured brought before Judge Broad
ley and subsequently lodged In the Queens county
jail Had the extent Of the outrage been known to the
popu the negro would have breathsd breath
beyond jamaica As has been already stated the girl
beo nes to highly respectable family and attended
respectable seminary In this village.",,The New York herald. [volume] (New York [N.Y.]) 1840-1920
1849-12-11,"The Princess Lieven has given the FIRST OF her weekly
receptions since her return to Paris Among the poll
tica perscnsges present the lion of the evening
Guizot, who has recently arrived bers. Count Mole
was also present and 1t observed that they shock
hands and conversed with each other for oensidera
fret time for many years that they had spoken. NJ.
Berrysr and General Changarpier also present,
but NJ Theirs who Is still poutpg, absented himself


The Prssdent's family continues to be a source Of
ZONE dsquetude. The abrupt departure OF Pierre Ma
poleon rom AlGiers. and his abandonment Of his mill
tary duties under the shield OF his situation of
ntatve Of the people has been subject with
him The necesesry dismissal Of the young man from
the army has pleased the republican Eparttzapa, who
bear 10 memory that Pierre Napoleon deserted them
ser having for long time voted for them, aud that
be exhibited total absence Of good manners
occasion when he struck old man in the Assembly
iteef",,The New York herald. [volume] (New York [N.Y.]) 1840-1920
1849-04-22,"AFFAIRS IN CANADA.-The following appeared in
the Buffalo Express -
a MONTREAL, April 49, PM
~ Three schooncrs arrived in port this morning from
winter quarters at Boucherville


The steamer Montreal arrived this afternoon from
Sorrel


LEGISLATIVE COUNCIL.


APRIL 1.-THE members indemnity bill the pilot ap
prenticcs BILL the Saguenay municipality bill and the
Mont real Gas Company's bill, were read third time
The Quebec warehousing bill and some other priva
bills were read second time.


Hon. MIR. Ross moved the reading of the petit jury's
Upper Canada bill


After some discussion the motion was negatived and
the bill was consequently lost


LEGISLATIVE ASSEMBLY.


APRIL 1.-THE Commercial Bank Midland District
bill the Huron Copper Company's BILL the Teachers
Association, Quebec, bill. the bill to abolish opposition
to marriages and the Montreal and Troy Telegraph
Company's bill, read third time and passed.
Also bill from the Council, for relieftoJ II. Thomp
son and Henry Jessup.


The councils amendments to the Provincial Mutual
and General Company's BILL and the Joint
Stock Company Road, Upper Canada bill, were con.
sdcrcd and agreed to.


mittce the expediency Of regulating foreign insu
RANGES resolution was reported and the bill intro
dpced 900
action Of clerks Of courts and justices and attorneys
Mr. DrVMMoND introduced bill on the SUBJECT oil con-
tempt of courts in Lower Canada


The House went into committee on the bill to make
better provision for tolls on the public works The
raj clauses adopted and the committee rose ana
reported the bill to the House.


The public land BILL and the land surveyors bill,
were read second time, and committed for Tuesday
next.


The House then went into committee on the tariff
and after about three discussion adopted the
manning items, with some amendments. The CHAIR
MAN then reported the resolutions adopted.


The election bill was considered in committee, and
the remaining clauses adopted.


Some other bills read second time, and the
House adjourned",AFFAIRS IN CANADA.-The following appeared in,The New York herald. [volume] (New York [N.Y.]) 1840-1920
1849-10-17,"Quotations for government securities have within
the past month fallen OF and recovered the deprecs-
tion, and the closing prices exhibit advance on
prices current the middle Of September. Government


securities have been in better demand within the past
week and large amounts have been RENTED to Lon
don TO supply orders and for sale home account for
the purpose Of drawing exchange the proceeds The
high rates ruling for sterling bills give small margin
for profits and prevents shipments othe pre-


oious metals In State stocks and incorporated securr


ties the transactions have recently been only TO mode
rate extent and there appears TO be among our capital


lets and men Of moderate means very little 10
purchase stecks at current prices The impression
here is that money will be in more active demand
and command better rate Of interest and capitalists
are sprrshensive that n they put their money in
stocks they may realize loss In the event Of their
wanting capital for other purposes. few months
sincf-iu after the payment Of the last diyiIsnd",,The New York herald. [volume] (New York [N.Y.]) 1840-1920
1849-11-15,"""WEDNESDAY Nov. I-6P. M.


This being packet day for the Hibernia and the
Americas news being momentarily expected from Hail.
fax trade In some articles continue to be restricted
Cotton sold to . moderate extent both for shipping
and fer export 1T prices which ruled In favor OF buv
ers. Owing to the limited demand for the East and
for export, With free receipts, the -four market va
dull, and prices inclined to droop. Southern brands
sere also lees firm, while sales limited Sales Of
Canadian we're made for exports rye -four was better
While meal was doll Wheat was inactive with a mo-
dsrste demand for export. There was seine inquiry
for Canadian but sses confined to Southern red
On terms stated below Corn was heavy, with mode
rate sales including mixed at about previous rates
Rye vas dull while other grain remained about the
ssme The market for pork 6fmer and at the
closeholders demanded better prices Sales we're pref
~ freely msde including small parcels for ship
mtnt TO California Beef continued heavy Lard -ss
heavy but In fair demand. Butter was heavy, while
cleese ~ss In fair request With sales for export su-
gtrs were sold to fair extent at steady prices The",CITY TRADE REPORT.,The New York herald. [volume] (New York [N.Y.]) 1840-1920
1849-04-11,"RARNUMS AMERICAN MUSEUM.-NOKE SPLENID


Observation-Disclosures performances, every afternoon,
Sts and every evening before o'clock The Manager
and Ganess This colossal couple the tallest and do
cded the largest pair human beings which tho world evr
produced Also engaged the Mammoth Lady who weighs
go lbs They may At all hours with Ttanis the Fairy
The Mnrtnets who composed portion OF the
Rave Family have been engaged for another week. and will
appear at each in their wonderful Gynnasts
Performances Laughabla Pantommes &c 60 Great West
ern the Yankee Comsdisn Pete Morris Mr. Chapman, Mr.
Copeland Miss West Miss Melville, Miss Barton, Highland
Mammoth Boys Wax Scripture Statuary. Madame Rock
WELL the Admission % cents children under
10 years. l2ta",,The New York herald. [volume] (New York [N.Y.]) 1840-1920
1849-05-22,"Besides the above list, there about one hundred
who have suffered, who small dealers, whose
cannot until the excitement subsidies, be ascer
tanned. They will, however, be forwarded to you
soon as possible


The whole number of buildings destroyed is four
hundred and eighteen; Of steamboats,, foenty and the
total loss is estimated at sin millions Of dollars


Nine entire blocks and six parts Of blocks de-
stroycd in which seven printing Offices.


The loss Of human life has not yet been ascertained,
although know of three persons who were burnt
the steamer White Cloud, and four bodies have been
taken the ruins Many supposed to have been
buried beneath the walls of the various large stores


The insurance companies are solvent, and will pay
fully with the exception Of the St. Louis and the Citi
zens', which will pay about seventy per cent.


Two-thirds of our wholesale dry goods dealers have
been burnt OUT and half Of retailers commits
son produce and grocery stores have shared the
fate.


The books and papers of the sufferers have been
pretty generally saved The brokers saved everything
and have again resumed business.


Messrs. John j. Anderson Co, bankers, opened
their safe thS morning. and found their books papers,
and money uninjured. They have resumed business.


Mr.. Bcnoists safe, containing $4,000 has been dug
out of the ruins-which, with all contained therein is
perfectly sound Messrs Clark Brothers safe is also
uninjurcd.",.CommissiOn business.,The New York herald. [volume] (New York [N.Y.]) 1840-1920
1849-06-06,"The PUBLIC HEALTH AND THR CRY AUrHoRI-
TIEs.-A great deal has been said, in certain quar-
ters about the energy and zeal with which the city
authorities are cleaning the streets and taking
other sanitary measures. To some extent, these
audations are not altogether unmerited For the
first time in many years. the elite of this metropolis
have obtained the control of the city government


and they have, very naturally, taken certain quar-
tiers of the city under special guardianship. All
around Astor Place-the scene Of the massacre
the streets are clean and sweet. Union Square,
and the region roundabout that elegant resort, are
in delightful state Of freedom from filth The
fountain plays and sparkes beautifully in the eve
ming, and the fashionable promenade is as agreea-
bic as it can possibly be made. Fourteenth street
and the Fifth avenue have also been thoroughly
and carefully cleansed and, indeed, throughout all
the fashionable and arstocratic anbowgs, all that
an enlightened and benevolent zeal for the public
health could accomplish, has been dohe. Thus
far, then, the praises lavshed on the city authori-
ties by their friends ano admirers are well mented


But how is it in those regions where the toiling
artisan, and the day laborer, and the humble store
keeper, and the poor wretches who know not
where to lay their aching heads, ""most do con-
greeate Z"" How is it in the vast districts thickly
peOPleQ by the TeSpectaDle Hniuulc cidSscS, WIN
have only heard of ""the polka"" and eat the bread
of industry off plain earthenware! Why, the elite
who govern the city, have not had time, yet to visit
those regions. They-the streets in those wards
are reeking with filth. Presidential gases are
ascending from the accumulated dirt and garbage,
and poison the atmosphere and the dwellings. In
suck state of the streets in the populous parts OF
the cit +, would i; be at all strange that the pest-
lence should spread from house to house, and carry
off hundreds Of our fellow citizens? 1t seems that
there can be no doubt that the cholera Is among
us-a all events, an alarming and fatal disease Is
here and no man can behold unmoved the horri-
bly, filthy condition Of the greater part of the city.
Is 1t not really time that the Questionable quarters
of this metropolis should receive share of the
attention of the authorities! Now that the aristo-
cratic taubourgs have been ceansed, may we not
hope that the lower wards, and those densey popu-
lated streets which run from the great thorough


fares to the rivers will be cleansed of the pestife


rous filth with which they are loaded'",,The New York herald. [volume] (New York [N.Y.]) 1840-1920
1849-08-28,"NEw ORLEANS, Aug, n, 1s4o.
The brig Adam Gray has just arrived from Havana
bringing dispatches from Col. Campbell, our Consul
at that post for the government at Washington 1t is
said they contain two from Rey-one acknowledging
bis abduction and the other praying the protection q
our government.


The Psesyune says. that the captain Of the port at
Havana told the captain OF the Adam Cray ""that II
the Americans wanted Rey they must come and take
him.


Much excitement prevailed In New Orleans.
The sloop-sfwar Albany was lying near Round
Island, watching the mysterious movements at that
place.","

",The New York herald. [volume] (New York [N.Y.]) 1840-1920
1849-09-07,"Among our telegraphic dispatches. this morning,
will be found some additional news from Europe,
brought by the steamer Niagara; and, also, the
second and last days proceedings of the Demo-
cratic {"" old hunker') Convention, at Syracuse,
including the nominations made by that body. aud
two resolutions which were adopted with view to
unite the barnburners and old hunkers in support
OF one and the same State ticket. BY despatch
from Albany, we learn that General Zachary Tay-
lor, President Of the United States, was to leave
that city last evening, in the steamboat Isaac New
ton, for New York-and the General has probably
arrived here this morning. Our other dispatches
embrace variety of interesting intelligence.","TELEcRAPHIc INTELLIGENCE.

",The New York herald. [volume] (New York [N.Y.]) 1840-1920
1849-09-07,"General Taylor on mis- way to New York.


SYRACUSE, September ""a. NJ.
President Taylor and suite passed through this city
this morning on their way to Washington. The Gene
raj s looks very feeble but Is evidently recovering
from his late Illness.


During the few minutes that the cars stopped large
crowd gathered around to greet General Taylor, aud
received his sslutations in return My fellow citssns
God bless you Good bye"" escaped his lips, a. the
escaped with his person. while the cheers Of the
people followed him.


The Generals absence from the State Fair viii cause
much disappointment.
Colonel Bliss, who came With General Taylor, win
remain here, we learn, until after the Fair.


SECOND DESPATCH.


AIpasv, September e-sP.M.
President Taylor has just arrived In this city,
compspied by Dr. Wood and Col Bullitt. He met with
brilliant reception and appears to be In good sprts.
lie will dine with Governor Fish. and will leave this
evening In the steamboat Isaac Newton for New York","General Taylor on his way to New York


c. Ca",The New York herald. [volume] (New York [N.Y.]) 1840-1920
1849-12-04,"Monday. Dec. SO r.. VI.


The stock market opened slightly buoyant this
morning, but closed heavy, with dosnwsrd tendon.
cy in prices Enormous quantities Of fancy stocks
have changed hands within the past three or four
days, ard many lots which have for long time been
held by out siders, have been brought out aud sold
doubt not much 10 the relief Of previous owners
The bears we'll prepared for this temporary all
vance and will not let pass without putting out
large contracts for future delivery. At the second
board prices were little lover; Erie Bonds and Erie
stock have been freely offered for days past aud
prices for shares do not improve much in view Of
the Interest payable the lst proximo Some OF the
shrevdest speculstors selling this stock with the
dividend on, under the impression that It will fall
more than three per cent upon the closing Of the
books At the FIRST board, to day, Erie Bonds old aud
new, advanced y per cent each; Harlem, y; Long
Island, \; Canton Company, NJ Reading Railroad, ~
Farmers Loan, ~ New Haven. ~


The receipts at the Office Of the Assistant Treasurer
OF this port, to-day amounted to S24 O32; payments
tS5.2ei; balance, sss32i77.


The annexed statement exhibits the quotations for
foreign and domestic exchanges, for specie, aud for
uncurent money","C0MMERCIAL AFFAIRS.

MONEY mAHRET.",The New York herald. [volume] (New York [N.Y.]) 1840-1920
1849-06-20,"CASTLE GARDEN-THE SUBSCRIBERS, INTENDING
togive series Of Grand Promenade Concerts on the
same magnificent scale and that adopted ceo
braod Julien and Musard Paris and London request
steal artists Of talent and responsibility who wish
gage to submit their proportions Tin wrting) their re-
guiarly authorized agents. Mesrs. Corbyn Martini


Barclay sweet, New York. FRENCH N HEISER


Two VIOLIN PLAYERS, &c.-PROFEsSORS AND
- hmatenrs are informed, that they procure
Strings for Nolns and Cutters that will to
stand at concert pitch, above If desired,
JOHNSON'S Music Store. No. l66 William street. New
York Instruments for sale repairing &c. usual Cheap
music SO. -",,The New York herald. [volume] (New York [N.Y.]) 1840-1920
1849-08-07,"Yestsrday about half past 10 O'Clock, the Kelly
Guards so called in honor Of Alderman Kelly, passed
the Hvsd office accompanied by band, on their way
to New Jersey, for target practice. They numbered
s. and looked exceedingly well in their handsome but
unostsntstions uniform. They were accompanied by
Alderman Kelly and several citizens On their return
nom target firing they dined at Lynchs cottage about
o'clock. Outside the door two boys began to fight,
aud the Captain of the GuardsNr. John Peras hear
ing the row. out and proceeded to separate the
eombatants There some of the Jersey factory
present, Who interfered to prevent him and one
Of them struck him He returI Q 10 his any, and
dinner having been discussed aud suppose washed
down with drink, they prepared to leave for New
York about half past 4 o'clock, when there
some heoting the part Of the faetory men,
and some blows exchanged between them
and Ave six of the Guards who however forced
into the ranks again by their eomrade. On reaching
the gate they gave three cheers for the New York
and three groaus for the Jersey They again
attacked by the factory men ana stones were thrown
They charged their asailants. who fed they then
turned to the ferry and somehow other got into the
wrong gate, and the factory again hooted them.
when Of the Guards dashed out rail Of the gate
with his musket and struck out at the assaants who
seized the weapon This the signal for general
uflee and the riot nov became serious Heads and
noses broken, and blood flowed in torrents. The
Guards struck with their muskets and charged with
fxed bayonets broken bottles, stones bricks aud
~
popents Who numbered about 400 having been rein
forced by other Jersey citizens Five six 1T the fellows
who flung the broken bottles punished severely By


sortie from the military company during the fight the
captain was knocked down with stone, and wa being
carried off by the Jerseymen when a cry OF rescue
the captain brought his men around him who res
cued him. and they about to of in the boat that
was just starting when one OF the Jersey Judges Or
dered the boat to stop till they all arrested This
led to a renewal Of the combat. aud blood II )wei
They, however, got aboard the next boat when
shower Of bricks asssiled them Their blood being up,
Fix of them imprudently leaped shore including the
captain and the boat going of at the instant they
left behind; and being thus at the mercy OF the
Jerseyites, they kicked and beaten in dreadful
manner, and carried of in triumph to prison. The
Guards board in vain to induce the pilot
to bring back the boat One them sword through
his clothes, and another fired bullet through the
pilot house II has been stated that shots fred
by the Guards at the Jerseymen but we believe 1t Is
not true. After all over, MIR. John Tynda OF
the judges Of the target shooting coming away in
the next boat when Jersey Justice walked in and
brought him back prisoner. Considerable excitement
prevailed in jersey during the evening aud nigh'u
rumor having been circulated that the Kelly Guard;
would return reinforced with other military comps
MES and rescue their companions from durance vile
This would be easy matter, as there military
and scarcely any police in Jersey. Under this appre
hension, as desperate resource they brought their
old Fourth of July the only they have to
the gate Of the ferry to give reception to the New
Y rkers in of an invasion. The New Workers,
however, did not invade Jersey and the city was not
taken. Two OF the Aldermen were over here in the
evening the subject and it was difficult to persuade
them there no intention of the kind The crowd
remained about the ferry gate till late hour. and the
gate keepers this side got orders not to allow New
Workers to pass over.


Among the wounded at the other side of the river
arc Aldermen Bunsted, boss mason and Assistant
Engineer Coleman, of the craft. Both badly
hurt MIR Bupsted has his nose broken. Two OF the
Kelly Guards, whose names could not learn,
badly wounded


The seven prisoners were sent of to Newark jail
Alderman Kelly returned in the of the evening
to Jersey to effect their release but without","Terrible Riot at Jersey Cny-rhs Kelly


Guards and the J~rse actOry Men.",The New York herald. [volume] (New York [N.Y.]) 1840-1920
1849-08-07,"PARTNER WANTED. WITH CAPITAL FROM


""A fifteen to twenty Thousand dollars to manufacture in
New York. important nventon The advertisers
patent right for the This
nent does with the necessity Of ves for the purpose
Of fastening iron work together where used grating
osvery description being enabled to iron large
railroad the Attest sized wire We apply
ing successfully Philadelphia following purposes
-for Iron Ratings. for Public Grounds Buildings. Cot
Galleries for Churche Grating for Prisons Window Shut
and Grating for Sorss Columns aud Cornce
Cottages Tree Boxes Being cheaper than east iron
wood 1t must eventually supersede both for
fe-embracng endless variety Of designs,
Tor beauty durability and strength Address, post paid
H. W., Merchants Hotel New York, stating where in
terviow may be had.


Two IRON. STEEL. AND CAST STEEL MANUFAcTU-


rersWaned an engagement, for six twelve n,oaths,
by steady person, who has thorough knowledge the
erecting and repairing Of all kinds Of furnaces the
manufacturing and tempering OF iron steel
The advertiser has had
would have objection for the
Address j. b., No l2s East Broadway, second story.",,The New York herald. [volume] (New York [N.Y.]) 1840-1920
1849-10-22,"SATURDAY., Oct. 200 T. NJ.
There more doing in cotton, and the market ex-
bibi ed greater activity Sales pretty freely made
at quotations The market for Western and State -four
dull There a fair demand for the Eastward
and the local trade but prices closed with down
ward tendency. There was more doing in Southern
brands at about previous rates Canadian In fair
request and tire stock being light prices steady
wheat continued heavy and the dsmand for milling
moderate. Canadian was in fair inquiry for export.
Corn washes bouysnt, owing to advance In feights
Barley rather better with more doing Rye was
rather better, while oats were steady Pork duh,
with sales to fair extent at decline Beefcontinusd
unsettled. Lard was firm. cheese was in good demand
Butter plenty, and less buoysnt Coueo continued
firm, with more doing Sugars were inactive, with
derste sles CT New Orleans at prices which favor the
buyer lrvishts we're snvr at yesterdays rates with
rALLtr mere tue.iug.",CITY TRADE REPORT.,The New York herald. [volume] (New York [N.Y.]) 1840-1920
1849-07-10,"VNO GENTLEMEN ARRIVING IN THE UNITED
States Others DESTROYS of purchasing Country Resi-
dence in PennsyvaniaThe subscriber sers sale his
Farm situated in Montgomery county Penny yania four
teen miles north OF lhiladel pha contains S Of
land S acres of which in III ehhes state foultiva
tom producng rye lndancorn hay equal
uplandfarmth remaining 2oacios being Woodland On the
premises fine stone mansion cfeetby 10 with
dab attached WIDE extending the length 1.-THE house
and large piazza on the east the whole giving ample &C
combinations for family twenty The pleasure
grounds surrounding the house shaded with
and beautifully laid out There the farm three
houses farmers tenants with three large
stone barns containing sabng and oonyenence fer hun
dred head of cattle and the produce
with coach house house. ganary and cribs
taehed There also the advantages Of fine spring house.
ice house. fish pond garden of two orchards stocked
with the finest fruit gln house and grape wall stream of
depa and New York of the day received
and omnibus passing the gate morning and evening
the immediate vicinity Episcopal Lutheran and Presby
terrain churches Further description all
wishing purchase invited call
the estate 1t may however, be added that for beauty
heathul situation and advantages surpassed by
in the United States 1t be well also mention
price. which is $40 per Apply to


GEORGE SHEAFF, Whtemarsh.
jeRN' Montgomery Co., Pom.","FOR SALE AND TO LET,",The New York herald. [volume] (New York [N.Y.]) 1840-1920
1849-07-10,"CORNER OF GRAND AND CENTRE STREETO.
brothers PERKINS, GRATEFUL FOR THE VERY
- LIBERAL patronage already extended to them. and which
has exceeded their most ssnguins aatcpaons BEG leave
say that their - -


PRIVATE SUFFER- ROOMS
for the reception Of Ladies panied BY Csuemsa
now, for the hrst time complete


They confident OF their ability 10 please The most fAs
tdou Of competent experiences and taste In eush
them that their exceed
In London Paris for CONVENIENCE. for Exrssr fog


CONSCIOUSNESS pEcoRArIoS,
for the perfection Of and add polite
attendance. Iu


LARDER,
has always every edible Of the New Ysrk martei ana In
addition almost daily contributions Of Injuries, by all the
steamers tho tropical regions and from Europe Their


VAULTS AND STORE ROOMS
are supplied with the choicest brands 81


WINES, LIQUORS AND sE1ARS,
selected procured directly by poran and thse
charges will found Of is
character In this city or elsewhere. mhI",ODD FELLOWS HALL.,The New York herald. [volume] (New York [N.Y.]) 1840-1920
1849-07-10,"GOOD MEDICINE.
THE VIRTUES OF THE SARSAPARILLA ARE
i universally acknowledged, and sxtsrminator a
complaints and purifier Of the blood
no better preparation medicine than


DR. ROBERTS COMPOUND SARSAPARILLA PILLA


They acknowledged by tblsst physicians
only unexcepioaable but efcacious In the highest degree
and their basis being the the
these pills operate both an alternative and mild cathars
the digestive by their powerful acra
tive and mild eahartio properties, and giving tone aHd
energy the body possessed by other known
They particularly adapted anidote for
and Epidemic diseases to prevent the formation Of Bilious
liver affections Fever and Ague Diarrh@a Dysentory
&C. those who reside in hot climates and low ana marsy
countries.


Sold wholesale ar ret all, at the principal depot, les
Chambers street. and also by all the principal Druggists
Price n rer box fifty pills. les fSts","MEDICAL.

GOUO NEDTCTNE",The New York herald. [volume] (New York [N.Y.]) 1840-1920
1849-08-29,"FAsHIoNABLE MovEMENrs.-The movements of
the world of fashion for the summer season are
rapidly drawing to close. The elegant Fanny
Kemble Butler, booted and spurred like a queen of
beauty in the middle ages, has taken her last gal
Top over the hills, and is now preparing to visit the
great agricultural fair, and there teach the farmers
how to read the Lords prayer and the ten COM
mandments. The company at Saratoga has dimin-
ished very considerably, as appears by out CORE
spondence, since the fancy ball was given. Some
few movements yet remain, and thea the fall
fashions will set in with great activity snd energy.
The tournament at the White Sulphur Springs, In
Virginia, and the grand fancy ball at Newport, are
yet to take place. The latter affair will take place
this week, and, according to all accounts, great
efforts are being made 10 finish the season there
with the usual brllliancy. The Hon. Abbott Law
renee, who has been appointed Minister to Eng
land, has consented to delay his departure for the
court of Queen Victoria, in order to play his part
as manager at the great fancy ball at Newport. In
the same category, we find that distinguished
fashionable man, the Hon. John Minor Bolts, of
Virginia, and Prescott Hall, of this city, both of
whom are aiding and assisting the new American
Minister in getting up that splendid afar-the last
blowout of the season. 1t seems, also, that
Thurlow Weed, from Albany, is giving his valua-
bic aid, and will probably appear at the fancy dress
ball in his own natural character, as the Mephisto-
phes of the wing party of New York. He GER
tainly can play that role with skill.


When fashionable affairs are thus coming to a
close under such brilliant auspices at those resorts
which yet remain open in the country, we must
say that the season has commenced in this city
with more than usual briancy and splendor, at
our hotels, theatres, and other public places.
Fashionable travellers are making their appearance
in great numbers, and fill those delightful resorts,
the Broadway Theatre and Nbo's, night after
night, in most extraordinary crowds. At the
Broadway Theatre, the union Of Italian Opera
with ballet seems to have produced new era in
fashionable society, which the Astor Place Theatre
managers tried in vain to bring about during the
last few years, in spite of the warmth of the
weather, which, however, can't last long These
two places Of amusement, and also the other
theatres that are open, are crowded night after
night, particularly the Broadway Theatre and
Niblo's, with the best dressed and most elegant
audiences that we have yet seen inside of
theatre",,The New York herald. [volume] (New York [N.Y.]) 1840-1920
1849-03-27,"MAGNETIC POWDERS.
II over abnoy cd BY Ants Flea


Bedbugs or Ceokroaokes,
You'll find this remedy . check


Against their fol approaches.
If Moths should gather in your clothes


And spoil your choicest garments
Don't give 1t up, but buy dask


Of""powder"" for the ""varuinta""
Ifin,ests should your plants destroy,


And ele some gentle flower
Should droop and wither BY their touch,


Just try its magic power


For Rats and Nice re has Pill,


Most potent in its Actisn,
Should they annoy, just give desc.


Twill cost you but fractleu.
EMANUEL LYON, 40 BROADWAY,
and Proprietor Of tho Magnetic Pow
ders III for the instantaneous destruc Il Rata and
Nice which received tie of the
eminent Physicians the city likewise the hrst the
American In, ttnte mhN Item",MAGNETIC POWDERS,The New York herald. [volume] (New York [N.Y.]) 1840-1920
1849-05-08,"Use the pills three week, suieient
70 purge freely and when paroxysm comes fearless
of the pills must be made down with eight


little while repeat the doses do this until are
strongly purged This effected the danger for that
tack. Angina peceris and stone in the gall bladder
treated in the and although considered
BILE by the medical profession cured by the
RErH's PILLS Piles are cured by BRANDRETH's PILLS
In attacks the doses must be full eight for few
nights together will the Whenever this
disease in the treatment Of other diseases it
good nothing but the pills and outward app-
cation cold and make frequent Of cold
locally there have been pecora affections asthma
consumption, &c. will be with pills
to effect permanent But any course will as
suredly bring on the pectoral affection.","ANEURISM OR ENLARGEMENT OF THE HEART,
ARTERIES, PILES, &c, &C.",The New York herald. [volume] (New York [N.Y.]) 1840-1920
1849-05-14,"SATURDAY, May 12-6P N.


Merchants waiting tho receipt Of private letters
before operating to any considerable extent. Tho
previous teegraphic being unfavorable for houR
and grain, the market for both heavy Tho sales
Of -four moderate and prices easier for common
and middDg grades. There no inquiry to-day for
EXPORTS and the demand confined to orders for
home use. Sales Of Genesee made on private
terms. Corn lowor, and sales moderate, tho
market closing heavy Rye was steady; while meal
and rye -four were rather heavy. Oats and barley
were easier, with fair sales. There was no marked
change In groceries Cotton sold pretty freely quo
tations given below Freights stood about the same",CITY TRADE REPORT.,The New York herald. [volume] (New York [N.Y.]) 1840-1920
1849-04-17,"DR. Brandrcth has twenty years experience
with these Pills, and has taught him that the
breast shows twitchings of its limbs
without Of pain approach future
tanly removed by giving Pill day until well. 1t is
astonishing, the leneht derived from dose. IL promptly
given the third Pill IL seldom required in fact Pill Of
ten entirely cures until other Of sickness
namely to 1t is well to reduce with knife the Pill
powder, small pieces and place the back the
chds tongue and give IL the breast wash
down IT, while getting their teeth, children panied
attended with fever commissions fail ncreas
quantity until the rurgng brisk And If the color
bad, the smell give Pills The bad symptoms will
disappear This plan will insure the recovery Some
times viii be well 60 scrape the Pills into powder cut


them up into small and mix the powder with
iaoasses Jelly, honey and water Then lay the
cd upon knee place the mixture tanning the Pills
liquid ~ ' '


"". HOPING couGH SCARLET FEVER MEASLES,


AND SMALL POX


prevented or their danger II attacked reduced previous
'snR with the Brandreth Pills when these disorders
~ "". heghbofhood No danger life trouble will he
IN curing these disorders, II the Pills used daily
Sn,a r. ent mas recovered And in Scarlet Fever and


~ uey ought TO be used frequently for sometime
Towards 10 those which Zoo often
SNOW themselves when this course is pursued


v. COsTIvENRss


IT'S fact wei known that the o,b. ~ all
other In NIL ~ this the rnndrctb pills
must ne used IN doses that will effect the object Sometimes
small dose will have brisk effect
required Begin with from four pills ncrcase and
decreases that il commence with two pills and Increase
each night until you take six pills.
rll each night down TO pill Wait then and hnd ybo-
ther the healthy regular action IL fully restored If van
four hours. '''""",Ill now TO GIVE THEN To CHILDREN.,The New York herald. [volume] (New York [N.Y.]) 1840-1920
1849-04-17,"GREENBURG, "" estchester co. 4th Feb, 1877.
DIR. b. BRANDRETH, Sir Should you deem the following
statement worthy place among your publications. will
pleasure should it be the causing same
remedy others to health whose complaint like
unto mine that is thank Providence, cured after years
of suffering.


For several years afflicted with periodical cramps in
stomach, occasonng the pain. often
thought that each would be last Even going out
in little wind it happened to blow in face
bring the cramps After each attack pros
trated and and less able withstand
attack So gave all hopes release except by
DEATH had used all remedies from and others
until redand altogether without what
In this deporable condition, when scarcely day
would without attack of sickness, heard your
Pills On my attack took four-n half hour WAS
free from pain In few days had another attack again
took tie Pills for several days which brought
deal Of slime. After which enjoyed excellent health and it
much longer before had another attack of
IN stomacht when had, however, flew the Pills and
relieved by them. Now entirely cured il
nearly twelve months the last attack am noy
altogether free from sickness. When before your Pills
had it week and sometimes oftener and
health all the time.


l remain yours gratefully",,The New York herald. [volume] (New York [N.Y.]) 1840-1920
1849-04-17,"These cases 'riU be authenticated at 241 Broadyav


young of eminent scian was taken down
sick he suffered from pectora cough
and great debility his principal symptoms No med
cine his father him produced finally
medicine was given him. being supposed he con-
frmed decline friend of Dr. Brandreths Pills possessed
sufficient influence with the induce him
the Brandreth Pills lie used them and gained health fast
At length his father noticed his friends
getting well without medicnethat he atonsed at his
hut that nature all powerful when her
self sometimes That may be- dear father, said the son.


bu in this case have been using what named
ant of natureBrandreths Pills "" that used them
daily for weeks, and gaining health, flesh and
strength daily The Doctor made careful
the action Of Brandrehs Fills this ease concluded by
telling his son to go on with them The young entirely
coyered his health.","CASES IN CONFIRMATION OF THEIR GENERAL


APPLICABILITY",The New York herald. [volume] (New York [N.Y.]) 1840-1920
1849-04-17,"When young sick much after sixteen years.
who have become regular having either too
lttlewhen in too great administrators nothing
done but take the pills described for being
careful to make small doses be taken when the is
pected


With those in whom the sdnercnt-namey who have
not enough irregular with whom is altogether
stoppedIet them follow the relative
also but with this difference instead OF the small Doses DO
careful to order it that the
the the expected And if irregusry not thus
removed may not the time time besides
taking the large doses OF pills for preceding take


large strong cold when you get
the morning of the These
will be and produce the effect.","INSTRUCTIONS AND IRREGULARITIES PECULIAR


FEMALES",The New York herald. [volume] (New York [N.Y.]) 1840-1920
1849-01-26,"HVN UVLD CALIFOKNTA, VIA CHA.


grea The fine fast ling osppered bark ""Guord"" Capt
Thorp will DO immediately despatched for Chsgrs and
has eror btate cabin
and number in the second cabin The way


Chages the only that affords the
Gold Mil early in the spring. advance those who
have gone round Cape Horn and miles of
ocean navigation during the the South
e1n hemisphere Passengers will be allowed


the vessel for fifteen days after her arrival


majority of the desire moderate rate per
dem to afford them opportunity securing from
Panama before leaving the ship For freight
board at foot Of Clinton street. Fast Riverr JOHN 70
Sou tn street. "" "" 7 -",,The New York herald. [volume] (New York [N.Y.]) 1840-1920
1849-06-05,"Use the pills three times week. in doses SUFFICIENT
purge freely and when fearless
o. the pill. must be made down with six or eight and in
little while the dose do this until the bowels
strongly purged This effected the danger for that
tack Angina pectoris and stone in the gall bladder
treated although considered
Bile the medical profession cured By the use Of
RETH's PILLS. Piles cured by BRANDRETH's PILLS
attacks the doses must be full eight for few
nights together will the worst Whenever this
disease Of ether diseases 10
good sign nothing bat the pills and outward appl
cation lard and make frequent Of cold
locally Whore there have been pectoral affections asthma
&c., will be required with the pills
q But any other will
vuredly bring the pectoral affection.


Dr. Brandrsh would call special attention to the following","ANEURfSM OR ENLARGEMENT OF THE HEART


ARTERIES. PILES, 60, 30.",The New York herald. [volume] (New York [N.Y.]) 1840-1920
1849-10-09,"Every comparative statement Of prices which wc
have given during the past four five months, has
exhibited Decline and from the appearance Of things
should judge that comparative tables for sometime
to come would present similar results Government
stocks not in very active demand at rates
and other good stocks almost entirely neglected
As for the fsnses, dsres touch them, ami the
depreciation has during thspast few weeks been very
great, and lie still going 1t is impossible to tell
whore the bottom Is for any fancy stock and holders
trembling with the apprehension that the bottom
viii fall out altogether Money has not been more
abundant for years and for there has not been
such limited speculative movement in unproduotive
stocks The faneies are just where they should be
and where they should remain-n the hands Of til .
brokers'


Our banks hold large amounts Of government
securities, and probably will continue 10 hold
them, long the rate Of interest In the
market remains so low and the demand for
money 80 limited. They are the most productive
and the safest they make; and they
purchased at prices below those current they lose
nothing by the depreciation which has already taken
place In the event OF their selling they could not
ind better for the proceeds and therefore hold
Should active demand arise for money, and the
street ratss Of interest increase the banks will bring
their stock securities into the market and through
thsr sgsnts buy up business paper out Of doors The
appearance Of any amount Of securities In
the market would In the absence OF active demand
deprecats prices very materially 1t Is not impossible
hut that some Of the public stocks which pur-
chased here at high prices, viii come bAsk for
sale and the proceeds serve to increase the large
balance already existing against us on our foreign
trade. II Il beat to be prepared for these things,
and take advantage Of fair prices for any security Ia
the market While our stocks were going abroad In
large lots and the proceeds serving TO pay for
nous importstions, It was all very we'll but change
has come the face Of things The sale Of stocks
10 foreigners has nearly ceased while inporstons
continue large and our expurts unusually limited.
This must tend to tighten the money market, and We
shall probably feel the fret turn Of the screws
cen this AMI the nrst % February next shall
have 20 remit TO Europe at least Eve millions Of dol
lars In pay ment for interest American stocks held
abroad and before that time the current specie will
have set the Atlantic The Peet IL
by NO means favorable for continuation Of the pre-
sent ease in financial affairs and the probability Ia,
that before the lapse OF six months. holders Of stocks
Of all kinds-cood. bad and indinerent-vIl be glad
TO get prices which they nov refuse.",,The New York herald. [volume] (New York [N.Y.]) 1840-1920
1849-12-06,"DrctNrfR g. The Mayor in the chair, who on re.
thing, vas succeeded by Alderman Jameson. The
minutes Of the last days proceedings read and
approved Some petitions for the remission Of taxes
and against excessive referred 20 the
conn ittees. bill from MIR Shsndiy, for SSss sor
cleaning the various lsw Offices and chambers was
fsrred TO the Committee County Ofhces Other
bills Of smaller amounts, for wsges presented
Amongst them was one from Jane Hogan, for f3s one
months wages for cleaning the grand jury room aud
witnesfes room One Alderman said, that "" MIR.
Sbandlys bill, for about $500 . year, for keeping
obliged 20 employ his son and smother person as
assistants the charge Of this woman, for keeping the
grand jury and witness rooms clean, and lighting


FIRE In the former about Eve times mont h. should be
considered more unreasonable. Referred mittee
on County Offces; and 10 thep resolved that the
Committee on Repsrs and Supplies report vhst would
be fair remuneration for persons performing such
ofhees.","Rontd of sup,rriaors",The New York herald. [volume] (New York [N.Y.]) 1840-1920
1849-09-18,"Leaving mat cost only. tL@,tIb 20


The directsrs say that those occssioned
by the returns nado 10 the committee by tina officers Of
the company not including everything which should
have been properly credited to the shops the object
OF the ommttse in making the inquiries and the
for which they wanted the information, not being un
understood. The above statement Of the directors
places the sutJec. Of the shops In quite q different
- IL reduces very nearly half the charges
against those establishments In relation TO the cost
Of building and finishing the boston and Maine Rail-
road, and regards the current expenditures the
port Of the directors says


az pare the entire NJ building and fur
piehipg the Botten and Providenes. the Bc>ton and
Lowell the Boston and Worcester. the Fitchourg aud
the Fast-rn Railroads, With that Of shall
md thst the average cost per mile of these Eve roads,
II 80 cent than that OF the Boston and deis


""Tbe expense 81 keeping Ia repair the engines aud
carr of tho Boston and Maine Railroad for tho year
1919 ten cent eos than the ~ thu other
i've principal railroads connecting with boston via .;
The Boston and Providence Railroad tho boston s,d
the Eastern. And if except the Fitcbburg, which
had hut about years the tins taken for this
companion and vbosc furniture must have nearly
We have the average charge for this Item OF
p<pte the other roads ninsteeu rent greater
than the came item NJ expense the Boston and
Maine road In proportion 10 tho mites run


III eompsr. the general expenses NJ thase I'VE
roads With thoe ~ the Boston aad Maine for the
year shs ind that the expense mile %
nspts'pirg and hing these roads IL tss b~fore


ten per cent greater than that Of the Boston aud Maine",,The New York herald. [volume] (New York [N.Y.]) 1840-1920
1849-06-05,"COKNER OF CRANE AND CENTRE STREETS
BROTHERS PERKINS, GRATEFUL FOR THE VERY
~ liberal patronage already extended to them and which
has exceeded their most sanguns ancpatons leave
say that their


PRIVATE SUPPER ROOMS
for the reception Of Ladies accompanied by Gentlemen
now, for the first time, complete.
They confident Of their ability please the most fas-
dous gentlemen Of competent xperence and such
matters having assured them that their exoee
In London or Paris for CoNvENIEN for for


GoRGEoUsN ALTON,
for the perfection its and for its and polite
attendance. It's


LARDER,
has always every edible of the markets. and
addition almost daily contributions Injuries by ali the
steamers from the tropical regions and Europe Their
VAULTS AND STORE ROOMS
are supplied with the choicest brands Of


WINES, LIQUORS AND SEGARS,
selected here directly by and their
charges will be found
character in this city elsewhere. mhN","ODD FELLOWS HALL,",The New York herald.
1849-12-10,"SATURDAY, Dec. Sc T. NJ,


The cotton market In the absence OF the steamer
news continued very quiet With moderate transactions
at about the quotations given below The market for
-four quiet, and transactions ia this State aud
Western brands light; the demand for the local
trade md for the East was moderate. Canadian was
quiet but steady at previous rates Southern in-
active, without any marked change in prices. Rye
flour continued steady, while corn meal was more
buoyant. wheat continued dull, aud sslos limited
The hrmnen Of holders checked transactions Corn
exhibited no material change, while sales remained
about the same. There was NJ marked change in
other descriptions Of grain The pork market was
quiet, snd GALES only made to a moderate extent at
rates given below. Beef continued heavy, and sales
moderate Lard was steady while butter (good STATED
vas firm, with limited Gales. Cheese continued arm,
and In ,tssdy demand. Coffee coatipned arm With an
upward tendency In prices The market closed sb Jut
quarter of q cent higher There fair demand
fer sugars but prices tor the week closed o. = to 10
lower nclas.ea was dull There OF the
new crop In Bret hands and the sales coadnei
20 The old eros ~ Ters at previous rates Thsre
marked chsngsi 10 freighs 10 Europe while the lie
msnd fer Giiforpis coniibssd good.",CITY TRADE REPORT.,The New York herald. [volume] (New York [N.Y.]) 1840-1920
1849-12-30,"MOB BAN FRANCISCO, CALIFORNIA.--THB NEW
II and elegant a packet chip SARATOGA, 1870 tons
register. d. j. H. Frank, Commander will be a. spa'ched
sbcve the 2Oh ofJanuary. Tits beautiful ship having
been built With special references 70 epeed and HAVING
proved hfrse the voyage from her Place 0f building
this rsr 20 be remarkably iast Is ANTICIPATED that she
will maft short cut. To che presents
urequAlied inducements Her cabin and state
spacious and hteI with every convenience and lnxury and
her second cabin passengers viii be provided with
deus state rooms place ofopcu buak In rough weather
her sze will der her much nrtable
tltn smeller vessels For freight which will lie taken a.
low rates, on further prtcnlsrs rassage, apply


SLATE, GARDINERs HOWELL


ia South street,


Or 70 JAMES SMITH. TIC Wall street.",,The New York herald. [volume] (New York [N.Y.]) 1840-1920
1849-05-23,"Of the terrified horses announced that the conflict was
about to terminate The enemy fed up the hill, In
wild confusion, followed by the infantry Of the Ame-
rieans who they moved fred voleys Of musketry at
their foe. The Maacans lost thirty men killed; among
them captain, who fell under three wounds, while
fighting with the most determined bravery


About noon, Captain C. F. Smith, with two compa-
MES Of the artillery battalion and four Of Texan
gers was ordered to storm the second height. The
undertaking was fearful one. Five hundred yards
interviewed between them and the foot of the hill their
lying perpendcui rocks heaps Of loosened
stones, ard thorn bushes; while every peak and
thieket above were gttering Of Mexican infantry
prepared to pour upon them showers Of musket balls
Inc party however did not for one moment dream Of
danger Under their gallant leader, they pre-
pared for any service and any danger; and after the
s;nht hshUd Iva gwen, .ney Teis soon OUT OF
watched, with beating hearts for their
tiu at length fearful for their safety, Captain Miles,
with the 9TH infantry detached to their support
Instead Of taking the same route the first party,
they moved rapidly toward the hill in the very breast
OF the redoub until they arrived the shores of the
San JUAN which winds along ledge. They paused
moment, and the next were wading across the swift
current, which was plungng and foamng with the
showers OF balls that necessarily poughed its surface
They landed marched to the hill, and detached
Lieutenant CAN'T to arrest the attention of the enemy
and II possible discover Captain Smiths party. They
pushed up the hill, while shells and round shot
few in all directions tearing up the shrubs and stones
ana ming the air with showers OF dust and gravel and
overhead, the sharp crack Of musketry echoing from
cliff to cliff, announced that the infantry were not
idle Suddenly the quivering bayonets of the first
party ghttering in the sunbeams, broke upon their
sight They arrived rushed up the hill, and the next
moment were ping the Mexcans from the summit


The enthusiasm of the troops became
Company after company marched up the rocky ascent
cheering and shouting until their voices arose above
the roar OF cannon and confusion of battle The Next
cans unable TO resist the fierce shock deserted their
works and fed to the number of thousand down the
steep ascent towards their second fort they passed
the rear gate the Americans entered in 'front.' and in
a moment the national flag playing in graceful
folds over the breastworks while the guns found in the
fort commenced laundering away ut the Bishops
Palace.


Thus was this important post taken almost without
loss on the part Of the Americans but it only the
commencement Of the drama the palace was still
before the soldiers with its massive rowning walls that
seemed to bid naughty defiance to the utmost effort
ofany army Rows OF cannon and files Of musketry
Drlsted along its ramparts, and its very height
fearful to look upon Yet the who led the as
sailants was not to be deferred by difficulty He had
TO take the palace


At three o'clock, the morning of he 2lst Colonel
Chhas ieft the camp, with three companies, on his
way to the palace. Their road lay over steep rocks
covered with loose fragments or hedges Of chappara
at daybreak, they found themselves within one hun
dred yards of a Mexican breastwork of sand bags
Here being discovered they paused to await
ments. three privates however, had advanced ahAid
OF their companions, and surprised BY party Of
Mexicans to whom they surrendered. They Shot
With their own muskets. Major Scott and Colonel
Stamford now advanced to the support of Chids toll
ing up the steep ascent and Obliged to carry heavy
the summit the loud bursts Of the howitzer aud the
renewed firing Of the palace announced that the
fict had begun in earnest All ut the Mexican





gallop The brave Rowland saw them coming, and
prepared for the encounter. Another leap and their
horses would almost have touched the Americans,
when loud burst rang upon the air. and the dense
mass rolled backward as though struck by an earth
quake Then followed peal of musketry, and the
broken cavalry fled in terror from the unequal
test. In little while, the Americans followed them,
rushed upon the palace, and entered it by small aper
ture in the wall. The Mexcans driven from
the works the guns secured the starspauged banner
hested. and the Bishops Palace own


On the 23d, General Worth entered Monterey with
his whole division, and was involved in the stir
ring events attending its assault. AS he rode from
post to post amid the shots that flying thick and
fast around him his fine form seemed grow with the
danger and the sadness Of previous day entire
ly absorbed in the excitement of action and flush of
victory Here he remained, in the very heart of the
city until news reached him that terms of captuaton
were about to be offered, when he ceased all further
operations.


Noevent in the life Of General Worth has added
more to his reputation. general than this fine
saut II was conducted under peculiar circumstances
those which, in some measure, would have excused
palliated rashness But he forgot self The safety Of
his dear to him than his personal fame;
and with feeling allied to that OF the martyr he de-
termned TO perform nothing but his duty totally
CARELESS Of consequences His disinterestedness
rewarded; and the post where all thought that saugh
ter would be widest scarcely stained with Ame-
rican blood How gratifying must have been the
feelings of the general, he reflected the mag
ntude Of his services, his little loss, and complete
success.",,The New York herald. [volume] (New York [N.Y.]) 1840-1920
1849-02-22,"LNIKST TROOP WASHINGTON GREYS-NILITARY AND


Civic Ball Wabngtons Birthday February 2la lsi9
tho Astor Place Opera House To prevent
the Committee would that gentlemen holding the
above named Ball will conform with the following
at two sets Of tables stated in the circular IL will
to give comfort ALL three The company
arriving first will be provided with tickets
those arriving next for the those arriving last for
third They would also that
Of will be admitted without tckes all children under
above age will be furnished with supper tickets
the pesont. Also would have that
no money will be received a. the door except the circular


particularly requested appear unform without


side Captain Varau Chairman; Serxt George Jaoaks
Hergt ia Bibard Alfred Broad wpy william Laor william
Banhsm Philip Bead William Robins BRYANT Lawrence Joseph


NB-Ibe drivers Of II carriages pany to said Ball


to them down with the East


and take them nm in rsyerse order",INIRsT TROOP WASHINGTON GRrYs-NILIrARY AMI,The New York herald.
1849-07-14,"JrSr 13.-Geo. Tribsi Uaifer and Chas Kelsey The
Sfsam Tgg Keystone her Tackle. Sc.-CoLLisroS.-The
libel In this fled 10 damages for col
lisi, between the steam tug aud the sloop Thomas
Lynch; the b,llsnts stated that the beant O. Twibel
owner ~ the sloop and the bellsuts Walter and
Charles Kelsey owners of the cargo That the Tth 81
November, 1s4s the sloop left Philadelphia. with a
cargo 81 Goals 20 be delivered In Brooklyn and pro-
ceoded her voyage without any accident until the
evening OF the 18TH when. coming up the bay. aud
standing In towards Staten Island on the arboard tack
far she could with safety, she then put about,
and had filled the starboard tack when the steam
boat having seven barges laden with Goals In tow,
bound to New York hailed the sloop and came down
her Of the barges striking her about midships
cutting her down to the waters edge causing her to I'LL
and sink In about ten minutes the cargo and all on
board except the being totally lost Frazer and
Aspinwal Of Philadelphia the ~ the steam tug
inervened and in their TO the libel stated that
just the soop had passed the steam tug In safety
and when she only about 800 feet ahead and 100
feet TO eewsrd and being q considerable distance on
Staten Island shore and under necessity Of lacking
md but short distance frsm the Keystone she sud
denly went about the arboard tack with her broad.
side TO the tide then food and running very strong
and by the joint force Of wind and tide drfted down
upon the Keystone rapidly that It impossible to
escape before the sloop came In contact with the bow
Of the larboard barge which caused the accident IL
DARK at the time and the sloor had light Ad-
iourntd",United states District Court.,The New York herald. [volume] (New York [N.Y.]) 1840-1920
1849-07-23,"BALrrMsRE, July 20, 1S49.
We learn from Pensacola, that the United States
frigae Raritan, the flag ship Of the home squadron
bearing the broad pennapt Of Commodore Foxhan A.
Parker, had arrived there from Vera Cruz-all well.
She made the voyage from Vera Cruz in six days.
The ship Germantown, Comma der Lowndes, arrived
at this port Monday last, in eight days from st.
Jago de Cuba.


The United States ship Saratoga, Commander Mich
olson, arrived Thursday last, from cruise in the
Gulf Of Mexico. Both the Germ antown and Saratoga
are now lying at the anchorage Oft the Navy Yard",Naval Intelligence.,The New York herald. [volume] (New York [N.Y.]) 1840-1920
1849-07-09,"ACciDLNT.-On Saturday evening about clock, as
q lady and her two children, taking airing in
carriage the Greenwood road Brooklyn the horses
took fright and in the direction Of the Hamilton
ferry when the carriage came in contact with


lamp post and both it and the horses upset and
the lady and her two children dashed violently cut
The children seriously hurt, and the lady con-
sidsraby. The street being wet from the rain, her
white dress was sadly dishgured with mud We sosld
not learn her name.


Boy KILLED RAmRoAD.-Yesterday after
a fatal accident occurred on the Harlem Rail-
road at roth street, tho tunnel boy about IL
years OF age, whose name unknown, instantly
that the deceased jumped from the train while under
way, and falling the track the passed his
head The Coroner ordered the body to be removed
the Bellevue Hospital dead house, where the friends Of
the deceased csE view the body and the inquest will
be held.


ACCIDENTAL DrATu-The Coroner held an inquest,
yesterday at the corner Of Amos and West streets
the body Of william Backus, aged 40 years, born in
this State to his death from injuries BY falling
into the Of house corner Of Amos aud West
streets, as the jury suppose, while in ht.",City Intelligence.,The New York herald. [volume] (New York [N.Y.]) 1840-1920
1849-05-26,"FIRE AND Loss oP LIFE.-The telegraph an
nounced yesterday that the residence of Mrs.
Ereme, near Brattleboro, Vt destroyed by fire
An extra from the Office of the Brattleboro' Phenir
gives the following particulars The inmates of the
house we're all females, consisting of Mrs Freme, her
two sisters and two domestics One Of the latter was
seriously bruised in jumping from window; all the
rest escaped without harm excepting the lady Of the
mansion, who persisted in the flames. There is every
reason to suppose she suocated by tho heat and
smoke. so that her end not painful might at
first appear Mrs +. opucnt widow lady. OF
Eng lsh origin She of most amiable and engaging
manners and known far and for her benevolence
to the poor and distressed Her brother Captain Eben
Wells and his family, lived BY and into their
hearts will the affection sink deepest Mrs Freme's
mansion was handsomely finished and furnished, and
contained, among other valuablcs, several spoAdid
pictures. Three horses-includiug the noble span
whose grace and eetness citizens have often oh
served and admired, were burnt In the stable.",,The New York herald. [volume] (New York [N.Y.]) 1840-1920
1849-05-26,"HAVANA, May IL. 1840.
The yellow fever has made its appearance in this city
in q bad form MIR Alexander Murray. young Eng
shman Of the highest WORTH and very much esteemed
by all who know him. whs lately arrived here with the
appointment Of Consul for Austria, attacked on
Monday, and died last evening The funeral will take
place this afternoon.


The favorte Of this place, the prima dsnna Stefa-
noDi, who has been some time residing in Puentes
Grandes town distant about six miles from tho
Is now suffering from the same disease, and young
lady from tho United States, q governess family
Eere. has also been severely attacked.


Fortunately there are few strangers hero now. and
those who are STILL are hurryng Off The place will not
be safe for strangers until the autumn


The celebrated Madame Bishop gives her third con-
cert to- morrow evening 1t is generally expected to be
splendid affair.


We expect that the rains have set yesterday they
commenced and the consequence has been a change
from an immense quantity Of dust to very muddy
streets.-N 0. Picayune, May II.",,The New York herald. [volume] (New York [N.Y.]) 1840-1920
1849-04-27,"EXTRAORDINARY SURGICAL OpERArIoN--We
learn, says the Boston Journal, that DIR. Warren
of this city, recently took from the stomach of an
Irish girl, in the Massachusetts General Hospital,
feet and eleven inches in length. The operation
was performed while the sufferer was under the
influence of ether. She observed, on coming to
her senses, Z"" Oh! | have had a pleasant dream,
and feel relieved"" The wound was dressed with
great care, and she has scarcely complained of
pain since the operation. This we are told, is the
only case record where the tape worm has been
literally cut from the human stomach.",,The New York herald. [volume] (New York [N.Y.]) 1840-1920
1849-09-16,"Key WEsT, September 4, 1877.
The Belgian brig Marie Antoineite has arrived h.re
In charge Of six persons who assisted In getting her of
reef. She was on her passage from Antwerp to Ha-
yapa; and it appears that a muiny had occurred on
hoerd and the captain snd fret mate murdered
by the crew-the second mate being spared to navigate
the vessel After the vessel went ashore the second
mate gave information Of the facts the wrecke
whose assistance the murderers secured put In
irons and brought before the authorities They will
be sent to Havana and delivered into the hands OF the
Belgian Consul. The vessel was libellsj asd 5000
sslvage arded.


The brig Judson has been repaired aud sailed. Tho
schooner Sylvester from New York. sailed hcuee for
Brazos, on the 2Sth Of August Tho schooner Cover
nor, Arnold, from rhiladephis put in here obtained
supplies Of wood and water and saedfor New Orlean","Marine Affairs at Key Wcst-Murtcr OH


ShipbOs ri, &c.",The New York herald. [volume] (New York [N.Y.]) 1840-1920
1849-03-21,"Magellan tho and substantial steamship H.
RON Adm Eancker 24o tons burthen yssrs DID, bsin
this city best material copper fastened coppere


boeentely and thorough
SERVICE will positively sail about tho AAroh Her
FORT and profitable opportunity cannot b offered to soss
$500 each. The Of each will
entitled to his passage Ban Franz $500 and his equal undivided
the ship and all appurennces thereto belonging and
the profits and earnings II said ship after her arrival at San


Francisco Each share Of stock will made trandrab Ap
shoud be made already half Of the
stoci taken FOR particulars apply AUSTIN WATKINH",,The New York herald. [volume] (New York [N.Y.]) 1840-1920
1849-08-01,"Louis--The Cause, Progress and Extent of
the Riot, DC, dc.


Sr. LOUIS, July so, 1919.
The FIRE broke out on Sunday morning, on board the
steamboat Algoms Capt Young just after her arrival
from the Missouri river. She heavily frcgh VI
with hemp The flames spread to the stoAmbeats
Mary San Franci.co, Dubuque and Phoenix, all o.
which destroyed


The value of the Algoma ten thousand dollars
Her safe containing $4,000, has been sayed One Of
the passengers lost - coo in specie.


The mail containing letters from California emf.
grants, was seriously damaged.


Capt Young jumped overheard and was lost Capt
Cleveland, the former commander Of the Algoma es
csped by swimming Wm Fitch passenger, was
burned.


The steamboat Mary, for New Orleans was heavily
freighed with produce sheep and hogs Of which moth
ing has been saved The books and papers Of the Mary
have been recovered


The steamboat San Francisco, had just arrived from
the Missouri river, with cargo Of tobacco She was
valued at $4,000, and Insured for 900.


The steamboat Dubuque from upper part Of Mis-
souri,, on the upper Mississippi river. She had dis
charged most of her cargo before the fire reached her
She was valued at $4,000, and insured for $1,000.
The steamer Pbenix, Cincinnati packet, had ON
board many passengers, who lost all they possessed
The books aud papers of the boat were saved.


The steamboat Algoma had on board twenty kegs Of
gunpowder which thrown overheard by the pilot
The riot occurred While the Ere was raging between
number of Irshmen oca ted the lsvee and the
men. The Irishmen commenced the riot, BY pelting
the fremen with stones aad shooting at them. After
thirty Of the remen had been wounded the lat
ter beat the rshmsn into their hantie Ave Of which
we're destroyed


Great e1ertons have since been required BY The city
authorities to preserve order","Further Particulars OF tho Gre 1T Fire at Sc.
Louis-Ehe Cause, Progress and Extent of
the Riot, DC, &c.",The New York herald. [volume] (New York [N.Y.]) 1840-1920
1849-06-04,"The weather continues unusually cold, and the To-
rests are not yet in full leaf Summer will begin in a
few days. but the weather better becomes April than
the last of May Many fields still implanted
in the lake relon and the tender blades above ground
appear yellow and aguish. Fruit, too, Is backward
and the crop will be light. Grass and winter grains
Ohio we have favorable reports The cold spri ng has
given the growing grain fine chance to spread and
thickep and most fields give abundant promise The
billy sections have been washed to the partial injury
ing TO husbandmen. The reports from Western New
York Michigan Indiana, Illinois, Wisconsin and Iowa.
all concur in representing the wheat prospects very
-Ctereidnd (Ohio) Herald, May 20.


The Wetumpka (Ala.) Guard, of the 22d ult says =
For the last week the weather has been exceedingly
we learn the young cotton is much retarded in its
growth and taking the shin very great extent
leaving, In many fields very poor stand for crop
This unfavorabe weather, coming this season after
the ost Of the cotton crop has opped out to
stand Will certainly render good stand beyond a pos
sibty more especially If the dry weather continues
We hope, however for the best but indications at this
time are anything but favorable for the cotton


The Savannah (Ga) Republican of the 29th nit
says 1T is calculated by those best acquainted with
the matter that account Of the April and the
overlooking Of the Mississippi the cotton crop the
present year will be less by half million of bales than
1t would otherwise be. This, at the average price
would amount TO fifteen millions of dollars or loss of
one per cent deducted from the whole agricultural pro-
ducts Of the country for the present year.


The Boston journal Of the LIST inst says:-We have
had two or three days of continued wet weather and
much rain has fallen which has completely soaked the
ground. Vegetation Is now prepared for the appear
ahce OF hot SUM- which will give everything fine
start Corn potatoes and garden vegetabl generally
are rather backward but will recover with the
return OF warm weather Grass looked better at
this season OF the year Trees look finely and the pros
pect for good crops apples, cherries apricots and
plums. Is very good.",The Scason-The Crous.,The New York herald. [volume] (New York [N.Y.]) 1840-1920
1849-12-07,"BALrtuoRr, Dec. cor. NJ.
clip from the Office Of The Charleston Courier con-
tans dates from Nassau ~ P to the Esd Of November
On Wednesday morning previous. the wreckinr schr.
Azorisp arrived, With goods which had been thrown
orerbosrd from American vesse the name q which
was not known but Il said that she had recently
struck on the Great Isascs.


ON the next Friday) afternoon, the American brig
Peruvian, from Lsguns, with cargo ofiogwood bound
for New York, put into Nassau, In distress. having
sprung leak carried away her sails and received other
dasg The captain ordered the deck load be thrown
Overheard. prior 70 coming in.",Maritime Dtsasters.,The New York herald. [volume] (New York [N.Y.]) 1840-1920
1849-06-28,"CAMDEN PROPERTY, IMMEDIATELY OPPOSITE THE
In the city of tuate at tho northeast
Broawsy and Pine streets The elegant Mansion recently
built in the most substantial manner and OF best maer
ais; Of resdence-hy-
dras water hot and cold baths and winter
cooking Also large aud we'll built brick
and stable The surrounded with surviving
extensive garden handsomely arranged with arbors
filled with choice tai and fruit grape vines
hrubbey and plants OF great variety The property
all the advantages OF city and country residence being
within half hour of the Philadelphia ExchAnge with
the surrounding country situated most healthy ana
waited IN Camden and 1t rapidly increase value
Aho tie furBu in the house. comprising
article necessary elegance and comfort and the
harness stable and garden utensi Of the
OF tba real remain The
why the wishes to sell IL in
cont mplaed absence with his family fer several years.
Aso eligible building lots the above mentioned
premises for sale on favorable terms Inquire Of
NOR sALE.-A COTTAGE HOUSE. With THRER-


and-s quarter Of good Land. fronting Princes
Bay the Highlahdr Staten leland with fine view Of
the For further particulars inquire OF Samuel A
premises.


A RARE CBANCE.-THE LEASE AND FIXTURES OF
the sixth ard Hotel VIII be cold on the most
al terms the ssse being Unable to attend from M health
For fu-tber apply the premises Of
Duane ard Centre streets.


NOR SALE. TUE STOCK, FIXTURES AND GOOD
viii OF the Public house, known No - James street,
Brooklyn toge, with lease Of the premises This
Of the lest business stands in Kings county, 1t
deceased Also for sale fine young hoi together with
wagon and harness. For particulars inquire Of John Colgan
IL Jams New York. Dominck Cslgan LOG Fulton
street. brooklyn.",MlR NALEr,The New York herald. [volume] (New York [N.Y.]) 1840-1920
1849-05-11,"Use the pills three times week. in doses SUFFICIENT
to freely; and when fearless
Of the pills must be made down with six eight


little while repeat the dose; do this until the bowels
strongly purged This effected the danger that at
tack Angina pectors and stone in the gall bladder are
treated in the and although considered
BILE by the medical profession cured by the
RETHs PILLS: Piles are cured by BRANDRErH's Pills.
In attacks the doses must be full
nights together will the Whenever this
disease in the treatment of other diseases IL
good sgn nothing but the pills. and outward
cation cold lard make frequent
locally Where there have been pecora affections asthma
consumption, &c. will be required with the pills
20 effect But other will
surcdly bring the pectoral affection.","ANEURISNi, OR ENLARGEMENT OF THE HEART


ARTERIES. PILES. &C. &c",The New York herald. [volume] (New York [N.Y.]) 1840-1920
1849-08-15,"PoLIsE CouRT-Justice John &. Smith engayed
during the greater part OF yesterday in the sxamns-
ton Of the Germans who ssssulted the Hebrew Con-
gregaton, Ahavis Chicee while that body were bury


ing one Of their number in enclosed lot Of ground
which they had purchased at East New York for the
purposes Of burial ground. Three witnesses were
examined en- the part OF the people, vz Ignatx Steu
PRESIDENT 81 TIA Congregation Who testified to having
been struck twice with stone, snce the head and
the second time the back OF the neck; Albert s.
Lederer, Vice President and Igpatx Kergy member
OF the same society Upon motion OF u the coun-
sci for the defence further examination postponed
until to morrow morning, st o'clock The court room
was crowded with host Of East New Workers on the
one side, and Jews the other. who could neither
understand what was said, make themselves in
tclbgbe. The defendants, numbering thirteen in ALL
their appearance on the day specified One Of the
comFainabts also held bail In the Of $780,
TO answer for an alleged assault upon Of the de-
f.ndants.


DlRrSe ATTEMPT AT RorRunv.-sbout twelve o'clock
yesterday two yourg men, named VIM Jones and VIM
Collins were discovered ing open the dsguerrectyps
show case in front Of the office ~ Mr. Joseph Atkins,
which nained several miniature port rats gold
cares, the whole being worth probably about twenty
dollars Their operations not. however conduct
ed with that secrecy aud success which they could
have wished and before they hardly aware OF
Their being watched. officer had been sent for
Something occurred presently to interrup. their praise
worthy efforts nnG they walked OF down towards Fo-
ton Ferry and bad just succeeded 10 getting board
one Of the byats which starting for the New York
tldc, when they we're grabbed by officers Felix and
Munde, who were obliged to jump after the boat In
creer TO catch them The prisoners brought be-
forc Justice Truman Smith, who committed them for
examination.",Brooklyn city GnteIlsgence.,The New York herald. [volume] (New York [N.Y.]) 1840-1920
1849-05-17,"NEW CEMETERY, CALLED THE NEW YORK GENE
~ teryLots capable Of holding from 10 to bodies will
be ' until lihfF HsfiS = sSf LAX


Including decd and handsome view of the buildings Pay-
able So nrst payment balance at 81 per month.


All moneys must be paid al the hco after the first pay
Lot holders not taxed for the improvements.


Tho company respectfully solicit the attention Of tho
tce cwdns within small spaces in popaiess
health Of the vngand is becoming yearly noonve
nent expensive and unpopular


from tic city of New York and and half miles
Jersey City with front Of 5000 feet tho New York Bay
being highest point of ground between Jersey City and
Bergen Point rising great height above the thus
from eyory part Of the grounds full view o. The
all the adjacent country making in truth the nest
and beautiful site for Cemetery in the world.


The inducements held out to citizens TO purchase Lots in
public the prices being solow that will be In the Of
to become Lot holder the terms Of
Every must the necessity Of being the owner OF
Burial Lot ard ask who would be without whoa
capable Of holding from Is to 20 bodies 1t 10 tho
intention Of the Company establish Ferry 80 that funs
pense by the water route Carriages being wiz
not exceed shilling each person. and from the Cemete
than sufficient pay for The buildings and improve
ments Of the most splendid description and will vie a
and see the plan and drawings Al the tho cemstsry
The Company most earnestly call the attention OF the differ
ent Churches and al other Associations Charitable MS:Ss
to hold that cannot fail giving general
Persons purchasing Lots this Cemetery will -
iege not granted any Cemetery this country The
charge for digging and sOddng graves Of size the
wishing pay than the frat payment tthrec dosr.)
call the Office. All receipts must be sisncd By Ne
yass the city and county Ohces No O2 Broadway oppe
site Trinity Church. Branch, 40 York street Jersey City


GEO. WOOD, Treas,",,The New York herald. [volume] (New York [N.Y.]) 1840-1920
1849-11-29,"0VO,OOO gers hedcntsd Eminent have been sold,
without failure In curing Rheums aud other pains, Old
Ulcers Cuts, Bruises, Weak Eyes, and other weakness In
male female, from what have ORR
gpated. IL gthena aud nils the ar immediately
In Tooth and Nervous Headache acts like charm All
SJasmodic nIains instantly relieved viI; Bilious
Collie, Cholera Cramps Sc Darrhra and all frsyuiari-
tics Of the stomach and Bowels For its Acon in breaking
Coughs and Colds 81 long standing can SHOW
est and most astounding proofs The faculty we'll all
others who H. smphat say arm that the cheapest
and most agreeable family medicine sold Nov 20 be had
the rrincipal depos, wholesale and retail 40 Pearl s64
Broadway, Grand, and Of the drsxgss generally
throughout The city aud counry N Bly, It's iaau
the hair has been after IL all
Sold At prices TO suit oil eircuusance from l2
cents Isr gottej 81 and 81 per dos. Agents wanted","600 600 BOTTLE. AND OVER ov pa. k s. =,",The New York herald. [volume] (New York [N.Y.]) 1840-1920
1849-12-31,"The splendid steamship Empire City, Capt. Wilson,
will leave this port Wednesday next athree O'clock
p. NJ, for Chsgres, with the mails for the Pacific.


The Weekly Herald will be published at 10 o'clock
on that morning, 1t will contain the Presidents Mes
sage the Reports from the Secretaries the latest nswn
from Europe the marriages and deaths in the United
States since the departure Of the last mail
have gone in them latest news from Washington,
and q variety Of other interesting matter.


Single copies, in wrappers, sixpenoe. Agents will
please hand in their orders to.day-or on Wednesday.
morning, before O'Clock,","NEWS FOR CALF 0RNlA.


>>>~~N>~~~~N~>e~~~~~~O~~>o~o~
Affairs on the Atlantic Coast.


~~~N~~O~0D0~o~>->~~~o~~~>~S
THE WEEKLY HERALD,",The New York herald. [volume] (New York [N.Y.]) 1840-1920
1849-10-02,"We had the privilege, whom Wednesday last We
visited Doctor Detnods eniqss (which, BY the way,
advise every medical student to attend regularity
TO receive invitation to lthotomy Operation
for stone in the bladde which the doctor per-
form the following day. We repaired to the place


little before the appointed time, and found several
medical waiting, and the patient himself portiy
stout gentlemen, between sixty and seventy, re-
signed but anxiously expecting the doctor Precisely
OF o'clock, Doctor petmcld drove up to the door,
sccomp panied by Professor Dickson, than whom there
Ia not . more accomplished gentleman in the profess
sion. After . few encouraging words to the patient
the doctor gave his directions to the assistants and
proceeded TO the business The operation WAS through
out exhibition OF the highest order Of surgery the
remarkable POINT being the apparent simplicity OF this
otherwise dcult and dangerous operation In, the
bands Of Docter Detmold, he being We believe the
oply surgeon this side Of the Atlantic Who performs
Bthotomy with common scslpel. The stone extract
ed Was rough and Il considerable sire and when,
about twenty minutes after one o'clock, the family
already comfortably In bed again told him, laughing
doctor. you are too late ~


After the operation Doctor Detmold politely invited
the gentlemen present to witness another operation OF
more Importance than the last, viz upon q
who had some Elk or eight weeks sgo sustained an In
jury ~ the head from the breaking and falling OF large
derrick We found the man . Germsn. lying perfectly
unconscious and We thought past all human skill-
an opipion which not emily shared by all the medi-
cal present but which also seemed TO have gotten
strong bold 81 the wife and friends Of the patient who
In tongue that was Greek TO ua, protested against
having anything done to . dying man Doctor Det-
mold. however, addressed q few words to the family,
which. though We did not understand them, seemed to
he very earnest and impressive for they submitted their
friend With resignation 20 the doctor while the
ssants we're nov preparing things for the Operations,
Doctor D.tmold stated that the bad about eight
weeks ago received injury Of the head The family
physician had immediately removed some loose pieces
OF the skull and the patient was apparently reoo,
ing About four weeks after. he showed. however,
symptoms 81 pressure on the brain, and Doctor DIT.
mold, who was called In. removed another piece of
fractured bone and with II all the sym ptoms Of pres
cure The wound healed. and the patient vent about
until the day before when the symptoms % pressure
ca the brain came on again and increased 80 rapidly
that the patient vas now utterly unconscious aud
apparently dying There vas on the left side OF
the 90 Gentis . deep sdherirg scsr, in the neigh
burhocd 81 which the doctor commenced his operations
he made several iDeiions In dnereat directions and
boldly but with great care and exquisite dssterity
fYs y, G .a,s,. oT ,tu ,,s,ns ,Ss am.
(te membrane ~hich Immediately envelopes the branl
tare 20 corresponding extent But alas II produced
eject upon the pstient-the pressure the brain
vas not relieved In the least The dura mater was
then opened; hut underneath nothing discovered
snd the patient rernsin.d insensible. Or. Detmold
nov paused moment TO hold short council With the
medical men Iresent, whether 20 penetrate Into the
brain or not Some we're for not going any farther,
While others thought an exploring punoture might
veil he made ""a the patient would die at any rate
After sttsoivrly listening to the different opinions,
Dr calmly taid; ~ shall follow my own idea- or
os,thiug TO that purpose; and he deliberately made
bold nescn into the substance OF the brain about
Inch long ard - 81 an inch deep, aud out gushei q
thick stream q matter The doctor had opened
large sbcsss In the very substance Of the brain while
ths matter vas flowing the patient opened his eyes,
ard almost suedatsly recovered his senses The
quantity Of matter discharged differently estimated
- from three % ave Although thus far even,
The H. In opinion. unparalleled In the annals
~ surgery for brsucy Of surgical achievement yet
the medical men were, we believe unanimous la their
linton that though the operator had imortnzed him
fsn ~ the operation. yet the patient bad not the
tlrhfest chance 81 recovery DR.. Detmold. hOrever,
IN fev hut striking remarks asserted that he had
most fanguine hopes Of the patients recOvery-he
save f.ssoBe for bis opinion, which. although
they did not convince any bosy present yet struck
being plausible. and cvincng dem thought. All
have 20 add II. that g. day the 9Th day after the
crsfstion the Ia not only comfortable and doing
veil hut that there s hardly doubt left about his
ultimate recovery.


Our ,xcuse for thus trespassing upon the p,ges Of
Can, Paper "" that we're desrous sf laying before
n public an Unprecedented aud brilliant triumph OF
professional genius, which confess proud
TO have Witnessed and Mkewise n show medical
students throughout tho country, What advantages
they ray fnd In metropolis whore men like Detm9l1,
~ the most liberal pit, permit them to witness their
operations


Trs,s r,Ecrios The full returns from the late
tscn In TEXAS sbo~ the election % Bell for Cover.
by too thousand votes The vote stands thus


eottrrop.


Notd. 5szs Bell. ..... QTeo Mills. ....2Tg",Medical intelligence.,The New York herald. [volume] (New York [N.Y.]) 1840-1920
1849-06-25,"SATUkDAY, z3-B ?. nj.
The market for the inferior and lower grades was
firm, and the receipts light. There fair demand
for export. with moderate demand for the Eastern
trade. Wheat was dull for the lower qualities of the
Upper Lake and Western, while good Genesee was
scarce and firm. Corn was more plenty aud prices
lower. Rye flour was firm and scarce, with good de-
for the British Provinces. Meal steady with
. fair demand Rye was lower. while oats steady.
Pork was heavy aud sales made at rather easier terms
with more pressing upon the market. Beef was firm
and In demand Lard was quiet and firm Groceries
about the same. with moderate sales of sugars
without marked change in prices. The demand was
less active for Cotton but the closed firm at
ouOt atOns",CITY TRADE REPORT.,The New York herald. [volume] (New York [N.Y.]) 1840-1920
1849-12-11,"The ubole amount received was tlT7s5 which brings
the price Of each article average, down TO one
hupdred dollars. OF theresb1uts. The highest sum
paid for sir gle shawl In the collection eight hun.
dfed aud seventy dosrs, aud the lowest. dtteen
There about two hundred psrsons in attend
sbce at the ssle. composed principally, of our most
wealthy sud Fashionable people, OF both sexes aud the
blddpg very spirited As each article knocked
down. there was good deal 81 anxiety 10 know the
Of the purchs especially when ~ brought
two hun Died dollars On the whole the sale passed Oh
very we'll, and all parties seemed to be pleased.


TARGET EXCURSIONS.


The IInmblin Light Guard, Capt Benson. passed
the Brad ohce yesterday their return from target
practice. aud made res pcctsble appearance They
we're accom- panied by an excellent band Of music.


The Z Mon Guard, OF Brooklyn. (s.psioe Company
No. 81 also passed, aud looked well. Tsey numbered
tbirtystten muskets


The Farley Guards, Capt. Lyon, and the A II Purdy
Light Guards, capt. Farley, accompanied by Dngles
tsnd, proceeded ON n target excursion, and made q
very handsome turnout.",,The New York herald. [volume] (New York [N.Y.]) 1840-1920
