date,text,headline,publisher
1857-06-25,"UOTION NOTICE.-THOMAS N. CONNAUGHTON


customer will sell on Thursday, June & at 0a O'Clock


the entire contents Of the four story house. No Hous
ton street. Of LAurens hs Conkn Titus
ESQ., who removing the country splendid
wood pianofore made by Bacon Raven bookcases marble
Top sbies and black walnut bed


large number Of feather beds, holsters and pillows Sheets
BLANKETS qul1 and comortables Brussels three ply
Grain carpets, and other glasses graudoes
Oh pantng, - engravnis window curtains, shades and
cOrnces ball oncloths stair carpets and rods SOFAS
oomans dvans extension dining de mahogany
silver plated ware &c together with large lot OF crockery


glass and china kitchen furniture with which
Gale will commence Catalogues the morning of sale.
deposit REQ uired from all purchasers.",,The New York herald. [volume] (New York [N.Y.]) 1840-1920
1857-12-06,"The reported trouble among the lsborers a, Permont
turns out to be greatly exaggerated. There
ing worth mentioning The facts TO be tina, the
President of the Company, In initiating hs eccuomziug
policy proposed to cudown the aborers the road from
81 TO 90cents per day This OF course produced much
discomfort among the men, and they declared they would
not work al the companys price. Superintendent Riddle
hired thirty men up the river, who agreed 10
work a the reduced rate and Thursday last they
landed the dock at Piermont The regular aborers,
who still at work hearing of the arrivals proceeded
TO the dock, where alteration between the
Cured Some Of the new men being frightcd away,
and took refuge oshe machine ofthe company Upon
this the employees Of the company became alarmed and sent
70 the police OF this city for aid, which promptly
dered. With the police went up on Friday night some 200
tworkmen) 70 take the place of the old In
the latter did not accept the companys terms As
known that police force had been sent 70 keep


the peace the aborers came "" their senses aud express
ed their willingness 10 come 70 terms All quiet yes
terday The superintendent has determined 20 keep the
until Tuesday next, ""a see that the lsborers
keep their agreement The police Will not return pro.
badly, until Monday night",The Trouble NJ P1erunopt.,The New York herald. [volume] (New York [N.Y.]) 1840-1920
1857-12-03,"The Times Paris correspondent writes that difference
B said to have arisen between England and Turkey
hand and Russia the other respecting the trade and
navigation Of the Black Sea- This difference threatened
TO assume some once but the French and Prussian
governments nterpoeed and suggested that solution
should be left TO the Congress Of Paris.


The difference between the French Ambassador at Con-
been rcconciled.


II wis rnmored that the prospect OF understan ling
the question of the Principaltes all but certain
and that Redschd Pacha would offer opposition to the
plan Of administration union. In the meantime tho
Prncpaties are becoming more and agitated, and
ultra radicals talked Of establishing provisional govern
ment.","Turkey,",The New York herald. [volume] (New York [N.Y.]) 1840-1920
1857-11-06,"Prom the Albany Journal, Republican organ,) Nov 81


THE ELECTION.


The returns to-day although not sufficient 10 definitely
settle the result yet strongly democratic aspect
Unless the returns from the remaining districts shall
prove much more favorable TO the republican nominees
than those already received the democratic State officers
are elected.


There is doubt about the Legislature. The Senate
will be nearly balanced between the two parties The
probabilities favor a small republican majority in
each House, but is possible tomorrow may show the
reverse.


The Journal claims eighteen republican Senator's, in
cudng Johnson American, IN this district and stow in
dependent in the Twenty ninth. This includes Hathaway
in delaware and Iovcland In Essex and Clinton.
They consider the Assembly in doubt, but figure now
small majority against the democrats. They concede
the State to the democrats by 10 900 majority.",,The New York herald. [volume] (New York [N.Y.]) 1840-1920
1857-06-01,"How TO Cook PorArOEs.-Do people ever
think Of the ;mmenoe waste Of potatoes as they
are treated in this city Let me tell You how
potatoes are cooked in Lancashire, England
They ars peeled first, and boiled gently till
nearly soft, and then the water is poured off
and all the steam eyaporated, when they are
poured into dish and few slices Of bacon
laid ON the top, and brought hot to the table.
where they are eaten with a relish, and for
good reason-they are truly good. Such peo-
pie do not eat much bread. The potatoes are
so dry and mealy that they are an excellent
substitute for bread, and very unlike the mis-
erable waxy things that we eat here.",,"Evening star. [volume] (Washington, D.C.) 1854-1972"
1857-06-13,"The mail from Salt LAKE, tho Los Angeles Sdr,
rived here hs week, bringing Intelligence Of ano her
horrible having been committed IN Utah Terri.
tory The Crcumstsnces thoy hsvo been related
by gentlemen who here from San Berrnrdpo whore
tue mail carrier IRON Salt Lake stops are as follows:


Mr.. Vim. Parrish, his son, yong man about seven
teen years OF and Mr. Potter started from the city
for the pur pose Of coming California They had pro
cceded but short distance when their bodies we're found
dead Mr.. Parrshs throat cut from ear 10 ear; tho
others had been shot Their bodies were found at place
called spr'ngvile about CITY miles from Salt Lake city


Ia IN rot known by whom the outrage committed
Rumor has u thai Mr. Parrish bad difouy with the
thories about removing his property which he had pre-
vousy copsecrated 10 the church We give the rumor
heard H. is also ssid that the perpc
traed by Indiana The ntcscn OF this murder caused
the greatest excitement in San Bernardno where part Of
Mr. Parrshs family reside well generally through
out the country.",Massacre in Utah.,The New York herald. [volume] (New York [N.Y.]) 1840-1920
1857-01-12,"LYNCH Law ~ VrRsINIA.-THE SLAVE EXCITE
MINT During The late Christmas holidays, infor.
nation having been received in Scottsville that
BENJAMIN Hunt q citizen of this county, residing
near that village, had been using language tending
10 encourage insurrcctionafy movements among the
slave population, deputaton Of several citizens re
paired TO his residence 10 arrest him. On being
brought 10 the village the charges against him were
subjected 10 q rigid investigation, AID during the
examination the loving facts incon'estibly
proved:-One witness testified that he had heard
HINT say that the white man mad no more right of
ownership in the negro than the negro had In the
white man. and IL it came 10 the test he would
sooner fight for the negroes than che white people.
Another witness testified that he had heard him say
that be would have reoiced in the election OF FIRE.
mont. as In that event the negroes would have been
freed; and that in case Of coils on between the
whites and blacks he would take the side opposed TO
the white people: whereupon the indignant populace
seized and compelled him 10 be ridden upon rail,
horne by several stout negro through the streets
When they had parsded him through the streets 70
their bearts' coutent, they ordered 10 take HIM
TO mere retired part Of the village and administer an
application Of tar and feathers whic, they did with
equal satisfaction and delight. When thus was d'ne
he ordered to leave the county within ten days,
and setk his fortunes where the institutions were
better adapted 10 his sntislavery feelings
Charlottesville (Ia) Jefersorton.",,The New York herald. [volume] (New York [N.Y.]) 1840-1920
1857-02-15,"L


ID believed that Persia has submitted the demands
Of the Brsb but the intelligence yet received with
doubt The London Nees says that Lord strAtiord
teegraphsd that Persia submits not from the fall Of
Bushire BIZ; On general grounds. Detxib Of
the capture Of Bushire had been received
from Bombay, under date Of January and November
20. Some British ships had arrived of the fort Of Bus.
shire. Corr espondenoe ensued, and on December the
Britain sent shore copy Of the declaration Of
NEXT day, the 4th, the British took possession Of the
Island Of Karrack, without opposition military depot


During TIE 7h and sth the British troops dsembarked
ct Hala bay twelve miles southwest Of Bushire, the
mon landing with three days rauons and without bag
gage On the morning Of the 9th. the army in two br-
sades advanced along the coast towards the ships,
which were sailing little ahead on the flank.


Tho ship Assaye, On coming abreast Of Fort Bushire,
shelled rom distance Of seventeen hundred yards,
and dslodged the garrison eight hundred of took
up position 70 oppose the British Brisa.
der etopford was shot dead while waving his men to
The attack.


Tho British thereupon rushed the enemy, who
fought sharply with the bayonet un driven back upon
the fort whence they attempted TO escape but met
by the Briah Rnes seward and by the cavalry land
ward. Col kelot Of the cavalry killed. The enemy
were not Persians but Arabs.


They lost three chiefs and large number Of men The
British loss reported 70 be thirty I'VE men Bushire
then summoned 70 surrender and the channel hav.
ing been buoyed during tho night, the city bonn
barded and replied steadily for fsur hours and then
dered, when tho British entered the town. The
British report 70 loes In the feet.


The Governor Commander Of the Fleet. and an officer
reported DO the Minister Of War; we're made prisoners.
The garrison being too numerous 10 retain, escorted
some distance INTO the interior and there liberated


Bushire proclaimed British territory, and . free
port.


TIE city became quiet but reports rife Of abomi.
nabe conduct The part Of the Britain After the capu
lstor OF the town.",THE PERSIAN DIFFICULTY.,The New York herald. [volume] (New York [N.Y.]) 1840-1920
1857-12-17,"Those who simulants to daily must beware.
Their arera bleod approa shes color blood that
is at'ans darker color than in the natural state Finally
sickness and peculiar debility from this condition,
sudden death may be expected unless medicine like
Brsndreth pills promptly used which at disinec
the blood Of the poison with which charged
The life and the health win be thus saved and strength Of
mind often impaired whereby the evil habit Is stayed. Legs
laors should sums the habtual drupkard where
the Brandreh pills alone would effect reforms In
single than all the societies have done
The chemical qualities of the blood have been found much
the same in yPhus yellow and pud fevers in scurvy
In and fever of long standing scrouous the
plague and in confirmed dram drinkers. There doubt
In my mind that the cause is


EXCFSS OF HYDROGEN.
imbibed from the air from food from water from infection
otherwise.


The cure s-use BRANDRETHs pills purge freely
for three to, days. then them moderately
that fun purgaton il obtained in three days
until the disease conquered ana the health fully restored


Principal office 4S Brsndreth building sold also 296
Bowey 81 Hudson street. and 81 Division street. Is
n fun directions.",Sudden Denfh.,The New York herald. [volume] (New York [N.Y.]) 1840-1920
1857-04-20,"ARC n, the banks Of the river NJ the battery;


the electro magnet the wires along the banks connect
ing with the copper plates which place din the
water. When this arrangement complete the electricity
generated by the battery passes through the positive pole
~ the plate h, the river through the plate
e. and thence around the COIL Of tho magnet 10 plate


and across the river again TO plate o, and thence
other pole OF the battery "" The Numbers indicate
distances along tho bank measured by the number Of
times Of the distance the river The distance across
the canal u eighty feet


nmentS-",,The New York herald. [volume] (New York [N.Y.]) 1840-1920
1857-06-12,"From Wilmer and Smiths European hInes.


Most OF commercial readers will know and remem
Der CAPITA Nye Some, like ourselves, will trace their
knowledge Of him far back thirty years, when the


tic before discovered 10 be too potent for wind
and waves and when the Presidents message, almost in
varaoy brought TO the shores OF England by this brave
and gallant gentemans vessel the Independence appear
ed with marvellous puncua y In the Mersey about Christ
day. and formed the theme OF long leaders In the
metro potan durnas Others, Of less mature years. will
connect excellent friend with the United states mail
success during her bes, days. and which he only eft
voyage two before the melancholy catastrophe which
hefel her But all will recoect one memorable act Of
hcrosm and philanthropy, comparatively recent which
concentrated attention Capt Nye when durDg hurri-
which lasted 80 hours he rescued the and pas
scngers OF the British bark Jesse stephens In mid Atlantic
after lying by her during that terrific conflict OF the
ger OF his and bis ships safey-an act which pro-
ducei ouburst Of hearty and genuine English sympa
thy throughout the land TO the eulogy OF which the Lon
don inns devoted OF lie most finished articles, and or
which the British government and the Royal Humane So
cety severay marked their appreciation at the time by
the only reward which Captain Nye would receive gold
medal from each. We readily conceive that our
dest and accomplished friend would have been pleased n
had spared him these personal illusions, FOR the
OF such s the approval Of their
rather than the worlds applause. Bat Captain Nye has
recently been making tour through the most interesting
portions OF Europethrough France, Italy, Sw zcrand
and Gcrmanyand 10 day he returns 70 his home the
other side Of the Atlantic In he Canada 80 that really
could allow him 10 leave town without expressing
the warm interest which feel IN his welfare, because
long, successful and exhibiting such proofs
OF professional devotion and skill, great moral bca
10 light and encourage younger nen In the same go
riOus",Compliment 20 Captain Nye.,The New York herald. [volume] (New York [N.Y.]) 1840-1920
1857-12-21,"GIFTS AND PREsENTs FOR THE HOLIDAYS AT
VI ROGERS BAZAAR,


FANCY GOODS AND TOYS


No. 40 broadway.
In importing these goods effort has been spared TO OBJ
tain the most extensive and varied assortment OF fancy
the holidays selected from part Of
the world all of which will be sold greatly reduced
Mr.. Rogers viii challenge all competition In The low prices
variety and extent OF his assortment.


RICH FANCY ARTICLES
Ladies' and genuemen's Glass and pearl odor boxes
dressing cases Rich porcelain China and
ladies work boxes OF every glass vases
Pearl and AZ Ell card and
tablets Tourists travelling bags and
Fans q pearl. ivory. sandal companions
wood. &c. Superior cutlery knives scs
jet bracelets and othfr snrs, Ar.
menis Canes cigar stands and cases
GAMES FOR THE AMUSEMENT AND INSTRUCTION OF


ALL AGES
CHEFS and domnoes. Crihbare and solitaire boards
Bsttlrdarcs and rraccs. building blocks and houses
Bagaiele and uvoi boards, Backgammon and chess
rie,y. Puzzles Of every description
Spelling and reading games.


PERruMERy AND TOILET ARTICLES.
shell back dressing combs Ladies' powder and powder
Hair. comb, and nail brushes boxes
Extra perumed and fancy Perfumery and extracts oil all
Clothes and table brushes.


TOYS DOLLS TOYS.
BABY houses Toy wagons. carts and horses
Fores Of furniture. Stables, stores
War and model dolls koahs arks
Toy sets % Stoves kitchen utensils, and
britannia china, glass aud Kitchens. - 49,
Magic isn,erns cars.
Mechanical toys OF every Fire engines.
rieIy Soldiers caps and other
Drums swords and trumpes couirements.
Guns, pistols and cannons:


II. r. ROGERS EXTENSIVE BAZAAR OF FANCY


No. s99 broadway, New York,


-Four doors below spring street.","CIFTs AND PRESENTS FOR THE HOLIDAYS AT
VI ROGERS BAZAAR",The New York herald. [volume] (New York [N.Y.]) 1840-1920
1857-11-23,"IL WILSON, AUCTIONEER, WILL SELL TO THE


Il. highest bidder for cash. the premises, 81 Sixteenth
Of Fifth l0} O'Clock to morrow Nov
a. the rich and desirable contents of the five story dwelling
house, the property Of Professor Hodrdge Catalogues
ready by O'Clock the morning OF SALE when the whole
be examined.


superior velvet carpets three magnih
solid suits in blue and gold
and gold satin OF the description
gothic and Turkish chairs and satin brocade
ladies' solid rosewood reception and chairs covered in
gold blue crimson and maroon sain three solid rosewood
centre tables, with rich stsuary marble tops; extensively
carved rosewood pier sofa and side tables with marble ops
three costly rosewood eegere with marble tops plate glass
doors imported expressly for the owner ladies' rose
wood work tables. bronze ana ormoiu clocks. eegant
china with the chase and expensive landscapes
painted to order in France magnificent French plate pier
glass with rich and heavy gold france heavy embroidered
lace window curtains and corniccs large and extensive var
OF oil paintings BY native artists such landscapes.
winter scenes marine views Scripturcl pieces.
dc. the whole forming very pleasing collection;
superior full elegantcas
nlaId plate. and richly set keys of real pearl,
being valuable and costly instrument; rosewood plano
stool covered In san with elegant and costly embroidered



Dining room-Rch velvet tapestry carpet in good ORDER
solid oak table, all polished in the best
arbe tables mirrors, sofa beds chairs in hair
CLOTH together with all the ruby aud crystal cut glassware,
wines chanpagnes umblcrs Eobets and decancrs TO match
rich china tea and dinner SETS costly silver tea and din
service ""A inch alvers cake baskets casters conee and
forks, liquor stand superior table cutlery


shambcrsCosv solo rosewood and mahogany bedseads.
statuary marble ton bureaus and wash stands


match 20 hair mattresses from 40 TO so pounds,


made order aud In excellent condition ingram carpets bed
mirrors clocks toilet tables toilet sets ocloths stair
and rods mahogany cushioned chairs rockers SOFAS
hall stand, tea and dining tables, dc. &c","II WILSON, AUCTIoNEER, WILL. SELL TO THE",The New York herald. [volume] (New York [N.Y.]) 1840-1920
1857-12-04,"DAM UNDER SUSPICIOUS ChcuxsrAscss. Co
smell proceeded with The inquest upon the body Of


Thomas Keane at his residence in Eleventh street near
South Third street. he having died suddenly on Sunday
morning under circumstances which led the neghbors to
suspect foA play The wife Of deceased testified that she
was married 30 him Sunday week, but did not take up
her residence with him until the following Thursday hc
had been wdower for four years previousand resided
alone deceased quite we'll and lively during Friday,
but about twelve O'Clock that night be seized with
spasms when he recovered partially he said he bad never
had any ike them before lie had several sTasms and about
nine O'Clock Saturday the the doctor came decreased died
that night he had told witness that he bad $500 IN money
and owned the house and lot Dr. Schapps made post
mortcm examination and found n disease IN the
chest abdomen which could account ror death. Dr.
Wade, who attended deceased treated him for an apo
plectic nt he also testified that the wife desired him 10
write n line in order that she could draw some money


from the savings bank lie told her how she must proceed
order get the money Coroner Smell stated that the
chemist had partially anay zed the contents Of the stomach
and found vegetable poison He required q little more
time complete the analy zaon and the inquest was fur
ther adjourned",williamsburg City News.,The New York herald. [volume] (New York [N.Y.]) 1840-1920
1857-11-27,"Thanksgiving better observed in this city
then yesterday Business down town was entirely sus-
pended and the streets sti on the Sabbath
There was no public business transacted, and all the
courts and public Offices were closed. Even the unem
Moved remained at home and eat their Thanks
giving dinner chose who could get any, in peace if not
with ankfuness One OF the most noticeable features of
the day the closing of nearly all the restaurants
and eating houses and the few who open did scarce
ever poor made il point 10 eat his dinner there OF
course the necessary adjunct 20 every dinner was
turkey and a curious statson has stated that between
600 900 turkeys eaten on Thanksgiving day
M New York Certain is that the market full as was
all kinds of poultry Wednesday, was unable to meet
assured thai the day did not pass without many of
Kindness between families. The rich gave of their
abundance 10 the poor, and many humble table was
laden with delicacies which might graced the ban
uuet OF a prince.",THE DAY IN NEW YORK.,The New York herald. [volume] (New York [N.Y.]) 1840-1920
1857-11-27,"THANKSGIVING IN WILLIAMSBURG.


Thanksgiving was very generally observed yesterday.
The places Of business very generally closed and
the churches were quite well attended. Many persons
were out in holiday ATTIRE but no drunken boistsrous
persons were observed


The children attached TO the Industrial school, number
ing about seventy five, attended Rev. Mr.. Jocelyn's
church. OF Eleventh and South Third Streets and
upon returning TO their school in North Second street.
were served with an excellent dinner furnished them by
the lady managers


The Lewis Volunteers, Captain Randolph Allen, pro-
eeeded to Harlem target excursion They numbered
about thirty five muskets and presented very credable
appearance An extremely tall individual wearing an
antquated garb, headed the Volunteers and attracted
much attention. He was called the Meek Man with the
iron cane.o


fantastic company, styling themselves the South
Third street Rangers paraded the and furnished
amusement 10 those who delight in such sights.","horsontay, distance Of ISL feet Both engines
Jefries manufacture.

THANKSGIVING IN WILLIAMSBURG.",The New York herald. [volume] (New York [N.Y.]) 1840-1920
1857-11-27,"The building Of this institution presented lively and
animated scene the whole Of yesterday was Thanks
giving always at the Homean occasion Of great inter
est for the frendless little who well cared Tor
IN this excellent institution The bountful supply Of good
things with which the spacious tables were covered AMI
the two or three hundred cheerful and happy little faces
tha, crowded around them. have been pleasant
sight n the kind bencfactnrs-both ladies and genemcn
by whom they contributed. Washington aud Fulton
u,arkct usual sent liberal donation 70 the institution
IN The form Of turkeys beef mutton and an nnumerable
catalogue a other good things, while tho abundance Of
pcs and cakes showed that the bakers and c0neconers
were not uumndul Of the children Al this particular time
The building crowded from morning uil night and very
few left Il without donation IN money. or something
else equally useful We were informed by OF the


managers that the receipts yesterday amounted ~ some
thing like eight hundred dollars, pretty far sum- con
serng hardness Of the times and the ughtncss o the
money market During the day the children went
through q number Of interesting exercises IN singing de
canaiion and reading which varied with perform
ances at the table Of particular interest W them
selves There were altogether about two hundred and
my all of whom comfortably and neatly dressed
and many Of whom addition 10 the good things Of which
they partook, presented with different articles Of
clothing.


since s examination twenty years ago, lees than
seven thousand children have been either wholly par
tally supported hy the institution, and the number
cluthed boarded and educated IN II, at present, IL
about one hundred In add ton 10 these over two hun


rod are educated and receive their dinner every day at
the Home The children, besides the education they re-
ceve are instructed branches Of work and are
provided With situations while IN not few instances the
promising often taken and adopted into families
The institution great deal Of good. and entitled 10
the support OF the humane and benevolent",THE HOME FOR THE FRIENDLEss.,The New York herald. [volume] (New York [N.Y.]) 1840-1920
1857-06-21,"The Cleveland Herald Of the 18th instant the follow
ing in reference 10 the crops al the West


The whole west Is now In It's Ovellcs June attire Tho
@casou s late but uxuriant The backward spring kept
vegetation in check, and everything W have burst
into full leaf During trip of twelve hundred miles
through the West, the eye everywhere rested on


Sweet fields srrsyed In living green


In Southern Ohio, Indiana Illinois and Central Missouri
corn, though two weeks later than usual presented It's
long OF emerald thrifty aud shooting upward with
rspidty almost perceptbe the cultivator turned tho
mellow burrows. 20 Of potatoes, OF which a great
breadth h. everywhere been planted wheat, gene.
rally, luxurant, and beginning 10 head.
The crop promises well So OF grass and
INIT barley pad rye headed ont, and Top heavy


In Central llsnoi', Indiana and ohio. oil kinds OF crops
are some later, but especially promising Northern ono
also gives ABUNDANT promise. The past two weess nave
wrought wondrous changes The rains have been season
abe and heavy High prices and scarcity have set he
farmers 70 work With thun usual dhgeuce and more
ground is In cultivation all the country than ever be
FORE The Indications that potato fields are mere than
doubled In acres The has disappeared, and high
prices for year two past pave made THIS crop most
profitable one in sections where the yield has been AIR
n the present Appearances type Of the future, there
viii be 20 scs OF food for man or oess, The coming year",The Crops nj the West.,The New York herald. [volume] (New York [N.Y.]) 1840-1920
1857-12-05,"The feeling in the British Funds has been of aaness
the pressure for money being undminshed. The opera
uons OF the Scotch and Irish bankers have lain in tho
same direction and the stoppage of the Wolverhampon
Bank has caused many banks in the midland and other
dstros TO turn securities into money, by way Of precau
ton The advices from Ireland and Scotland however,
report the state Of Affairs as much queter In both


tries the pressure upon the banks for gold rapidly sub
siding, and but for the extreme caution Of the banks,
CON voula probably flow back freely 10 london To-day
eousos had made marked Improvement, closing sellers
at 9oit


The following table viii show the fluctuations in ccsos
5 the 18th",,The New York herald. [volume] (New York [N.Y.]) 1840-1920
1857-01-16,"FyrfoAoS on Fss,Y Boar -Yesterdsy forenoon
about O'Clock an explosion occurred on the Peck slip
nrry boat Oneos By which the engineer was badly and
several others slightly scnded. Tire boat ~ss lying Al
ne Grand street dock, the New York side, undergoing
rel airs Ere bsd been started In the furnaces and
several were working In the crank pit From some
cause UNKNOWN the feed pipe leading from the boiler


the orce pump, exploded, and the scadine water was


forced out In considerable quantities. The engineer,
Rob ett Carr, very body scaded the bsck Ts OF
bis ess and Of the other men slfbty vcsid-
ed CNr "" MOVED N bis residence corner Of Filth
and South lhtd srtets, ssd medical all Sss procured",Williamsburg CITY News,The New York herald. [volume] (New York [N.Y.]) 1840-1920
1857-05-04,"TROOPS CALLED oUr-sEvERAL RIOTERS SHOT.


rse dcIh, SS ne , Baltimore 9,ss sun Ny
The Baltimore and Ohio Railroad still continues, and the
parties striking were moro exasperated yesterday after
the whole Of Thursday night there were several hundred
persons collected at the locust junction. and along
bridge. All day there were accommodations 70 the crowd
until il numbered some five six thousand persons A
large number Of females occupied the hill TO the east Of
the evening Yesterday afternoon attempts again
made 70 get of TO Marnsburg the trains delayed by the
interruption Of the mob on Thursday.


In the meantime in order TO insure itself against the re-
petition Of like outragcs, the company had made re-
QUESTION upon the Governor Of the State for authority
organize force sufficient for the protection the trains
and the hands employed thereon outside the city limits


The following is the reply OF the Governor, who isat
present sojourning a. the place from whence his official


EIIIcorr's MuIs, May I. 1857.
To AUGUSTUS p SHUT the and Ohio Railroad
SR-Sasactory information having been communicated to
tain oces OF The tonnage or passenger trains Of the baltimore
Ohio Railroad Company from running said trains and dis
asa Sgane or Cause be- military
duties along the entire line of The road throughout the
State of Maryland and far may be and for


Governor of Maryland


Thus armed with extraordinary power the company
proceeded despatch its trains usual and the first
tonnage freight convoy trains at about O'Clock eft the
Mount Care station, with passenger and mail car attached,
(hus constituting il United States mail tran, containing
the Sheriff Of Baltimore city and posse OF armed neh,



nsburg) at ~ hazards at the cos, OF life if abso
lutely necessary, and in self defence.


The train passed the Of its former detention With
safety but upon approaching acSsons Bridge, at gooi
rate of speed, where crowd assembled shower Of
heavy hurled ut the engine aud through the
windows of the passenger mail containing the Sheriff
and his posse The voleys Of stones returned by
voey from United States muskes by those in the and
also from revovers loaded with ball and backsho aud
with considerable effect The crowd recoed in great
FUSION and took to tho woods and surrounding hills, ana
the train passed on and met with no further interruption
until about three quarters OF mile beyond the above
point where the train passes through deep grade,


here party had stationed themselves upon the higA
menccd peng the engine and already ridded windows at
the passenger mail car with heavy stones. The Sheriff
and his oAcers, advantageousiy posted within, returned
the fire before and with great effect several
seen 10 stagger and fall from the crnbaukment


An attempt hero made 10 board the train but de-
tered by the firing the party scattered and the train
tnued on At an increasing of speed. The engineer
stood to his post manfuly, though several shots
aimed at him, evidently being the intention of the rioters
10 either Kill or disable him. which would necessarily IN
volve the stoppage Of the train


Early in the afternoon, when il was rumored that the
trains would start ou,a o'clock, three omnbuses filed with
the friends of the strikers left the city for Ecots MILL
and il here the most determined resistance anti
lay House despatch received by the conductor from
Hicos Mills, announcing the fact that the above dis
orderly parties had arrived taken possession OF the road
avowDg their determination 20 return the approacbns
train the city. Notwithstanding, at about o'clock, ihs
train was put under way by the brave engineer, now
armed with musket At leaving the Relay House II
moved on at cautious pace towards the Mills in order
guard against any obstruction that nigh, be put upon tae
rails.


Nothing occurred along the line, nor wa. any riotops
demonstration manifested by the various squads gathered
upon the route until the train approaching the water
staten Elcotts Mills when Simultaneous attack
made upon from all Sides by persons Who a.mo4
with shot guns pistols and missiles Of every description
took advantage Of the location aud remained secre.cl
behind the rocks, trees and shedding. The fire
turned III good earnest halt ordered and the sheriff aud
his pose eapng from the car pursued the rioters, firing
upon them they ran through the tcaets and over tie
hill. One fcn, supposed 10 be shot dead but carrie
and placed in omnibus, which driven rapidly OF.
One Of the rioters, young man, received ball through
both thighs and it thought be cannot recover Anohcr
shot in the face while taking aim at an officer from
house Many more are wounded ana thought several
fatally.


Robert Smiley one Of the participants the riot at tbs
point. seized and held prisoner within the until
II arrived at Ellcous NILS He was then marched b.
tween armed guard TO the magistrates Office, and
dcr~ent an examination upon the charge OF attempting
the discharge Of his duty AT six O'clock without fur
ther difficulty, the train, with the snern and his pose
siiH en- board, left Elcots Mills for Martinsburg.


pespachcs subsequently received at the Camden stapn
furnished the information that further trouble had b
experienced. The armed train hod passed Mount airy aut
Martnshurgh without difficulty Dispatches from Grafton
Piedmont Feerman and Marnsburg say that all IS grow
Ing quiet Some arrests had been made and she rarii3
held 10 hail 20 keep The peace There was a general
disposition ON the part Of the seeding conductors 10 return
70 duly.


shortly after the starting of the frst tran the agent Il
Mount Clare received Geographic despatch from thosc
charge announcing its successful passage through ilc





ten but met by large crowd nsr The bridge plri
Of whom jumped aboard uncoupej il In three places
threw the bolts and coupling pms away


This train, too, attacked With stones, and lad
of the newly employed, struck the head by ni
sc and Knocked 20 the ground. Upon this train they
not prepared for extreme upon the first TIA.
forced the passage else il would have probably likewise
gone through. Thus checked obliged stop, auj
was backed home 10 Mount Care depot.


The city police after the occurrences AT Elicos NIL.
went out upon the road 10 meet the returning onnbl
which proved TO be Of Mchells Franklin square line
No. % But had been driven in with speed evadcd
the police The driver, VINO questioned by officer
Manly said he took out sixteen men, but brought bacx
only i've, one OF whom wounded.


No farther efforts will be made to send out the trains
the main stem until this afternoon -Four freight
however, yesterday despatched west from Martin
burg and arrived at the Mount Care station in a
city. Among those engaged in tho murdcrous
upon the yesterday, few OF those recently IN the
ploy Of the company were observed 20 participate IN tac
attack though they were present IN fun force as ades
and abettors.


A large body 81 police under the command Of Deputy
Marshal Manly, accompanied the trains 70 the city limit
but nothing occurred within their jurisdiction.


To-day the company will probably avail itself Of tlc
services or the United States troop, ard the tanspor.
OF freight Will be resumed.","TIA baltimore Railroad Haots.
TROOPS CALLED oUrIsEvERAL RIOTERS SHOT.",The New York herald. [volume] (New York [N.Y.]) 1840-1920
1857-11-23,"ELoPEsEST AND SHOOTING ~ UPPHR ALTON, 1LLI
Nos The Alton Democrat gives an account Of an elope
mcnt ~ Upper Alton, Illinois, which terminated rather
scrOus yA young man name not gven), from northern
ILLINOIS, the heart ~ Young lady by the name OF
Carter, IN that city against the viii of her friends She
got INTO bis buggy, and ury we're driving away b. tho
nearest magistrate when the father started pursuit on
horseback, and soon overlook the couple. The young
lady Jumped ont The father cvelcd shooting Iron al
the young Who raised his foot and 70 shield mia
face The contents q the gun pistol passed through


e foot into the wrist and part q the loading entered
the right eye Of the young man, below the pupil shot


ssed 10 the depth 81 couple OF inches and had not yet
bees removed. No legal steps had been taken IN tho
matter and The young man refuses 10 arrcs, the Old
gentleman.",ElorrsEsr AN snoor1xe ~ urrrR ALroS. LII.,The New York herald. [volume] (New York [N.Y.]) 1840-1920
1857-01-22,"The the different railroad lines were put in &C.


tive operation yesterday and made regular trips through
out the day Notwithstanding the petty annoysnces the
company subjected to by sorekeepsr and others
who shoveled the bach upon the railroad tracks
The railroad company dire ed their employees TO clear
space front OF premises where the represented
that their business oded by the snow banks
but several along the principal thoroegniare very In ius
trously threw the snow back upon the track having
originally been shovelled from the sidewalk The Chief
Of Police prohbted the practice along Myrtle avenue,
Greerpont iDe is still enlarged The other lines are
all In successful operation and residents OF the outer
districts have an opportunity to reach the ferries
within reason able time At the meeting OF the Con.
Council last evening petitions wers presented pro-
testing agsins; the png Of before premises along
the principal thoroug hfares the subject WAS referred
10 the Railroad Committee, 10 report next meeting.",THE BROOKLYN RAILROADS.,The New York herald. [volume] (New York [N.Y.]) 1840-1920
1857-01-22,"The steamers Nashville, from Charleston, and Asba
ms, from Savannah, came up yesterday morning. and
reported passing through great des Of drift ice outside
the HOOK They did not any vessels on tue beach.
The communication between Atlantic street, South
Brooklyn and Whitehall Is open. The rrausi! and Wyau
dank ran during. the afternoon.


The Quarantine ferry boats are running regularly.


The Huguenoi, from New Brighton, arrived ct oae
O'Clock in the afternoon. She left that place at NJ


The steamboat Transit, Capt Powell arrived from foot
OF Atlantic street. Brooklyn, in ballast to yoon Ferry
Company, rs NJ She is the first boat that has male
the passage from Brooklyn tie South ferry New York
since Satin, day last at6P.M


The steamer New Haven, OF the New York ant Erie
Railroad line, yesterday morning taken out OF the
where ebe was fast, having broken her gAIows
frame by steam tug W. ii. Webb.",THE HARBOR.,The New York herald. [volume] (New York [N.Y.]) 1840-1920
1857-02-02,"Affairs at Warrington
MR.. BUCHANAN GOING TO wHRArLAND-oABINET
WITH vENEzUELA-THE CHAFFEE INDIA RUBBER
PATENT.


WASHINGTON, Feb. /, 1857.
Mr. Buchanan will leave here for wheatand on Tues
day, II nothing happens


Up 10 this time every body Is In FOX with reference 10
who going into the Cabinet. History has parallel TO
the that has been made upon Mr. Buchanan TO
put certain gentlemen 10 the Cabinet learn to day tina,
the friends OF Mr. Hunter have withdrawn him from the
field.


There seems to be difficulty and no little excite
ment among the organ since has been ascertancd
tha, Major Heiss about TO establish another democratic
paper here which may possibly divide up the printing
~ the Major has . host Of friends In both Houses.
understand that government have determined 10
send agent clothed with full and ample power 10 the
government Of Venezuela asking indemnity for the spo
ation Of citizens property destroyed by that gov
eminent This matter has been under consideration for
some time, and Il 10 abundAnty shown that gross out
~ses were committed upon the persons and property OF
our citizens.


The Robert J. walker wirepullers getting out OF
patience ct the slow progress they making towards
getting their favorte into the Cabinet The Forncy In
uence brought 70 bear In return for walkers letter
Buchanan favor Of Forney Tor the Post Ohoe Depart
ment generally believed that Mr.. Pickens OF South
Carolina viii be offered the STATE Department


Efforts will be made 70 morrow 70 bring up the bill
tending the Cbsree Ineia rubber patent The scheme
has been extensively obbed and being considered ready
10 bo sprung any day Requiring two thirds vote the
yeas and nays will show what representatives have been
influenced TO sacrifice important public duties for private
individual interest","T III K l. A TIE ST NE w 8.

BY PRINTING AND MAGNETIC TElEGAiPBs.

",The New York herald. [volume] (New York [N.Y.]) 1840-1920
1857-11-22,"THE GLASS BALLOT BoxEs.-For some days
there has been good deal said about the glass
ballot boxes used at the late election in accord
ance with clause in the Metropolitan Police
bill of April last. How the contract was given
out and who was the real contractor have
been subjects of much discussion; and docu-
ment has been published for political purposes
pending the coming charter election, setting
forth one side Of the question, and alleging that
the contract for the manufacture Of these
boxes was fraudulently made-that the price
charged was more than three times the actual
cost-that the number ordered was considera-
bly, more than Is required; and furthermore
which is the gist of the whole afiair-that Fer
nando Wood is interested pecuniarily in the
transaction, through the medium of his brother
Benjamin. This document il part of the pro-
ceedings in a suit in the Supreme Court asking
for an injunction restraining the Mayor and
other officials from paying for the glass ballot
boxes. We publish to-day all the papers in the
case, showing both sides of the question, and
putting the boot on the right leg. They are
very interesting, as indications of the shifts to
which politicians will resort in time Of need.",,The New York herald. [volume] (New York [N.Y.]) 1840-1920
1857-08-01,"GRAsH0PPERS IN MINNEsToA.-A letter from
Anoka, Minnesota Territory, fully confirms
the one lately published about the destruction
of crops by the grasshopper army travelling
south from Red River. The writer says


Their favorite food is tender garden vege-
tables, beans. onions, carrots, turnips, &c. Po-
tatOes are ruined by being Invested Of all
leaves. Last season they arrived too late to
destroy wheat and corn. But considering their
immense numbers, the ground being literal y
covered with them in many places farmers con-
sidered themselves lucky in getting rid of them
as easily as they did. for with the sharp frosts
OF autumn and the disappearance of vegetation
they gradually died off. But this was not the
end thereof 1t seems that eating did not oc-
cupy all their time or attention. Careful OBJ
servers saw them busy upon the ground about
something, which now proves to have been de-
posting their eggs, which, naturalists say, the
females lay to the number of one hundred and
fifty. We had very severe weather here last
winter, the mercury several times sinking more
than forty degrees below zero, yet those eggs,
almost on the surface of the ground as they
were, came cut brighten the spring As soon
as the snow was gone, and the ground began to
get warm, the grashoppers began to come up,
sOme early and others later, according to the
situation the eggs had to the sun. They have
been Matching ever since, and presume are
not all out yet. ... -


When first hatched they are quite light in
color, and but small in size. But there are two
things that they can do fright smart from the
first, viz: hop and eat. They hop first, and keep
hopping till they find something that suits them
to eat and they are nowise dainty about it either,
for they don't stop till the supply is exhausted
OF course the consequences are most disastrous
Whole acres of wheat are completely eaten and
destroyed in a day. Oats fare no better, and
corn will doubtless share the same fate Some
farmers, becoming discouraged, stopped short
in their planting and sowing declaring they
would not waste their seed. Others put in their
whole crop, but with faint prospect of getting
back anything Some have hoped that they
would leave, which they doubtless will do when
they get wings, which will not be, fear, till
everything in the way of crops is destroyed As
yet they don't eat grass much, but of course
when other things are gone they will take that
and then stock must suffer. Water treatment
seems to suit them, for they are all the smarter
after a hard rain. They come from the West
and travel East; and when they have eaten
everything in Minnesota, Iowa, Wisconsin and
Illinois will have to share the same fate, as our
stock is sufficient for all the country below US",,"Evening star. [volume] (Washington, D.C.) 1854-1972"
1857-02-11,"CONDITION OF AFFAIRS AT ALBANY.


ALBANY, Feb. l0-P. n.
mo weather b cold and stormy. Lola Montez and
her sister, who have bean playing an engagement here
engaged soatnan 70 day take them across the river
n shin They wore the first that have crossed the
river snce the storm. On the second trip across the
three men In the boat got exhausted and were carried
swV down the stream below tho CITY, Tho Arc bells
were Tupg IN order 10 call assistance but fortunately
when the men had been carried soue distance DO 70
where struck the ice without injury, and the men
were rescued nom the 6reonbush SIDE They have not
attempted to return, but will como by way Of troy
Business 70 partially resumed the south Broad way
Much suffering 10 anticipated from the cold
The passengers who left New York By the Hudson
river road on Monday morning reached here at s
O'Clock this evening Some Of them crossed the river
y skin ~ great hazard, amoog whom Senators
Brooks, Petty and Kelly The TRACK for miles nom Al
bany 10 covered, and In some PAGES torn up. Tho pas
sepger got 70 LvDgstop creek i've miles north Of Hud
s0p, and from thence most Of them walked 70 Oak Hill
whore they got se'ehs for Greenbush portion Of them
went round by the way Of Troy.


THE FREsHlr AT oswEao


Oswsso, Feb. 10, 1857.
The SIX vessels which loosed from tn eir mornings
Sunday morning by the freshet and driven into the
lake, were found Port Ontario and Eve of them
brought into port this morn ng.


The Belle Adkins and Wioe Awake were nearly full OF
water and in coming into the harbor touched the boz
tom, when the former aank In deep water. the Wide
Awske was thrown on her beam eads by . heavy sea,
end has gone 0h0re near the fort Both will be total
loss The Virginia, ct the last account the hoe
below Ontario. Tho wind IL now owing heavy gale.
additional particulars Of u disas,ers resulting from
the reshets throughout the country are given on the
inside pages","The Freshets.
CONDITION OF AFFAIRS AT ALBANY.",The New York herald. [volume] (New York [N.Y.]) 1840-1920
1857-03-03,"Oonsumptve, Rheumatic CostIve Bilious Delicate after
some days use will find renewed strength and life pervsde
every organ OF their frames Every dose makes blood
purer The nerves commence In the arteries
In the veins These pills, first effect upon the
eria blood increasing the circulation by which Impurities
deposited in the veins AID they throw colec


tons INTO the bowels which orgsr the energy derived
from Brandreth's Pills. expels sys
nt the pills may occasion gripping and make
patient feel this must be borne with the
come sfterwsrds No good often achieved without
trouble In its attainment and this applies
of health. These symptoms only where
body has long struggled under load impure tenacious
humors consecutive for few days will satisfy the
unbeevng OF the good the pills doing
directions should be carefully studied understood and
followed, health and vigor WILL majority
cured by the of RRANDRETA's Pulls.


Sold at IS cents box at - Csns street. Brandreth
Building, New York; by r. W. Dyott Sons north
Second street. Philadelphia and by medicine dealers
ally. nov 2s-n",,"Evening star. [volume] (Washington, D.C.) 1854-1972"
1857-12-02,"SCENES AT THE POLLS.


FIRST WARD.


All was quietness the begerent First ward yester
day In the early part tho day the poured
m rapidly all the districts On the whole the vote poled
was large but very little disposition to crowd
round the polling places. Indeed with the exception Of
the polling place in Broad street, there crowd
all the voters and the delivering the
tickets being the only parties participating in the scene.
As general thing the drinking houses open, and in
the afternoon several drunken appeared in the vi
entity polls but they did not succeed in creating any
disturbance. Not single arrest was made up to the
closing Of the polls Al the Broad Street ouse-he poll
ing place the Fifth dstrict-there ncpent
about noon, the interference OF the police, who
there strength instantly suppressed IT, Contrary TO all
expectation tight occurred the First ward much to
the disgust Of several of the fighting men IN lhat LOCALITY


SECOND WARD.


Everything passed of quietly this ward There
no rows arrests, and very little enthusiasm. The
votes we're deposited without obstruction throughout the
day,


THIRD WARD.


The day PASSED in this ward without any disturbance
worth mentioning heavy vote was polled, and much
feeling was manifested the Mayoralty question: but the
Aaermanic candidates excited the most interest The
Third ward part of the First Adermanc district and
It's voters choose between four candidates, all of
whom hailed from the First ward The principal contest
was between the friends of 4"" Billy"" Wilson and 'Nike'
Murray and their adherents to be believed both of





city councils during the coming year The Third
yard was formerly wing stronghold, but of
cratic. owing 10 the removals Of the weather
citizens up The Washington market dealers
else considerable influence in this ward, and for some
other they cast their votes yesterday Tor Tie
mann.


and much money must have changed hands. Two rabd
partsans became excited that offered load
wood in front Of the Gerard House, at the corner of
Chambers street and West broadway, Thursday after
noon between the hours Of and three O'Clock, pro-
vided his candidate elected If the other party would
do the thing The wager instantly accepted,
and Thursday this absurd wager will be complied
with. There ro,ne and no arrests for Illegal
voting in this ward.


The exhibitions Of beligerent character not
Numerous ward previous elections An attack
was made of the Clancy ticket boxes, which
under the charge Of named Mccarthy, who defended
IL with pistol The assailng party, named james White,
was also armed with pistol, and for time, the difficulty
assumed rather aspect ofcer Henry 8 Phillips,
however happened be hand and by getting between
The combatants succeeded putting end 10 the din
Guilty before Mccarthy had red two shots at his
assaiiant Neither Of tho beNgercns, It appears,
arrested Tho ward received a visitation from party
nifty supposed 10 be detachment from the Dead Rabbit
sgb who had few skrmishcs with the friends of Grove
the Dead Rabbits being favor OF Clancy. Beyond few
bloody and black eyes no damage OF serious
done The following persons were arrested
FOE illegal voting-Iohn Carson Cornelius kngrght, Mi
chael Connery and Henry Crawley. The posters OF the
opposing candidates for Aldermen torn INTO shreds,



reared COMPARED with former elections, have
sad, this one passed OF peaccably


FIFTH WARD.


There was unusually heavy vote poied in this ward
and the Inspectors had busy time all day long The
Law a. regards liquor selling observed by all the re-
spectacle establishments IN tho ward, and tho effect was
seen in the few drunken aud dsordery persons nj the
polling places This ward at time used TO roll up
heavy wing msjores, but Of late years the democrats
have had everything their own way IL was remarked
,ha. many oa snss VIZ ~ ~ a, he dors ~,
ticket II remarked also yesterday that all the
.roughs,"" who usually support the democratic cand'
dates yesterday the other side of the question
there have been immense sums Of money spent by
the enann party 10 this kind Of help There was
lighting a, the polls, and only one person was arrested
for illegal voting lie gave his name a. William Robinson
and sad he was by trade tanner lie was taken to TIE
Tombs


There were comparatively few lights in the Sixth ward
Yesterday and with exception the personal damage
inflicted tring Mr. Haggerty, Of the candidates
for Councilman violently assaulted and received
severe the head from thrown nj him by
his poh,cal opponents. II thought that Il will
prove very A gang Of election bulies, number.
ing between and three hundred made descent upon
Tenann ticket boxes scattered the tickets about the
we're driven away wherever they found but
the gang had passed resumed their occupation with what
ever tickets they had left In the language of Of the
policemen 'they vent through tho ward Ike whirl.
wind and perhsps 70 this circumstance owing The fac

are rather dangerous affairs, and the Of
6cers holding their personal safety above
every other consideration did not interfere with this
The skrmishers who operated in smaller parties did not
escaped however, there was nothing Of the whirlwnd
character about them, and so they taken into
toby aud placed in durance vile. They were Patrick
Isliy, James Murray, James Brown and q Truman. The
last named insisted on deposting his ballot, although
appears clearly shown that he not entitled
avoe IN the ward Besides the descent made upon the
ticket boxes the bulles amused themselves in tearing
dosn the rcn,ans posters from the walls.


SEVENTH WARD.


since the first form OF municipal government grant
Ell 10 his citynow two hundred years ago-here
never was perhaps such extraordinary excitement aud
anxiety as for the result Of the throughout the
CITY, yet never was there peaceabc and orderly do
rncanor among the people Of this ward All was quiet
There was pardonabc manifestation Of feeling for tn
RESPECTIVE candidates, and voters forth 10
record their franchises than any former occasion
late years The Inspectors at every poll IN this ward
reporter that there we're more votes deposited
up 10 half past ~ o'clock than there At the last
AZ the close q the poll Old gentlemen who for many
years past would not undergo the Inconvenience and
trouble Of standing on the sidewalk and being subjected
q all the annoyances Of attending At the polls,
came forth yesterday and deposited their bal
3gs. Our reporter found Captain Rynders IN this
ward, busy. lilo Mt the polls protecting the
democratic voters and aiding them m Their challenges
5e said In two three that they we're entitled
"" vote and that they should vote lie told them that
sbough he had been charged by Interested parties that ne
vas opposed g Mayor Wood was false ne never yet
went against the regular democratic ticket, and ne would
support \ now from Wood down The Captain was cheered
Wsey whenever he went and 20 hN anxious inquiries al
rouna he learned that Wood was ahead Of Temann; and
that hlams for Alderman, the regular nonina
zion naet, was leaving Mcconnell the back ground.
On arn ing ~ the Of jackson street Capt yndcs
sspled sak suspended from the house OF wei known
.emocrat, With the name of Tpmann displayed on II;
. What, sad ne, has lick turned against us2 No.
sephsd by'iander hid you ever know him to 80 any
but che 'regulas democratic nomination. ~ thought not =
paid the Capaiu "" Put your specs then Nnrshal and","
THE MUNICIPAL ELECTION.


-~>~.~,s~~~~o~~~o~~~No~N>~
The Result of the Great May0ralty


Contest.


el-~o-oo~~~>,I>oo.s~~o~
REJECTION OF TIEMANN BY 1881 MAJORITY.
OVER $4,000 VOTES POLLED.


~N>~No~~Oo~oo~N~>eoo~c
FALLING OFF N THE OPPOSITION MAJORITY
nse~o~s~u>r~~~~~or~~o~~~
QUIETNEss THROUGHOUT TIE CITY.
.>~>oo>>oo>~~>>oo~~~e
Scenes at Tammany Hall and the
Tiemann Headquarters.


-~~--~~0~~~~-~~~~~~~o~~~
DEMOCRATIC COMMON COUNCIL.



Names Of Aldermen and C0uncilmen
Probably Elected.


->>~~>~~~~~~~o~>o~>~~~~~
THE NEW CITY GOVERNMENT,
nc, &c, &c.

Scenes at Tammany Hall and the


Tiemann Headquarters.

THE NEW CITY GOVERNMENT


he. &c, &c.",The New York herald. [volume] (New York [N.Y.]) 1840-1920
1857-07-11,"II Faid that the military Of New York unlike
the Department, were Of utility and their exist.
spce only waste Of time and money But how s'gnally
has This scpbIsiry been exploded During the late riots
they have proved Themselves TO be most valuable c.
organization. The police in lts nexpercnce and dis
organized state were unable TO que the disturbance that
which va rendered by the military there IL no knowing
where these scenes OF boodshed would have ended Too
mucn importance cannot be aecribed 10 oti zen sol
diery Ihe seventh Regiment National Guard, aud the
Egn,h Regiment Washington Grsys, both wearing the
same ~ uniloru', and both berg under the beet",Defence OF THE NEW YORK MILITARY.,The New York herald. [volume] (New York [N.Y.]) 1840-1920
1857-07-30,"The Madrid correspcodeni OF the Tins says tina, L,frs
qua had final interview With Seoor tdal the Mexican
QUE ton, and ubmsied that the result probably
satdscto ~ and that Lafrasua woad dc art from Spain


The Srapsh ecmi official Journal SAYS Oar govern
mept occopes Itself AT this moment with the important
Mexican question, and proofs will be spain I.
enduring only t abe IL sounded In her national honor
To this end, u said, two 10 sail
from Csdz for Havana, taking out instuc,ioos fr Gen
Conchs from tho govcrnment sso conveying troops
and mate ab OF var for the cHpedtioo against Mesics
which SPAN will Inevitably undertake uBess she elves
full satisfaction from that re ublic


The sitiipss Of the Deputies had been Fusrended


The enaie has approved of The aw for puhis tivtruo
ton and The Senate aad Congress have vted The cousu
tiopa reform ~ proposed BY the government


IN Consequence Of the Eumsrcus erflsls the uadrid
prisons ~ full thai the breskog ot n,aos sas
epprehondet.",SPAIN.,The New York herald. [volume] (New York [N.Y.]) 1840-1920
1857-04-19,"WASHINGTON, April IS, 1857. Z.
The Pos, Office Department has invited proposals till the
FIRST OF June for carrying the entire letter mail overland
from the Mississippi TO San Francisco in four horse coaches
semi monthly, weekly and semi-wcekly Tie Department
Of the Interior has nearly completed the arrangements for
the construction Of the wagon road


VIM. Kerr Postmaa ter at Kingston, New York, and
John Brown, Postmaster at SandusSy Ohio have been
reapponted.


The awards Of the contract for carrying the mails In
the New England, New York. and other States for lees
period than four years, VIII be announced Saturday
Nj Fuller Of Maine, appointed Second Auditor Of the
Treasury.",TIRE GENERAL NEwNApfT puRArCH.,The New York herald. [volume] (New York [N.Y.]) 1840-1920
1857-01-12,"TIE MASSACHUSETTS STATE PRIsoE The
recent murder Of the warden and deputy var
den of the Massachusetts State Prison have led
10 an investigation which disclosed the grossest
mismanagement. The Boston Journal, review
ing the evidence, says:


Not only has there not been a sufficient force
attached to the prison TO enforce rgidly the
rules Of the institution but most astonishing
indifference manifested to the safety VI the
officers employed The evidence shows that
the inspectors had been warnel that Decatur
was a dangerous man that one of the officers
who was most intimately connected with the
prisoners had for some time watched him with
. a jealous eye, and had taken precautions for
his own safety in case Of an anticipated at
tack that it was not uncommon for the pris.
oners 10 have knives in their possession; that
only mere formal search of the prisoners was
instituted entirely insufficient for any praoti-
cal purpose that conversation was allowed
among the prisoners; and finally that the su-
peTvision over the prisoners during the work
irg hours was SO slack that they could grind
knives and socrete them about their persons
without detection.",,"Evening star. [volume] (Washington, D.C.) 1854-1972"
1857-01-12,"'HHODD CO, UNDER BROWNS HOTEL,
beg leave to announce the arrival from Lon
don and Paris Of their splendid collection OF
RICH FURS, made in the most fashionable
styles from seasoned Soft t-dressea skins They
would invite particular attention to their elegant
and much admired


MANTILLA TALMAS,


PELLERINE VAN DYKES,
VlCTORlNES, with Muffs and Cuffs to match D.,
OF HUDSON BAY SABLE,


MINK, STONE MARTIN,
FITCH & MOUNTAIN MARTIN,


SIBERIAN AND RUSSIA SQUIRREL,


LONDON LUSTRED,


BLACK LYNX,


and ERMINE;
RICH FUR TRIMMING,


for Cloth and Velvet Cloaks;
SWANSDOWN TRIMMING;
ELEGANT SIBERIAN SQUIRREL ROBES,
for Cloak Innings, or cut for Trimming;
Ladies' and Gentlemens FUR GAUNFLEBSi
Gentlemen's TRAVELLING MUFFLERS,


Of Beaver, Otter, Nutria, and Seat Fur;
CARRIAGE ROBES,


Of Bear, Fox, and Buffalo Skins.
TODD co for the past twenty Ave years
have devoted much attention to this branch OF
their tFEde purchasing exclusively for cash, sell
Ing at moderate prices, and by adhering to their
determination TO Geaj in article that would not
bear the s.rictest scrutiny, they have secured a
large and increasing trade from all parts CT the
country.


Purchasers are invited 10 visit their establish
ment and examine the most extensive STOCK
OF FURS so,Itb Of New York. Oc c3i3t&eof","PUaS!-FURs,,-FURSM,","Evening star. [volume] (Washington, D.C.) 1854-1972"
1857-08-06,"There was good attendance a Ahertons today, and
there marked activity In the NAL kei throughout the
day The total number sale for the day and week
202l head, all the yards 25S ABOUT 100 head
decrease, ~ compared with last weeks figures. The
average quality presented improvement the Offer
advanced about cent per pound-there WAS good
dems and, ct the advanced rates The supply hailed
chiefly from Ohio and Illinois, with l3 head from Indiana
only 81 head from this Slate The Ohio bullocks
ried the PALM being the finest In market, and many Of
them bringing l2hc per pound, which was about the top
tf the market There every prospect OF closing the
sales ., earlier hour than usual and thought
the present demand; however, ss there quito
Der Of very ordinary Cattle the probability IL that
would lie easy thing 10 dispose OF them s prevailing
prices


cows AND CALVES


Are not quite 20 plenty, but there plenty on sale 10
satisfy the demand, which was moderate a. previous
prices.


There quito Increase In the receipts this week,
now outstanding which prices have advanced TO the old
standard, 7hc for the best Tho average quality de-
cded Improvement last week. and some OF tho vcas
on ,ale al Alerton the 6rat We have seen this
season.


suKxr AND LAMBS.


Tho receipts during the cast have been very In 20,
and Monday there o larger number arrived at
Browoing's in Sixth street. than any LAY FOR seye
the demand has not sbaed bat continues good without
change In prices.


The receipts OF the past week have been unusually Light
there only having arrive ella head all Of which we're dis
posed Of II nc . SC.


REHABILITATION.


The total receipe OF ali stock all The yards Tor me",BBEY CATTLE.,The New York herald. [volume] (New York [N.Y.]) 1840-1920
1857-11-04,"IJENRY H. LEEDS 4 Co, AUCTIONEERS, OFFICE
No - Nassau street will sell auction on ""Wednesday
Nov at 10 O'Clock a. tho salcsrocm . Nassau street Su
perb fancy goods comprising valuable assortment OF
The costly Partisan fancy goods Just imported and Of
the highest class consisting Of ebony and ormou work boxes
furnished and dressing cases surprise and revolving sesa
gilt ormou and pearl nkeis and jewels ebony
and God washstands bronzes Paran satury berlin
wire and fancy poremonnaies cases bsquc figures
liquor and cordial cases. paper miche writing cesks
pooios, watch stands thermometers workboxes jewel
inksands stationery cabinets. very elegant
Aao large and valuable assortment of real marble sta
tuary representing various subjects just imported from
Italy Together with beautiful marble alabaser, bardgos
yellow or Sienna vases urns ornaments &c OF the latest
styles These and the above goods well worthy of in
spcc,n viii he ready day before the sale Also at IL
O'clock beautiful gold watches; fa jewelcd chrome
lever and iays watch both first quality and sold


In OF the necessities 81 the owner AT IL Clock
the No * Nassau about fDU boz
Shocks IN order suitable for the West India market.
Without TERMS cash, city funds.",,The New York herald. [volume] (New York [N.Y.]) 1840-1920
1857-01-16,"Consunptiye, Rheumatic COsve Billions and Delicate after
some dsys use will find renewed strength life pervsds
every erEsn OF their frames Every dose blood
Purer The nerves in the arteries and
In tue veins. These pals u effect upon the ar
tera blood increasing the circulation which
are deposited In the veins and they throw coilec
Mons into Tue bowels which by energy
from brsndreths PILE, expels them
mrs used the pills may occasion gripping aud
patient feel worse this must be borne with good To
come afterwards No great good is often achieved wont
some trouble In its attainment and this rule sppes the
recovery OF health These symptoms only
body has long struggled under load impure tenacous
hunors consecutive use for days will satisfy the
most unbeevng of the good the pills doing Tie
directions should be carefully studied understood and
followed health and vls1r WILL in majority Of case be So
cured by the use Of RRANDRErH'S Pills


Sold at 70 cents box Canal street Brand
Building New York; by T. W. Dyott Sons lsa north
Second street Philadelphia and msdicne dealers gener
ally. nov ~ ~",,"Evening star. [volume] (Washington, D.C.) 1854-1972"
1857-01-22,"The railroads having been all blocked up By the heavy
for the past week, We found the supply OF
beef cattle very much diminished, more especially at Al
ercns there being only 1853 cattle sale for the day.
and 096 Tor the entire week; falling oil In the receipts
Of Air head compared with last The quality
Of the stock q! Alerous this week was great improve
last week. most Of the cattle being hue looking
and Of the lots first quality. Notwithstanding
the diminished supply, and the Improvement in quality
combined, the market was one Of the dulless aud
most dragging OF the seaion, and the demand
has been so extremely light throughout the week
st all the yards, was thought THAT thore would be
quite . number left over, but ~ the demand was n
trine more brisk In the after part Of the day. In
all probability the stock all disposed Of There were
quite number Of Spectators In the yards and they CON.
cuded 70 put prices TO 12c per pound, but as
the demand proved light and purchasers seemed dsn
cned TO buy ct any price, they were forced 10
oede 10 purchaser prices In many instances ., dis
pose Of their stock at all An advance WAS established OF
about nc. . 70, owing chiefly 10 the Improvement
quality. The receipts were much larger than was anci-
pated, and the railroads known to have suspen
ded their trips for the past three four days butchers
probably remained at home, not expecting 70 find
than two three hundred cattle SALE The offerings
chiefly from this state and Virginia. only about 200
having come from the Western states. Al the othe'
yards the supply about large usual but the de-
and vas less active. the Total receipts for two weeks",,The New York herald. [volume] (New York [N.Y.]) 1840-1920
1857-01-22,"M s.rakosch comm enced his season at the Academy


st evening"" with the representation of Lucreza Bor-
GA"" PArodi Lucrezia; Tberin - Gsnnaro; D'0rmy
~ Orsi,. and Norino the Duke Alfonso. The house
wns filed with Of the most dtsngue audiences that
have within It's walls. The chief feature
Of the performance the Lucrczia OF Pared, which
superb. She In very good voice, and gave the
nsGic With that intense dramatic power for which she 10
celebrated Nothing could be finer than hor perform
In the great Of the second act Viewed only
. display OF hstrionio power has rarely had its
equal the boards aud this Performance alone
ssps Parod Of the greatest artists Of the age
Enc sang splendidy Throughout, and received full
reward In the applause OF . house singulary crf
toal She called before the curtain after each act and
Aeo the end Of the ofcra. II gives us the sincercst
pleasure 70 record this triumph OF Psrodi; and We
aco tell New York public that she Is with but for


short nne and that they should make much Of good
thing while they have II. Tberir sang very well. and


made favorable impression His air In the Grst act had
q decided encore. Morno and D'0rmy were hardly
equal requirements Of their roles judging them by
comparison with their predecessors here. The director
cosduced excellent orchestra, and the chorus
full and effective In all the scenic details have
seen opera better rendered and the representation
was entirely successful with the public. We may
graduate Nr. strakosch favorable beginning OF
what promises 10 be . very successful season.","italian .Opera-FIrst Night Of the seralosch


SeasOn.",The New York herald. [volume] (New York [N.Y.]) 1840-1920
1857-12-29,"THE TRANSIT ROUTE AND NEGOTIATIONS.


orR aAy JOSE CORRESPONDENCE.


SAy JOSH, Costa Rica, Dec. I, 1887.
Arrival Of &esvs weos,er and Atn in Costa Rica-In,er
repicih President Mord--Dsparts~s for Nicaragua
Struggles for nc Roule


The most important incident 10 report and which
has caused considerable pleasure In the governmental
circle and astonshment tho camp Of the opposition IN
the arrival In this city of Mr. W. G. Webster, accom-
panied by Commodore vanderbilts in law Mr.. n. D.
Allen.


well recollcc,cd ths, precisely the same period
last year that webster arrived in this country through
whose ins,rumenialliy and combinations the river san
Juan and the fell the hands Of Costa Rca,
and sIgnaly terminated the hibusterng wa So
trouble Of a bcliecreDt character with Nicaragua,
and In the height Of despair, Webster suddenly, and,
certainly TO the mas unexpectedly appears in midst
lie received most hearty aud friendly reception from
excellent President and has boon closeted With him
daily for hours. webstors mission appertans no doubt
IA the Transit and coming this time in connection wAh
vanderbilt he will unquestonably succeed have
sined from reabe ofcal authority that Webster has
ACCOMPLISHED bis object 30 far Costa Rca concerned
and that Instructions by this mail TO Senior Napoleon
Fscaane the special government commissioner 10 Wash
noon 10 suspend an negotiations arrangements have
sa,sfetery aud happily been onsummaied for the Van
derblt party. Rumor says Webster and Alien leave for
Nicaragua immediately with important powers 70 adjust
Transit disputes with that government and websters
visit that republic influences, among the public here
ami solid expectations All disputes pending between
the two countries will experience happy and speedy
termination.


The government and people Of this republic exceed
ngy anxious to have the Transit route open Costa Rca
will make any honorable saorince and II Webster
cceds, he will be again q demigod in Costa
Kfra.


We are well convinced ha. evcry day the Transit rouss
is closed Walker ts getting stronger and we GER
tanly dread another hbusteTng expedition, though at
the same time We are better prepared than ever 70
such emergency,


Young Anderson, who has been agurins nssorcoeiy
n the Panama Tar and hkrad, and who formerly beld","COSTA RIGA.

THE TRANSIT ROUTE AND THg NEGOTIATIONS.


OR aAy JOSE CORR EsroNplENrR.",The New York herald. [volume] (New York [N.Y.]) 1840-1920
1857-05-06,"TtrTsHURU, NAY Z, ISoI,


Charlotte jones has made affidavit before the Mayor
correcting her STATE ment duplicating her brother, william
Jones, and named James Williams, In The murder OF
George Wilson and bis SITTER, Mrs Bessey McMasters, At
Keespor she charges the crime her alleged husband
Henry Fife and Monroe Stewart, alse giving particulars
concerning Gardner, who implicated 10 consequence
Of bis intimacy with them and who suddenly left the
Monday morning after the murder. Chariote's statement
before Justice Clemens duplicating her brother and James
Williams In the late murder OF samuel H. white In wash
ngon, generally believed Her statement TALES with
Mrs White In some respects The alleged object OF her
brother William Jones, IN killing Mr.. White, was 10 OBJ
tain money clear him from the charge OF poisoning
Young pan some tine ago.",,The New York herald. [volume] (New York [N.Y.]) 1840-1920
1857-01-03,"The brig Gem, Captain Day, arrived N New York on
Thursday. from Mnatitau, town ii the mouth Of the
Coazacoalcos river She brings the latest intelligence
from the TohuAntepec Isthmus


We learn from Captain Day that the work the plank
road across the Isthmus almost suspended but was
carried quite actively . month or two ago During
the month ofOc,ober steamer, schooner aud brig ar
rived II hnaitan nom New orleans with four or ave
hundred mcn the peoesssry tools materials, &c, for
working on the road. The men were immediately di.
vded along the reue and set ,o work SO the road pro-
gressed quite rapidly. The natives Indians
tsnsvey employed such work ~ they competent
to do, though they so indocnt and diatory
that one white man viii DO ~ much work In day ~
four Indians bot the latter be obtained cheaply
and consequently were extensively employed. The com
staes, 90 there 10 but mus being done the road q,
prcsent About two hundred whites remain the Ish
mus. and are chiefly smroy'S = clearing tue way for
qpre much labor aer the tees and other cbsru ,tIons
cleared away 70 prepare the read for receiving the
soon be commenced again and carried on with visor


nwM very healthy on The lsshmus during the fall
attended with tue moat fatal consequences IL chlis and
lever The Of the Gem taken win II ten days
alter leaving Minautan, and the captain had 70 put
4 not affected By the chls and fever, can i've
very well the Tehuan,epec sth prov ling hoy
srpp'sd With mosauo e.rss-llaoui I them hn mpos pos,
evey person IN couds-tbey are 90 thick that they hide
the sun. II would be impossbie 10 live without some
protection from them The Gem brought cargo OF ma
hogsny The trade In that article appears 70 be very
good there we're only fes vesse1a hinstklau leading
wh u, and they will probably realize good pronts rom
their cargcts. The Mexican governmsnt receives dol
var tree Tor the mabcTany ~ stands the dealers in
that article then advance money and get the trees eled
and prepared Tor rafting A. soon ~ there fresbet
all the timber thus prepared acasd down the river 10


the hsrbor s mouth and there for shipment
II has been long time since there . ffeshet,
and consequently there ere thousands Of tons Of this kind
OF timber up the river delayed for want Of sucieut


ter 70 noat oowr, and which win be noateo down n the
first ireshet. There 10 bvi little mahogany now n the
mouth oil the Cealzaooalcos river",intelligence from Tehusntepee.,The New York herald. [volume] (New York [N.Y.]) 1840-1920
1857-09-01,"FROM The FRENCH BY BERANGER.
Is blind mother sits IN her cottage, beside he
pretty daughter and cautions her against ve,whiI
al the time, an amatory scene Is going on betwee
the glrl and the very lover whom the old dam
breads.


Daughter, while you turn your wheel
Listen to the words say;
Colin has contrived to steal
Your unthinking heart away.
You are all the blind ones care,
And mark your signs whene'er


Our young neighbor's name is heard.
Coins tongue Is false, though winning
Hist. the window 10 unbarred
All! Llzette, you are not spinning
The room is close and warm, you say:
But my daughter, do not peep
Through the casement-night and day,
Colin there his watch doth keep.
Think not mine grumbllng tongue:
Alb! here at my breast you hung;
i, like you, was fair and young,


And know how apt - love
To lead theyouthful heart to shining
HIST the door, heard IL move
All, Llzette, you are not spinning!
Its gust of wind you say,


That hath made the hinges crate;
And my poor old growing Tray,


Must you break for that his pate:
All, my child. put faith IN me;
Age permits me TO forsee
Colin soon Will fathless be,


And your love to an abyss
OF grief will be the sad beginning


Bless me /, sure j heard kiss!
All. Llzette, you are not spinning!
Twas your little bird, you say,


Gave that tender kiss just now;
Make him cease his trifing, pray,


He will rue 10 else vow.
Love. my girl, Oft bringeth pain,
Shame and sorrow In his train,
While the false. successful SWAIN,


ScOrns the heart he has bsguiled
From true virtues path to shining


Hist hear you move, my child
All, LIzette you are not spinning
You wish to take the air, you say:


Think you, daughter, believe you!
BIZ young Colin his Way.","EVENING STAR.

SECRET COURTSHIP.","Evening star. [volume] (Washington, D.C.) 1854-1972"
1857-04-21,"A g. TUTTLE AUCTIONEER
""A. Office ~ Broadway.


Handsome household furniture velvet carpets pianos, &c.
II family leaving the city.


A. G. FUTILE will SELL Tuesday, at ION O'Clock, at ia
the entire said house, all OF which


good ORDER and but short time in use consisting Of rose
wood parlor SUITS centre tables lace curtains and cornces
arge pier glasses velvet tapestry and ingram carpets oil
ohs mahogany piano. with harp pedestal stair carpets and
French bedseads and washsands, hall saad
paintings and engravngs extension tables china glass and
slated beds and bedding together with assortment


kitchen utensils Terms cash. deposit required from all
has","A G. FUTILE, AuCTIONEER:


~",The New York herald. [volume] (New York [N.Y.]) 1840-1920
1857-02-06,"A Nut FOR THE DOcToRs One of the most
eminent French physicians and physiolo gists
says medicine Is great humbug Magendie,
whose treatises are regarded as standard
works the world over, says he knows nothing
about medicine, and don't know anybody that
does know anything about it! LII one of his
lectures he asks:


WHO can cure the gout or disease Of the
heart? Nobody o. you tell me the doctors
cure people. l grant you people are cured
But how are they cured Gentlemen, nature
does great deal Doctors do devilsh little
when they don't do harm. Let me tell you,
gentlemen, what / did when 1 was the head
physician at the Hotel Dieu Some three or
four thousand patients passed through my
hands every year. divided the patients into
two classes; with one followed the dispensary
and gave the usual medicines, without having
al idea of the why or wherefore /; to the other
gave bread pills and colored water, without,
Of course, letting them know anything about
it; and occasionally, gentlemen, l would cre-
ate third division, to whom l gave nothing
whatever. These last would feel they were
neglected, (sick people always feel neglected,
unless they are we'll drugged-the fools.) and
they would irritate themselves until they got
sick, su. nature invariably came to the rescue,
and all persons in this third class got we'll.
There was little mortality among those who re-
ceived but bread pills and colored water, and
the mortality was greatest among those who
were carefully drugged according to the dis
pensary",,"Evening star. [volume] (Washington, D.C.) 1854-1972"
1857-12-24,"81 Lors, DOC y, 1897.
An express Just arrived at Leavenworth from the Utah
expedition brings Information that the whole force, with
thc exception Of Col Cook and his command had
iraied Blacks Fork, and were moving towards For
Bridger Their progress very slow, only two three
miles a day being sometimes made


The animals giving out hourly, and was thought
that all would perish this winter. The supply trains
were all up with the military, and provisions abun
dsnt


The report that two companies Of infantry had met with
reverscs the route 10 Utah is without foundation.
Five companies Of Col. Summers regiment (the Is,
cavalry had recently taken up winter quarters at Fort
Riley.",TELEG APHIC.,The New York herald. [volume] (New York [N.Y.]) 1840-1920
1857-03-17,"MAncn lat The opening Of the Court This morning the
District Attorney the discharge Of Josephine Meyers
who charged with petit larceny the Grand Jury having
found ne bill against her An srdr entered accord
ingiy.


Clinton, E:a counsel for prisoner, then commenced
bis summing He diesected the evidence rym the
70 the end and made the charge anything
else but Al the conclusion. he appealed the
thes the OF the family
Who bad been present from the commencement sf the trial
The prieor appeared greatly affected.


Mr. Clinton consumed the whole day having
0h O'Clock and ending The srici Attorney will
his Argument this morning. which Judge Strong
will deliver his charge","Kings County Court of Oyer and Terminer.
Before Judges Strong Morris Justices Emmons and sryter


TRIAL or IOelPH JACKSON EOR RAPE.",The New York herald. [volume] (New York [N.Y.]) 1840-1920
1857-12-15,"CARrHAcESA, Nov. ~, 1857.
7se Atrato Expedition al CarthaScnaPtttie fseap To-
,cards its oTocs-Fary on Beard nc Bark Mazda
lena dc DC.


We have the United States schooner varina Captain Crs
ven and Lieutenant Mcher here, their way 10 tho
piorng expedition up the Atra'o Their object 10 nnd
possible better way Of connecting Tho two oceans
May attend them They have been here since the
sd inst and are gathering much Information relative 10
the expedition. Their genemany conduct here has been
full endorsement OF those principles which the and
stripes inspire. said that this small craft with less
than ny men all told has created excitement here
than the British feet that here not long since The
American military and naval officers also leave their mark
with the beautiful Spanish ladies' Clear the track for
young America A splendid party was given by Captain
Munday, OF the bark Magdalena now on this coast, 70
which ths officers OF the varna invited and nj which
they present. The starr and stripes toasted
not only by people, but by the natives while
return went in for the u New Granada and the
ship canal.


The object of the expedition mus be effected In my
na.du y only mata OF time, and OF more importance
tan the laying dowp the Atants submarine telegraph","CARrHaGEvA, Nov. q, 1857.",The New York herald. [volume] (New York [N.Y.]) 1840-1920
1857-12-15,"Col. Waters, Of the Nicaragua army, leaves on the
steamship Mexico TO day for Nicaragua, via New Orleans
and Mobile. He has with hima company Of about forty
emigrants-young who 60 10 seek fame fortune and
adventure under the banner Of Gen. Walker.


Tho steamship Fashion, which took Gen Walker 10 Mica
ragua expected 10 return TO Mobile this week. She will
continue her trips back aud forth during the winter and
in connection with another vessel the Of which
are moi nformed) will constitute the Mobile and San Juan
Steamship line, Of which j Hasse Il Co of Mobile, are
the authorized agents All persons desrous Of emgratng
TO Nicaragua should address or apply to this house.


Three other companies expected 10 leave Texas
for Nicaragua AS other Southern States assisting
swell the tide shall probably that beautiful
country under American Influences and taking position
among The prosperous nations Of the earth.","MORE FILIBUSTERS OFF FOR NICARAGUA.


[Erom the Galveston News. Dec al",The New York herald. [volume] (New York [N.Y.]) 1840-1920
1857-11-02,"BALusoRE, Nov. l, 1851.
Governor Lyon has withdrawn his proclamation calling
out the military Negotiations have been going all
day between committee o. citizens representing the
Mayor and the Governor and finally, this evening the
committee issued the announcement, jointly, that they
were authorized that the Governor being satisfied
that the arrangements already made by the Mayor of
preserving the peace and securing uninterrupted
Use Of the right Of suffrage sufficient, the military will
no, be made Of This day has passed without dis
urbance though the streets In the vicinity of the Mayors
,ce and Barnums Hotel crowded all the Afternoon
Thousands standing about awaiting the result Of the
negotiations.


WASHINGTON, Nov. l, 1857.
Another despatch from Richmond confirms the report
loan of three thousand muskcts by Governor Wise
Governor Lyon, Of Maryland Six boxes containing forty
each passed through this city yesterday About thirty
boxes more arrived this morning and remain a, the
depot","The Martial Law Question In Baltimore.
WITHDRAWAL OF THE GOVERNORS PROCLAMATION",The New York herald. [volume] (New York [N.Y.]) 1840-1920
1857-01-26,"Consumptve Rheumatic Costive Bilious Delicate
some days use will ind renewed strength and life pervsde
every OF their frames Every dose the blood
purer The nerves commence In the arteries and terminals
IN the veins These pills. first effect act upon the
eria blood increasing the circulation which impurities
are deposited the veins and they throw of such colec


lions ato the bowels which by the energy derived
nr used the pills may sion gripping and make the
patient feel this must be borne with for the
come afterwards No good Is often achieved without
some trouble in It's attainment and this rule applies the
recovery Of health These symptoms only where
body has long struggled under load impure
humors consecutive for few days will satisfy
most unbeieving Of the pills doing The
directions should be carefully studied. understood
followed health and vtgor will in msjorty cases
cured by the use of RRAHDRErHS Pills.


Sold at as cents box at ~ Canal street. Brsndreh
Building, New York; by T. w. Dyott Sons, north
Second street. Philsdephs By medicine dealers
ally. nov ""a tS",,"Evening star. [volume] (Washington, D.C.) 1854-1972"
1857-11-29,"NEw ORLEANS, Nov. %, 1857
The steamship Daniel Webster, from Havana the 18th
nst arrived at this port today. She brings half mil
lion in specie


The steamship Northern Light LEFT Havana for New
York the day the Daniel Webster, with Cafor
dates to the 18th nst and ariy two millions in specie
The of the loss of the Central America caused
feeling of general gloom San Francisco. The ad
iourncd and meetings held at which the Pacific
Mail Steamship Company were denounced.


The supposed accounts of Indian depredsons Carson
Valley were greatly exaggerated


Further from the Plains confirm the belief in
the completely Of the Mormons in the late Of tho
emgrant train. The papers that efficient army
could be raised in California proceed against
Mormons


Mr. Harazhy, the late rener at the int, has been in
dlcted for embezzng $50 600


The news that Sather h Churshs drafts were pro
pecd them eose Several attachments have been put
on the house.


other houses, but none Of them closed.


Al the time tho steamer sailed the accounts received
from the mining districts favorable The markets
we're inactive Haxall -four selling for sl2-
The ship Taisman from New York had arrived at San
Francsco","NEWS FROM CALIFORNIA.

The Northern Light en- route for New York with


Nearly 1,Oo0,Ooo in Specie,

THE INDIAN MASSAcRES ON the PLAINS

The Feeling i'm California Against


the MOrmOns.

FAILURE IN SAN FRANCISCO.
&C.. DC, Gc.",The New York herald. [volume] (New York [N.Y.]) 1840-1920
1857-03-11,"The customers Of the Rsaiisg Railroad Company say
thai unless consider able reduction IL msdo 70 the tolls
they will be forced do business the sohuylk CANAL
and o.her rival rhs fact TO- the Reading Railroad
hes loss No supremacy forever and cannot hope nereA
tss to dictate terms the coal region. Last ye1 the
maximum charges wore two dolass; the minimum, one
dollar eighty five oens between the extreme points Of
the road bu, these charges neea the company oay one
dollar nfty Ave cents. ID b well known now that me
Prssdent Mr.. Cullen has consented 70 reduce the maxi
mum charge to ono dollar and sixty cents, or about
one dollar twenty i've cents This would reduce th'
Of the road about six hundred thousand dollars
say M per cent Of the gross receipts Of last year.
the same tonnage. The GOAL men however, arc not we'll
disposed 70 accept these terms and osmor earnestly for


much greater reduction, which they soy musi be made
70 enable ntm TO compete with The dealers who Ia
routes 70 the coal region.",,The New York herald. [volume] (New York [N.Y.]) 1840-1920
1857-09-26,"III arryoRD, Com Sept Is, 1857, ""A
The remeu remaining In the city together with our own
nremep, have had grand gala day OF visiting the pub
he institutions, Colts armoy, 80, and being Toasted and
,resied with two excsptons the companies from
abroad have len for home, and express themselves highly
graed with their vis The balloon this afer
noon was In oil respects successful and a complete
triumph. Mr. Leonard and beautiful, young lady M
cended 81 ha past two o'clock IN the presence Of twenty
i've thousand people The balloon assembled nearly
mile and then took norhwcstery direction, aud landed
one hour Afterwards In bloomfield, miles from the
city. The highest point attained was two miles",,The New York herald. [volume] (New York [N.Y.]) 1840-1920
1857-12-01,"ALBANY, Nov. 30, 1857.
The weather continues 10 be very mild, and the favor
able accounts received from the West inspire with
hope that all the produce anoat upon the canal will
get through to tdewater, and that navigation may be
trcly resumed despatch to the Auditor received from
Newark this morning says that the weather is mild there
and the ice broken and boats moving boat loaded with
-four reached Albany to day from Port Jackson Friday
This quick time fleet Of twenty boats reached Water
ford yesterday, Immediately locked the river
and their way New York with IS 900 bush
els corn and wheat


The Hudson is all clear yet.


IocKroRr, n Y, Nov. 30, 1857
II has thawed here for the last two days, and raued
heavily all this morning The Is melting quickly
and tho ice In the canal though inches thick break
ing up. Superintendent Foster came from Medina last
evening with ice breaker drawn by fourteen horses
and proceeded TO sulphur Springs, where he expects
meet steam tug from Buffalo, with forty to fifty boats
following her Appearances indicate that aygation
Of the canal will resume th. evening","The Weather and Navigation OF the Erie


Canal",The New York herald. [volume] (New York [N.Y.]) 1840-1920
1857-11-27,"GLASGOW, Nov. IA, 1857
Tho great panic is at end Banking business
ecnmenced Today in manner which showed distinctly
that confidence was greatly restored Large supplies Of
bullion arrived this morning principally for the Union and
British Linen banks but they have been required only 70
small extent


The Union Bank today presented an appearance very
little different from its usual busy aspect.


The demand the British Linen Companys bank which
indeed was serious has TO day completely subsidized
The demand at the National Security Savings Bank
hausted itself about midday to-day and large numbers
pay in the deposits witch they had called on the
previous days The supply Of gold at that establishment
3 far beyond its necessities


meeting OF the principal shareholders Of the Western
Bank was held to-day which said that consider
able blame thrown upon the directors for shutting
the bank without first appealing to the shareholders for
support II is said that guarantees to the amount Of
goo have been subscribed by the principal partners
20 enable the bank TO pay off small depostors Whether
the bank will resume distinct establishment or ANAL
gamate with another bank is not yet determined.


The directors Of the City of Glasgow Bank ready to
business they ascertain the feelings
Of their depostors They quite solvent provided no
unusual run is made for gold.",THE GLASGOW MONEY PANIC.,The New York herald. [volume] (New York [N.Y.]) 1840-1920
1857-04-27,"A UCTION SALE OF ELEGANT ROSEWOOD AND
""A mahogany furniture, magnificent piano, &c, &c-By
A. NJ CRIsTALAR, auctloneer on Wednesday, April - at
10Y o'clock at i6 East Twelfth street. the entire furniture
above house consisting of pier and mane mir
Brussels carpet teeaetes voare and parlor
chairs centre card and quaree tables rosewood book
case oil paintings gas chandeliers china vases and mane
nus, lace and window curtains and
hangings Also, splendid grand action piano,
octaves $50 so dining table and chairs oclo;
cravings variety china and silver plate consisting
tors cake baskets avers white and gilt china se silver
and cutlery, &C. mahogany, rosewood and black
walnut bedseads, marble dressing tables bureaus and
washstands ingram carpets and variety OF kitchen utens
with which the sale will commence.",A uCrIoN SALE OF ELEGANT ROSEWOOD AND,The New York herald. [volume] (New York [N.Y.]) 1840-1920
1857-03-24,"THE BATTLE Uf 4o0
BY. lESIHAE.
B.bold along the dim-seen skies,


Where breaks the early morn,
Won misty towers that seem to rise
r., oppose the march Of dawn
Like some huge bulwarks reared aloft
By ftndal hands Of old,
They CLEAN cut family. dimly, soft,
Beneath q crust Of gold.
No legions watch with anxious eye
From each aspiring height
But phantom clouds sre how ring nigh,
And sable shades OF night.
Few are the signs Of coming war,
But stin strife soon must be-
For mark how flies each timid star
Beyond Its canopy.
And now the shades q darkness fly,
And join the clouds Of gray
All In commotion long The sky,


Fer upward comes the day.
And 10 the portals opened wide
The Eastern gate Is won,
And high aloft In regal pride


Comes In tbs flashing Sun.
Fun many aag suolimely bright,


Is waved around the sky,
And arrows sarbed with rays Of light,
Hume the tunets nigh.
tn opposing clouds fy swift AWAY


The SUN Is onward rolled
The csstled towers-as comes the day,
Flame OUT In molten gold;
Until at length ths blaze wraps all


The turrets in its light,
And then consumed each spire falls


Each watch tower OF the night.
The contest DER a golden shower


Illumes the field that's won,
And man looks up TO bless the power


That sent the corquering Sun.","EVENING STAR.

rw.rr7u 20, far wAssIssrOS Hs ei..I
THE BATTLE OF TIE AORNING.","Evening star. [volume] (Washington, D.C.) 1854-1972"
1857-09-18,"This confirms all that have said in regard to ths
operating expe OF this company The above account
dces not look much like dividend either the old tho
preferred gtook but loo good deal like increase Of
the floating debt appears that the road operated
At an actual loss.


We stated not long since that tue Michigan Southern Rail
road Company kept sustaining stock scsount and hA.
the certain stock operations went into tina.
count while the PROFITS II there any, went some
where else To give idea Of the extent OF that
count and tho transactions Of which Is formed the items
Charged during the six months ending with December,
1868, WILL think, be sufficient. They were ~ fol
lows","Showing deficiency or................. sls2,b42 IS",The New York herald. [volume] (New York [N.Y.]) 1840-1920
1857-05-25,"The weather s sull dIsmsiy cold for the season We
have bad during week heavy, dsshpg rains, and the
winds have been chilly. is time that the corn vas alb
planted and coming mp green Ia ~ Ihry hfe so' va'
extent Of ground intended for yet unpaned ana
the greater proportion Of put the ground rouns,
that replantug mus, he generals and the ~ors'Ofhs
the cold rains have beaten down and chilled oe GROUND 70
such an extent thai needs breaking up again and THIS
N operation there s not 10 perform. The farmers
re therefore With good reason, discouraged about thew
corn The grass very short for the season, and the
I,sb All everty Of the winter has caused the almost
& s,hausion Of grain and fodder for the feeding Of tho
1et cattle horses. hogs and sheep are nearly unver
ssv suffering many places some Of these animals have
ac,,av starved TO desh and In others great nbers
are thrown upon the market for sale because food
be nIrrsshed them. In Kentucky the number ~ mules
offered for sale unexampled. For weeks the farmss
have hoped sod prayed for rains and sunshine
bring up the grass feed their aocks hut thus far
The grass Of the meadows though bort looks we'll, and
the wheat hs heslthfu color, highly promising ,gh
s deficient Applee, peaches, grape and fruit
OF all kinds thus far safe We hereabout hspp, in
your that the country ""ssfeperfecuy safe""
but people have ugly way Of conversns with extreme
gravity about The probabilities Of famine.","Our Cincinnati correspondence.


CNuSSAn, Nay 20, 1857",The New York herald. [volume] (New York [N.Y.]) 1840-1920
1857-12-28,"TTRACTIvE SALE OF ELEGANT ROSEWOOD FUR.
""a niture made by Bochs 4 mdt.-Magnifcent
wood panoforte valuable collection of oil paintings splendid
carved rosewood furniture in suit bronze and marble
RUSSELL W. wEsTCoTT will sell, this day, Monday,
December 49, at l0 O'clock the premises No l52 West
Twenty first street. between Seventh and Eighth avenues the
house. which offers extraordinary Inducements to pur
chasers who rely the whole being absolutely sold
without Responsible will be in attendance 70
ship the goods purchasers which must be removed
the house Immediately after the sale Full descriptive
catalogues be obtained at the house which consist in
dining which will be sold at 10Y O'Clock precisely OF
oak extension dining table elegant gold band and decorated
ware all manufactured by Rogers Brothers, consisting OF
silver sayers. kettles pitchers casors cake baskets
spoons forks a. marble side board oak chairs
apesry, and druget secretary, bookcase, &c.


PARLOKS


Will be sold at III O'clock furnished throughout In
wood and consist of three elegant full suits Of rosewood fur
nure covered in satin and brocade and silk velvet with slip
all in perfect order two rosewood marble top etc
eres with plate doors and back elegant carved
months marble top centre sofa and pier tables rosewood
etegeres with mirror backs Turkish and reception
chairs covered TAPESTRY and brocade ys Fren IN
tary superb manel mirrors with three pier MIR
match all richly framed rich and costly china


PAINTINGS AND MARBLE GROUPS.


EN- bracpg the Amazon, Feast Of Bacchus Venus at the
Bath the Three Graces, with magnificent fruit piece by
men chamber library furniture consisting osewood
bureaus bedseads, hair mattresses bedding, wardroes
and mahogany furniture in harcoh bronze clocks
carpets marble washsands and toilet
chandeliers sofas, cottage chairs mirrors portable heater
ranges olcothr stair carpets, dc. No postponement",,The New York herald. [volume] (New York [N.Y.]) 1840-1920
1857-03-12,"WEDNESDAY, hAfon LII =, n.
These wac change OF consequence 10 quotations for
stocks today. A the FIRST boArd the tendency ~.s
slightly upward with considerable activity In the IsAd
ing railroad stocks nere actual decline In Ne
YORK Central but tbs stock freely offered, aud sod
largely On time either buyers sellers option Purohas
ers were accommodated their terms Erie partial
"" from the recent Decline and closed as i'm
proveuaent Of per cent. Michigan Southern want ~
Y per cent Cleveland and Toledo 4 Cleveland, %
iumbus and Cincinnati, q. Chicago and Rock Island
declined ?. per cont Illinois Central bonds and stock
sold moderate amount ct yesterday prices Tho
ney market appears TO DO slowly but steadily Tightening
There wss more active demAAa 70 day. and the ind'cs
tons point shorter supply IN proportion TO the incrsa'
Ing wants Of the community At the second board ther,
was q very small amount Of bust less, without material
alteration In prices The tendency was dow AMI II the
close stocks generally were heavy. The market Is 10
very unsettled condition. and lot 10 ~ though there
ght be serious decline ANY day. The brokers holding
or rise certainly have very poor prospect and sellers
are not urging forth contracts The shorts spparenuy
easy and demand from thA; source can be expected
for some time.


Albert a. Nioolays regular semi weekly auction sale
of and bonds win take place 70 morrow thursday,
II hsn past IL O'Clock, at the Merchants Exchange
Tho steamship Niagara, from Boston for Liverpool Il,
day, carried out ssel,eeo in specie","

FINANCIAL AND COMMERCIAL.

ONEY ARK T.",The New York herald. [volume] (New York [N.Y.]) 1840-1920
1857-03-12,"Here Grest shoW Of buaness, but amoants 70 very
little u he ASressts The rsma people must get up
somethhX new In the way OF s~indle, 70 mako even
ourrsu, expenses The Brick Caureh viii prove losing
cosos the basswood paper don't taks, the Iron pave
mont has been thrown OF the list by the L.ghA
lure the Valley Bang exploded before the proper rms
and We cannot name . speculation In which they have
been engaged hat has MOT turned out blank. Even tse
TINS paper which was started for NE sole pcr ose Of
pufns eli their projects and bubbles Into notice.
paying concern aud has bean carried along BY drawing
on the original capital ., .he end Of every week since
lfss established.


The earnings OF tbs Michigan Central Railroad for",,The New York herald. [volume] (New York [N.Y.]) 1840-1920
1857-11-17,"Her Britannia Majestys frgate Brunswick arrived at
Aspinwa the evening Of the 10th ult and reported
confirmation Of the fact that Costa RIGA had commenced
blockade of the San Juan river using the small river
steamers for that purpose and that boats per-
mtted TO ascend the river.


The governments of Costa RIGA and Nicaragua are
raising every force possible Colonel Cauty of the Costa
RIGA army bockadng the river San Juan. at Castillo
His for doing las posted at Grcytown) that
there is at present recognized government at Mica
he wishes occupy Fort San Carlos and the river
prevent any further invasion OF the busters.


The river boats are all above Castillo.


The United States corvette Saratoga was still at Grey
town. All well on board.


All foreigners very much dshearened by the above
unsettled state Of affairs.",,The New York herald. [volume] (New York [N.Y.]) 1840-1920
1857-11-17,"DEPARTURE OF THE MORM0Ns FOR SALT LAKE.


The inhabitants Of the valley have petoned the GOV
crnor ~ California for relief against the hostile Ind
and the Governor has rendered arms and ammunition


The Mormons have left the valley, the contemplated
movement having been made a general affair, ucutns
every person who nclnes 10 that faith In consequence
81 THIS departure the neghborhood OF Carson Valley
al present little dull The ranches, however, filling
w, many o the immigrants finding upon their arrival
eligible situations for permanent location the towns, how
ever, are quite dull. The health "" Corners as well
h the peruaneni dents, good The rains did not
reach the valley nor ha any change the weather been
experienced


MIX and he party have returned or are rather their
way m NJ Kirk returns with forty Eve men all IN good
beath he has completed the work for which ne was
hfbt VoR anu VII m due time render strict and complete
rerart The survey senrely finished ana such portops
81 ie rod - re2nred mended and rendered passa.
~ ~ Rrk and party had some difQgulpes Yllh",,The New York herald. [volume] (New York [N.Y.]) 1840-1920
1857-11-17,"WOMEN TO


from the Sacramento Age. Oct. 1871


Yesterday we had an interview with gentleman from
Carson Valley who from intimacy with Mormon families
has knowledge Of their future designs and plans
tiers cast OF the mountains but the people OF this
state will have reason TO deprecate the evaporation OF
those American Bedouns. He says that the Mormons OF
Carson Valley and san Bernardno have sold their cattle
and property for nearly nothing and at the bidding of
their chief have repaired 10 Salt Lake with the de-
sign Of organizing armng equppng returning murder
ing aud plundcring their Gentle enemies They declare
that m every Saint slain by the United States troops ten
Gentle women shall make atonemen that they will first
cxtcrmnae the troops from the east then west and
m predatory bands allied with Indians they will ravage
the border rob plumber and murder until they shall have
repnshed the lords treasury, and revenged insults put
on his chosen people.


OF their ability 10 execute this threat We have bu, little
doubt the order o their leader and prophet they
muster rs 600 men armed with the most effective nstru
mens Of destruction They have many thousands Of the
finest horses trained 10 camp service they have afoundry
where cannon and shells cast powder mill and
factory, where revolving rifles and pistols manufac
tured, equal 10 those made al Hartford They have
murition Of and necessary provision and OF
transportation, within themselves and the women
and children instructed In the Of arms Add to
this their geographical position To reach Salt Lake from
the east IL necessary 70 pass through canon Of TWEEN
~ five miles under hills steep and rocky that dozen
men could hurl down avalanche OF stones on ap
preaching and even in the event Of several thou
sand troops reaching the valley the beseged with their
herds would take 70 the mountains and reinforced by
their savage allies would In turn besege their besegers,
ami cut on supplies until the invaders had starved out


They have II said, 20 900 INDIAN allies, whom they
are ready 10 furnish with and horses emcr.
geney These Indians are partially instructed IN the
Mormon relGon-enough 10 make them sperstitious in
regard 70 the God Of superior race, yet modifying
of their fcroclty With allies like these and fighting for
their homes and, according 10 the belief Of the ignorant
under the direct supervision 81 the God OF Battles and
from the ramparts with which nature has surrounded
them, II Il easy "" conceive what would be the fate Of
Few thousand troops who travelled thousand miles to
light their own counrymen brave themselves as well
armed, better used 10 hed life and stimulated by their
love Of home and family and assured OF victory by the
revelations Of their prophets","Mormon and Indian Alliance.
TWENTY THOUSAND INDIANS READY TO TAKE THE
FIELD AGAINST THE UNITED STATES TROOPS
WOMEN TO BF BtTCHERyD",The New York herald. [volume] (New York [N.Y.]) 1840-1920
1857-11-17,"RECOVERY OF THE CHILD STOLEN LAST SUMMER,
AT FORT KEARNEY by THE CHEYENNE INDIANS.


from the Nebraska News, Oct. ""a.


We learn by the arrival of the Salt Lake mail that the
advance party of some thirty more United States
troops during the have been driven out
from Salt Lake City Brigham preparing to receive the
whole posse of the United States troops He declares
vengeance upon all heretcs Our informant tells that
robberes and murder frequent the plains by the
Mormons and Indians FIVE hundred United States troops
have started for Utah but these thought to be force
it expected that this small force will reach, this
son. the Mormon hornets nest They are to winter upon
Fall river


The child that stolen by the Cheyenne Indians, last
summer from Fort Kearncy, has been rescued by some
friendly Cheyennes Its father Mr. Dicks, stayed night
since, the house of friend, Mr. Gideon Ben
net, Of Otoe City. Mr. Bennett describes the child
makaby sprghtly and active speaking readily in Chey
and Sioux but having 4oten entirely the English
language.","News from Salt Lake City and the Plains.
UNITED STATES TROOPS DRIVEN FROM NEW JERUSA'
LEM-vENGEANCE SWORN UPON ALL HERETICS-
RECOVERY OF THE CHILD STOLEN LAST SUMMER
AT FORT KEARNEY BY THE CHEYENNE INDIANS.",The New York herald. [volume] (New York [N.Y.]) 1840-1920
1857-11-27,"WHAT WOULD BIZ III SOME THINGS


WERE NOT.
Fame, honor beauty, state trains blood, and birth,
Are but the fading blossoms OF the earth.
would be great, but that the sun doth still
Level his rays against the rising hull;
/ "" uld be high. but see the proudest oak
Most suhject to the rendlng thunder stroke:
would be rIoh. but see men, too unkind.
Dig out the bowels of the richest mine:
| would be wise. but that the fox see
Suspected guilty, while the ass goes free:
would be fair, but see that cham pion proud.
The bright sun, often setting In q cloud;
I would be poor, but see the humble grass
Trampled upon by each unworthy ass.
Hen. hated; wise, suspected soorned if DOOR
Great, fsard far, tempted high. still envisd more


Sir Ksa.Ins Ligsv.","EVENING STAR.

BRILL I A "" i y.","Evening star. [volume] (Washington, D.C.) 1854-1972"
1857-04-16,"NEW YORK, April ls.-The Cmard steamship
Arabia, from Liverpool on the fth inst, has ar
rived of Sandy Hook Her advices are three
days later than those by the Ericsson and Borus-
STA.


The Arabia was substituted for the Persia.
which has To undergo some slight repairs.


The difficulty between Austria aud Sardinia Is
widening.


The Bank of England has advanced its rates 10
64 per cent


The saeeof cotton I'm the Liverpool market for
the week were 500 bales, including 600 on
speculation, and 500 for export. The market
was unchanged and closed quiet at the following
rates: Fair Orleans sSd.; middling do. led;
fair UPlands I'D; middling do. e-Ied.


The Liverpool breadstuffs market was Arm.
Wheat was LAID. higher. Flour was quiet and
steady. Corn had advanced Cd


Consols for money closed AT a3y


The bullion In the Bank OF England had de-
creased largely and the notes had decreased near
ly FL ,0p,OO0.


American securities were generally unchanged


The Emeu, Kangaroo, and Hermann had ar
rived out.


The Arabia will reach her wharf at about three
O'Clock this afternoon.","TEbEGRAPHIG NEWS. --


From THE ASSOCIATED PRESS
THREE DAYS LATER FROM EUROPE.
ArxixaI N The Sfea m lin Arnhia.--","Evening star. [volume] (Washington, D.C.) 1854-1972"
1857-08-14,"The game was soon up First Games rush OF are and
loud ex loson pillar Of white smoke rises high inso
the air and sSels 81 the top like Dorc column. Then
smoke blows away and the boats rowing from
jul TO junk and In two long lines almost far Is the
eye reach, lie the junss-soe kindlipg In full
blaze, but all uran ted and abandoned In one oil toese
the sailors rescued an old and boy chained 70 gun
and left 10 burn. In another woman and CHILD were
many which the eao could not enter and perhaps these
also bad their victims


We have been locking down upon the junks which lay
scioss the FahhAn Branch, and also along the winding
creek that stretches away u right angles to the len


Our view Of those which lay along the creek that bears
ceased sSOu, the same time Right aud left covering an
immsnse extent Of water, the juoks lie, prizes
either 70 US or the flames We have leisure now 70 count
them-they are r.


RBBAKFAsr, PLUMBER and MORE FIGHTING.


While SOC plundering and some are thinking o.
breakfast there is heavy firing in the distance People
ask where is Kepref We mu't follow his fortunes for all
Is rot over yet and there % much 10 tell


When Commodore Kepne' ua-sed ns al dawn he steamed
away up the chanel 70 the right Of island until
toe upFu Here his vessel ran aground ana the Piovsr
coming up, the Commodore Transferred himself to her;
b. as she could NOT get up, hegt into hts own galley,
and the Niger pulled straight away through the fire The
big JUNK tina, lay the channel boa ded In her
near the Cinnamon Sred oaaside an Also train, and
spped into the water on the other eide The boAs were
scarcely free Of her when she blew up Right In among



dare devils, receiving their FIRE and driving the crews
way they approached. Vain were the hinamens
snkpos their three pront Cd spears ana tne' ngen,us
hem like behring's, while they spear them through the
eshes. To utilize such Ingenious inventions John china
must wait oil the boats alongside, and this he
has not yet tutored bis nerves 70 accomplish.


'Eever watt lads"" cried the Commodore ""lenve those
rascas to the gunboab and the fellows behind Push on
ahead -


Through this wilderness OF unks they pulled driving ont
their by sheer audacy and leaving little 70 be done
mel some Of his boats bad been hued
by the jupks perhaps some fingered to pay visit 70
deserted Cbinaman to stop his mouth but Keppel still
pressed onward and where he he gets some
to follow Where could he be eoinei Was Information
was intuition, has he resolved to attack, with his
200NOo peopies have not asked him, and be hes NOT
said but suspect the city Wa his object With four gal
leys and three boomboa, carrying gun cash In their
bows they speed away from the conquered unks and hold
for nearly four mesbut now there junk mast In
sight, and every one knows that pgat 10 coming little
enc those strong positions which the Chinese have
learned 10 take.


TERRIBLE FIGHT OF THE cHINAMXN-FATAL PRBcI'


SION OF THEIR GUNnBRs.


At the part OF the Fatshan Branch which they had
reached there ia an island shaped like leg OF mutton
placed lenghway the river The broad part towards
British boats, and the knucble end 20 large
unks lie moored TO the shore snd aground. The conse
quence OF this position is that 70 attack them the British
boats must pass through one Of two passages, both of
which narrow funnel and upon that narsow aeck Of
centraied. One Of these funnel passages has been
staked and imps sable. The other has not
passage Keppe and his crew now dashed. The three
boonboen took the ground In attempting 70 follow.
The base of this triangular island consists OF high land
which the gror nded boomboa could not fre their
guns useless the apsx, TO my more IA niar


illustration the knuckle part low addy fields, which
The junks guns could not ~ eep across was position
worthy OF q OArthas inian-locts insidi.s nattu.


No sooner did the boats appear In the narrow passage
than 90 81 Founders sent 20 round shot, and hundred
Pm Of and
rsoge OF 800 rds right among th, m. The effect
terrible Keppel was sounding with the boathook for
get them IT, They start afresh and make another effort
70 GET through. Tho Commodore pushes on ahead.
There There w. Captain Lec.e In bis galley, with
the launch OF The Cacuta and Lieutenant Soy the
barge OF the same shp. The rribuues Gutter was In
norh ss YARD. the Of
bad sent her ss Perhaps there were others, but amid %
much SMOKE and ars even those Who vs,. in oann0:
had been In those Chinese unks and had worked those
s2pounder guns, they could hardly have thrown the
mark, is bit three times In two MINUTES; Q 81
FOUNDER shot strikes Asjor Kesrney in the breast,
tearing him 70 1Ss: %.s have :, died lied Without
brother, who ves iaisd = HfsSmcsn : do IN, MORALLY
every Of his 10 wounded But the miracles Ia
net that the falling, but that any escape The
400 o. sss; Ano are s





Of bis coat torn AMY BY . shot, which leaves him
harmed round shet enters the Tribuuss boat and
passes along her line OF keel from item to STERN without
touching ""rhsv vas close, Victor !"" said Ksppel,
TO bis fagheusenAni, ~ cannon shot pAssed betwen
their heads.


NARROW Bsc APE OF SAILOR PRINCE AND COMO
Fortunately for himself Victor prince Victor OF Hohen
lohe thorough and unpresonding British II
his Drake or Jervs) leaning forwards and
using his serchief ournquet 70 stop the bleeding
OF seaman whose hand had last been shot off, Otherwise
tia, b. muat have aten vc.ors head Oh Al this tine
The guns OF the iunks Even Keppel saw that would
not do. The mat or wN however, setled for him, for
while be fortunately standing up With the uer ropes
In lis hAsd: seymour, you NUT take In - and he
stepped from his sinking galley into the barge Of the Cal
cutts All the other occupants OF the gsley were ayo
removed into the barge all except the mangtd oofp Of
the ooxswain and The vore dog Of the Commodore who
had been accustomed 70 be tended py that MN, and
would not leave his body. With this freight the wre ,k
OF the galley irod with the rising tide up towards The
junks.


PIPING TO DrrNn-A SUDDEN ALARN


Now the boats retired amid sounding OF gongs strange
shouts OF triumph, and redoubed IRE They retired TO
The Hong Korg which was aground astern; but support
ed by the Starring, threw shot and shell up among
unks, and received from them full equivalent for their
Ore.


water In the river; and meanwhile he ptped TO jin
The were getting their ratons, and were de-
vouripg them when the nre nom the junks sackened
hrse cheers FOR the Blue cried Raleigh boat thai
up. ""Map the boats lads those rascala ~ getting
aoal"" or they 60 again dirnerless bat Ia high Spirits
ard under IRE hot hs the Calcutta acnch sunk
and lapaip Roland has 10 scramble int, another boat


This lime ihev nnd water enough IL the pas
sage and dashng through the shirt end the enemy afoa
ann In movement II has nov beosne . chase. Ttese
junts manned by from 40 70 100 rowe 20 faster b
our heavy boom ooas follow: But shrap,e shell 20
faster than snake junk there twstngs In thr
creek that shown In the chart and In following
heee wipdn,s pusuers and pursued often End themselves
aide BY side vi interval o Ian bet veen them They
IRE q, ch other hcse penlnsuas aud the guns
a
every and then the LEAP out AMI the juns ID
deserted SPIKE the guns and push on. SIX miles this
bot chase Ass and there but eight junks
tured when rounding . sharp point pu-ued and pur
suers rush almost oecsher Into the city OF Fatsfan


Chinese town not seen aiar Of the pasoda and the
pavnbrokers' warehouses are the only high buildings
Three OF the uns escape the other ave headed and
are abandoned But the braves Of Fahan would think


shame thai their i've juDks should be taken from
their eyes They turn out marital array; they ring
bells and beai gongs they come fling down fosse, 20
covered rom view th only their waving banner and their",,The New York herald. [volume] (New York [N.Y.]) 1840-1920
1857-05-19,"Simeon Diapers regular semi weekly auction sale o
bonds and stocks will take place to TUESDAY, at
halfraa IL O'Clock, at the Merchsnts' Exchange.


Al the eecond board the market rather fat There
was not the Usual activity in operations and the trasc
tons generally at lower prices. There sale
of Cleveland aid Toledo at &C per cent seer sixty days
The closing cash price 60 per cent Erie Railroad
eighth better this afternoon Reading fell of per
cent Ia Crosse and Milwaukee closed firm at IT. per cent
cash. Milwaukee aud Mississippi sold at CT per cent,
cash.


The steamship Anglo Saxon at Quebec from Liverpool,
brings -four days later Tie financial advces about
the came previously reported Quotations for conso5
fraction better but tho demand for money
continued active. The cotton market had assumed hrmer
tone, and prices were fully aimed Breadsuls
also shaee or two better Provisions were steady
yioug uuotatlons.",,The New York herald. [volume] (New York [N.Y.]) 1840-1920
1857-11-28,"One OF reporters reached tho Academy short tino
before half past !, the hour fixed FOR the meeting Tho
crowd In Fourteenth street between Fourth and Third
avenues showed that he would have no easy pro
curing admtancc. still he thought that he might manage
to effect entrance by the stage door Fourteenth
An orator holding forth from the stoop the
large boarding house Irving place opposite the main
entrance TO the Academy another speaking from the
stoop of house Fourteenth street opposite the gallery
entrance another holding by n the large Ian
posts Of the Academy, and addressing his fellow
citizens"" from that precarious foothod others st
speaking from various other points in Fourteenth street
and Irving place. Altogether there hadoyen
addresses being made the time, to audiences that
were ndescrbably excited and voerous. Our reporter
made his way with difficulty through the dense crowd and
at length reached point sidewalk stage
door The itself besiegod by three hun
drcd noisy applicants and through these all bo, an
impossibity 10 wedge ones way In Mr.. Richard schcll
was the only one who succeeded In doing vainy he
strove 10 mako way for reporter and half a dosen
other representatives of various newspapers. Net
one of them could MANAGE 10 penetrate the crowd Mr.
Scbeli demonstrated, caoedall to purpose. Hs ap
peal the boys 70 make way for the reporter 81 tho
ivRafp would bring three cheers for the HEs.ID hut
would not get the reporter six inches the door
Al length the door opened and closed upon Mr. she and
sired than when they made the attempt,


Then they changed the point u attack The door lead





that by this door they might have pos chance
~ getting sight at the meeting ins'ic. Fasicous
hope The current making It's way NJ not
strong that rushing down; aud the general cry
there's no chance up that way"" eur reporter found
that there too much truth the There dd
not seem 10 be the remoest shad W Of possibility 0t
attaining stand point in that direction from which q sec
hear glimpse word of the rroceefine' Down the
iron staircase again md once more cut ~ ne mponhgh
The speakers still holding forh rom thsr several
stands There appears 10 be lack ot eicqaence or 10
absence of audiences Again assault made upon the
stage door but with no better success-athough this
time our reporter informed that Mayor Wood has Just got
through-haying been lfted boaty over the heads OF
the dense mass and safely deposited at the door which
opened TO receive HIM , 80.
sols ,nucb ~ bis comfort more on the sidewalk,
ara ,eneyei from the sufocatng pressure which he had
49, seaIly and good naturediy enduring for the pre-
scd;rs balf hour. By and by be IL joined by dozen
~ Hon John Cochrane, who probably wishes 70
haze an opportunity Of making an eloquent classical
,,nn ur Cochrane and the committee the effort


t,p admission for themselves aud for the reporters


hong and well sustained effort, but results, like all tho
others in discontinue The political aud polite Cerberus
who guarded the door the inside having kicked out
panc of glass the door poked out his head through
The aperture thus made and assured the committee that
there was standing for another person the
stage and that apprehcnsons entertained lest the
stage should break down


There was no use in making further efforts but hun.
dres Of enthusiastic democrats still kept besieging this
and the other cf the building the vain hope that
same opportunity for their admission would present Itself
Fortunately others Of reporters had been on


[CONTINUKD ON zGHTH PAGEl","EFFORTS OF A REPORTER TO GAIN AD-


MITTANCE.",The New York herald. [volume] (New York [N.Y.]) 1840-1920
1857-04-01,"VALUABLE FARM IN VIRGINIA FOR
SALE-lt contains upwards Of 1900 acres
along which the contemplated straight line
Railroad to Charlottesville will run. Attached
thereto Is Grist Saw Mill, fed from the South
Anna River which Is part CT the boundary line
and on which are also 40 acres Of low ground


soil good, with plenty producing good Tobac-
CO, Wheat, Corn, &c


Buildings very superior and very ample, and In
good order.


100 bushels Of Wheat have been seeded, Tobac-
CO Plant Beds were burnt and seeded before the
last FROST FOR Oats and Corn due progress Is made


With the estate, the slaves and Improvements,
STOCK, etc, may also be had, and further infor-
nation given by the Editor Of the Evening star,
Washington city. mar",VALUABLE FARM IN VIRGINIA FOR,"Evening star. [volume] (Washington, D.C.) 1854-1972"
1857-12-14,"SOUTHERN PICTURE OF NEW YoRx.--1be New
Orleans Crescn draws the following picture Of this great
Commercial metropolis"" New York, with ATTY seven
suspended banks; New York, with her hundreds and


thousands Of bankrupt merchants importers traders and
stock jobbers New York with her Of thousands
Of starving workmcn; New York with her rotten bank
ruptces permeating and njuring almost every solvent
community In the Union New York the centre Of reckless
speculation unblenching fraud and downright robbery
New York the prime OF four nhs Of the nsoven


cies Of the country New York carrying enormous
trade with capital mostly furnished BY other communities,",,The New York herald. [volume] (New York [N.Y.]) 1840-1920
1857-12-25,"The new born prince, who assured Gays a
respondent Of the London Chronicle from Madrd des
tined TO play so prominent part in the world, prospers
exceedingly His appetite and digestion all that
be desired the fondest Of mothers aud the enraured
father for he who presented the child the
bed courters, holding il out golden dish, if II
were a truiied woodcock. Nor this the most gro
tesque part OF the odd ceremonies which followed and
preceded this great court performance; there were
many Oilers which respect for decency, and dread of
dstur bing your equanimiy forbid repetition but they
all hung out TO IN the columns of the Gazette which
yesterday devoted eight columns u the record of this
wondrous event At half past eight the Urban soldiers
who were appointed 10 warn the court of the coming
event, left the palace, aud summoned the guests. The
Duke and Duchess OF MontpanSeT the first arrivals
have been told as soon az the Prince came into the
world the King Consort handed him round the room on
a golden platter-in truth, dainty dish 10 set before


king. Mr. 0tway. behalf of Great Britain the Marquis
Tureo behalf Of France and the other ambassadors,
signed the certificate that the Prince had been born and
then they retired leaving the Queen alone with her sister,


the Duchess OF honpenscr TO the ehagrn OF the Bourbon
Duke her husband who does like that fs should
be exposed 10 the contact of evil influences. Although
the child sucks and squeas, and performs all other in
fantie functions like robust Prince he has been
officially designated the interesting has failed
interest his future subjects amongst whom he has fallen
siilborn. The attempt at public rejocings has been


lanterns hung out at the residences or the ministers and
public Offices The news very quickly spread through all


the theatres. At the Circus OF the Queens equer-
who happened 10 be amongst the spectators jumped
MP state Of frantic excitement rushed TO the front
OF his box and told the people that King
emotions, he burst into tears and simiid simiibaS
crnntur the spectators who had been yawning nj the
dull entertainment burst into mmodcrate fits Of laughter
amidst which the discounted equey beat his retreat",The Royal Baby of Spain.,The New York herald. [volume] (New York [N.Y.]) 1840-1920
1857-07-27,"ALBANY, y. Y, July 25.-A little before noon
one OF the most terrific rain, hail. thunder and
lightning storms ever experienced here visited US


State street and all the parallel streets leading TO
the river were flooded. State street resembled
the rapids of Niagara


Inc torrent tore up paving stones and carried
away boxes and barrels, whiting them toward &
the Hudson like so many straws. The storm
lasted three quarters of an hour entirely suspend
ing business and travel. The stores and cellars
on Beaver and State streets, Maiden Lane Broad
way and others, are flooded, and an immense
amount OF damage has been done. Treadwell's
IRON foundery on Beaver street suffered consider.
ably. There has been great food In the neigh
borhOok of Cuba. There are two bad breaks on
the Genessee Valley Canal.",Storm and Freshet nj ALBANY.,"Evening star. [volume] (Washington, D.C.) 1854-1972"
1857-05-11,"New YORK, May 1O.-The trial of Mrs Gun
ningham for the murder Of Dr. Burdell, is at
length closed. The counsel both for the defence
and the prosecution occupied each two hours yes
the case at six O'Clock. Judge Davies then pro-
ceeded TO charge the jury in able, clear and
impartial address, lasting one hour when at seven
the jury retired. All eyes were directed towards
them as they proceeded to the Jury ROOM and ef-
forts were now made TO obtain a better view of
balance. she, however. avoided the prying Gu
TioSity OF the crowd, as did also her daughters


At twenty-five minutes Of eight q CLOCK the Jury
re-entered, when a profound stiffness reiCned
and the clerk took his position in the witness
chair and read over the names after all the Jurors
had answered, he put the question, viz: Gentle
men of the jury, have YOU agreed upon a verdict
The foreman answered, we have The prisoner
immediately thereupOn showed signs Of being
deeply affected, and was much agitated; but the
court ordered her to look towards the Jurors and
also requested the latter to look upon the prisoner


The clerk then asked, . How say YOU gentle
men, do you find Emma Augusta CUNNINGHAM
otherwise called Burdell, guilty not guilty -
The foreman responded, ''Hot guilty"" But Mrs.
Cunningham was so . itdted that she heared not
the words the foreman uttered, and did not know
the verdict till her counsel whispered to her; then
she sunk back overpowered by her feelings AZ
ter recovering the prisoner and her daughters
were conducted out ofcourt into of the Judges
chambers, and there received the congratulations
Of her friends at the happy termination Of the
prosecution. She then returned TO the fatal house
in Bond street.


II is reported that the authorities have obtained
a clue that will bring TO light the real murdererS
fecting arrests. The public are exceedingly
anxious for some further development, thus
far the ends Of Justice have been completely and
shamefully baked.","Acquittal of Mrs. Cunningham, &c.","Evening star. [volume] (Washington, D.C.) 1854-1972"
1857-11-07,"Fresh meat is down a trie in price this week duo
partly to the low price cattle brought at Aertons last
week, but principally because nj this time Of the year
there large sales Of salt meats and pork to families
who putting their winter stock Butchers cannot
expect meat this winter high did last
summer and certainly all poor people ought TO be glad OF
80 desirable contamination. Every week adds 10 the
interest OF the game market Vcnison coming in pcn
uiuiy, and all species Of wild duck for sale, except
canvass backs red heads There every probability


that poultry and game will be very cheap this winter.
There nothing 20 note in ish All the winter vare.
ties arc now in, and there alterations in price
TO note. Vegetables maintain their former prices.
Potatoes sell from 81 so 10 81 so, aud prices arc
firm. The James buchanan, Eric canal boat, brough
AZ 900 busheis mercer potatoes &C. market rcccny-an
unusually large quantity ia one boat They were bought
N the neghbofbood Of Rochester and dne PoAtoc.
Nova Scotia potatoes likely to be quito staple
market The crop has been very large and IS expected
that loo 900 bbls will 10 our market this season
Winter apples are beginning tocomc ia. Already Sp,Lsn
bergs winter pppus and greetings Tor sale, and at
reasonable rates Apple- viii he cheaper ths than


usual and very lnenuoh better than they ast win
Ter Oranges also very cheap They sell Tor 30 per
bbl while this time last year, they were worth 81 10
$40 per Dbl They como from Havana. Tho following",,The New York herald. [volume] (New York [N.Y.]) 1840-1920
1857-10-03,"Before Hon. Judge Belts.


THE SLAVE gHIP MERCHANT.


Ocr. A-Tns United States Santos, Bier and oA1s.-
hs accused Santos not being forthcoming, the United
States DsrOt Attorney deemed Il advisable MOI 70 proceed
with the case against the other parties charged with being
engaged In unlawful expedition on board the schooner
Merchant Tho other defendants were therefore discharged
on their own recognisanoes.


HlvoLr AT SEA.


The United States u. Id OBrien and TAOS Henry -Ths
defendants were charged with making revolt On tho high
seas on board the brig Hero. For the deenos
tended that the second mate iroated them and knocked
them about with pair OF sbrass knuckles,"" which he
held on his hand er being absent for over three hours
prisoners were also discharged.


STEALING MAIL BAGS.


Timothy Leaxy was put upon trial for appropang bis
nfty mail bags, tho property Of the ,n Oioe
Department The defendant kept junk shop and tre-
query bought waate paper &C., from Newspaper Buys;
these articles put into the old mail bags, and the de-
endant by his council Mr. ORourke, commended that he
had knowledge Of their being the property Of the Uni
ted States that they remained his pre- nses and
not bought by him, did he intend the a for sale.
The United STATES District Attorney, Mr.. McKeon. CON-
sies that there were over one hundred found in the
session Of the defendant and that no one but Tho United
States authorities was entitled 70 them.


The Court instructed the Jury that the offence will have
been committed Inc defendant appropriated The mall
bags bis any other than their proper use for bis
pront convenience; that WAS NOT necessary 70
prove that he made sale Of the bags In order 70 convict
him or appropratng them 10 violation Of the law, and
that the fac! Of app criApg them wfuly might be
Inferred from the in which he ieceved kept and
dealt with them The jury rendered . vesdct Of not
guilty..


The Court made The following order


Orc that hereafter, to o,tain the approval Of tho
Judge Of this Of the gucenoy Of suretea bonds
apularons offered for the discharge Of vessels under
arrest upon attachments issued out OF this court II shall
be necessary 70 give notice In writing q reasonable time
the action, stating the time ana place when application
win be made for iuch approval and the name, occupation
residence Of tho guretes 70 be offered the ,pu
Gallon Ahal be accompanied by Adavit proving the
service o, such notice.","United States District Court.


Before Hon. Judge Betts.
wuu ny.Avu auTp NruucuAN~.",The New York herald. [volume] (New York [N.Y.]) 1840-1920
1857-01-08,"TNODD & CO, UNDER BROwNS' HOTEL,
l. beg leave to announce the arrival from Lon
don and Paris Of thsir splendid collection Of
RICH FURS, made in the most fashionable
styles from seasoned Soft-dressed Skins They
would invite particular attention to their elegant
and much admired


MANTILLA TALMAS,


PELLERINE VAN DYKES,
VICTORINES, with Mufs and Cuffs to match,
OF HUDSON BAY SABLE,


MINK, STONE MARTIN :
FITCH & MOUNTAIN MARTIN,


SIBERIAN AND RUSSIA SQUIRREL,


LONDON LUSTRED,


BLACK LYNX, =


and ERMINE;t
RICH FUR TRIMMING,


for Cloth and Velvet Cloal
SWANSDOwN TRIMMING; a
ELEGANT SIBERIAN SQUIRREL ROBES,
for Cloak LiniRgs or cut for Trimming;
Ladies' and Gertlemen's FUR GAUNTLETS;
Gatlemen's TRAVELLING MUFFLERS,


Of Beaver, Otter, Nutria, and Seal Ut;
CARRIAGE ROBES,


Of Bear, Fsx, and Buffalo Skins
TODD & co for the past twenty-f years
have devoted much attention to this branch OF
their trade, purchasing exclusively for cash SELL
ing at moderate prices, and by adhering 10 their
determination to deaf in article that would not
bear the strctest scrutiny, they have secured
large and increasing trade from all parts Of the
country.


Purchasers are Invited to visit their establish
ment and examine the most extensive STOCK
OF FURS south OF New York. oc 3l-3t& eotf",NEUTRALITY-SUSPICIOUS.!,"Evening star. [volume] (Washington, D.C.) 1854-1972"
1857-12-20,"FANCY GOODS AND TOYS


No. 400 Broadway.
importing these been spared oh
tain the most extensive varied OF fancy
the holidays selected from Of
the world all Of which will be sold greatly reduced prices
Mr. Rogers will challenge all competition In the low prices
variety and extent of his assortment


RICH FANCY ARTICLES.
Ladies' and gentlemens Glass and pearl odor boxes
dressing cases. Rich porcelain China and
ladies work boxes OF every glass vases.
style. Parian and China figures aud
Pearl and steli card cases and ornaments
tablets. Tourists travelling bags and
Fans Of pearl, ivory, sandal companions.
wood nc. Superior cutlery, knives, scis-
Jet bracelets and other sors, &c.
ments Canes, cigar stands and cases
GAMES FOR THE AMUSEMENT AND INSTRUCTION OF


ALL AGES.
Cheps and dominoes Crbbage and solitaire boards,
Bsttederes and Graces Building blocks and houses,
Bagateiie and tivoh boards Backgammon and chess
Playing cards Of every va boards
Spelling and reading games,


PFRFUMERY AND TOILET ARTICLES.
Shell back dressing combs ladies' powder and powder
Hair, comb. and nail brushes. boxes.
Extra perfumed fancy Perfumsry Of all
Globes and table brushes.


TOYS. DOLLS, TOYS.
Baby houses Toy wagons. carts and horses.
Hoxes OF furniture. Stables, stores.
Wax and model dolls Noah's arks.
Toy tea dinner Of Stoves, kitchen utensils and
britannia china, glass and g. Kitchens .,
agirl
Mechanical toys Of every Fire engines.
riety. Soldiers caps and other
Drums swords and trumpes. coutrements.
Guns, pistols and cannons. 49,


IMPORTED AND SOLD AT
HIS ROGERS EXTENSIVE BAZAAR or FANCY


GOODS AND TOYS,


No. ssa Broadway New York,


-Four doors below spring street","CTFTs AND PRESENTS FOR THE HOLIDAYS Al
VI ROGERS BAZAAR,",The New York herald. [volume] (New York [N.Y.]) 1840-1920
1857-10-22,"Just received. further supply OF superb Pianos,
nom the old and Justly ce!ebrat ed fac.ory--a
oil Chlckerlng Sons, Boston, again. TVTH
comp letting The extensive and elegant as-t . W.
sortment always kept by the subscriber.


Parlor, Grand, Louis XIV, and Central Pianos of
every scale and style.


, Also, Pianos of ex oellsnt touch Tone and finish,
from other approved Boston ami New York faoto-





add tion 10 the stock in store, the subscriber in
a. few days, Will receive from Boston and New
chased for cash At unprecedented low prices, and
Therefore will sell them lower than Pianos have eve
been offered In this city, either for cash prov ed
paper. Second hand Pianos taken in part pay
ment.


Also, just received from Boston, some first class
Melodsons OF Various patterns. Martins Guitars
acknow edged superior to any in the country.


Every article will be sold at the lowest price.


&c Z2-eON RlGHD DAVIS.",rHICKERING 4 sons PIANOS.,"Evening star. [volume] (Washington, D.C.) 1854-1972"
1857-06-14,"The match between the United States eleven and tbs
eleven 81 New York was flushed Tuesday afiernosa
about o'clock This match has created inconsdorbss
interest among crckeers not only in this city and sAs
buf throughout the Union Crcketers from nearly evsFy
State appeared the ground 10 witness this great match
and are nov fully satisfied that the city almost nvtn
chile We give below an account OF The game FROM Tia
commencement Upwards OF three hundred sersons wyxa
present, including number Of ladies' The weather W.
cold and tho cloudod the whole oftae day CANA
was continued yesterday al half past ten Senior and Bar
low resuming the bats. The following TX tho score -",Cricket Match at lloDoksa.,The New York herald. [volume] (New York [N.Y.]) 1840-1920
1857-10-29,"PAINFUL SIGHT.-This morning two youno
girls were placed in the dock at the guard house
for TRIAL. 1t was their first appearance, bat the
nature Of their offence was such that the sitting
magistrate determined TO commit them to the
wOfkhouse for sixty days. One Of them gave her
age as fourteen years, and the other hftean They
h~o oeen guilty during the night OF drunkenness,
riot, profanity and indeceaey, and could not con,
troi their tongues even in the cells Their youth
excited sympathy, and the question was frequent
~ asked, Can not girls OF such tender years be
saved from destruction 30",,"Evening star. [volume] (Washington, D.C.) 1854-1972"
1857-08-29,"An August day q dreamy haze


Films air, and mlngles with the skies;
Sweetly the rich, dark sunshine plays,
BronzIng each object where IL lies.
Outlines are melted In the gauge g.
That Nature wells the htfui breeze
From the thick pine low murmuring draws
That dies In futterings midst the trees
The bee 10 slumbering in the THISTLE
And now and then, = broden whistle ... .E
A tread-a hum-a taps heard 3
Through the dry leaves, in grass and bush.
An insect, animal, and bird,


Rouse brlef from their lethargio hush
linen en- these pleasant sounds would cease
And dread stiffness all things lock
Inc aspen seem like soul ptured rock
Ano not tassel thread be shaken
Inc monarch pines deep trance to wakeu
And Nature settle prone in drowsy peace
LIE misty blue-the distant Masses
Inc SIR IN woven purple gimmering
dhe snlver translently that passes
oyer the leaves, as though each tree
gave one brief slgh-the sumberous shimmerng
Of the red llght-lnvested seem


WIN soma sweet charm, that soft, serene,


Melovs the gold-the blue-the green.
INTO milo tempered harmony,
. And melts the sounds that intervene,
a. scarce to break the quiet, till we deem
Mature herself transformed to ancy's dream.


A. B. street.","EVENING STAR.

AUGUST.","Evening star. [volume] (Washington, D.C.) 1854-1972"
1857-04-22,"TOHN LLOYD, AUCTIONEER.-JOHN ILOYD'S SONS
e will sell this day. wednesday, April p at To-. O'Clock
rs West Ninth street. between Fifth aud Sixth avenues
rich and magnificent rosewood mahogany and black walnut
household furniture pancforte French plate mirrors tapes
try Brussels and velvet carpets oil paintings psror cham
Der and dining room suits consisting In part Of rosewood
plush marble pier sofa and
tables elegant Turkish easy chairs and lounges.
made in the yer, best style reception and mahogany hair
chandeliers brackets beds;eads bureaus wshstands
with a large kitchen dining
10 mention. Sale positive without regard tn the
weather and every article will be positively sold without
Goods must be removed the day, the parties
will the house the sale",John LLOYD. .AUcrIoNEER. Join ILoyps SONS,The New York herald. [volume] (New York [N.Y.]) 1840-1920
1857-09-15,"The FUNNY LAW SUIr.-The following ac
count is given of the law suit which was noticed
In the Philadelphia Bulletin some time ago:


novel law suit came off at Media few days
since. VIM. McMullen sued George Barrett, a
barber, for malicious mischief for cutting his
hair close to the seal in the "" New York fighting
style the former claiming $40 damages The
defendant proved by two or three witnesses thai
the hair was cut according to order, whereupon
the plaintiff with violence asserted that the evil
dence was not true. The Squire upon this told
the plaintiff that he was liable to action for pern-
~ for such fat contradiction. Acting on this
hlnt the outraged witness at once insisted on sat-
isfaction, and the litigious plaintiff got scared
turned defcndant-and plead for mercy! The
Squire dismissed the suit with costs, and the bar-
bnr laughs over his first experiment at cutting
hair in the . New York fighting style''",,"Evening star. [volume] (Washington, D.C.) 1854-1972"
1857-07-16,"E,REsH FRUIT IN WINTER,
II BETTER THAN swEErMEArs


ISN'T sof
Use ARTHUR'S celebrated self sealing and
will have fresh fruit all the year prices
Full directions for putting All kinds Of frat and tomatoes,
accompany these cans and jars
They made Of tin glass Queen and Gre and acid
proof soreware The sizes from pnts gallons These
cans and ,rs entirely at the ops and net
economy In transportation.
For BY store keepers throughout tse United States
Descriptive circulars sent application orders from the
trade solicited.


Ne SAX for ""Lrthur's"" II stocd the
having been used by hundreds Of thousands Of FAINT
lee, hotel and boarding house keepers.
We making them for the million,


ARTHUR, BURNHAM GILROY,


Manufacturers under the paten.


X, y. TORREY,
Manufacturer wholesale agent OF
sers celebrated minute freezer No. Plan street. New
York",,The New York herald. [volume] (New York [N.Y.]) 1840-1920
1857-07-27,"From the correspondence of the N Y Tribune


We dlned last week with a French Countess
Your American Imagination may, perhaps,
fancy lavish display and abundant waste but
no-the house was small, though arranged and
furnished with the most elegant taste. The
lady would not have been a true French woman
had she expended money in useless superfiui-
tics. The dinner, which was quite perfect in n
certain way, might be characterized in a like
manner. There was not too much of anything
and yet plenty. Abundance did not appear
90 much as tasteful and beautiful arrangement.
Surprisingly delicate, too, were the sauces.
For instance, after many dishes, there was
served a roast turkey, which 1 supposed was
like all other roast turkeys-very good but
was surprised upon adding the sauce to a good
nutritious bit of the breast. / discovered q
new and unexpected fayor-something that
did not remember to have tasted at an Ameri-
can table.


names of the courses, thinking that it NAV help
some young housekeeper giving her first dinner
party There were only ten at table, which was
oval, and the hostess sitting at the middle of
one side.


The centre ornament was-not an EXPENSIVE
silver epergne as you might have seen on some
more extravagant table-but large pyramid
of beautiful camelias, roses and viOlets, buried
IN their fresh-lOOking green moss, with here and
there peeping out a little pot of ripe strawber-
ries-tOr 1t was February, and they were then
rarity-the whole rising from low, brown
wicker basket. The china-that is; the plates
for no dishes were placed on the table, as the
walters, who numbered only two, handed every
dish, it being first well carved on a side table
the china was admirable for solidity and
beauty; the color was dark blue and gold The
glasses were four to each person; and one in
particular, of fine and slender shane was ex-
qulsltely ornamented with garland of leaves
and grapes; this, L observed, was kept for the
best wine After the soup, which had rice in it.
and was favored with tomato, there was placed
on the table opposite the hostess a large silver
salver, covered with damask napkin, on which
lay splendid turbot entire, so large that it
covered the silver to the edge. 1t looked so
enormous that thought of a small whale All
thoughts, however, of such coarse and oil crea-
lures vanished at once, when, on helping my
self to piece of this fine white looking fish
meat, and adding the sauce which was creamy
and little acid, the delicious turbot melted in
the mouth Then came pungent radisheS, which
are French appetizer, and cold spiced sausage
cut In slices; and good red wine was served to
all. After small rich oyster pates was served
the fllet of beef, with mushroom sauce accom-
panied by simple potatoes. Then lamb chops
dressed with bread crumbs, and accompanied
by boiled green peas. Next, roast turkey, with
the above mentioned extraordinary sauce, and
dish of sweet bread of veal cooked in simple
but most satisfying manner; and finally lettuce
dressed only with oil and vinegar, and n little
parsley cut up fine. With each different course
of course, different wine was brought, cham
Pagne being the dessert, which was only the
best and most delicate ice cream then fruits
both fresh and canded and great sugared
chestnuts, which are favorte French bon bon
Finally, black coffee, served in cups and sau-
Gers each different in style and pattern. And
after the liqueurS and sweet cOrdals, we all
both ladies and gentlemen, left the table and
went 20 the drawing room. | thought, as we
came home, never fanced a dinner could be
so complete; yet with nothing very expensive,
nothing snowy or elaborate; yet every dish was
finished, and the whole artistically perfect.",A PARIS DINNER.,"Evening star. [volume] (Washington, D.C.) 1854-1972"
1857-09-26,"The Crystal Palace still stands in defiant dDgness on
Reservoir square despite the efforts of property holders
n the vicinity have 1t removed and the annual fair OF
the American lnrtitute being held within Its 70
walls The exhibition this year contains many time
honored relics or the American Institute and the Crystal
Palace. The ancient minerals tho dusty models OF i'm
practicable bridges, and The well known groups OF sts
tuary TOO familiar 10 merit extended notice The fair
contains, besides these the curtoray ocglomers,e
retiee of specin OF American genius ranging from
lightning printing press 10 patchwork bed quilt There
the customary shelters, confectionery, popg
shares, pumps steam engine stoves, carriages,
trip banners, shesrs, gas metres, gas burners
senerators and regulators and among them ell
hardly ytoing dnary considering the srful
capacity Of this great Yankee nation Among the curious
Neutrality-suspicious. mentioning the familiar extension
be- seadn rope machines looms, ara other labor wing
mecnnei-s machine for saving mental labor, by readily
adding numbers, Is remarkable One cute Yankee
bib rocking CHAIR the genies motion OF which cools


Ire occupant with delicious breeze, from the Ingenious
sibted II all their InoAcuabe and irexpcable forms,
froE beautiful iron furniture and massive machinery 10
down like sofas aad comfortable cl,thiDg.


The picture gallery contains probably OF the best
photosrarhr AID tsxaerreoypes ever takop eouapg az
tone Of them do, the fnesi paintings The senla who
cuts profile portrait In olsox pa,er, for three
cels, Ia also exhibition, and conrivcs 10
frsw ccDdt money Of the pockets OF spectators
the cAope steam musc manhiuethe pan OF the
Rhine and bod vorths full band three week week,
extrs attractions for toe fair and Sloase variety OF ses
The fair has been ihos far very well attended On Tues
cay evening there about thousand visitors
locking at The exhibition and wondering when the rain
would STOP and 5000 realzsd from lhe sale al
tickets that day Among the coming attractions will be
grand trisl OF billiard sbls, when some OF the beat
players IN the ciy wiz be present Ihe m.ahne Arcade
the manage mont In few Gays the fair will be more
complete Eordpg scape for the observations OF The
hnc the curious NE fashionable and the Ingenious who
choose Wait n,",American Institute Fair.,The New York herald. [volume] (New York [N.Y.]) 1840-1920
1857-12-13,"Those who use simusns to excess daily must beware
Ther arera blood appoa ,hes in color blood that
IT, attns darker color than In the natural state Finally
sickness and peculiar debility from this condition and
sudden death may be expected unless medicine like
Brandre,hs pills promptly used which disnfects
az We're the blood of the poison with which charged
The HE and the health will be thus saved and strength of
mind often impaired whereby the evil habit stayed. Legs
isors should erect for the habiua druukard where
the Brandreh pills alone would effect reforms In
single year than all the temperance societies have yet done
The chemical qualities of the blood have been found much
the same IN yphus yellow and putrd fevers scurvy
in ague and fever Of long standing scrofuous in the
plague and in confirmed dram drinkers There doubt
IN my mind that the cause is


EXCESS OF HYDROGEN
imbbed from the air from food from water from infection
Otherwise.


The cure suse BRANDRETHS pills purge freely
for three or four days then them moderately
that full purgation obtained in three
until tine disease conquered and the health fully restored
Principal Office, AZ Brandreh building; sold also at 296
Bowery 2 Hudson street and 81 Division street. at Is cents
box, with full directions


Holiday Gifts! Half Price :--Meade Bro
Tiers photographs daguerrcotypes &C. 3 Broadway four
doors above Aston House.


The Elegant and Tasty Hats Manufactured
by ESPENCHEID of 8 Nassau street. unsurpassed in
New York Price s. 90.",Sudden Death.,The New York herald. [volume] (New York [N.Y.]) 1840-1920
1857-12-19,"OPENING OF THE BRITISH PARLrAMENT--THE QUEEN 8


SPEECH, ETC.


PsrIiamcn, was opened the ID Inst by the Queen in
person. The Queens speech was as follows


Ny IoRps AND GkSrIKxEx-Circumstances have recent.
y connected with the commercial interests which
have induced 80 call Parliament together before the
s sora r,a,nan,is a,ms haze nrodncad sncb an
extent OF dsrust led me TO authorize minister's 70
commend TO the directors Of the Bank 1 England the
adoption OF of proceeding which appeared neces
sary for aayng the prevalent alarm. As that course
has involved departure from the existing law, bill for
pdemnfying those who advised aud those who adopted
will be submitted for your consideration.


have observed with great regret that the state Of com
merca transactions in general has occasoned dminu.
on Of employment In manufacturing districts, which
fear cannot fail 10 be attended with much local distress.
trust, however that this evil may not be OF long dura
ton and the abundant harvest with which u has Era
riousy pleased Divine Providence 10 bless this land will
Ihope in degree mitigate the suicrings which this
state of things must unavoidably produce.


While many OF my subjects in India have been exposed,
and while grieve for the extensive bereavements and
sorrow which has caused, have derived the greatest
sasfaction from the distinguished successes which have
intended the heroic exstons ot the comparatively small
force which have boen opposed 70 greatly superior mum.
bcrs without the aid o the powerful renforcemcnts des
patched from this country 10 their assistance The arri.
val % those reinorcemen's will trust speedily COM
plete the suppression of this widely spread revolt


After still, furtker eulogzng the gsantry Of the troops
Tho speech continues


II is satisfactory 70 know that the general mass
the population IL India have taken part in
tho rebellion while the most considerable OF the native
princes have acted "" the mest irendy ana nave
rendered important services ] have gwen directions
that the Papers relating 10 tsse mauers shau pe iau
before you. The aGairs OF my Fast INDIA dominion VIII
require your services and consideration and recommend
them 10 ye1r earnest attention.


The nations ol Europe are in the enjoyment OF the
blessings of peace which pohing seems likely 70 disturb
Inc spulatons OF the treaty wbich cohctided WIN
bc sian o. Persia have been faithfully carried INTO exc
cupon and the Persian forces have evacuated the terri
tory Of Herat.


Your attention will be called 10 the laws which regulate
he Iepresen'anon % the people IN Parismehti WIN =
benencaliy mado therein.


The remainder Of the speech merely OF local interest
Lord PoRrxtS moved and lord Carew seconded the adj
sress response to the oueens speech and after co
derable debate, which Lord Derby complained q ths","GREAT BRITAIN.

",The New York herald. [volume] (New York [N.Y.]) 1840-1920
1857-07-26,"And pow-ayei now the dsmning words


Inst smte ~ Keeling 70 our knees,
Ard hedge path about with swords,


Have passed Into ""lsgal,ces'-


win 70 forsake the bessed oause2


Repress your hos indignant breath
And, cripeirg TO these Goddess laws


Stink, rottns, down TO bell and deathf
No by the life that Shombre gave,


By all our fields OF pain and WOO


By Key ser's blood and Bzrbers grave,


And our deep heart OF manho0d-nol
No ! tho along our streaming veins


The dripping blades rhsll reek and HIS
No and wild scorn TO hi n who reins


His soul back from the precipce.
With this poetical effusion-this invooation tn
"" streaming vens,"" and dripping blades"" and
""wid scorn,' and strong heroic men,"" and such
lummeTy, We will close our extracts from the Kan
sas papers although the ""lyric"" does seem to be
considerably out of place in the view We have been
presenting, which is that the material progress of
the Territory.",,The New York herald. [volume] (New York [N.Y.]) 1840-1920
1857-12-13,"The ships comprising this line are


The ATLANTIC Captain Oliver Edridge


The BALTIC. Captain Joseph Comstock


The ADRIATIC, Captain James West
These ships having been bxil by contract expressly for
service has taken In their
sruction, also in their engnes to insure strength and
speed and their for unequal
ed for elegance and comfort.


The steamers this line have improved water tight
parme0s has spared to make them all
good the thorough examination given them proves
their mode Of construction yet unequaled
Price passage from New York To Liverpool In drstcabin,
$780, do S75 From Liverpool TO New York 30 and
20 gunees experienced attached each ship No
berths be secured until paid for.


SAILING.",NEW YORK AND LIVERPOOL UNITED STATES,The New York herald. [volume] (New York [N.Y.]) 1840-1920
1857-12-13,"Sis. 600 WORTH aas.s OF ,,u..,o,, ,uu, = :. .o,,
70 morrow monday, Dec IA at lu o'clock precisely en-
furniture all Of solid carved rosewood pianos
elegant paintings msrbe sasry and costly works OF art
contained in house 1852 Twenty first west Of Fifth ave
nue. property OF Charles L. Setson ESD all OF which was
made to order by Roth Godschmd and all perfect order
The whole will be sold for cash strictly without reserve and
must be removed Immediately after the sale Catalogues can
be obtained of the auctioneers the house


Parlor furniture which will be sold precisely at III o'clock
consists Of four beautiful ante and pier mirrors, mounted
In ormou three full sol carved rosewood parlor
ure two suits which covered ia French satin bro
cade and In silk velvet all In perfect order, with alp
elegant rosewood marble top etegeres with plate
doors brocsde and lace curtains rich medallion carpets
peror octave rosewood psnofore with embroidered stool
tore French secretary lined with satin wood Turkish aud
uAry top and pier tables clock rich and
costly china marble groups the seasons three
graces amazon, Venus at the BATH &C. with unique aud
beautiful parlor ornaments large collection of valuable
paintings In rich frames corner e!egeres with mirror backs
sdivnns, DC.


Dining room. chamber aud library


Comprising rich carved rosewood bedseads wardrObes
washsands, cOmmodes, large hair mattresses with large
quantity valuable and bedding secretary
bookcase conversation and yolare tapestry
PETS ete aees pearl work tables rosewood pianoforte
and STOOL music and shades
thirty windows superb oak extension table marble top side
board with oak dining furniture all kinds rich china
silver cut glass silver and cutlery portable heat
er &C. Sale at 10Y precisely, rain shine


WESTCOTT LINDSLEY, Auctoneers","SALES AT ACCT9OU,

$4,000 w W.Ea,,,.s OF -.",The New York herald. [volume] (New York [N.Y.]) 1840-1920
1857-12-13,"HOLIDAY PRESENTS.
IL Great reduction.
WATCHES AND JEwELRY


A. great bargains for cash.
The subscriber selling his stock of watches and
jewery st retail at reduced prices being fun ~ cent
less than the usual retail prices.
Gold and silver watches of all descriptions Some beautiful
styles Of gold watches just received for ladies' and gem
tlemen.


Ladies' earrings pins and bracelets finger rings with sets:
diamond rings plain and chased gold rings
gold wedding rings gold guard chains ladies chaieane
chains gold fob chains studs sleeve buttons gold
specscles and glasses gold and pencils gold
tmble gold lockets necklaces seals and keys napkin
rings portemonnaes, &c. GEO O. ALLEN,


Importer Of watches and jewelry,


Wholesale and retail.


30 Wall street, second floor.",JEwEI.RY,The New York herald. [volume] (New York [N.Y.]) 1840-1920
1857-12-13,"HOLIDAY NOTICE.
III CHEAP GOODS FOR PRESENTS.


CLEARING OUT SALE.


ARNOLD, CONSTABLE Il co.
VIII offer Monday the balance of their stock still fur
Their reduction at retail


FOR CASH.






to velvet robes a guile, at SIS reduced from $45.
The loss this lot of goods IL fearful.
Other qualities Of velvet robes guile, equally cheap


Also,
VELVET FLoUNCED ROBES, very rich and HANDSOME
REDUCED


Also.
VELVET ROBES GUILE AND VELVET FI0UNCED
ROBES, in white. pink blue and maize.
Also white, pink blue and maize SILKS and SATINS Of
the Styles In variety for wedding and evening
parties.


In this department stock stand unrvalled.





RICH LACES AND LACE GOODS.


posEsrios:
Cheap prints cheap emboideries,
Cheap deiaines, cheap cambria handkerchief
Cheap piads, cheap ribbons,
Cheap paramattas, cheap shawls


Cheap meruoes, cheap cioaks.


CANAL STREET. corner Of Mercer.",,The New York herald. [volume] (New York [N.Y.]) 1840-1920
1857-07-26,"IoA.. ''oVz, W


The cost OF maintaining isis force amounts
annually 10 over $50, 100000.


II will be seen from tho above that the scpoys native
Indian troops compose tho bulk Of thu ndo British army
They are brave obstinate and supershous, cnging with
enacy 70 their peculiar practices Of religion
and any injustice afopt offered their preu
d,oes with more thas ordinary vindcfiveness Their
frequent muinles have LEFT the British Indian possessions
not worth years purchase; and from late accounts
may be that before TINS toey have taken sum mary
eeanoe those they look upon ~ Aliens blood Ian
qusge and gon, and whose persecuons towards Their
ancestors kecnly remembered.


alone the effort made 10 force the sepoy 70 bite
Oh the end OF ""neAsed"" csstrdges, which in Itself IL in
sung TO HE caste preudces the strongest feeling OF the
native Indian, but the conduct OF tho British officers ARD
East India Company has been such foment general
revolt That the FORMER have acted dishonorabiy and
with unbecomng houeT towards the trooxs and the ,l
ter with undue severity towards the native population In
10 bceoen from the debates In Para ment and the many
published statements OF raveller and We may erpocl",,The New York herald. [volume] (New York [N.Y.]) 1840-1920
1857-10-24,"FIRING PISTOLS. Last night number of
young men were amusing themselves I'm street
pistol firing practice. Captain Mills came upon
them and tried to find out who fred; but the
young men seemed inclined to throw off; and one
wanted to know what right the Captain had to
interIOgate him! The Captain. knowing that the
pistol was fired from the party, arrested two of
them. and took them to the Guard house inform
ing them that, after nights rest, they would
probably he more willing to answer the question


This morning Justice Dom held them TO bail to
answer the charge OF riot and disorderly conduct.",,"Evening star. [volume] (Washington, D.C.) 1854-1972"
1857-11-26,"BUFFALO, November rs, 1857.
The schooner waurcan, Of Buffalo with load Of wheat
IL ashore nj Port Burwcll


The schooner Mazeppa went on the brcakvater hero
during the gale last evening but received very little
damage.


Tho schooner Europa ashore few miles up the bay
with her bottom out.


The schooner Sanderson lies the beach fifteen miles
M the South shore, but rs not much damaged.
Tie bark David Morris is ashore above Point AIbino
and full OF water.
All the foregoing vessels bound 10 this port.
The schooner shckluna bound to the welland canal IL
ashore six miles above Port CoIbornc with six fee OF
water in her hold",,The New York herald. [volume] (New York [N.Y.]) 1840-1920
1857-04-22,"-HFNft1 IT. 10. auction
""Wednesday April 2, IL O'Clock the Merchants
shnnge important sale country


nr ss sien Island being the western and central
the extensive and highly picturesque OF Hu
Park Staten land, ~ mills Nanderbs landing.
Richmond plank road drop station the
constructing Island Rsirnad. The


a,sd on The range Of hills eHending from Toad Hin The
offered present lu and includes
IN hrs; class country residencesf Tl Park House.""
about ground laid great expense
superb style Of English landscape gardening and
beautiful lake evoked With GOLD FISH The house is newly
bnh Of The best material by work forms with .fces
and outb udnEs complete residence for large wealthy
family. The remaining land has lad style of
fnrish park, IN which public parks
and two respectively have been aside for
81 ne residents The aud the nding
sesn aid and Fenced Tor siseen building


ng none but useful and appropriate hand and made acce


ie by wide aud handsome park reads. For further parcn
lars aud maps, and nnibus tickets view
estate apply at our Office No rs Nassau street","HrSRY Y LEEDS, AgcrIoSEER, 3 NASSAU STREET.",The New York herald. [volume] (New York [N.Y.]) 1840-1920
1857-04-22,"TINE VICTORIA INFLATED sKIRT.-THE INFLATED
skirt consists OF three tubes, inflated without the
effort and enlarged diminished option OF the
These tubes be affixed 10 qualify of
from the cheapest fabrics the richest sauns
This simple but admirable Invention has completely
seeded every rival article In use Infinitely superior
steel hoop In elasticity whaebone In durability,
gutia percha In phancy possesses Other merits exclusively
Tia Whilst inparts that light and buoyancy 10
indis pensable the graceful effect feminine apparel
avoids that still angular and artificial appearance which


confessedy OF the chief drawbacks all that
hitherto invented OF this description OF article. In word


impossible "" pronounce higher pnnegyrc on the inflated
skirt adduce proof Of It's Unreasonable
riory all others in use than say that
she adopted Immediately and made known TO the inventor


In unqualified terms her complete satisfaction the novelty
simplicity buoyancy aud pancy inflated skirt which
benceiorh Her Majesty pleased say should
permanent and invaluable addition wardrobe This
and original article has not yet been introduced 70 the
public of the United States the
the manufacturer, the numberless
agents complied with the Victoria skirt will be
open demand when superaye advan-
all competing articles viii undergo the test OF
triumphant comparison Orders and applcaion. be
forwarded Panieencon FASHIONS No so broadway
New York.",,The New York herald. [volume] (New York [N.Y.]) 1840-1920
1857-02-16,"From Naples accounts are deplorable Ter
Tor reigns throughout the capital AID king
dom. Arrests continue necessarily. A priest
has attempted to asSasSinate the Archbishop
OF Matera while he was giving his benedic-
ton to the people. The Archbishop was
wounded, and a canon, who attempted to pro-
tect him, was shot dead by the assassin.
THE LATEST BY TELEGRAPH TO LIV-


ERPO0L


PARIS, Friday Court Of Cessation
having rejected Verger's appeal yesterday,
the assassin was executed this morning He
was greatly distressed, and il was found nece.-
sary to carry him to the scafold.


The Court of Cessation has pronounced iudr-
ment to-day upon the appeal from the decision
of the Imperial Court Of Lyons, with reference
to the illegality of distributing electoral bull
letins or voting tickets without a special per
mission from the authorities The Judgment
of the Court Of Cessation is against the liberty
of distributing electoral bulletins.


NAPLES, January 20 ""A period has been
fixed within which political prisoners must
decide whether they will impiore the Royal
clemency, or euler transportation.


decree has been issued effecting certain
reforms in the postal system. Other DEGREES
OF reform are expected.


Times Catg ATtICis-Friday evening The
English funds opened with q tendency to
stea1iness thie morning, but the market soon
relapsed and ultimately exhibited great heayi-
ness. There was no political news aud the
market was Influenced solely by pressure for
money, which was increased by the arrange
ments in connection with foreign settlements,
and by the India House having Withdrawn
sum which they had temporarily lent upon
stock The rate for loans on good securities
was six and half per cent, and advances
were obtained from the Bank on those terms.
In the discount market there was undiminish-",,"Evening star. [volume] (Washington, D.C.) 1854-1972"
1857-07-14,"TIENRY LEEDS, AuCTIONEER.- ACTIVE


1 auction sale OF fashionable furnre this day, July
Ia West Twenty sixth street. consing OF he entire
pertor furniture contained In the dwenng hf The
EanEement Of this house consists Of large assortment OF
everything q costly and shonsbly furnished
residepce AL Of which will be perempory sold, Without
gard weather, and be removed Immediately the


premises Catalogues be had early the morning OF
Gale Furniture In consists OF elegant rosewood paror
furniture Of every description full sus richly carved
covered crimson and brocade with shp


marble ftep with mirror fronts; osewood centre,
and rich silk and lace curtsins rurkh aud
reception chairs moquet and tapestry vevc carpe four
elegant and mauie mirrors superior wood
octave music cabinet and embroidered stool and
cover; valuable paintings with large and beautiful coec
Zion of and valuable and paror
lad,s writing secretary chandeliers bronze


rosewood beadsesds and bureaus hair mattresses and
bedding carpets with large variety OF rosewood and


furniture throughout the house also the dining
FURNITURE slverv gass rich china ivory cutlery &c
The sale VIII be found worthy the special attention OF house
and IN OF really good furniture. Care
carmen will attendance pack and ship needed
House 70 let. Posses ion Immediately.","nrNRY LKEps, AucrIoNRER. ACTIVE",The New York herald. [volume] (New York [N.Y.]) 1840-1920
1857-06-25,"The United States Saranac has been ordered to
the Pacific where she precedes the steam frgase herr
mao a the flag ship OF that station and takes the pa,e OF
the John Adams.


Lieut.. VIM. Fl. Wilcox, Of the United States Navy, has
resigned his commission.


The Navy Department has determined not 70 send the
steamer Arctic the surveying expedition the Ishmus
OF Darien, for which Lieut. Craven has been designated
This vessel has been temporarily transferred the
survey - be employed under Lieut. Bergman taking
deep soundngs connected with that branch of the
vice.


The United States steam fgae Minnesota, Capt pont
bound TO China, we learn will drop down TO Hampton
Roads to-day She will there await the arrival of the Hon.
VIM. B. Reed, United States Commissioner to China who
ID daily expected at Old Point-NooN Herald, June %.",Naval Intelligence.,The New York herald. [volume] (New York [N.Y.]) 1840-1920
1857-06-10,"Spring AND SUMMER GOODS.-JOHN III.
S s BNa sw street.
and now offering at very low prices, to cash and
prompt customers, large and general assortment OF
Ioows. y VIM FANCY 'ooD'-oomprislns In part %
New style Silk Robes and fancy silks
Black Challies, Lustrss and Nous ,Delaines
Rich printed lall WOOL Nous Delainss
Rich orsande aI Bss.se and J.oons Rosss
Bright oOlors and mode plain Bareges and De-
Plain French Brilants and Percales
Rlan oolors Cravsas ana Spring style Poplins
Best French printed Jaconets and Brilliants
White Brisnts. from IN to SIk cents
Best makes new styles Ginghams
Debages, Chambrays and plain Lustres
English Prints OF new styles, in great variety, at
Rich Chintz colors best French Orsandies


WHITE Go0Ds, in great variety.
Plain Swiss, Nansook and Jaconet Muslins
Plaid and striped Musllns


Small figured and rich Brocade Swiss Muslins
Fad and striped Jaconet, Nansook and Swiss
White Tarletons, Illusions, and Wash Nets
irlsh Linens (of the best makes) very cheap
LINEN Cambria, Linen and Bishop Lawns
super English Long Cloths, suitable for Ladies'
Nsy York. Bates. Atwood, and other good makes
White Cambrics (of Jonas's celebrated make)


sl.e Sril INA 3. and striped India pImity
Shirt Bosoms and Shirt Collars.


ENBRoIDERIKs.


french worked Muslin Collars and Sets
Swiss Cambria Collars and Sets


Swiss and Lace Sleeves and Sets


Honiton and Maltese Lace Collars
Swiss Cambria and Dmty Bands


Embroidered Linen Cambrc Hdkfs,
Also. new styles Lace and Silk Mantillas
Stella and White Grape Shawls


Plain and rich figured Bonnet and Sash Ribbons
Stee-sprlng, Neapotan, and other skeleton
Skirts


Spring assortment of Bajou's Kid Gloves
Tafeta Silk, black lace and Iisle thread do.
Cotton Hosiery of every kind for ladies' and
Gents best English Half-hose, ribbed and plain


do I.lsle thread and fancy cotton do.
A good assortment Of Silk Cravats and Ties
Suspenders, Silk and Linen Cambria Hdkfs
Gossamer and Lisle- hread Shirts and Drawers
New style Parasols.
Also, Gentlemen and Boys wear of every descrip-
tion with every variety of House furnishing Dry
Goods.


Domestic Goods for servants wear of the heaviest
makes.


Purchasers may rely upon getting desirable goods
at low prices.


ap8-tr JOHN II. SMOOT.",Miscellaneous.,"Evening star. [volume] (Washington, D.C.) 1854-1972"
1857-08-06,"Important from Warrington
SETTLEMENT OF fRl NEW GRANADA QUESTION:
PAYnlST OF THE INTEREST ON THE SPANISH
Dxsf-rRocxEDISGs OF TUE NAVAL COURTS, Ere.


WARRINGTON, August 8, 1857.
The New CANADIAN difficulty virtually settled. Gene
raj Hsrran acknowledge the debt The means Of pay
ment - another matter.


No dispatches were received from Mexico by Senior
Robles PER Last steamer.


The administration aprrehends serious difficulty be.
Spain and Mexico. The spanish Minister called and
delivered to Gen Cas- draft Havana for thirty nve
thousand dollars, With which 70 pay the interest on the
Spanish debt in New York.


Dispatches received by the Indian Bureau report the
Utah Indians In quie, and prosperous coalition.


In Naval Court No. TO day, the surgeons appointed 10
make medical survey OF Lieut. Martin reported this
morning that they could discover evidence Of organic
disability. From appearance and his representations
they supposed there might be functional derango
ment OF the digestive organs Leutenants Gwathney and
Mont testified that they had sailed with Lieut. Martin and
knew him well. He was an efficient officer In every
respect


Before Court No 2 Lieutenant NJ Perry son Of Com
modore Perry, appeared on trial for dissipation. Com
mander De Camp, government sitncss, had known him
twenty three ears; him intoxicated once; sailed
with him several vessels and In boat expeditions In the
Gulf Of Mexico Commander Gaze, government witness
knev him from boy hood; sailed with him In the VIM
cennes; ho was drunk In every port at which they
touched nom Rio Janero Fraucsco-at such times
wholly unst for duty.


Before Court No 3, Commander Green's defence WAS
read and the Judgment Of the Court made up and
mitscd 70 the Department.",THE LATEST NEWS.,The New York herald. [volume] (New York [N.Y.]) 1840-1920
1857-08-06,"Aukuft


shocking Affair occurred In Clarkson yeste rday.
Mrs Marshall, who has boon for time dersnged,
being left alone for time yesterday with her chill
dren attempted 10 murder three Of them by pouring hot
water into their One 10 boy years old, who
afscr the attempt made upon his life made almost
superhuman efforts 10 cscapc and fortunately
cessful He broke away from bis mother, forced
open the door OF the room where he was confined,
and made good his escape Tue youngest child vns an In
FAINT about three months old and could mako defence
when taken up by hs Aihcr appeared 70 be dad,
but II soovered 10 exhibit signs OF life Ito
oovcry 10 entirely hopeless We have not heard the ago
the Of the other child Amer this shocking mpt
10 murder three Of her offspring, Mrs N. went and
hur Z herself and when discovered entirely dead.","An Insane Mother Attempting 60 Murder her


Children.",The New York herald. [volume] (New York [N.Y.]) 1840-1920
1857-12-21,"The banks OF Portland Tesnmed speolc Payment a Tue
same time with the Boston banks


Communication with the anthracite coal regions has
continued unobstructed by unusually late period
and the weather the main has tecnhghy favorable Cor
working both the mines and the canals. This day last
year the thermometer indicated IL degrees above zero,
aud the canals had been for some time closed Now the
canals open TO u work aud the thermometer yester
day Indicated 81 degrees above The usual
time q closng The canals being FAR passed the boat
men from apprehension Of borg caught with Their boats
from home BY sudden cold snap, conhrs their business
to the lines OF the canals While the mid weather .os
consumption OF coal for domestic affords
opportunity for Increased consumption for steam purposes
that the aggregate consumption Z probably not Al.
mui.hed. TIE following figures show The business ior
the week AMI season, compared With ast year",BANKS os MAIsx.,The New York herald. [volume] (New York [N.Y.]) 1840-1920
1857-01-20,"ALBANY, Jan 10. 1851
About nvo O'Clock this evening the mail train which
hh Syracuse about eight this morning, due here ~ half
pat two ran of The track through displscemens Of RAIL-
when near Spencerve. about eight miles from his CITY
The train going ct good speed al the time Of the &C.
cideDi The locomotive upset. and the baggage and FIRST
passenger Car ran into IT, badly smashing both The so
cond car also ran OF the track.


Jacob Howlet, OF Utica an extra brakeman, who had
exchange from the up train jumped from the platform,
and Was caught by the head between two oars and In
stantly killed.


hahcny abrakeman, OF Albany, was caught bet wsen
two cars and had both his legs cut OIL close He cannot
survive.


Lucius j. Smith, Of Johnsown, passenger In the first
car, mad both his legs broken.


These, fortunately, were all who seriously injured
but many Of the pasSeDgefs bruised or less
severely. Owing mostIy r. the storm those Injured
suffered much before aid could be sent Them. The engine
down. the city, and returned immediately with
cars and medical men and assistance Some members Of
the legislature were on board, but were pjared",Fatal Accident OH the Central Railroad.,The New York herald. [volume] (New York [N.Y.]) 1840-1920
1857-12-28,"We have dates from the Sandwich Islands 10 Nov 7.


that port had been larger this year than last owing 70 tho
gnumber Of vessels cruising in the Kodach and Brs
tol Bay grounds On the 9Th November there were, in
Honolulu sixty -four vesses-of which hy whalers
The number OF arrivals at all the ports the sandwich
Islands had been hundrcdnd the average for this
catch estimated at eight hundred and ty bar
rels. The American clipper John Land sail for
New Bedford on the 7th November. she had on board
the mos. , VALUABLE from


Her Britannia xessys steamship vixen, 10 days nom
Nukahiva, having icn Caao August ~, arrived II
Honolulu the 2lst OF October. Admiral Bruce had
gone Valparaiso 70 await the arrival Of the Admiral
rom Ensand The Vixen reported that the ksac,enDc
had gone 10 Panama. and the Reribution 10 Casb The
Vixen was expected 10 remain on the sandwich Island
station for time and would probably visit Hllo. she
carries SIX heavy gunsone ten inch, eight inch, two
thirtytwos, and two twenty tours. q. H. Meacham Is
commander. On October % Her Britannia Majestys
veying steamer Pumpcr left Honolulu for vancouvers
Island.


The brig Emma, Captain zenas Bent which len Homo.
lulu under charter for Fannngs Island last July returned
the oath October with about eighty tons oocoanut oil,
which pressed in about two months time. Fannngs
Island harbor Is In north latitude degrees 40 minutes,
and west longitude 159 degrees 20 minutes and
OF the many circular islands which abound In the Pacific
ocean II produces little else but cocoanuts OF which
there abundance and the settlers constantly
planting more. About year ago the rdnie grass OF
the Sandwich Islands introduced there and grows
well Capt Bent left on the island six and bull
and few sheep which, Is thought win prove OF great
70 the settlers Mr. Henry English he""propretdf""
aud Win ma lew wnte companions anu one nundred and
fifty natives from aneghbcring Island may be consdered
possessed OF quite apretty property At the prices real
lied from the last lot Of oil brought from there-hy
per gsllonthe present cargo Of the Emma worth
alo 600 besides which she took Tahiti for sale there
some forty tons The British flag, we understand has
been raised on FanniRgs Island, formal possession
having been taken by the British authorities Captain
English the island having purchased "" frompre-
vious owners and the protectosts OF the English flag
gives additional guarantee TO his rights.


Tn September !, In Shanter Bay, John Canning
tive Of sag Harbor, L. L. first officer Of the brig Hawaii
OF Honolulu and three Hawaiian seamen, killed by


loose whale coming up under and striking the boat In",,The New York herald. [volume] (New York [N.Y.]) 1840-1920
1857-06-06,"GREAT SALE OF 100 Lots ON NEWARK PLANK


"" road the Junction Of Bergen Point rosd-Ssses
st for above point every hen mnues, from Jersey City
Terry via. Bergen; fare cens DAVID SCOTT. au.uon
eer. viii sen ~ public auction on Tuesday, june also
clock r. tb- premises loo very desirable lots situated
Newark plank roed. hundred buildings have
beeu the vicinity within he last and
under contract The lots viii be cold 10
plots purchasers Par OF the Property covered with
Ane would make beautiful pscs for .deucs
Terms liberal Known the Of sale For fur
cher parcuars inquire Of the Auctoneer NJ bis oce rs kon
geometry street",,The New York herald. [volume] (New York [N.Y.]) 1840-1920
1857-12-23,"REPuBLICAN AND WIG PRIMARY ELECTIONS.


The city republicans met at their respective head
quarters last night to elect delegates TO the General
Committee for the year 1858 The republican party IN
this city well organized, and their ward Associations
very generally represent the feeling Of the party Here
toorc the primary elections have been honestly conduct
ed the party powerful enough TO carry our
local elections and the horde Of greedy corrupt Office
seekers looked TO other quarters to satisfy their thirst for
office. Within the last two years however, the party has
shown such strength in the State and The most
objectionable class OF politicians have Joined the organz
uon and are endeayoring to control all the local nomna
tions and tho General Committees A. yet the rcpub-
lcan primary elections are not ~ bad AZ tho old
whg aud democratic primaries were, but they are
fast becoming exceedingly corrupt especially rs tho re
cent election has shown that the republican organization
ssecond In strength 10 the democratic, and will hereafter
he the opposition party so far NJ our city politics
cerned.


There much trouble anticipated at tho election as.
night, growing out 81 the desire the part Of certain
prominent republican politicians 70 control the General
Committee for next year, AZ many four tickets were
run in some % tho wards and the contest in all of them


In the lower wards things passed OF quietly as there
was not enough of active republicans In them 10 get up
decent row In the Eighth ward there orsaniza-
tons both OF which claim 20 be regular and each Of
whom elected delegates In the Ninth ward the banner
ward OF The party IN the city, there were three tickets
run and much excitement was manifested In the seven
teenh ward the feeling high during the day that
possc policemen had 10 be IN n tho
peace that during the Fremont excitement some
400 Germans allowed 10 join the Assoc alton and
though OF them are now GOOD democrats few Of
then countrymen induce them 10 the repub-
hcan primaries and they generally control the
0f course the Americans do not like this, and wish
strike the tshy Germans from their rolls So high did
the feeling that the parties fearful OF coming
blows and hence the application OF thepoce. However,
the anticipated fight did OF, tho Americo
German party elected their ticket


In the Eighteenth ward William Bos, acting secretary
OF the club proceeded 70 call the roll OF members
cluded this and all having FIRST SUPPOSED de.
posted their votes the polls at O'Clock declared
by the President Homer Franklin ESQ. TO be closed
Al this time there hundred and fty people
few only Of that number, Immediately up demand
Tor the secretary 10 proceed aud call the entire roll
asserting that they were regularly enrolled and legal
voters In the club. The President and secretary h0U
insisted that the entire roll furnished 6y
the Executive Committee had been called over This on
the other hand denied. Some ats atom ensued
during which the committee and officers uf the meeting
were charged with having altered the roll suit them
selves and elect their own friends. rush subse
quently made Tor the ballot boxes which however we're
secured and taken from the during the excitement
by Deaneld Smith, and the votes counted by com
mtiee below stairs. general melee ensued IN which
sundry blows and kicks we're freely exchanged this how
ever, lasted but few minutes, the police who had
been sent for al the commencement OF the disturbance
Qon arrived restored quiet and held possession OF the
room during the remainder of the evening


10 the Nineteenth ward every thing passed of with tlo
eycement and N very peaceabe manner not over 50


In the Twentieth ward there feeling, induced
ny opposition 10 II. II. Conover, the acting republican
street Commissioner who was desrous of representing
the ward IN the General Committee mwever the wires
successful, and Mr. Conover was elected All the other
wards were quiet far as we could learn.


WIG PRIMARY ELECTION.


Pursuant 10 the call Of the Whig General Committee the
old ne wings met y their headquarters last night, and
eoc,ed General Committee for the year rSss The onca
hg I41U dvrr dta1 IaVen fa",City Politics.,The New York herald. [volume] (New York [N.Y.]) 1840-1920
1857-12-24,"Small Pox.-How Is II that some Persons
sit by the bed aide of attacked by the small AMI
although surrounded by IL coa,sgoa escape The
already diseased state with regard their
humors and the like eavrn four only
the az setting them In fermentation. This subject
Of great family importance. In nine out of
boiies OF all condition receive impress
from Infection Purge occasionally freely keep the stream
Of life pure. with


BRANDkErH'S PILLS,


And bid defiance all infectious diseases and
proach the bed Of sickness without fear % Infection
sold at principal oce Is Brandreth building Cana
IT ~ Bowcry and I Hudson street, 81 Division street and
by Mrs Hayes lbs FULTON street. Brooklyn. Twenty Ave
cents boz, with full directions.


Frangipanni remains the Handke rchief
longer than other perfume Oct tho genuine
Broadway and Walker street.


Cr1staaioro's Hair Dye, Wigs and Toupees-
The very the world Wholesale and retail the de
privately applied. No. Asior House


Batchelor's Hair Dye, Wigs and Toupees-
The best in the world surprising all made Sold and applied
at the mandatory, ~ Broadway,


----


Barry's Tric0pher ous II the Best and Cheap
est article for dressing identifying Gle curling
wing and restoring the hair Ladies' H. Sold by all druggs",,The New York herald. [volume] (New York [N.Y.]) 1840-1920
1857-12-28,"PIRsoSAuSe POLICY IssprcToa.-A giving his
Mansfield Smith arrested Saturday last,
charged with committing gross outrage on the young
female residing NJ IS Forsyth street, who threw her
born infant into the prvy Wednesday evening last Ac
cordng 70 the charge Of Acting Inspector Davis Smith,
who grossly intoxicated, made hts appearance at the
house where the unfortunate girl stopping and stated
that be the captain Of the Tenth ward police. In
despite Of the efforts Of the females In the house, he
forced his way into the girls room and commenced
abusing her In coarse violent and threatening language
police of. GER called In and smith arrested and
brought before Justice Wood who committed him the
charge OF being drunk and dorderiy The sick girl
terrified by his threats that she lies amost cri
teal state and Il "" feared she will not live.


SHOWING How You've MxS LoSx nuHR MoSr--Jancs
Boyd young gentleman residing at No l2s Christopher
street. got into trouble Last Saturday evening at the
store No q West broadway According 70 his AFFIDAVIT,
ned the Lower Police Court Boyd entered the store
for the purpose Of buying segar While there he was
accosted by frail young woman named louisa Smith,
who finally became very loving, and in her endearments
managed ~ slip her hands into his pockets and took
therefrom wallet containing $50. He found out what
the damsel was at and endeavorcd 10 his money,
but louisa called 10 her assistance another woman
Catherine ponnely and between them they retained the
wallet Boyd procured the services Of officer and the
were arrested, and were subsequently brought
befoyo the police magistrate at the Tombs and commted
for trial In default Of $500 bail They both loudly
verate their innocence Of the charge.",Police Intelligence.,The New York herald. [volume] (New York [N.Y.]) 1840-1920
1857-12-28,"GRrYrovS, Dec Is, 1867.


AZ the request II your correspondent who TOOK hs de-
parture in the wabash improve the opportunity Of the
English steamer sailing this morning to give you the atest
news from The deserted camp and the free city OF Grey
town. The election of in true English style the
independent getting most gorousiy drunk and the
people eecting their ticket trumphsnty. The property
qualification adopted In the constitution dsro.
garded truly republican principle governed a, the
polls every voted who lived within nifty miles 81 the
station house, whether property holders not black
brown aud white is votes cast-1Il black men and
81 white men-amonv the Inter were many who are
by courtesy allowed 10 consider themselves white. The
chief magistrate Ia German and white man or tho
three Supreme Judges two are nrrers and one white
The Council and balance Of the Offices are filed about
the same proportion-two nsgers to one white man.
Mayor Martin, who has 20 long ruled the town,
unsuccessful candidate.


II has rained without ceasiDg since the Wabash sailed
Grcytown Is under water and canoes are the conyc-
nences In which The usycracy pay their moruing calls
Great surprise il felt here at Commodore Paudine re
leasing sending shore some Of the men who came
here the Fashion bu, greater surprise still felt tha no
measures have been are 10 be taken 10 advise Coone,","THE VERY LATEST.
THE ELECTION At GREyTOwS-rHg SUCCESS or
COLONEL ANDERSON ON THE RIVER.",The New York herald. [volume] (New York [N.Y.]) 1840-1920
1857-01-03,"HARPRRs' NEW WEEKLY TREAT anxiety
has been felt among the reading community
10 see Harpers' new Weekly. The first mum
Der has been sent US BY Shillington, the agsnt
in this city. We advise all who wish to take
really first class literary newspaper to buy
it, and judge for themselves. Price five cent.
per copy. -


LADY SKArERs.-0n Thursday we noticed
some young ladies Of this city Of the upper.
tendon stripe disporting upon skates, in very
good amateur style, on the canal near the
Four-and- a half street bridge. Good We
don't SEQ why the Montreal and Quebec ladies
should monopolize all the fun in the feminine
skating line.


CENTRE MARKEr.-There was but q slim
attendance at the principal market, caused
probably, by the condition of the country
roads. The market was very damp and un
pleasant, the gangwsys being coated with
mud. The prices have not changed mate
rally since last week",,"Evening star. [volume] (Washington, D.C.) 1854-1972"
1857-04-10,"The government has dsered . registration and oen.
sorsbp OF The press the French model Il also Offers
lands In Roum ellie and Anatoa 10 foreign emisrants
bringing three hundred dollars capital


Christian soldiers wsre 10 be incorporated In Turkish
regiments.


Pkani chief British interpreter, had quarrelIed With
Lord Stratford and resigned Temporarily.


the Commissioners 70 Principales hsd al Ion for
their posts.


Tho commission appointed TO inquire into the lending
the Polish expedition 70 Oroasss has mot yet rep ,rted
but has IN the meantime ordersd the arrest Of General
sseln and CAUCASIAN, Pasha Ismssl Director a Oos
for bsvipg been active In organizing the expedition.


The steamer Kangaroo, on her return, brought IS
men and 20 sAildren Otroaasans, and there was little
doubt but that hey would bs sold 81 Oonstspuope The


English authorities prsen ded 10 seize the ship conveying
the expedition, but proof was wanting.


letter from Nehemes Bey, Gen. BADjya's aide de.
CAMP says the landing Of the sxpedisoa effected
February ""a, u rsub, where the headquarters we're
fixed. kehemet brough with him 400 for instruc
ton in the different Arms of He had accepted 81.
Preme command Of the Oircassian forces rho MOBILES
and deputies had obedience him and entrusted
him with the prophets Gag he would ta the sId In
Nay.",TURKEY.,The New York herald. [volume] (New York [N.Y.]) 1840-1920
1857-04-11,"NEW YORK, April l0.-The fdgate Niagara.
which was to sail to-day on her trial trip met
with serious accident just after weighing an
Choir. She burst her cylinder disabling
the mac kinery, and Is unable TO put TO sea until
new cylinder-head is cast. Everything had I've, n
arranged FOR leaving this morning at eight o'clk
Seven, and at eight she began 20 weigh ohor
After taking short run up the river she rounded
TO and headed for the Narrows. when, Just on
Bedl0wS's Island, crash was heard. and imme-
diately twas discovered that the cylinder head
had broken in two. The Niagara Immediately
anchored again, and the steam was let of The
explosion was caused by n flaw in the casting.
Men were set 10 work this afternoon 60 make the
necessary repairs",Accident to the FriRate NIAGARA.,"Evening star. [volume] (Washington, D.C.) 1854-1972"
1857-06-21,"UCrlON SALE or RICH AND ELEGANT FURNI.
""a ture OF the finest descriptions be sold public SALE
Tor casa by SMITH, auctoneer Monday, At l01 M
from the large five story private dwelling 10 West Twenty sixth
street, west OF Filth On the
And variety Of goods contsined Ia the house.
that purchasers shoud be In their The
contents are In part secretary aud
gere plate 'front.' centre tables quarees French work tables
reception chairs stands eegeres Eliza
oeihAn and antique bedseads bureaus sofas
moulded rosewood; mahogany sofas ete tees lounges
chairs bedstesds bureaus tables &c carpets consisting Of
BRUSSELS and Venetian stair do velvet and tued rugs Ade
aide and decorations, oil paintings fne colec


ton and pleasing SUBJECTS and c.oe Of Dresdren and
Sevres porcelain richly painted Paran figures fancy
ognes artificial flowers and vases French pier oval
brocatel and lace window drapery gilt win
dow shades candelabras chandelier nad gothic clock
alabaser and fancy do heavily colored octave
Pianoorte Of the finest tone bedding matresses pillows
A crockery and silver ware tea SETS tumbers
coiored wines and Bohemian cut sill
plated savers tea services casters cake baskets forks
spoons. napkin rings &c. Sale positive without regard
weather",A UCrION SALE OF RICH AND ELEGANT EuRNI,The New York herald. [volume] (New York [N.Y.]) 1840-1920
1857-07-23,"PooR G1RL-Mary Donohue, the servant girl
70 whom Coroner Connery, in the famous murder
inquest, said that a. she carried her tail behind
on ""Wednesday with a lamentable tale of woes
She said that she had been imprisoned a. wit
ness for six weeks during the Cunning ham trial'
and that when she was freed all her things were
taken away by somebody or other, and she did
not have single shilling left in the world She
was sick and went up TO Bellevue; but they retus-
ed her admttance there, and she was forced 70
Withdrawing money to ride-from Bellevue
all the way down TO Greenwich street 10 the house
OF the only friend she had in this city-a poor
woman with but slender means After staying a
day or two a death occurred in the family, she
was forced TO leave, since when she has been STAY
ing few doors from there. She iS without friends
and without money. has been confined in prison,
and been sick Poor Mary, She has lred worse
murder","Pooz Gtrt-Narv Donobue, the servant girl","Evening star. [volume] (Washington, D.C.) 1854-1972"
1857-06-01,"During The past week the two quaker organizations tho
Hckstes and the Orthodox have been holding their yearly
meetings In this city, which have been largely At
tended ""a heretofore owing TO the spring which
has kept Friends who farmers work making up
for lost time The Hiokstes commenced their meeting
vened In the Norfolk street church for the transaction OF


their routine business The meetr e continued every
day unit ""Wednesday last, when tho Hcksites took their
departure for their homes


Lat Thursday the Orthodox Friends me. In Orchard
street. The only meeting place they have In this city,
being numerous their heuodox brethren Who have
three meeting placcs The first scsson that IL the
elders On Friday and Saturday the regular Friends
meetings commenced and yesterday Orchard street meet
ing house was crowded vnh broad brimmed and long
bonne,ted assembhse The room unable 70 oousaio
all who many old ladies' had 70 tai up their
sea the sairways leading TO the galleries. whie
broad brmmed galan crowded the Ases pesped ever
zach othevs hats at the speakers.


Prom the appearance u the meeting YESTERDAY ""A WINS
evident that the vanies Of the world and me nos have
made sad havoc with The Evolutionary simplicity n The
Friends All the young people, or nearly all we're FASH
onaby dressed and In more tnan instance poosd
young Quakereeses ~hoee rotundity OF skirt must cha
ri,ably suppose caused by the periphery Of hoop
meetings we've Priscilla Green and NARY Nhosos AZ ing
land; susan X. Smith, OF Burlington, Vermont: nab~th
Meder Of Proviiensc r. Mr.. street., Of CncnnAu O:
rbelp X Ginord, OF dartmouth, Mas and Ed Osborue
Iowa besides the well known New York prsacberu he
whiting Friends are from Iocg Island the river osuutes
Ccnneticut, Massachusetts, Vermont with 70 from III
Far West The meetings will continue until ""wednesday AZ
ernoon Strange say We have had nueh rain duYur
The past week, although the ""ouakep are In town.",,The New York herald. [volume] (New York [N.Y.]) 1840-1920
1857-01-23,"Wanaeh's rheatre-F1rss Appearance Of


MISS Heron.


NJ house was very well attended iss evening, on the
occasion Of the nrss appearance Of Miss Matilda Hsssu,
~ aeess who has attained considerable celebrity in The
Yusal dsiols The play was literal translation nearly,
Il ~ Dumas fb drama ola Dame aux Camenas."" played
hare under the absurd title Of Camille"" Absurd, no
cause Camilla was Of the attendants upoa Diam,
ehae goddess, while this play illustrates the errasio lie
md miserable death Of oonsunptive I0ress.


We have already had two versions Of this play. That
II Nim Davenport smoothed over III disgusting dsformiy
~ fr ~ possible, preservag the original design OF tho
Aator Thai Of Miss Laura Keene made the scsion trans
pre- IN dream, which wss rather dodging the question.
We have placed our objection both Of them record


Miss Heron comes out oAnddly and gives crude but
1ahiui transason, which bad English takes the place
II good French.


The MAY n 70 we'll known that an analysis
u Tho plot u not necessary. Inc heroine 10
baA woman, who seduces a spooney young man,
then makes extraordinary sacrifices for him, and
nnaIly dies Of consumption It h well written play,
Dramatically speaking, and Affords the greatest oFpotu
utly FOR strong Effects Miss Heron IL actress who
deals In strong ceOts Miss Davenport played Camille
well. Hhe like safe, strong ocean steamer, vel
contributed In every part carrying just enough steam
- make good time and bringing her passengers safe into
pcst. MIS- Eeene resembled nicely bui beautifully
h1esd up yacht gliding among pleasant scenes giving
you gtmpses Of Etruscan wales and Claude Lorraine
landscapes throwing vivid color ali around. Nss
Bsron SHOULD describe high pressure nrst olass
Western steamboat with ell her fires up, extra weights
the safety valve and not less than forty pounds OF
uleam 70 the square inch. The effect 10 nne but the
Danger Of ""a explosion IL imminent We arc not PRE-
pared 70 say that Miss Heron woman OF genius; she
b certainly actress Of great talent and produces the
nest atriking effects with almost electric rapidly.
ne y not handsome, but has . COED ngure and
ne stage presence In the first act she looked
md played exceedingly we'll. We have rarely seen


better piece acting any stage. The phases Of tho
pharacer were touched with bold, free hand showing
II true artist In the second oct Miss Heron hale
ulsw but atui very good. In the thrdac she played
Ne with Duvs pere very naturally and effectively
but s'put little too much steam In the scene with
Armand Her interview with the Governor would natu.
rally leave her without much physical energy, whereas
Ais heron displayed great deal. She played TIE
barlh acs with great deal Of passionate sarnestness
quite In keeping with the authors idea TIE atth, deli
heating OAmilles illness and death, hnely acted
asd IN faot the performance throughout although little
too broadly cored 10 suit individual tast abounded
- points which proved coneusvey that Miss Heron 70
Justly entitled TO rank grand raoedienns the audi
snos endorsed this opinion heartily. Miss Eeron was
warmly spSlauded throughout and was several times
called before the curtain. Her here fat
cswpl NJ sothorn's Armand was creditabie, and the
play was wei mounted.",,The New York herald. [volume] (New York [N.Y.]) 1840-1920
1857-07-11,"The meat mayke' 10 vel supplied, and rates tr ""a
lower this week The weather makes butchers
ious SELL and beedes the abundance OF green vegetables
furnishes food those who vll pay exrsyaSAn,ly
thoy can hep II for meet.


Fish IL high bu, still IL cheaper than meat and con-
seauent,y IN active demand Salmon no, any cheaper
than was sud sells, the best OF for 20 cents pound


price that puts this delicious nsh entirely outxds the
means Of poor people. Salmon trout from the lakes In
and sells well


The chief interest OF The market centres however In
the vegetable ACKNOWLEDGEMENTS being OF the nrs,
portance. The Bermudss will be out and no sell
ror ~ per barrel, with active demand Tborc
more Charleston cid potatoes Norfolk and Long Island
new potatoes now HI the market, and sci for 81 per
barrel Farmers say the potato crop this year Will be
enormous and the prospect IL that will have this
Will be impossible Tor the ""bI.i' dealers TO keep NJ
prices; down they must come. Few Norfolk tomatoes
are IN the market, but sell very high.


There but ttle n note 10 other market truck be
yoDd la abundance aud ohcapuou-ihai comparA veiy.
Batter n coming down In price slowly but surely II viii
he impossible for farmers 10 get bgh prices for butter
hereafter, AZ they compelled TO depend entirely upon
the home market The California trade s gone lorogo
and export very ttr butter The grass crop has boon
wonderfully large, and every hing consrrcs 10 keep
prices tbs poesbo that we win have the besi butter
Gown 10 20 cents per ID. retail this fall


Strawberries are a. OF, but Instead have raspber
res, and vhortebcrries, and entrants In abundance
There e~ green appes FOR sas but the dealers ~ho
have them should all he indicted and sent 10 the pcaen
tzry. Any who cats them r. good Tor attack of
ch0ers norbrs oranges bananas pnespp and lemons
are plenty and cheap. The follow ing are The",FAMILY MARKETlNG.,The New York herald. [volume] (New York [N.Y.]) 1840-1920
1857-09-15,"The day NOT propitous, the weather was moist and
and half rAned and half hire stened rain all day
To give the PeDnsy correct Idea Of the genera
appearance Of tho city the streets were In an unusually
dirty condition, and even Broadway IVES . sea
Of mud nom end 70 end, .hrough which
thel Walters we're compelled to wade ANGLE deep
All the hotels, public buildings, ana may Of
the private boases along Broadway were decQIRted
with eGs Much Of the shipping the harbor had their
Hses and streameu up, and dspositioa Was manifested
on ell aides 10 recognise the day and the event


MEETING or THE NEW YORK VOLUNTEERS.
Al noon the New York Volunteers asse lied al the
Mercer House, whore they remained 10 await tie arrival
or their oor the Twelfth regiment when he came
that Andrew Jackson hsd refuse 70 give the gold box 70
hsjer Dyckman, there considerable excitement mani
tested and some sharp words passed between the parties
most Interested In he controversy There seems to be
two organizations OF the Voluneers-cne the mains
az the regiment proper, and the Volunteer As
rocstion, OF which Major Dyckman Is President
The latter organization generally favor the Majors claim
he GOLD box, while the regiment contains . msority
opposed ts the ard or Tho Common Council resoiu
ton passed 1t the Mercer House appaudng the
sben by Mr.. Jackson.


The Volunteer Association paraded separately from the
regiment They TUNED out TO the number OF about forty
without muskes, and their only distinctive mark
white satin badge on The left lapel or Their costi with The
words


.S~~~~~~@~~e~~~<~s>~esSSSSe","APPEARANCE OF THE CITY,",The New York herald. [volume] (New York [N.Y.]) 1840-1920
1857-04-24,"Dy2ARTCNH or SECRETARY COBB FOR GEORGIA.


THE STEAM REVENUE CUTTER, ETC.


WASHINGTON, April Is, 1857.
Secretary Cobb left for Georgia this morning. having
ceved despatch late last evening from his family in
forming him that his presence required. He will be
absent upwards Of two weeks, during which time Mr..
Clayton Assistant Secretary, viii perform he functions of
the Office.


The Secretary, before leaving instructed the Board OF
Examiners Of the model for the new cutter,
when they had completed their abors 10 seal up their
cision, and to let no one know what they had decided
upon.


The Cabinet held informal meeting today, for the
frt time since Monday but little business was transacted",,The New York herald. [volume] (New York [N.Y.]) 1840-1920
1857-04-24,"Grand Turnout OF tho Target Companies-
6yDOO Volunteers I'm the Professional Gala
Day Among the Target ShOoter~-Rrvicsv OF
the Citizen Volunteers by tho Mayor and
Common COuncal-Thc Independent Corps,
&c., sc.


The grand parade OF the Gtzea Volunteers, which should
have taken place on Monday bu. postponed on
count OF the weather. Of yesterday. and consider
ing the circumstances, was quite success.


This demonstration remarkable one FOE many rea.
sons Is the first time the target companies OF this city
have come together, and certainly other city the
world could show 30 orderly aud well disciplined corps
Oh volunteer sohiery. These young men paraded at
the'r own expense, paid for dress, music and Incl
denta.s, ana lost their time for no. other reason
than 10 Show our citizens how numerous, well organ
lied add powerful are the volunteer Companies OF
New York Large AS This parade was, gives but faint
Isnies, Who II they could all be induced TO turn Out
would probably number &c. 900 able bodied men
spring day and the city was gay i'm ass and nne
The principal hotels had flags hosed In honor Of The
event, and The C'y Hall Was similarly adorned with the
banner containing the city oonspicuosy waving
over the point where the review took pisce.


FORMING THE LINE
The line was announced 10 be formed on Fourteenth
street at az O'clock but the companies did not
10 arrive until 10 O'Clock and much delay was experenccd
N the formation arising in gres, part to lack ef military
knowledge on the part of the field officers. They
mostly young men with very little military cx.
perience, but q great desire to cut q hgdro



will doubtless kaow their duties better.


The first division composed OF companies from the frat
twelve wards Of the city, formed in f0ureenth street
the east side Of the owery. The second division formed
in the street the west side OF Broadway. The
visiting companies from other cities formed in Washington
Parade Ground.


After considerable delay division review took place,
when the volunteers took up their


LINE OF MARCH.


The Parade Ground, Fourteenth street and Broadway
alive with spectators and the presented by the
soldiers they filed past really very fine. The uni
forms generally neat, and sometimes decidedly pic
nresque. The line moved down Broadway the sidewalks
Of which densely crowded, 10 Chambers street. from
thence 70 Centre street and round 10 the Park, where


TIM REVIEW
took place The police arrangements were excellent and
the space in front of the City Hall entirely clear
Much OF the credit for the good order is due 10 officer
Mserson The Park full Of people, and much interest
excited by the review


About O'Clock Mayor Wood and the members or the
Common Council took their stations in front OF the City
Hall, together with Sherman Brownell, Justice Connolly,
Messrs Stephenson, Williams, Wheewrisht and other dis
tnguished citizens.


The line then filed by In the following order -
mn nderi in Ter",PARADE OF TIE CITIZEN VOLUNTEERS.,The New York herald. [volume] (New York [N.Y.]) 1840-1920
1857-08-14,""" The following parody on the Fine Old Eng
Iish Gentleman is better than the original. 1t is
written By thst~versatile wit, clever poet, good
singer, and ""a good fellow generally"" James A.
valentine, Of the New Orleans Pioayune, -


The Fine Old Yankee Gentleman.
III sing you good old song that you hav'nt heard
OF fns Old Yankee gentleman. of a fine old Yam
Who there had lived from childheod's years. con-


tented with his fate,


Like hne old Yankee gentleman. one of the


present time.


His cottage stood upon the hill, from whence at
He hed him forth to cheerful toll. which health did
And there AZ eve. in peaceful mood, he smok'd his
And ausf d mug of cider DID, and puff life cares
Like hne old Yankee gentleman. one of the pres


ent tune.


And when the p!oughing matches came, with each
With cheerful Took and merry heart. he'd foremost
For though three score aud ten s years, plough


he well could steer,
And set a ridge or furrow turn. with any young
Like fns old Yankee gentleman. one of the pres


ent time.


But cen the brave old oak will bend before stern
And looks Of wear and tear, now told his strength
Yet on the hand that still rewarded service
And crowned the winter of his years with comfort


To the last,


OF the hne Old Yankee gentleman. one of the pres


ent time.


And though old customs still may change. oh may


we ever find,
That good old soul who TOLD for US, within our


hearts enshrined;
For though no broad fair lands HIS or wealth
He'll carry to the grave with him. the love of ALI his


kind,


Like fine old Yankee gent sman, one of the pres


ent time.",EVENING STAR.,"Evening star. [volume] (Washington, D.C.) 1854-1972"
1857-12-30,"WASHINGTON, Dec. 70, 1857.
African Stare 7.ade-Aaeicdns Actirsly Engaged in IL


USeleSsnesS Of American Squddron-Condut Of the
Brltish-Bosion Slaper Run Ashore, and Hundreds Of
Sldres Dr0pned--French Trade in Sdpes-CoLision BE-
teen Portuguese and French Authorities the Subject
From information just received here from the American
squadron the coast Of Africa enabled give the
following particulars respecting the present active prose-
cuton Of the slave trade on that coast


The United States shipof war Cumberland sailed IN
June last for the slave coast and on her arrival found the
slave trade the river Congo and elsewhere in active
prosecution The Americans were chiefly engaged in IT,
Boston took the lead having than her share but
there also vessels from New York and New Orleans
From those cities the capital supplied together with
American vessels and papers and captains. The slave
rade chiefly carried by American vessels under the
American flag, and in American built ships


-Four captures have recently been made by the British
squadron. Two Of them--the onward and the brig
Chareswere Of Boston, with Boston their serns and
provided with American registers Another Boston SLAYER,
the bark Splendid had been captured by the Portuguese
government for infraction Of their laws, as SLAYER,
within their waters.


The Boston brig Charles repeatedly examined by
British cruisers and passed unmolested After she
had taken in full cargo OF slaves the cruisers then bore
down upon her, and there chance for escape
the captain run her ashore Nearly all the slaves
drowned in the hold, few only being rescued by the
British.


so great are the profits Of the trade that one in Eve
vessels escapes the vigilance Of the cruisers the owners
content New Orleans IS said 10 be the chief medium
Of outfit but many vessels get away directly from New
York.


the American slavcrs displayed American colors, and
showed they could do, American papers when board
ed by British cruiser they could not under the treaty
be moested. But the captains throw overheard their
lors and papers, and thus found D the predcamen Of
pirates They afraid Of being turned 10 the Anne
cruisers when under our laws they would be sent
home and hanged for piracy The British officers looking
only for prize money, more lenient They persuade
the acknowledge their character rather than
be detained for the American cruisers and, thereupon,
the vessel Is seized as prize and the officers and crew
suffered TO escape.


Thus Il Is that laws defeated by British co1u.
sion with slavers is 10 be observed that
cruisers heavy sailing vessels, and do nothing In
comparison with the British war steamers, which are
axrtft nd If lgl


The American government and its squadrons are placed
In ridiculous light Our cruisers cannot overake swift
Il you will own up"" and surrender your vessel - .
prize you may 20 scot free otherwise We VIII dean you
and deliver you TO the Americana 70 be hung for piracy


The Americans prosecute the trade without personal
hazard The worst that happen 10 them II W oee
vessel and then and they lose four out Of i've


n our government were really In earnest in suppress
ing the trade they would substitute swirl war steamers
for sailing vessels on the African coast AZ IL rs, they
might inquire into the mode In which the British cruisers
execute their instructions


There were dozens OF American vessels the coast
and engaged in the rac. The river Congo the grand
centre Of operations but every river and inlet along the
extensive coast sbounds with is barraccons.


The establishments on the coast OF the French system o.
African apprenticeship appears 10 bafe and puzzle
the British resident Commissioner a. well as the British
Admiral and commanders. One Of the United states
squadron bad fallen In With French vessel On demand
ing her papers officer advanced and presented his
commission Lieutenant OF the French navy which
naonazed his object which he declared was 70 purchase
II
/ sells the coast FOR the same purpose. mer
chant Of Marseles under contract with the French 60
yernment 10 deliver twenty thousand negroes in the
French West India Islands within three years The
Rrocs purchased by French agents precisely they
by the slave agents but the orme say that the ne
gro freeman the moment he touches French desk
lie then becomes an involuntary apprentice for fifteen
years and much longer the planter finds him
l yiccable.


Thus the slave trade IL reopened by the French go
vernment and probably with the assent Of the British 60
vernment which will follow the example at no great dis
| lance "" time.


At present the three parties VI the slave trade are1s
the New York and Boston savers I'd the British cruisers
which compromise with them for gain and 3D. the French
| government


But Portugal, claiming sovereignty portion Of Az
RIGA including the river Congo objects 70 the prosecution
OF the slave trade within her jurisdiction by the American
| slavers, or by those OF the French government
The collision between the Portuguese and the French
Authorities and forces at hand and inevitable.


Conferences had been held between the French Admra
the station and the Portuguese Governor General The
Admiral persisted in denying the claim Of Portugal 10 iu
| risdotion The Governor firm, and ordered hssna
forces proceed 10 the Congo and expe the Frenci
slave agents The naval force had gone execute the
order and the French Adsra bad prepared FOR resist
| anCe.",,The New York herald. [volume] (New York [N.Y.]) 1840-1920
1857-05-09,"Cheyenne squsw, the wife Of white man called
Sailor Jack, that she had just returoed from visit
70 the village-tbat she Cheyennes were mostly cor
iecsed On she Republican Fork Of the kaosas aud that
they were exps cuDg visit from the United States
troops the coming summer. They aid not expect or
intend TO fight the troops great deal bat we're gng
TO put the women and children out OF the way, ami
then scatter in email bands from the Platte to the
Arkansas, and they say that they Can, In that way
skill all they want, and get plenty of white women
for prisoners"" This Is their exect language.",,The New York herald. [volume] (New York [N.Y.]) 1840-1920
1857-11-24,"UCTION CARD.-IMPORTANT TO HoUsEKEEPERS.
""A TO parties of first class rosewood furniture and
elegant furnishing articlesTbe undersigned will offer
sale Wedne at l0 O'clock
the choicest and valuable collection of superby carved
furniture Of every description, and magnificent
parior that has been offered at auction In this city
during the comprising the entire contents OF the
eieg furnished residence No 52 West Twenty first street.
avenue the sale which VIII be for cash,
every article the house will be perempory sold 10 the
highest bidder II Is anything in regard
elegance Of this furniture parties who intend
visiting this sale personal examination will be the only
satisfactory proof OF intrinsic worth and real elegance.
Catalogues will be furnished purchasers the door
ming OF sale.


Psrors furnished throughout in solid rosewood-supcrb
panofore nlad with landscapes of real
sanstoo and paror furniture suite double
single covered In satin brocade and silk velvet with slip
comprising four full suits; rosewood Elizabehsn
with marble tops French divans covered IN me-
daon tapestry rccunben charsto match sig elegsn, man's
and pier mirrors, mounted In ormou. French brocade
drspey and lace curtains marble music escetore
with plate backs; centre pier aud sofa tables with
Egyptian and sauary sixteen rooms and paror- richly
men,s marble groups and figures paintings elegantly
canvass variety Of other splendid paror furniture not
mentioned. -


Also splendid rosewood wardrobes bedesds French mat
marble top bureaus commodes washsands cheva
library and secretary bookcases with every descrp
fon furniture Dining room furnished throughout
with oak rich glass solid silver &C Also, elegant chan
delers heaters &c. To commence at 10Y O'Clock
Pieo""e""' "" "" RUSSELL w wEsTCoTT, Auctionoer.",A UorIoN cARp.-MPoRTASr TO HousEKEEPERs,The New York herald. [volume] (New York [N.Y.]) 1840-1920
1857-07-25,"Who has not laughed at the exclusive cote
rieS, the pretentious upstartishness and the
scandal of our summer Spas and Watering
places' The Springfield (Mass) Republican
tells life-like incident which occurred at Spaf-
ford Springs, which is a specimen brick"" to
sample any of our fashionable houses by The
hotel there was full of people, and they were
all sitting out on the piazza one evening, when
the cars came along, and young gentleman
and lady alighted with small show of bag
gage, and with decidedly jaunty and rather
attractive appearance. The register was con-
suited late in the evening, and it was found
that they were to occupy different rooms. In
the morning they made their appearance in
the drawing room. The lady sat down to the
piano and sang and played elegantly. All were
charmed, and the delight was increased when
the gentleman sat down and swept the KEYS
most skllfully They were an accession
veritable treasure. The next morning the heads
of the ladies were all put together, and the
beautiful songstreSS was quietly left unnOticed


A fact had somehow leaked out that was a little
suspicious, and there had been considerable
champagne ssent up to the room Of the young
lady Still, there were two or three ladies who
would stand by the stranger until something
stronger than surmise had been brought against
her. So when she took her seat at the piano.


they would stand at her side and tell her how
well she played. But from day to day suspi-
cions grew stronger. The landlord was ap-
pealed TO to turn the offenders out of the house


Every eye was turned ScOrntully away from the
couple whenever they appeared. But during
all this eOmmotion, the young lady was cool and
perfectly unconscious She came in and played ,
she passed through tho drawing room amid re-


cOiing silks with her companion, as they went
out to their daily walks, as if she we're a queen,
and receiving the homage of every body in her
vicinity. At last the day of her departure
came Arrayed in her travelling dress, she de-


descended the stairs, walked leisurely into the
drawing room, took her seat at the piano, and
after running over the keys, without removing
her gloves, struck magnifcently into the song",SUMNER BOARDING.HOUsE LIFE,"Evening star. [volume] (Washington, D.C.) 1854-1972"
1857-09-11,"Prem the New Orleans Pcayune, Sept 4


The Steamship Robert Water man, Capt Wilson, from
Brasos Santiago, Calves arrived this forenoon. She
brought large amount In specie, and the Browns vlo
Flag Of the lpth ult from which aks the foo wing


Notwithstanding The Gnpreoedes ted droutn OF tho pre-
sent ysar the planters song our beautiful valley win reap
good haxvestA- On many faxms whore not snower Of
Tan fallen, comparatively good crops being made
This u attributable 70 The annual ovdrows Of the river
which, receding without rain, leave sufficient moisture
mature the crops sufceucy Of corn WIN be raised
10 supply tho wants Of the few planters who have settled
here, leaving . considerable margin for sale.


On local from the northern border OF Nexico
have but little OF interest The whole Rio GrAnde frontier
II remarkably quiet With the commercial community
business nj present IN somewhat dull the merchants
looking forward with hopes for impetus, which, now
In times OF perfect tranquility, their favoraoc geogrAph
cal position must inevitably Afford thom The tanners and
stock raise1 have prospect Of remuneration the
former have promises Of good crops and the latter from
The removal OF duties by this government from the class
Of animals, have 10 consequence, caused her sloa Of
ttock 70 be greatly augmented",News from the RIO Granas.,The New York herald. [volume] (New York [N.Y.]) 1840-1920
1857-02-16,"The london Norning Herald persists in Ito merits
Of attempted reconstruction OF the Cahiae. by in
fusion Of the Aberdeen party.


The London Pot, the government organ asserts that
the statements of the Herald unfounded apd thai
has gone bopeiessly mad.


II was, however, generally believectiat some such
construction was being negotiated among the party
The principal merchants Of Liverpool have presented
address 10 SIR ohm Mcneil and Col fgocn being the
Only acknowledgment yet given for their report upon the
Crmea mismanagemebt.


The first meeting Of the Mercantile Law Reform Con
ference took place London. Lord Erougham presided
and delegates from the principal cities attended. de-
putation wes appointed 10 cell upon Lord PAmersson
specting the Bankrupt laws TIE subjoos OF Trbural
Of Commerce vas referred to committee.
The working men Of London have formed emlgra.ior
companies on slArse acale, 10 Canada aud Australia.
The ticket OF leave convicts had held public meeting
in London on the cal Of Henry Mayhem. Toe meeting
WAS favorable 10 tickets OF leave bsiog good only In the
colonies.


All tho prisoners II tie OF the mntny On
board tho ship Bcgcrt have been hberad except Camp
bell, the second mas, who Is held On the charge or
shooiing.",GREAT BRITAIN.,The New York herald. [volume] (New York [N.Y.]) 1840-1920
1857-11-26,"IRON the Chicago Democrat, Nov. al


We learn from Francis Fox, sailor lately belonging ""
the schooner Flying cloud, the following particulars Of
her wreck and the loss Of her Fex "" one Of the
two survivors, and reached this c Saturday afternoon
The Flying Cloud Capt Alexander Sherwood, left this
port Wednesday morning, with cargo OF wheat for
Cleveland. She had got far down the lake a. Racine
when shc met the gale Her sails were blown away and
she was driven before the wind until she struck tho
shore near Grea, Calumet n the head Of the lake. about
forty miles from this city She stranded al O'Clock y
The following the Of the officers and crew.
Alexander Sherwood, Captain.


George Gardiner, lst officer.


Paul Stidd, ID officer.


Francis Fox (saved)


John Small


George Grimby,


Wat Balm


Henry Colnan (saved)
. John, steward.
The captain and crew all belonged 10 Cleveland


The schooner had lost lis boat the evening before,
and the only resource 10 swim 10 tho shore, which
only few rods distant This Fox, Gardiner and Rain
proceeded do The rest with the exception Of Coman,
were either dead or too badly frozen 70 speak
20 no further and laid down anfdied Conan and Fox
made out 10 get shanty, mile and half from the
wreck and endeavored 70 get assistance and possible,
get o those who were alive when they left the wreck.
The only boat oapsized however, and they were
obliged to abandon them.


Fox who was badly frozen and crippled, was without
any clothes and after being supplied by some shinglc
makers went 10 Mllers station, the Michigan South
ern road ree miles distant the wreck and came b.
this city Colman remains ~ the shany watching the
wreck","Melancholy Marine Disssser and I.oss NJ
Life on Lake Michigsn-seamen Frozen so",The New York herald. [volume] (New York [N.Y.]) 1840-1920
1857-07-13,"VORkVILLE PROPERTY FOR SALE, FOX UASH, Oh


exchange 10 Minnesota lsnds we'll located
lots and handsome improvements situated in the best improved
Of Horkve, Nineteenth ward OF the city OF New York
where the proposed wharf and docks for the Great Fest
line OF steamships from kngand be built and where
proposed depot for The New Haven Railroad
Gated and here all the great rsdc 70 the Easern states win
centre opened and grade.
ed distant $50 feet from the doeo water Yorkvie Cove
Will sell exchange at low rates and half The
FOR term Of Year,. Apply SAMUEL
HARRIS. 10 William gireef, room No. 3.",,The New York herald. [volume] (New York [N.Y.]) 1840-1920
1857-12-17,"GREAT ROBBERY or JgwELRY-ARREsr or THE AL.


LEDGED THIEVES AND RECOVERY or THE STOLEN


PROPERTY.


On Wednesday night expert robbery OF jeweIry was
effected, by two men and woman at the store Of Mar
guess Jacobs No 81 Oliver Kate Connery John
Stuart Thomas williams entered the above store for
the osteusible purpose Of buying jeweHy. while Mrs
Jacobs showing Kate finger rings Messrs stu.
and Williams seized box Of watches valued at $500
and Of with the Kate followed quickly in the
footsteps q her accomphces, and the three set on at
ordinary rate of speed The wife Of the worthy eweler
pursued the thieves for several blocks but owing tho
extreme darkness OF the night and the quality Of
furnished by the New York Gas Light Company she lost
track q them and compelled 20 return the
completely dscomhtted Upon recovering fully from the
shock produced by the loss Of 20 much property,
Kate IN the store former occasion, when
she stated that sho lived al No. - Oak street
couple of policemen down TO Miss Connerys residence
and II she al home. Accordingly policemen
tailed for that purpose Upon proceeding 10 the premises
aforesaid. the policemen found that Kate at home
They determined 70 wait, however aud concealed them
selves in her apartments until she arrived. Hardly had
ten minutes elapsed when Kate, accompanied by her
male companions, were observed coming up stairs
leisurely as Il nothing had happened The policemen
mcn arrived they pounced upon thieves and took them
INTO custody Upon the pssons q the prisoners was
found nearly the Whole Of the stolen property which
they had dvdet equally among themselves before enter
ing the house Yesterday the accused brought be-
fore Justice Welsh at the Liver Police Court, and
mitted for trial, In default Of bail.


MAKING Mrs-CrE-THuv or BILLIARD BAus -Isaac
Levine, Jacob Levine, Harris Goslck Moses Feean and
Wolfe Rosenbaum taken into custody by policemen
webb and Iata Of the Lower Police Court charge Of
receiving stolen goods From the evidence adduced ap
peared that about month ago stole twelve
Of billiard balls from the factory OF Frederick Ford
No 1o2 Fulton street. The thief cold the property
Rosepbaum Prom Rosenbaum's hands IL passed into
those Of Fellemsn from Felemans back 20 Rosenbaum
thence 10 Goslcks from Goscks 70 Jacob levines and
from Jacob Ievnes 10 his brother Isaac The last named
person offered the balls for sale at the billiard factory of
William j. sharp No. las Fulton street, but here Isaac
made miscue. Sharp suspected that there
There does appear be any evidence aeans the
cused showing guilty knowle their part In buying
The property They held for hearing nevertheless


oHAEes % HhGH~AY ROBBERY William Brady, Andrew
lAae and Lewis Martin custody charge
OF having forobly robbed Honore Ruyote Of No ~ Hud
son street Of silver watch and pocketbook containing
"" 20 The complainant, alleges that while BIZ in the


grocery store corner Of Leonard and Church streets the
prisoners called Tor drinks and then requested pay
FOR the Complainant, refused 10 accede 10 the pro
position, when Brady, he charges seized him by the
throat Knocked him down and assisted nv the other pri.
soners robbed him of his watch and nurse e
Julius Treason Of NO - West Broadway depcsed that
since the night ~ The robbery Martin offered the watch in
question for sale 20 his store Justice Welsh
committed the prisoners FOR trial, in default ~ bail


ALLEGED Ar1rsp1 Al HGHwAy RoBHERy james Moran
wa brought before justice welsh, al the Lower Police",,The New York herald. [volume] (New York [N.Y.]) 1840-1920
1857-02-18,"Ia Mondays Star there was q Geographic
announcement of riot on Saturday afternoon
and Sunday among the Irish laborers EN-
pioyed by the Long Dock Company in con-
structing the tunnel for the use of the New
York and Erie Railroad, through Bergen Hill,
in the city Of Hudson, New Jersey. The New
York Tribune says that the first reports were
greatly exaggerated, and that no one was
killed. About four hundred of the labore,s
were engaged in it, Four shanties were
burned, and three were somewhat damaged
in an attempt to tear them down. The fire,
men quslIed the riot, and the military KEEP;
guard during the night aud next day; but no
life has thus far been sacrificed Two men
one named James Kelly and the other James
Barnard, are 50 badly injured that they probs.
bly, cannot survive. Fifty-one arrests were
made on Saturday night and Sunday, and
Monday two more were arrested at the jersey
City Ferry, charged with participating in the
ARRAY. About half the number engaged in
the riot were COrkonians, who fought an equal
number Of Connsughtmen.",The Bergen Riots.,"Evening star. [volume] (Washington, D.C.) 1854-1972"
1857-07-08,"WHAT Is THE MATTER WITH THE HltS >
they eat is caution in these hard times"" They
are shut up in ysra, of course, and cannot have
access to the green grs and to the insects, which
Providence has provide2 for them i'm summer
= Man shall not live by BRAD alone.'' And the
proverb is true Of fowls WHAT could you expect
Of sensible hens, but that they would stop laying
when you cut of the supplies Row get a liver
from butchers stall, or any other cheap meat,
and see with what avidty they will devonr it,
and almost quarrel for the last morsel CAHaI from
the fish market, or any animal food. will answer
auitsas,well. If at distance from markets. s7on
the ""a ~, and you confne your hens, mix coarse
meal with whey, or skinned milk. to satisfy
their craving for animal food. Supply them also
with clear water and grass, weeds dailv and
and keep the droopings well sprinkled with plas-
ter and muck. Attend to these things, and you
and the hens will soon sing new song over fresh
laid eggs",,"Evening star. [volume] (Washington, D.C.) 1854-1972"
1857-06-02,"The Canadian StsaankkAip Compasy's steamship
Canadian, from vevpesl early hour on the morning
Of the 10th May has survived vere Loupn route for
Quebec and Montreal


The Canadian passed Usiere du Loup st late hour on
Sunday night, but ut ope O'Clock Monday morning
went ashore At the nlsr forty miles below Quebec.
The extent Of the damage - her is unknown. The pro-
vncal steam tug Napoleon sent to her asasiaHce.
The Canadians advces four days later than those
BY the Cunard steamship Arabia, at New York. ~
The Canard sieamship ropa from BostOa, Nay via
Halifax, arrived u Liverpool On sl.s lysh uh
The screw steamship City Of Washington 70 sA2 for
New York on the same day with the Canadian.


GREAT BRITAIN.
The British news IL of an unmportsnt character. No
movements Of interest had taken place In Parliament
The Manchester market was dull but without change In
prices.


The Birmingham markets were steady, with Q good
American demand, and woocn manufs lures wore
sHshtly better. The Irish linen market wa Aeavy.


FRANCE.
Paris letters report the discount market easy, with
better supply Of money on the Bourse.
Considerable specie due ct Paris from Russia.
was rumored that the Bank Of France had madc
new contract for supply Of gold.
The sil market remained In state Of suspense but
nothing unfavorabe bad TRANSFERRED From Naples the
counts were good, end from LOmbardy uncertain.


SWITZERLAND.
The Neuchaae dicuky had been finally seed, I'll The
parties agreeing upon The terms.


SPAIN.
II reported nom Madrid that al interview between
the Mexican Ambassador and the Spanish Foreign Minister
the basis Of an arrangement Of tho Mexican dculy
made.


Tho Spanish squadron remained al Cadis.


DENMARK.
The new Danish Ministry are apparently ameloratns
the Hostein difficulty.


THE DANUBIAN PERSONALITIES.
Ors has asked The q eas Powers lpy hs Dsnuban
Prf cipafies with military force but tho Powers refused
permission.


SYRIA.
There has been engagement at Damascus between
the Turks and The revolsed Arabs


PERSIA.
Tho British treaty Of peace with Persia was rallied st
TeherAn on the l4th Of April.","The SteamSbip CANADIAN ASmOrt


Below Quebec.


~o~oo~Sooco~~onncNcs
FOUR DAYS LATER FROM EUROPE,


v-sN,~~~-o/-o~Noo~~o~o->
THE NEGOTIATED AFFAIR SETTLED.
SPAIN AND MEXICO AMICABLE.
-..r-~----r----1--r.- ---y-sN-


FIGHTING M TURKEY.


-O-o~oo~>~->r.~|oo~Y~~-->
THE CHINA AND INDIAN MAIL.


~o~>~-~~~S~~o~-~N>~o->
COTTON UNCHANGED -BReADSTUfFS STEADY.


-'-No0N~'|@~<~~|||oe(-,
COnsols, % ""a % 7-S,


10. 90, 10.",The New York herald. [volume] (New York [N.Y.]) 1840-1920
1857-11-25,"We have already stated that Gen Domingo Oortes who
enjoys the reputation 81 being ~ Santa Anna most
c5hnHsNn agents, returning via this city from Madrid,
passenger in disguise by the steamship Tennessee
her previous passage out 20 Vera Cruz and there ar


rested landing Il appears that the Generals as
sumed name Costa and that his principal disguise
was a huge pair q green goggles. Not nm individual,
during the whole passage from New Orleans 10 Vera Cruz,
penetrated his disguise He was discovered indeed by
his own bad management Instead OF landing naturally
on tho arrival of the Ship with the other passengers he
stayed board until every body had left did he then
venture forth, but sat down and wrote letter 70 citizen
OF Vera Cruz asking Information as TO the political sae
of the country Answer returned that everything
was right and that his presence hnxouay awaited in


the cy II does not appear that there any bad faith


IN the matter nevertheless the transmission Of notes


tracted attention The police put the alert; and
when finally, tho distinguished General did make bis ap


pearance everything fully prepared for him and he
was at once taken into custody NeW Orleans Plcqyune","How s.SrA ASs.,s AeKNr Rrrn.Yrp HIMSELF",The New York herald. [volume] (New York [N.Y.]) 1840-1920
1857-04-05,"Interesting from Washington.


sPBcAL psPArCHIsro HERALD.


THE cHEvALIER WEBB AND CAPTAIN RYNDERs-IHs


PUBLIC PRINTING ORGANS AND ORGAN GRINDERS,


ETC., ETC.


understand that the ChevAler Webb had interview
with the President the other day. and attempted to
plain away apologize for The Onslaught made BY tue
Courier upon the appointment Of Captain Rynders. Mr.
Buchanan smiled and the Chevaler eagerly seizet tue
opportunity 70 make bitter assault upon Mayor Wood
without, however, producing any particular effect Why
the Chevaer Webb should be par ,uary upoo
Captain Ry nders cannot tell There certainly mAn!
points Of resemblance between the gallant Captain
tie noble Chevaier, particularly in the matter Of getting
pto quarres and setting foot riots, and then getting
out Of them without any serious damage 10 themselves
Thus they say the Chevaer got up the roi at the Park
Theatre with the infant 10 drive Mr. Wood from the
STAGE while the Captain has the honor Of originating
Mscready riots al Aston place. The only point OF diff
renee that the Chevaler made fftytWo thousand dol
lars out Of the old United States Bank before Il burs:
boiler, While the Captain has had such splendid
chance Now, however, that he has been appor MAJ
shall Of the Southern District Of New York. he may
a. high niche In financial exploits he has Theatrical
ones, and thus make ihe resemblance perfect Les
live IN hope.


The newspaper mbroglo In relation to The Unicn and
u.
however, very certain that Mr. Appleton will leave the
Unicn and become Assistant Secretary Of State. Gen.
Thomas who appointed 10 the post by Mr.. Marcy,
will not resgp quietly uness he has 4 foreign mission.
They will have 10 turn him out He ID the last legacy Of
Marcy to this Administration. Nsior Heas formerly TIL
partner Of old Richie, who started the UaiS IL about
establishing new journal which will be powerful
pettor with the Union and other journals Of the sams
class for the patronage OF Congress- All sorts Of rumor
circulated about editors for these pepers-som
from The North and from The South but one thing
seems quite certain, that Wendell and hh secre,
hackers. with Thurlow weed-supposed 70 be
n the head Of them-bas the vantage ground
Of oil the organ builders and organ grinders Washing
ton. He has cleared hun fred and any thousand dol
Lars by the printing Of the as Cor srsss and erected
splendid ofnoe which will enable him 10 do thu
printing cheaper and better than any one else. By
combination Of Ill factions and the aid Of Thurlow Weed
be obtained the pting OF the last House. while Ncho
chosen printer 10 the Senate. Nicholson, no.
icing printer forced TO employ Wendell and pay
him sccordipgly. This may be the mode adopted
winter and although the printing jobs OF Congress will be
apple Of discosd for oil the democratio politicians
yet have doubt that Wendell will be finally employ
cd 10 do the printing hs terms whether Congress
chooses him or not


THE ASSISTANT sEcBErARYsHIp OF srArE-rBE


TROUBLE BETWEEN SPAIN AND MEXICO.


WASHINGTON, April 4, 1857.


Gsa<ral Thomas 10 day resigned the position Of ASST
TAFT Secretary OF State, and Mr.. Appleton was imme
datey appointed and sworn In and will take possession
on Monday The administration assured General Thomas
that tney would 81 the earliest moment endeavor pro
vide for him In more satisfactory manner.


The State Department have been Informed OF the
Information teegraphed you, OF the settlement Of the
dicu les between Spain sad ueYico Thus has another
war cloud psssed The political horizon without pro","L II e l. A II K y II n e w 8

ny PRINTING AND MAcNETE TELEGRLpas.",The New York herald. [volume] (New York [N.Y.]) 1840-1920
1857-01-31,"River ard Lake Erie Railroad Co, due Feb LIST, viii be
paid on prssentaon at the Peoples Bank, and amer
Feb 2.


The New York ana Harkm Railroad o. will pay, on
Monday Feb at the Office Of the treasurer No 80 Pine
street. the half yearly coupons upon their second mort
gage bondsthe bonds o, 1851 and the Dover extension
seven per cent bonds.


TIE Assembly judiciary Committee have reported .
bill aboshps days Of grace sight drAfs and also
drains and checks banks. also allows protests W
be sent 70 endorsers when protests made In the
where endorsers live.


The annexed statement exhibits The quantity and vaue
sfforsgn dry sosds snssssd ~ th port for consumption
nor warehouse and Also The Withdrawals from warehouse
during the week ending snd ncaduG thursday January
40, 1857",,The New York herald. [volume] (New York [N.Y.]) 1840-1920
1857-07-15,"Everything quiet at the Seventeenth ward station
house from halfpsst nine TO hafpan ten o'clock Capt.
HART occupied chair q email leading of from the
main Office in quiet albeit serious conversation with
few special friends The fatigue the night previous and TO
the hard labor Of the day gave indication of having
upon him heavily would be supposed for ere OF his
age and susceptibility TO fatigue At the Office desk the
sergeant sat with open book before him, pen baud
ready TO note down arrest epecal
worthy OF record Daring the hour named the of his
recording pen was not brought into requsion not
single arrest made, and dsur OF any kind
occurred The nearly full Of IDLE spectators,
and In fact the only active inside the Station house
the reporters of whom there dozen In ALL
Professional like, they each raraely and seyeray
csed all their practsed art and pumping fnesse 10 dis
cover rome astounding novelty Of skull cracking, trigger
pulling and military marshaing 1t proved dry work
and was labor pnrequted


Outside the Staten house there was about the same
crowd OF curious lockers in the early part Of
morning. They gathered In knots aud discussed with
diverse zeal and opinions the late occurrence Some
charged the vital blow upon the Police Com
missioners others brought In Mayor Wood for
share of the blame, and still others charged IL fresh
outbreak Of the Knos Nothing spiri. Many of The
crowd were In good humor and they talked OF every
thing from the ark Mount Ararat the political
duct of Police Commissioner Draper in 1888, when
alleged he went against Law instead of for law.


II was expected that when the meeting at the German
theatre terminated, which shortly after ten O'clock
that from the large crowds suddenly thrown into tho
streets some row or diniculty might ensue.","FROM HALF PAST NINE TO HALF PAST


TEN",The New York herald. [volume] (New York [N.Y.]) 1840-1920
1857-07-15,"The Seventh, Eighth and Seventy nrst regiments were
under their respective armories evening""
ready 70 march 70 the OF the disturbance
ments warning Gen. Hall had command Of the brigade,
and held himself In readiness obey the orders OF the
Police Commissioners should they be compelled call
upon the services Of the soldery.


The Seventh regiment Col ppryea, stationed 81
lafayette Hall, IN Broadway, while the Eighth regiment,
were Under arms the Center Market drii rooms NJ
1amAdRe bad several interviews with Gen Hall
ring for the purpose OF arriving at definite arrange
ment In the event Of riot tssg place. snd the
plans adopted for the safe keeping Of the peace
throughout the disturbed districts.


FROM FIVE TO HALFPAsT NINE O'CLOCK.


Al Eve o'clock quite crowd was hanging around the
station house It spprebenied that attack would
be made when the funeral procession returned Captain
Hart placed his in position Of defence. He
epger up stairs ing, ""Tell the up
really 70 come Down at a moments warning Policemen
from the sixth, Eighth, Ninth, Thirteenth, Fifteenth, Sc
venteenih, Twentieth and Twenty arss wards pre-
sent and the entire force the spo. numbered se up
wards OF a hundred and my.


Tie police found OF badge, or tiEnal distributed
various wards Of tho city yesterday pcs, ar
circular paper In red, In others white, AMI
IN others blue, with round hole In the centre Il
thought 10 be tue sgr for concerted action 70 differ
eni part ct the same time for general nse,ng aod
grand dernonsuaion Al some given poiR:-





Thestre, in Fourth street for hours during after
noon The more intelligent portion Of the people said
ssh any ust legal arrest when they were
attacked By the Metropoans body else they
defend their rights They did not want 70 nsh and aid
intend 10 uness thes invaded They sboaJ ap
point vigilance committee, xho,e business II should be
protest their rights


There va. ALEC larre crowd at KarPs lager bier
In avenue A. Tbs was the place where OF the Ger
mans arrested on Sunday attempted 10 take refuge.
noisy crowd drinking lager ADD deciamng against the
THa afng~ laadn h.a
of the funeral procession, and sso suspended the
stage Of the theatre. ""Oper der Ne oposn Police""
frequently beard, mingled with loud threats OF defiance
While the more Intelligent portions OF these NOISY gather
nss said they Old not wish 10 Agnt and did not intend to-
The lover sort breathcd vengeance and declared that ""
they got bold Of Metropolitan they would
blood In revenge for that Of Miller.


About O'Clock, policeman entered the station
house in great hase, saying That mob OF
thousand men, armed with receivers, clubs aud
mRss, were comirg Fourth street. hurra1ng for toc
Mayor and hreasung 10 level the station house TO the
srouod, and murder ali the officers. The meu were 10
family up IN roId line around the In preps
ra,on for the expected attack The people Of he neigh
borhCod Cstcb be runor rushed 10 the spot intense
excitement prevailed for sometime, upon all hands Bat
tbis s1 proved humbug. There mob In the
streets at all.


PIcKrocKxrs LRoVsD.


Bstween and eigot O'Clock too Officers brought 10


whom they had arrested at the opposite
the station house, for taking watch out of mans POCKET
TIE complains, wv named Andrew Delaney, 80 foonpsou
tieeei The ribbon and gold Key bis neck; bat
The ribbon was cut near ihe watch and the vch ,toen
he said be star ding quietly at the corner, looking nj
The station hVuse 10 vhai going when hc sudden
y fer some working at bis pncge,, AM caught the
prifopcr IN the act. Inc prisoner rave his
Thomas OBr.n He vW young man well dressed and
sexy protested his innocence Re locked for the
night and the complainant directed be hand half
this morning The OF the officer with
this prisoner created good deal or excitement and
fusion. The rushed up TO look through the
dows, apparently thinking that the mob was inside.


Tue Of the afternoon further diversified ~
the entrance OF lrshmsn, With lltle too
much OF the good crabur"" aboard for his personal
convenience, who brought huge mustet, loaded TO
the muzzle He SAID belonged 10 him, and he wished
simply 10 depo for safe keeping soon after German
boy came complaining that the had stolen his fathers
musket and asking that he returned The individual
soon after made bis appearance again, saying that The
police had right 10 give M his property without he
ORDER and also relating and wonderful story lDrela
uon 70 the IN which the came into his posses
son he said that little before I've Oc'osk ne vaEup IN
tse Third avenue, when be msd bull come rushing
aoNn the street He IN the OF car aud caught
an' upon hs horns who us going TO enter the car,
ana '""sed Der completely the vehicle, landing her
spnh ine pavement and seriously nidriug her. The
oun nen ran towards the aide walk and stop
ped perfectly san. Paddy concluded u was riei, and
running into athop borrowed the aforesaid muske and
mEne AIM shN him directly between the eyes; be then
re ioeoeo and hred twice, each time putting bullet
well pleased with bis skill az butcher and marssman
bA ne pad MIN ~ for shooting him. After delivering
bmseu OF this very probable story Pat assured the Gao
trn that he was formerly OF the Seventh regiment
helped suppress The Aston House riot and was ready 20
doso again whenever n country needed services acr
which be departed.


INTERVIEW BETWEEN rHE SUPERINTENDENT AND


Betveen seven and eight O'Clock superin endent Tall
madge and District Attorney Hal visited the station bouse
Marty IN the evening The Marshal OF the funeral
Toccscon, NC Avaaer rfSinA1sri German citizen OF","APPEARANCE OF TIE WARD LAST NIGHT.

MILITARY ARRANGEMENTS.",The New York herald. [volume] (New York [N.Y.]) 1840-1920
1857-06-01,"SUNDAY, Nay 3l-8P M


Nothing particularly new uanspred 10 The stock mar
ket during the week just closed One two efforts were


made by the bulls to put up prices but they proved aoor
uve and At the close yesterday lower rates ruled than for
some days previous Tho stock market Is doomed TO
great depression. The backbone has been literally
Gacicd and has support The public sellers of
railroad stocks NOT buyers and the market cannot possi
bly, stand up under ~ load OF real bona e stock press
ing for SALE The broksn obliged TO take all this
stock along At the current price, and the pro-
liability that they win very get more than they
want These stocks viii get distributed again 1t
anything Ike their present market value, and much
doubt they do at any price. The present position Of
ary al the leading railroad stocks Is the result Of bad
management In the construction and operation or the lines


The operations SPECTATORS Wall have had nothing
do with the real value Of the property represented Tho
bears have only sold wha, they considered bad bulls
have bought what they considered good The result thus
far shown that the bears have been the right
and the aa result will show that the bulls have been
urey wrong only necessary to point 70 tho Michigan
Southern and the Cleveland and Toledo railroads 10 show
the fatal effects OF tho folly ignorance aad exravagance
exhibited In their construction. Each company has, In
fact two roads for business In the two lines 337
miles would have been main line enough for the business
between Cleveland and Chicago instead OF which, tho two
companies have $50 miles Of road 10 operate The Ceve
lad and Toledo Company have In fact two roads to do
half The business Of onefor has business only one
sdc We have In addition TO these facts, only 10 look at
the system OF nnspccrpg pursued from the start by each
company ind sufficient for any depression In the
market value Of the stock that may follow Tho bears OF
Wall street certainly have had no hand In The manage
ment Of railroads, and they arc therefore, net TO
blame for the many fatal mistakes which have been
made. We must admit that our railroad managers
the friends Of the bear specuators such the
very best feeling, We believe, exists between them.


The money market continues very easy. With
abundant supply Of capital the rates for paper tend down
wmt The bs,ks have more money Than they can con-
vepenuy loan.


The expectation Of specie from this port last week
unusually arsclarGer, wesbelevc, than ever before
rorted In the same length of time","FINANCIAL AND coMMERC lAL.

",The New York herald. [volume] (New York [N.Y.]) 1840-1920
1857-01-05,"EURS!-FURS.!-F
THNODD &c CO, UNDER BROWNS HOTEL,
u beg leave TO announce the arrival from Lon
don and Paris Of their splendid collection Of
RIGA FURS, made in the most fashionable
styles from seasoned SOft-dressed Skins They
would invite particular attention 10 th9ir elegant
and much admired


MANTILLA TALMAS,


PEILERINE VAN DYKES,
VICTORINES, with 81 uffs and Cuffs TO match,
Of HUDSON BAY SABLE,


MINK, STONE MARTIN,
FITCH & MOUNTAIN MARTIN,


SIBERIAN AND RUSSIA SQUIRREL,


LONDON LUSTRB1,


BLACK LYNX,


and EKMINE;
RICH FUR TRIMMING,


for Cloth and Velvet Closks;
SWANSDOWN TRIMMINGS;
ELEGANT SIBERIAN SQUIRREL ROBES,
for Cloak Innings, or cut for Trimming;
Ladies' and Gentlemen's FUR GAUNTLETS;
Gentlemen's TRAVELLING MUFFLERS,


Of Beaver, Otter, Nutria, and Sea Fur;
CARRIAGE ROBES,


OF Bear, Fex, and Buffalo Skins.
TODD IL co for the past twenty five years
have devoted much attention to this branch Of
their trade, purchasing exclusively for cash. sell
ing at moderate prices, and by adhering to their
determination to deal In no article that would not
bear the strictest scrutiny, they have secured a
large and increasing trade from al parts Of the
country.


Purchasers are invited 10 visit their establish
ment and examine the most extensive STOCK
OF FURS south Of New York. oc 31-3t&eotf",Observation-Disclosures!,"Evening star. [volume] (Washington, D.C.) 1854-1972"
1857-06-02,"NOTABLE WALKING MATCH FOR $1,000 -
About month ago, some of the leading sporting
men of New York got up walking match be,
tween the two widely known walking champi-
ons, Mickey Free and Charles TIainor The
match was for $1,000 side-the one that gave
out first: went to sleep, sat down, or tumbled off
the plank, to lose the money. The place selected
for the match was hall in Ninth avenue
platform. forty feet long and five feet wide was
constructed along the hall. A partition was run
through the centre of the platform, leaving for
each contestant plank Of thirty inches wide


The walking commenced Monday night of last
week at O'Clock. and was kept up till : A NJ
last Friday-eighty-five hours in all-when Trai-
nor jumped Oft the plank, and Mickey rec was
declared victor. Hosts Of sports visited the hall
during the continuance of the match. and many
bets Were made and lost upon the result During
the last three hours that Tranor kept on the plank
he was completely out of his head. and did not
know where he was. He would walk few steps
then Jump up and down and laugh ont violently
Flnaily. In one OF his crazy jumps, ne leaped off
the plank and was declared the loser Mickey
too. was nearly crazy-at least so he conf. $ ed
since. The contracted hall and low ceilings with
the dense crowd in constant attendance. Ike ut the
air exceedingly impure and made il more tying
Tor the contestants than it otherwise would have
been.",,"Evening star. [volume] (Washington, D.C.) 1854-1972"
1857-06-27,"Low, xARRIAGE AND sUIoiDe-sKLFD DESTRUCTION


or YOUNG AID LovsLY WOMAN.


Ifrom the Gncin ast Gazette, June 3


cme eighteen months ago young and beautiful Ger
nAa gn Elisabeth Weiles residing In lbs cay, became
acquainted With bsfsvo Of her countyy named Carl
BomAp a. her acquaintance Fpened INTO ardent
and absorbing love, which his part fully recipro
Gated BOW young, hopeful, romantic and psss nate,
lovers and poets only see ana in their osr swse, sy
ethsee the world and destiny were crcied and controlled
Weeks nasbed by hike biss bound hours and tner high
beating hea dstruttoa t'eir great happiness unbound
faithful and this sphere paradise BY walking th,ongh
the world In Hy train Their day OF marriage could
be that on which the bud of hsppioess would burst .
and perfume all after years So thouah this loving
pair, SO hoped, and 80 believed.


They were doomed, as romance ever s, to bitter dsap
pointment


Ehzabens parents refused to sanction hev union with
the one che had selected for her spirits aroter and DO.
SONS lord shocked at this fearful wahiog from their
glorious dream che sckcned he fed the land that had
beheid hs peace forever wrecked.


nature assumed i1 sway, and she waIk
ed In the Gun, but no light and felt warmth. Tho
world dark when Carl gone she felt she could
not long survive the rum of her hopes.


Time seemed to yield her something Ike consolation.
be: her eye dark with inward pain, and rose
woud boom amid the lilies OF her cheek.


Her parents finally prevailed upon their sorrowing
daughter ~ We'd and She in blind obedience, gave her
hand when her heart was far scross the teR-


Rer union, OF course wss unhappy one Her nature
could bear further tension and she determined to
cute what she had premedaed from the hour her lover
had been lost 10 her.


she purchased poison. and ike another Juliet, stiled
her painful pulses with the taa, drangh She sleeps
with the Capslos but. like their downing daughter she has
ceased to nnurn Romeo and q ROmeo's love.
Coroner Noble held an inquest at her late residence on
Fourteenth street. between Pleasant and Race, the
body OF the unfortunate night before lss and
TUNED verdict of self destruction.",,The New York herald. [volume] (New York [N.Y.]) 1840-1920
1857-07-31,"Have you heard our song bird sing
To our hearts-as larks 10 spring
She brings music on her wing.
In nest beside the swell
of the blue and hymnIng sea,
Beating, heating grand and free
Its eternal mlnstrelsy-


Dwells and carols Flora Bell.
Many an artless, heart born strain
Sets 10 music IN her brain,
As the rhy thin of the rain
In the bosom Of a she'll
Chanteth she, In tones so clear
That methlnks the world should hear
And It's MARBLES gathering near,
Strive to mimic Flora Bell.
Once her young heart thrilled a lay,
FULL and fresh with hope, as May
with Its blossoms; far away
Its glad echoes gently fell
On breaking human heart
Bidding all its fears depart
SOothlng all Its woe and smart
Blessings on thee, Flora Bell.
Close beside the hymning sea,
Chant thy sweet songs full and free
For wide Humanity;


And though none their power should tell,
ct we know above this sphere
Bends an ever listening ear:
God will bless thee. He will hear


Keep on singing, Flora Bell,


Albert LsisAtOn.","EVENING STAR.

FLORA BELL.","Evening star. [volume] (Washington, D.C.) 1854-1972"
1857-11-30,"FROM tne fTahcSCO fefA0y NOV. OIL


Some two months since the residents Of Carson Valley
held public meeting, at which they resolved memo
riaze Congress for the erection Of Territory east
of the Sierra Nevada, including that and several other
valleys at the base Of the mountains. On the Sd the
residents Of Honey Lake Valley held meeting and endors
ed this action OF their Carson Valley brethren. This
design Is include this Territory the great basin
between the Goose Creek Of mountains the
and the Sierra Nevada the west and between the
son and Utah line the north aud the Colorado on
the south.


Both the meetings referred 10 elected Judge "" Crane
their delegate lay the subject before Congress The
Honey lake Valley people resolved that II any attempt bo
made bring them under the jurisdiction of California
before the boundary line between this State and Utah has
been officially surveyed they will resist h with all the
power they command. committee has been ap
pointed 10 ask the Legislature Of California code and
transfer all the States interest 10 all lands lying
the main Sierra Nevada 10 the United States government
that theirs may be esablishcd on the othcr aihn.",,The New York herald. [volume] (New York [N.Y.]) 1840-1920
1857-11-20,"MADAME DELARUE begs 10 inform the La
W Dies that she has received, per steamer North
star"" large and elegant assortment of Winter
Goods, consisting in part of Fine Flowers in spray
wreaths, Bridal and Evening Sets of very latest
Head Dresses Of pearl jet lace, ribbon and various
other Styles; Point, Chantlly Brussels, and Imta-
son Laces; EmbIoidered and Lace Collars and
skirts, and Caps; Jet and Fancy Bracelets, Pins,
Ear rings. Cap and Hair pins; large Balls for the
hair In great variety; Feathers of all colors; rst
quality Jauvin's Kid Gloves for Ladies and Gentle


men; Perfumery, Combs, Brushes and great many
rated. These goods will be opened on Thursday the
18th instant. when the Ladies respectfully
street N 10 o.",,"Evening star. [volume] (Washington, D.C.) 1854-1972"
1857-07-18,"This 10 exclusive OF the pay due 10 the Deputy su-
ernieudent and Clerk Captains and Assistant Captains


THs Izrs THE BRooKtrN warns wosSs. -1he Mayor
and Common Council, with snumber OF other gentlemen,
vis*ed the water works yesterday Some fifteen carriages
furnished by the Water Commissioners, and they
rsarted from the City Hall about hsfpsst O'Clock They
arst visited the site Of the reservoir on Cypress H and
Wound the work progressing rapidly They then went
along the line OF the conduit 70 South Hsmpstesd viewing
che progress made along the route until they reached
Bseys pond one OF the sources from whist supply OF
water for the city 70 be obtained Other ponds and
streams also visited, and was found hst the water
Gas abundant pure and fresh, Notwithstanding the dis.
parsxng remarks made when the subject was arst
prosdned The work the conduit from these ponds ia
progrew'ng ~ rapidly ~ possible workmen are engaged
W ,he work every day, and Ia anticipated tbs, ali viii
We accomplished 10 about one yssr from ,bs Tine and the",,The New York herald. [volume] (New York [N.Y.]) 1840-1920
1857-01-21,"The ferries we're not much Interrupted yesterday -
was expected The Jersey City and Hoeoken ferry from
the OF Barclay street. ran with toleraele regularity
yesterday, though the prevailing westerly winds drove
all the drn ice On the New York side, making difieuh
20 enter the slps The other ferries ihs North river
did not run.


The Staten Island boats to ssapcton aud Tompkinsvie
ran several tines during day, but no communication
was had with New Brighton or the West side OF the
ssnd The bay Was tol, rably clear OF ice, - the
westerly WIN the drift on the Long Island shore
and up the channel OF The East river.


Hamilton and South ferries were both stopped during
the esy % the ice on Brooklyn side was too tnick
20 awe xay 10 the boats. The Wall street ferry ran
AZ ,n,ery.s while Fulton kept vi tolerabls rcgu
iaYty The other ferries the East river, with the SIN
xie exception OF the Grand atreet, W0 Wnoiiy unre
rabis.",THE FERRY TRAVEL.,The New York herald. [volume] (New York [N.Y.]) 1840-1920
1857-11-07,"NfMos GAspEs-An announcement is made that the cee-
brsted Gabriel Ravel rcjons his brothers Antoine and
Jerome at this popular establishment and that these three
great fayores will allappea together Monday evening
II Is quarter Of century since ""the wonderful Ra-
ves"" they then and have been ever since called
made their nrst appearance the very ground where
they now delighting many thousands they did
twenty i've years ago. Whom the site OF the Metropo
tan Hotel va blooming garden; when Indian grew
luxurantly where the New York Hotel stands when
omnibus above Fourteenth street. when Broadway
ended where Union square and when Union
open field, then the wonderful Ravcs'
household words In the mouths OF New Workers.
generation has actually passed away and
another has taken It's place, yet there, at
Nblos Garden the very spot and 10 all appear
ance themselves unchanged, ind ""thc Ravels"" AS
child who laughed and clapped It's tiny hands them
then is in the prime Of lhc-a man woman-with
the Joys and ~ the world thick around them.
They take their children 10 1.-The Ravclsi where
they, Children went and delighted. How Is ihs2
while all around changed that appears u Ala.
dIns lamp had been employed 10 raise paaiial dwell
lngs and marble temples by magic these brothers show
sign II changer Hay, they discovered the elixir veP
the waters Of reuvcnaong We begin think So and
that they occasionally Join in ""sip"" or a""dip with
the worthy proprietor &C The Garden HIMSELF for Will
liam Niblo who Of the coolest inhabitants OF this
great city. rosy and smiling and gay he when
ran from the old City Hotel 10 the Garden. With per
petua youth unaggng industry and abundance Of spirit
Mr. NibU has catered well for the New Workers. aud he
Raveis"" are wonderful ever and hearty demcnstra


ton may looked the union Of the three great
originals on Monday evening.",,The New York herald. [volume] (New York [N.Y.]) 1840-1920
1857-12-22,"A BSOLUTE sALE-J BROWN AUCTIONEER-
IA BROWN ABBOTT-Have received instructions TO sell
Sixteenth street at 1913 ococh this day Tuesday, Dec.
OF the above 6ve dwelling house Gaia
1ogues ready by O'Clock the morning Of sale when The
whole can be examined


ParlofsConsan superior velvet carpets three
solid rosewood suits covered Maroon blue and gold and
and gold satin of the most expensive description;
gothic and Turkish chairs In moquet and satin brocade
ladies solid rosewood reception and chairs covered in
tables with rich stauary marble tops expensvely
carved pier sofa and side tables with marble tops
three costly rosewood etegeres with marble tops plate glass
doors imported expressly for the ladies' rosewood
vases, with the chase and expensive landscapes,
painted order il France; magnificent French plate
pier glass, with rich and heavy gold frame; heavy
embroidered lace window curtains and cornices, large
artists such landscapes winter marine views
crptural pieces superior game pieces &C. the whole form
pleasing collection; superior rosewood pianoore
full octave, elegant nad plate, and richly set
ment piano STOOL covered In satin, with ele
giant and costly embroidered cover.


Dining roomRch velvet tap ssfry carpet In good order
table all polished in the best
cloth together with all the ruby and crystal cut class


wines cbampagnes uhers gohes and decauers 10 match
rich china and dinner sets costly silver tea and
""a inch salvers cake baskets casters coffee
and forks liquor stands superior table
cutlery, marble pitchers &c.


Chambers-Cosy solid rosewood and mahogany bedsteads
eauary marble bureaus washands and conmodes to


match ~ pure hair mattresses from 80 TO 90 pounds
made order and in excellent condition. ingram carpets


bedroom mirrors clocks toilet tables toilet ocoihs
carpets mahogany cushioned chairs rockers
soas hall stand tea and dining tables 6c The sale
the above furniture rendered absolutely necessary and
will positively take place without regard 10 weather
Eponsibe win be In aen lance to pack and ship ar
cles going out oI the city al n reasonable charge.",,The New York herald. [volume] (New York [N.Y.]) 1840-1920
1857-12-31,"WATCHES AND JKWELRY
w FOR THE HOLIDAYS


REDUCED PRICES.
The subscriber is selling all descriptions of watches and
jewelry ut retail al much less han The sa prices
Diamonds finger rings.
Ladies' gold and stone bracelets
Ear rings and breaspins
ladies chaelaine chains.
Genuemen's vest chains and guard chains
Pure gold wedding rings.
KEYS and seals.
Studs and sleeve buttsns.
Gold spec,aees and ere glasses.
Cold pens and pencils.
cold ihimtles.
Gold loekes, ], = 8, T. and glasses
Silver nap kin rings, portemolnsies and pebknivea


GEORGE z. ALLEN,
Importer Of Watches and Jewelry Wholesale and Retail


Nc. II Wall street. second floor, Broadway.",,The New York herald. [volume] (New York [N.Y.]) 1840-1920
1857-06-26,"M Of the ane.t descriptions !, be sold At public sale
for cash, by j. SMITH, auctioneer this day. June 18th,
lo from the large five private dwelling house
No. West Ffeenth street On account Of the great
1t that purchasers
should be punctua in their attendance The contents in
follows Rosewood secretary and eeEere plate 'front.'
tables, Quartetes French work tables, reception
chairs stands and eegeres Ezabethan and
antique bedsteads bureaus Wristbands, sofas tete
tees; richly covered psrlor suits &C. all being in sold
moulded rosewood; mahogany sofas tete aetes lounges
chairs bedsesds burssus, tables kc carpe consisting
of English, Wilton velvet and tapestry, Brussels do In
RYan Brussels and Venian stair 90 veve aud ufted
Adelaide and mats decorsives, oil paintings, nne
collection and ssng SUBJECTS and c1roes of Dres
den and Ssvre porcelain richly painted Parnan figures


fancy coognes artificial flowers and vases French pier and
window shades candeabrss gas chandelier, nlsd gothic
COCK alabsser and fancy heavy octave wood pi
anofore OF the finest tone; bedding mattresses pillows bos


teri, pallasses, sheets counerpsnes, banke toilet sets
colored wines and Bohemian cut decsners sets A. silver
spoons napkin rings sale positive without regard to
weather Careful carman will be In attendance pack and
ship.",,The New York herald. [volume] (New York [N.Y.]) 1840-1920
1857-08-03,"The Boards Of Supervisors and Aldermen VIII
their se,sous for August this evening There may be
ZONE moves respecting the Street Commissioner contro
vorsy and the difficulty among the Police issouer
but nothing special positively set down Many Of the


members Of town, and there possibility Of their
borg no quorum.


The August session OF the Board Of Counciimsn
this evening They viii hold eight sessions In
ceop-cxcep,Ipg Saturday and Sunday encins al
Eve O'Clock some important uennishcd business imme-
dsiey affecting the interests Of the city, will be transacted
during the month. The propr'cty Of rcorgsnizng the
Croson Aqueduct Board will be discussed and no doubt
tho contracts for tho permanent cleaning OF the streets
viii be awarded 10 hoped that the chamber will not
be the OF mary exciting and dsgrsceful exhibit.
tons enacted last month""; and that the members
will attend 10 the wants OF the city.",Common Council.,The New York herald. [volume] (New York [N.Y.]) 1840-1920
1857-12-15,"ST.. Loris Dec. a. 1857.
Tho Kansas City Journal 81 Commerce Of the 9Th instant
says that Joseph Magcans trader from Green river,
arrived there Tuesday, being the latest arrival from
Utah. Mageans' accounts confirm previous advices. He
reports that nearly all the emgrent trains were suffering
from Mormon derredaons, their wagons being burnt and
their cattle stolen Large quantities Of grain and forage
stored at Fort Bdger had been burnt by the Mormons to
prevent It's purchase by the government They had also
burned all the grass routes beyond Fort Bridger. The
snow the mountains three feet Deep aud the
try was covered with as far .as. Blue river. Bua-
los very abundant.


The Leavenworth Ledger, of the 9th, saysAn express
has just arrived from Utah. Colonel sumner arrived hero
last night Captain Van yet passed through post haste
Saturday morning These rapid movements are supposed
to have reference 10 the Utah army but may be des
patches to General Denver General Harvey the
nlander of the troops in Kansas.",,The New York herald. [volume] (New York [N.Y.]) 1840-1920
1857-12-15,"FiGm BETWEEN Two Crrr CorScIMrv AT nr err Hail
""A fracas occurred yesterday afternoon, about two
o'clock, at tho City Hall, between two Councmen, which
created no little excitement for the time being and which
has for it's moral that should allow themselves 70
become unduly provoked, matter what the provocs


ton. seems that the democratic members Of the Board
Of Councmen elect much exercised 10 who shal, DO
their President for the ensuing year has been
held which resulted In nine democrats declaring for Horny
party disposed terms, and tho repub


can members elect will hold the balance OF lower asd
choose whoever they please Tho feeling has ngh and
there present prospect OF agreement between
the Arcularus and HasweIl Yesterday afternoon
H. W. Genet, OF the democratic Counclmen elect met
Mr. Haswell in the Office Of the Clerk Of the Board OF
Councilmen, and conversation ensued W the presi
dency Of the Board The discussion after time be-
came rather warm, when Genet finally charged Hswe
with having promised positions certain committees 10
members who would support him for the presidency
This Mr. Haswell denied, and Comet offered bet $50
that he could prove what he said. Haswe declined bot
urg, but was willing TO give 500 TO any who could
prove the charge From this the quarrel through
ts natural course from check quarreoe 10
the lie cifcumstanai and finally the lie direct was gwen
both sides, and Councilman lIaswei dealt blog Al


Genet which staggered him and Knocked n lot OF money
which his hand on The floor. Genet struck back
but finally the parties separated bv Mr. Creen ons
Of the clerks and Councilman Boolc. Neither Marty Wa.
much hurt The most remarkable circumstances was thai
the money which had been knocked on the 0oor was al,
restored almost incredible circumstance in view OF
the character Of the persons that usually fenuen, tina
City Hall This Is bad beginning for the new democrxtIo
Councilmen W make.",FIGH BETWEEN |,The New York herald. [volume] (New York [N.Y.]) 1840-1920
1857-03-06,"GARDEN And FLOWER SIZED.
John SAUL RESPECTFULLY INVITES
- the attention Of Gardeners to his extensive
stock OF GARDEN and FLOWER SEEDS,
consisting In part Of Early York, Large York,
Drumhead, Flat Dutch. London Market, Early
Battersea, and othet fine Cabbages Early short
top Radish, extra early Peas, Round Purple Egg
Plant, with every other vegetable and herb in the
trade


FLOWER SEEDS-An extensive collection OF
the most choice and rare varieties which are put
upin collections, and can be sent any distance by
mail


Being practic al Horticultnralist, and person.
ally acquainted with the growers Of these seeds,
he can warrant all Of rst quality, fresh, genuine
and correct to name


Seed Store, 1876 Seventh ST., corner 81 street.


feb n -eoStH",GARDEN AND FLOWER aEED,"Evening star. [volume] (Washington, D.C.) 1854-1972"
1857-06-21,"Correspondence OF the chicago Tribune.


SPRINGFIELD, H., Jane IL, 1857.


NJ Douglas spoke here last evening (rday)snd such
. spcecbl ] send you ~ notes merely few lines. Ho
vidcd his GRAFTON into thrcc hcsds-Kansas, Dred Scott,
Utah.


nrrt-KAnsss He did nd say much on this head
passed over almost In silence. Said was his measure
approved OF oil that DONE 20 far the national 60
vcrnment was acknowledgement Of himself In the
whole mstter-b smed the free STATE men-said they did
nos vote the be them and theirs, &C. Said not
much, ana said that badly.


Secoud--Dred Scott Here he was peculiarly a home;
gos Union saving and niger equaly-said that ras
3 glorious decson-euogzed Justice fancy. Said he
great and good one; said that the opinion was the
NJ and should be ooeyed-glad II was made-drew the
pareshc friends and the enemies OF the
Union. Here he again a. home. he said that those
VINO do not support-do not admire and love the bred
cally and politically. Said which was disgusting
denied the Bible theory Of the Niger racesad they were
NOT the Species not the genius Sait the L.
sue vas bayed or Clipped down 70 marrow path; was
niger equality amalgamstion, SO, or the national demo
rd-Utab Here he said that once he (Dougss) vas
IN favor Of nominal popular sovereignty, but now he had
become convinced that the thing W"" practically wrong
uat the Mormons traitors, aliens, enemies outlaws
echerous scoundres &o that the Territorial act should
10 instantly and peremporly repealed-that Young was
murderer outlaw rebel against the Union Here he again
sas hsppy douglas said the national democracy, by Blu
stanap bad taken the matter In hand now, and would
srrv-,o use his own words'the knife quickly, and cut
upt that destructive and pesferous cancer which was
sna wing into the vaIs OF the body p,itc He said che
reversed his old opinions on this ground-hsd swung
around and had taken impartial view"" Said that when
. peope veye incapable Of self government was the
right vas the duty Of other people, other governments
10 hold of and seze that other foolish people, and W
govern them rei,ps po,sns-wilng or unwilling Popular
sovereignty wss duly Knocked In the head By Douglas.","Great Speech OF senator Dougias-His Dfsa-
voSval OF ""squatter Sovereignty""


fCorycapondencc of the Chicago rrbune.l",The New York herald. [volume] (New York [N.Y.]) 1840-1920
1857-06-21,"From the 81 Louis Democrat, juno IL.


The steamer -. Mary arrived yesterday from Fort Ran
dali. the upper Missouri which point she left on The 9Th
OF the present month She brought down about twenty
passengers, among them SIR George Core British noble
man, who been some years engaged IN buffalo and
bear hunting In the Crow country. Sir George accom-
panied by suite, consisting OF eight persons, and
brings down 9Th him large collection Of bear, deer ADD
buffalo skins and other valuable furs besides beautiful
Indian dog. Sir George, II may be remembered, fitted
for this expcd ton s. Louis about three years ago
During his absence he has killed largo number Of bufa
and Of other game and times has had In his employ
many forty Two persons The hunters Of this party


Sir George reports the condition Of the Indian country %
the upper Missouri highly unsettled and precsrious In
consequence Of The troops having been Withdrawn from
Fort Randall and Fort Lookout the Indians In that region
have assumed hostile and mcuacng attitude towards the
winter, which has had the effect OF Frightening me CID
traders, who are rapidly vacang the country. party
had gone from Fort Randall 70 oooperat, win number
Of iroops who had marched against the Santees, largo
and powerful band Of SIOUX, Who werc commhsing muir
der and every arocy against the whites Never was the
region Of the higher Missouri In worse condition G re-
specs the Indiana, and would not Do astonishing n be-
fore many weeks We should receive the news general
Indian war, from the mouth Of the Yellow Stone 10 the
headwsters OF the Missouri.


Sir George Gore viii probably remain FOR some days In
81 Louis previous 70 his return 70 Great Britain HIS
perence Of the Wild life Of the mountains tho plains
has impaired him somewhat Of the sunournt hue Of tho
trapper and his unpretentous and most aabe demeanor
parakes largely OF what this side Of the Atlantic
understand a. social democracy.","Very Late from the upper Missouri.
ARRIVAL OF SIR GEORGE GORE AND surTK-ASTICr


PATED INDIAN TROUBLES.",The New York herald. [volume] (New York [N.Y.]) 1840-1920
1857-06-21,"HORRIBLE AFFAIR IN MoNHoH COUNTY, IA
From Bloomington RepJodn, sf last waek, gather
the particulars Of the murder OF Bingham, In the vicinity
Of Bloomington, by band Of men styling themselves
""Reguators"" On Friday night, The 10Th ult, the ""Regu
hors,"" numbering about forty persons proceeded 70
Bpeham's house, broke open the door, rushed In 10
body, captured him aad took him into wood near by
and after tying him to tree, commenced soourging bin
with rods and budgcons knives also used, gases
and bruises upon his body and head They continued
their SECURING until he sank down dying when they fed
Bingham found BY his friends shortly Afterwards, but
he expired In couple Of hours The Republican says tina,
Blnebsm's body horribly lscerated Not spot That
you might rest the point Of your finger but what was
black bees liver, fro the head down the knee joints.
Prints Of the fingers 10 black and blue on his reck
where the rusns had seized him In the onset and yasnes
from knives and budgeons were around and on his head
penetrating the skull The verdict Of the jury that
The deceased hs death by violence from the hands
OF persons unknown Great excitement exists throughout
Monroe county, aud acsive measures are being taken 70
ferrtt out the vsailans.","HoRnrpLs ArrArn IN MoNHon County,, IA",The New York herald. [volume] (New York [N.Y.]) 1840-1920
1857-01-31,"Arrival sf the Arabia AT Observation-Disclosures


from Europe.


BOSTON, Jan. so-2PM
Inc steamship Arabia has not yet reached her DOCK
Her progress has been interrupted by fleet OF vessels
near 'ne Castle, snd IN backing she collision with
oris but with trhpg damage. Efforts viii be made 70
forward the mails South this afternoon.


THRn O'CLOCK p. n
Inc ARABIA n near the Castle afoul OF Q brig. The
steam tug Enoch Train has gone TO her assistance Tho
agent OF the New York Associated Press Obtained the
foreign newspaper bag from the steamship and ov trans.
porting two miles the leo 10 East Boston ana
thence via Chelsea and Charesown succeeded in placing
upon the afternoon mail train for New York where it
will be due about O'Clock tonight The Arabia,
malls could not be got of.


FIVE O'CLOCK, p. n.
The steamship Arabia reached her dock about az
o'clock this afternoon She va in collision with the
brig Scotland, the mouth Of the Ice channel causing
some detention but no serious damsge. Her progress
up the channel WAS slow.


The Ice remains thick and sold and hundreds poo
pie lined the steamers pathway from the Castle
to her dock Her mails will be despatched by the carly
train Ia. morrow.


RThe foreign files contain little additional news to that
contained in the despatch sent over the wires from
Halifax.


Queen victorias acoouchement was expected TO take
place in March.


Kedpath, the ex secretary Of the English Northern
Railroad Company, who swudled his employers cut Of
nearly million of dollars, convicted by tse jury
after IN abscrce Of five minutes His alleged omplce
Kent, was acquitted. Redpnth was Immediately senten-
ced 10 transportation for life.


Returns chow that one hundred and Nifty vessels
were driven ashore and eighty totally wrecked, with
many eshors damaged during the late frghtfu gale ON
the coasts Of the United Kingdom nvovnga large LOGS
life.


terrific hurricane devastated the PHILIPPINE Islands
October ~ All the suburbs Of Manila and the peshbor
ing villages were reduced 10 heaps ruins Tho num-
Der of houses destroyed at that place alone wss above
three thousard five hundred. Official returns chow
that moro than ten shousand houses were destroyed
within circuit Of about eight leagues around Manila
Six foreign vessels IN the Roads Of Manila were also
driven lahore.","Arrival sf the Arabia AT Boston-AdditionaI


from Europe.",The New York herald. [volume] (New York [N.Y.]) 1840-1920
1857-02-16,"IffUh tre ravhHnan News, req. Z ]


We stated yesterday that Michael BoylAn and Phillip
Hsrp had arrested for the murder OF negro the
slave OF tie former, rsmed stepney. An exam'oston
wss held yesterday before Justices RI ssel, bar ant
Recdy. Doctors Howard, Carlton and johnson, VINO
made examination or tue body of The docsstd test
6ed that IN their opinion the beating inflicted SUN
cent 70 cause death. several wisDesses examined,
the substance Of whose tttmony was 10 tho following
enec The negro Stepnty Was runaway. BE vas AZ
re,ted ON Wednesday morning by Constable Jones m
taken 10 Mr.. Boyian, his owner, who employed the OH
Ger 10 chip Con table Jones him some thirty
lssh,s win riding whip or small oowhide. In tho
afternoon Of the cay, severs Witnesses raw the
sro by the hands tree, and toe prisoner Martin
beatip him with bcavy TRACE strap One witness, Me-
Root Curry fed that whom be 10 Boylsn's
plsce DO Martin beating the negro In most cruel


manner whBe boy han stood At short dstsnce lacking
witnes. With Boylan against the nbumap
~ OF the pubshm tn when the negro released and
fell 10 the ground, speecnlcss and PROSTATE. Marlin
dsred him n rise. and afterwards dealt him sevtral
blows With wagon whir while he lay the ground In
sensible. Martin then dragged him IRON the place into
The house, vhtre he died Thursday morning. Ser
ssant wilson, or tho police, having been notified OF the


murder repaired 10 the place. and found The negro lying
upcn ihe floor his body sl, warm, aud oofn In readi
ness his burial Returning 70 The CITY, he reported
TIE fars the solicitor General, who promptly ordered
tho srres OF Boy,n. Boy lan arrscd ~ the officer
Who earning from the conversation between Boylsn and
Martin that the latter mpossed 10 tue affair arrest
ed him ao Al the close Of The testimony the case was
submitted without argument 10 the magfnratcs, who
commied the prisoners 70 answer The charge OF murder
Ia the Superior oour",whipping Slave 10 Death In Savannah.,The New York herald. [volume] (New York [N.Y.]) 1840-1920
1857-05-20,"BY RICHARD coz.
Spring. beautiful Spring!
Come TO this desolate, dreary world OF ours
Come with thy breath OF oalm-tny git OF Hovers,
Thy gentle birds that sing


In sunny bowers:


Come with thy gladstone hours;
Spring beautiful Spring
Earth is weary of It's winter sleep.
And longs TO waken into life again,
To see the budding vines and grasses creep
Along the cheerful plain;


For thou wilt bring,


Oh beautiful Spring!
These and like beauties Ia thy gentle tram
Come with thy children three
The stormy March that weepeth all the day
The tickle April and the towery May
On. 'twere happiness 20 see


Far up on high,


Thy clear blue sky,
Like a bright. beauteous and eternal thing
Spring beautiful Spring.
Come then, sweet Spring,
Come To this desOlate, dreaTy world of ours.
Come with thy breath of balm, thy gift of flowers;
Thy gentle birds that sing


In sunny bowers


Come with thy gladstone hours.
On, beautiful Spring
And bring, ay, bring anear,
Sweet childhood of the year,
joy, health and freshness on thy dewy wing,
Spring, beautiful Spring!",EVENING STAR.,"Evening star. [volume] (Washington, D.C.) 1854-1972"
1857-03-08,"WASHINGTON, March !, 1857.
Judge Mel can delivered his views In the bred SCOTT
case day. arguing ttas slavery IL limited to the range
Of the State where Ia estAt isbed by municipal Law
Congress deem slaves free coorsd persons injurious
Territory they have The power to prohibit. them from
becoming settlers therein The power to acquire Terri
tory carries the power to govern IT, me master does
carry With him tho T,tory the law Of the State grsm
which he removes, hence the Missouri oonpromise was
constr uorA, ana the presumption ~ in avor OF freedom
bred Boot, and his family free under the decisions
for the last twenty eight years.


Judge Curtis dissen.ed from The opinion o. the majority
the Court delivered By Chief Justioe fancy,
gsve his reoBs for the dissent He maintained that
tive bora ooored persons DO citizens OF States and Of
The United States; that bred soot. and his family
free when they returned TO Missouri that the power Of
Coreress to make oil nsedfo rules snd regulations
specung the Territory na ~ the majority Of the
Court expressed, limited to territory belonging toDu
upsd States 81 the time Of tn adoption OF the cona


BUS has been spsnsd1to ave Subsequent, scquid.


Of land; that Congress has power 10 exclude slavery


the Territories, having stiablhhed eight Territorial
Yverpments without, and recognized slavery In six
rom the days Of Warrington 10 John Quincy Adams
NThe opinions occupied ave hours In delivery.
Judges Wayne, Grier, Campbell and Daniel had pA,err
expressing their views certain ponta Of opinion OF the
Court, but did not read HON.


Adjourned bli the time red By Law.","Opinions Of the Supreme Court Judges In the


bred Scott Case.",The New York herald. [volume] (New York [N.Y.]) 1840-1920
1857-11-29,"FATHER AND SoN Sent TO ruE SrArE PRsoS.-
The Rao Commercial Gays that IN that city, saturday
young by the name Of Halsey Woodworth was sen
BY Judge sheldon 10 Auburn FOR years and sir
months, for passing counterfeit money. But week be-
fore his father sentenced 70 the prison Tor two
years aud months, for burglary. The old man and
two and daughter resided In the village II how
VILE aud being of respectable appearance, and sup
posed To be possessed "" means, found Abundance


into society The daughter of pleasing manners aud
the two rather attractive white the father dressed
we'll and could tell good story. They had not been there
many mouths before their actions began u excite sspt
eion, and consequently little watching They frequently
visited Buffalo late In the afternoon. And often
nj night, knew where ny and by befts and burg


ares occurred in the villages aud counterfeit
money made its appearance Their correspondence


frequent through the Post ONCE with abroad the
letters always being directed 10 the daughter At last the
passing Of counterfeit ave dar traced dis.


ncy So Halsey, OF the sous, and the burglary Of
store in wamsyillc Ia the father. Tho father and
daughter arrested The daughter cleared The
father and convicted, and both will now spend
81 years IN prison From the evidence elected the
trial would appear A. "" they associated with
others the Fast who large dealers in ccueren
money",,The New York herald. [volume] (New York [N.Y.]) 1840-1920
1857-05-22,"Ths farewell to Winter and welcome to Summer,
BY Mrs Barry Cornwall Wilson, are beautiful and
apprsurlste at this season. when winter fingers in
the lap of spring.""


Go, winter, go!
Thy frozen locks and tFssses white,
And locks that klndle not delight, ....-,f..
And breath that chill the young hearts glow,
And frovns that make the tear drop start,
No bliss, no pleasure, can impart


Go! winter. GO!


Come summer, come,
With genial skies and budding flowers
And lalmy gales and fragrant showers
And smiles that clothe the earth IN flowers
Come with thy bright and fairy band
And scatter gladness DER the land


Come! summer com3i","EVENING STAR.

WINTER AND SPRING.","Evening star. [volume] (Washington, D.C.) 1854-1972"
1857-06-04,"The United ssaies frigste Niagara, which expected
10 nrlve In the Morsty has, Is supposed through
mistake, procs edcd T. the Thames and there nov some
duh whether survey she will be found suited for
contemplated service Of assisting in laying down the
TIC telegraph cable. She has full complement Of naval
ofncep aud crcv Or 500 men, The Agsmemnon IT, on
the contrary lifted storcshp, and placed under the
command 81 one n the most experienced masters In the
navy, with eny sufficient dcekysd crew FOR the special
required Uress the captain OF the Niagara bss
Discretionary TO reduce the number Of his officers
and and make the Necessary alterations req for
the reception and hyn out the cable the comfany will
probably not be able avail themseves OF her
but doubt n entertained NJ the United States govern
ment giving the company equivalent money Zoe the
hire Of suitable vessel.


From the london News, May 1871


TN saturday the Dntef S,scs steamship, the Niagara
dropped down the river 10 the moorings al Fast Green
wich, and Today, her Naicsty's ship, Agsmemnou VI
guBs, ei come round from Portsmouth and take IN her


crng- there 10 ship the sub marine telegraph 70 be laid
down In the Atlantic Ocean connect the continents Of
America and Europe The length OF cable 10 be put on
board each vessel cxceeds 300 miles viii take upwards
G sx weeks 10 deposit the c-be ships' holds Ac
crdng TO present arrangements her Msestys shin Ara
memnoo and the Unta states frigsie Niagara viii lea va
the Thames about tho rst week 10 Jay in company with
her ship Cyelops and will proceed TO the latitude
midway btreen The west coast Of Ireland and Newfound
land Here the ends of the cable board each sh will
be joined the Aeanemnon will then return towards the
coast Of iresnd and the Niagara will hold on her courpe
submarine csblc ~ they ncrcsse tho distance between
them and usinssnins constant Geographic
with each other 10 prove thai cable remains intact, snd
stha Sir days amor The ships separate should accident
oocur, teiesraphic communNao will be open between
the two continents.",The Transatlantic rsies r.ph Cable.,The New York herald. [volume] (New York [N.Y.]) 1840-1920
1857-05-16,"GovERNsR wALsER GoSE TO KANSAS at LAST
Governor Robert J. Walker has madc his last
speech, eaten his last supper, saved the Union for
the last time and started for Kansas lie has
taken for his private Secretary an asaelt of one
of the black republican journals, and constituted
that Journal his official organ for the publication
of his speeches, messages, and documents of all
sorts, including the latest quotations for railway


stock, town lots and other similar speculations


Governor Walker goes 10 Kansas TO settle the
questions which have 20 long disturbed that Ter
ritory-to save the Union---increase the price of
town lots ndotherwise sidand assist In the grand
speculatons in Kansas lands. Governor Walker
is altogether different sort Of person than has
ever yet attempted TO govern Kansas They all
went out with one idca--a rock upon which they
split and sunk. Reeder, Shannon, Geary all
amounted TO nothing Governor Walker IL bril-
liant rhetorician and an artfu dodger in politics.
with lively imagination and original fancy, in
which town lots, Union saving bills and Presiden-",GovERNeR waLsxR COVE TO kansas At Las,The New York herald. [volume] (New York [N.Y.]) 1840-1920
1857-07-20,"FROM MExIco.-The New Orleans papers con.
tain Vera Cruz dates to the eth instant The Brit
ish steamer Dee left Vera Cruz on the 5th instant
for England, with 81 300, 900 in specie Gen. AL
Sarez had gained several successes over Vicario.
Dur the latter was not subdued. The Trait u nion
reports the Mexican treasury empty, public conf.
dence shaken, and the future overcast with threat
enlng clouds The elections in Mexico, Quere.
tara and Pnebia were favorable to the Progress
sistas. The papers were full of rumors of another
invasion OF Sonora, based upon private letters
from san Francisco. One Of them says that the
expedition is to consist of 200 men. Fatal epi
demic fevers were prevailing at Guerrero",,"Evening star. [volume] (Washington, D.C.) 1854-1972"
1857-07-14,"Bud and leaflet opening slowly,


Wood with tears 10y winds Of spring,
Now. of June persuaded wholly,
Perfumes, flowers and shadows bring.
Evey, In the linden alley,


All alone met to-day,


Tripping to the sunny valley,


Spread across with new mown hay.
Brown her soft curls, sunbeam sainted,
Golden In the wavering flush;
Darker brown her eyes are, painted
Eye and fringe with one soft brush.
Through the leaves a careless conner,
Never Nymph of fOunt or tree
Could have pressed the floor Of summer,
With lighter foot than she.
Few her words; yet like sister.


TTustfully she looked and smiled;
Twas but in my soul kiss'd her,
AS used TO kiss the child.
Shadows, which are not of sadness,
Touch her eyes and brow above;
AS pale wild roses dream of redness,
Dreams her innocent heart of love.","EVENING STAR.

OF JUNE PERSUADED WHOLLY.","Evening star. [volume] (Washington, D.C.) 1854-1972"
1857-12-24,"The shps comprising this line are


The ATLANTIC. Captain Diver Etrfjga


The BALTIC, Captain Joseph Comstock


The ADRIATIC, Captain James West.
These ships having been built by contract expressly FOR
government service has been taken IN the-
sucon. also In their engines 10 insure strength aad
speed and their for passengers are Unequal
I'd for elegance and comfort


The OF ths line have improved water tight
partmcnts expense has spared make them all
good the thorough examinations given them proves
their mode OF construction yet unequalled-
Price Of from New York TO Liverpool In nrstcabin
slsO, In seconddo SIS From Liverpool TO New Yorx 30 and
guineas An experienced attached 70 each shp NO
bcrths be secured until paid for


PROPOSED","SHIPPING.

NEW YORK AND LIVERPOOL UNITED STATES",The New York herald. [volume] (New York [N.Y.]) 1840-1920
1857-12-24,"NJ DOUGHTY. auctioneer, will sell this morning. at l0S
o'clock, al sales room 20 Nassau street,


BY virtue Of chaiei mortgage aarge assortment of etc.
household furniture consisting IN part elegant carved
and mahogany paor SUITS In brocate and
hair cloth marble centre pier and sofa tables tee tees
chairs secretary and library bookcases
stands elegant French bronze clocks shades stands china
vases mantel ornaments, silver ware, &c.


Bedroom Northumberland mahogany and rosewood bed
st-Ads bureaus wasands toilet sets chairs sofa bedsesds
Brussels wsrdrobes dc The whole ID be sold the
highest bidder for cash. be packed and shipped
the premises",,The New York herald. [volume] (New York [N.Y.]) 1840-1920
1857-11-13,"By A. y. n. DUO AENE.--l


hear the starving men! .- -.
I, who have chanted all my years -
Their griefs and wrongs, their hopes and fears.


Whose lowly voice and pen, --'
Through weary day s and sleepess nights,
Were conseorated TO their riE hts 80"" .r""


hear their plant again! ..


lust their stormy CRIES
Their slow and desperate daily tread $40
Their muttered Death or Bread J""


| see their hungry eyes.
And well know that, whence they come.
Their wives and babes, in misery dumb,


Out drive them with low sighs.


Thus, then, plead their oause.
They march not forth to wrong or spoil;
They claim but sufferance for their toll,


Ere wolhsh Famine gnaws,
They will not I'M marauding hand,
Nor threat the night with flaming brand,


Nor brave our sacred laws.


But, come they will to light
From DWELLINGS, worse than be ,stly dens,


From hunger, cold and blight!
Zach sunken eye-each psId cheek
Sail thus with voice of thunder speak.


Christians! IS this rtsht,


charge you. hear their cry.
fe, who unto yOuy Father said
Gtre rs this day orr daily bread""


Pass not those suppllants by
Our God hath blessed you IN the land
And ye as earthly stewards stand


BetwIxt the Low and High.


Dare not to shrink, or wait.
But, grid your lolns, % Christians! now: r-
Go. learn where Want and Suffering bow.


Go! pour your Love on Hate.
60 mp, where Wealth hath piled his hoard
And tell to Dives, at his board,


That Lazarus keeps the gate!","EVENING STAR.

THE STARVING.","Evening star. [volume] (Washington, D.C.) 1854-1972"
1857-06-20,"From the Chicago Journal, June Is


We learn from friend who arrived In this city this
noon terrible tornado swept over portion of Christian
country, carrying death and destruction in its course
onr NORMAN. was at me yafs Of Pena IN has county
rnc II accompanied by hail and rain. Buildings
swept from their foundations and OF them
red into the air. others unroofcd, and others orc into
atoms.


number Of stores that had just been completed
were scattered Fragments; the Presbyterian church,
large frame building was movod some six feet from s
foundation the Illinois Central freight depot unroofed
train Of blown from the track; aud worse than
ALL Ave persons-a woman and four childrenwere killed
by being struck with falling mbers, carried into the
cir and thrown upon the ground Several other persons
were more or less injured some Of whom may die fron
We have information 10 the extent Of the damage
done IN other places BY the tornado but farmers and
be heavy sufferers.


Correspondence of the Chicago Tribunel
Destructive TORNADO IN CENTRAL ILLINOIS LOSS


OF LIFE.


PASA, Christian county, June IA, 1857.
Our town was visited yesterday afternoon by the most
terrific and destructive hail storm known IN Christian
county. II has destroyed almost everything Ia It's
II has cvcllcd twenty five houses In village done
serious damage TO any Others mine among them. MANY
risen and shattered Some OF the houses
up SO clean and preclpaied from their foundations that
you could hardly tell where they had stood Roofs vcro
carried hroagh the air as If they were straws.


The storm was accompanied with deluge OF rain AMI
q heavy shower Of hails,oncs. Tho air was dark when
the awful tornado broke uTon us; II was terrific seem,
while lasted The elements howek and roared, build
ings were dashed in the path Of the Storm tmbes rails
boards, roofs, and every movesble article hurled
through The cir strong men eiood aghast chill
dren screamed with terror Many hurled headong 70
The ground and rolled forward by the mcrcess element
Some Of the ignorant people supposed the comet was
about striking the earth, and causing all tho uproar
and Devastation They were awfuy frightened, believing
a. they firmly did, that the last day had come.
Our pleasant town IS In a sad phght-shattered, torn
and destroyed Many Of our people are efi wholly dcsu
tutc, escaping from their dwellings with nothing but tho
few clothes upon their bodies All their household furn.
ture and other personal property have beea away
or destroyed by the atmosphere, deluge These poor
per objects FOR public bcncvolcncc.


The value OF property destroyed IL variousy estimated
at my 70 ono hundred thousand dollars.


From tho Louisville Journal Juno 1911


sEvpRE sToRM.


One OF the most violent experienced n his
aiiine prevailed Saturday night Just after dusk Tho
poured down torreais and tho yiyidpss OF tho
lightning only exceeded by continuous and intense
peaug Of thunder The Wind blew With sroa, violence,
trees vere snapped OF and houses snroosod.


On both the New Albany and Je'ersonvile roo IL ne
trains going out and coming in delayed hours
Western train the New Albany road ran over tree and
vas thrown from the track. The engineer WAS slightly
Injured.


From the Quebec Gazette, June ISL


THUNDER STORM.


vioicn. storm Of thunder and lightning, accompanied
with heavy rain, passed over this city saturday
ing last The flashes Of lightning Intensely dazzling
and we learn that house In Bertheloi street. ~ Lewis
suburbs struck BY the electric fuid which passed
down The chimney killing dog which wss BY the s1de Of
an sged female, who was however, unhurt
rHRoudBorT TIE srArE-oBsrRrcrToN


TO RAILROAD rRAvEr-


EtwIRA, Juno la-3P.M
The storm Of the last two days has been unusually Sc
The streams very much swollen and The houses
On the banks very much injured freight train was
literally blown or the track between this place and Cor
ming yesterday by gust OF wilma and rain So person
was injured Tho travel BY the Erie Railroad obeuue,-
ri by tho washing away Of the banks. The weather =
nov clear AZ the streams subsdinr The railroad
sil be In ORD ~ to morrow.


TnE rRESBr AT rnE VILLAGE OF CORNING, N. "".


CoRsrso, n. Y, June 10, 1867.
More rain fell here last night, and the trains on tho
Erie Railroad si detained west Of this point by The
TODD. The passengers taken West By the Buffalo,
corning and New York Rairoad via Rochester


the cuExrsG AND CROOKED LAKE CANALS.


ALBANY, June 10, 1851
Intelligence has reached The Canal Department of fear
el freshct and serious breaks the Chemung Canal
Nfeen hundred fec, Of the bank gone between locks
Nos. and 2s; and breaks are reported between
ocks No. ~ and a. The Crooked Lake canal repairs
ust been Completed and news OF serious damage ex-
lected from there.","Tornado. Thunder storms and EIeshets.


",The New York herald. [volume] (New York [N.Y.]) 1840-1920
1857-07-11,"CArrrRB oy AN Alleged BrRcIAR.-Jobn HARDWOOD, =
young man about ~ years Of age, brought before
Justice Connolly at the Lower Police Court ednesday
q charge Of burglary preferred against him by Messrs
Hurd Giles, No. Is Park place From the evidence
adduced before the magistrate appears that about three
O'Clock yesterday morning private Waterman Andrew
Warwcs heard some shutting the door Of hessrs.
Hurd Giles at the above namber that he tried the door
and found it open and looking into the store the
Light Of dark lantern, which was Immediately extn.
gushed on his asking who there that he went out
upon the sdew ak and commenced rappng hs club for
ssance when the persons who In the store out
and endtavored 10 make their escape The prisoner
down Park place. towards Church street, while his
Tie prisoner closely pursued and finally cap
tured and with the aid oil officer Wyvel OF tho Third pre-
cnct lodged in the station house In his
was found q bundle Of the Metropolitan Express Com
pany 3 stamps, which were clearly identified having
been stolen from the store In question Justice Connolly
committee the prisoner for trial In default Of 81 900 bail",Police Intelligence.,The New York herald. [volume] (New York [N.Y.]) 1840-1920
1857-09-13,"FROM fnrn oanKnani, August ~ J


The snnral stcoplochascs u Deppc came OF yesterday
(Sundai1, Ia be extensive meadows OF Rcuxme nii.
some distance from the town. Favored by magnificent
nifty, French and EngiSh, staying Deppe for
bathing aeason, together with The townspsople maze
and wash number Of curious from the hborng towns
and villages for miles nd They also attracted largo
crowd OF English Of the lower cass from I0rdou and
brighton, who we're brought steamers which rae
expressly for the occasion the extraordinarily reduced
rate OF Few shlngs The grca, asscnbiage OF spec
tors IN The sAnds, % foot In carriages and horse
back, caused the gronnd present brilliant appearance
The various entrances 70 the were tassefaly
decorated with ricoiors and Englsh nags. Tho day q
business was fair one, but not quite whsi had boon
expected. In the nrst event several Fogtsh horses
had been entered, bus only two wsro brought over;
and TO compete with them only three French horscs
taken 10 the posi. Al then only ave horsos started the
stakes, though annually Of 7cof., rcily only
the result was what predicted by tho feaucncrs OF
Tho French ursho victory Of tho famous Franc Picard
1t observed that the Fnglfh did lamp well;
and this raid 10 be owing 10 the fact that tsey
eussoed 10 far sitter obstacles than here provided
for hsm In the second event three ont OF the
that started were brought over from England and
one or there II will be seen, who the winaer. The
JUMPS, which In the nrst adNr twenty five
number and IN the second Gftecn sixteen we're tue
same - previous occasions, and consisted OF walls
bitches, fences, and a brook; the walls nbout v
metres high and he brook metres vide. There vas
net much betting either event.


N. G. LAftte, A. des B,oSscs, and Baron de Naiayte
acted a. stewards Tho attendance o. French and Engsh
sporting characters comfortable though
rous ~ generally witnessed on important cccasions",,The New York herald. [volume] (New York [N.Y.]) 1840-1920
1857-12-22,"OPENING OF TIE SBSSTON-SCESkS IN THE HOUSE


oF LoRDs--QUEEN vICToRIA's SPEECH.


ffrom the IoudonTimes, Dec.


Tie Imperial Parliament was opened today by her
Majesty person Several circumstances contributed to
nycr this ceremonial with unusual interest and sgnD-
caoe y i no common occurrence for two sessions of


the Legislature 70 be hegun and ended and third naugu
rated within the brio SPACE Of ten months and indeed,
an autumn session always an exceptional event, which
takes places ouy when weghty and urgent alairs T""
Decossitatc deviation from the ordinary practice. Tho
lat occasion upon which legislator were convoked
thus carly 10 aid the sovereign BY their COUNSEL was IN
December, 1854 when the exigenclea Of the late war
csllef for The passing OF the memorable Foreign Enlist
mcnt bill The staic necessity, which now makes meet
iul 10 anticipate the usual period Tor rcssenbng aria
meni. of a wholly different characicr. When at
the close ~ August last the sttngs Of both Chambers
were suspended In the midst Of crss with
hotter fitted 10 cope than the cloguence Of
t- Senator's, n was foreseon that the course


nigh, possibly call for the holding OF an ante
haimas SESSION. But the precise form IN which the
ancy has now arisen I~obably then eludel the rre.
81 the most gifted political seer The rapid Iso-
made IN the suppression Of Tie indian mutfy vas


spelling the anxiety felt in quarters for tue speedy
onyocsuon Of the Legislature, when sudden ani
unlocked commercial panic followed by the Suspension
the Bank Charter act rendered mn immediate appea ~
Tie collective wisdom OF the nation mperatvely neccs'
sary.


splendor the day being beautifully line for the season,
vast collected IN Parliament street and around
the principal entrances ~ the New Palace eager T. catch
glimpse of the royal pageant The popuace lined the
way dense from early hour the c0utse being
kept Gear for the coviioe by detachment 81 The 'e
Guards Tho constant stream of splendd cqupa gcs
Veyng Peers aud Ieeresc 90 the Of action diverted
tho attention Of Nh multitude until the CHI cf actors ~ tho
august ceremonial their appearance, when her Va
iesy and the Prince Oonsor were received with lively
demonstrations 81 loyalty.


ihc interior Of the House Of Lords presented specta
Gle Il surpassug blianyy. The royal gallery and It's
corridors were thronged with the less privileged specta
ors of both sexes whom the upper chamber would not
suL,e to aceowwod@e, Through this ple apartment 'ha","The Brisl~b Parliament.

OPENING or TIE eEssIoN--scEyEs IN THE HOUSE


or LoRDs--QUEEN vIcToRIAs SPEECH.


IRON the IoudonTmes, Dec. a ""a",The New York herald. [volume] (New York [N.Y.]) 1840-1920
1857-12-02,"FIRST WARD.


All was quetness in the begerent First ward yester-
day In the early part of the day the votes were poured
IN rapidly the districts On the whole the vote poled
was large there very little disposition TO crowd
round the polling places Indeed, with the exception OF
the polling place Broad street, there was no crowd at
ALL the voters and the delivering the
tickets being only parties participating in the scene
As general thing drinking houses open, and in
afternoon several drunken men appeared IN the VI
cny polls but they did not succeed in creating any
disturbance Not a single arrest was made up TO the
closing the polls At the Broad Street Househe poll
ing place OF the Fifth dstrictthere incpient
about noon but the interference OF the police who
there in strength instantly Suppressed it, Contrary TO all
expectation no fght occurred the First ward much to
The disgust Of several of the fighting men ~ lhat ocay


SECOND WARD.


Everything passed off quietly this ward There
no rows, arrests, and very little enthusiasm The
votes we're deposited without obstruction throughout the
day,


THIRD WARD.


The day passed in this ward without any disturbance
worth mentioning A heavy vote poled and much
feeling was manifested the Mayoraty question: but the
Aldermanic candidates excited the most interest The
Third ward part of the First Aldermanc district and
it's voters had between four candidates, all of
whom hailed from the First ward The principal contest
was between the friends of Billy Wilson and mike""
Murray if their adherents 10 be believed both of
these eminent gentlemen elected and will adorn the
city councils during tue coming year IHc lHiru
yard was formerly whig stronghold but of
late years il has been becoming more demo-
cratic owing tpe garEs aeasra exsr
else considerable influence In this ward and for some
other they cast their votes yesterday for Tie
mann. - .


There was heavy betting the result Of tho election
and much money must have changed hands Two raod
partsans became excited that offered ~ load
al wood in front OF the Gerard House, at the Of
Chambers street and West Broadway, Thursday after
noon between the hours of one and O'Clock pro-
his elected IL the other would
do the thing The wager was instantly accepted,
and Thursday this absurd wager will be complied
with. There rotng and no arrests Tor Illegal
voting in this ward


FOURTH WARD.


The exhibitions Of beigeren character were not so
numerous in ward previous elections. An attack
was made of the Clancy ticket boxes which was
under the charge named Mccarthy who defended
IL with pistol The assailing party, named James White
was also armed with pistol and for time, the difficulty
assumed rather serious aspect Officer Henry Phillips
however happened at hand, and by getting between
The combatants succeeded putting an end to the dim
Guilty hut Mccarthy had fired two shots al his
assailant Neither Of the behgerents, appears was
arrested The ward received visitation from party OF
fifty supposed be detachment from the Dead Rabbit
club who had few skrmshes with the friends Of Crowe
the Dead Rabbits being in favor of Clancy. Beyond few
bloody noses and black eyes, damage OF a serious
Character was done The following persons arrested
for iDegai votlng.-john Carson Cornelius Engrght, Mt
chae connery and Henry Crowley. me posters o. the
while those Of 1iemann seemed to have entirely disap
pcared Compared with former elections, as We have
said, this one passed OF peaeeaoly.


FIFTH WARD


There was an unusually heavy vote poied in this ward,
and the Inspectors had busy time all day long. Tho
law a. regards liquor selling, observed by all the re
taecabe establishments in tho ward, and tho effect was
seen in the few drunken and dsordery persons at the
rolling places This ward at time used 10 roll up
heavy whig majores, but Of late years the democrats
have had everything their own way II was remarked
old wings, who Will allate Win OF
new parties voted yesterday and against the democratic
ticket II was remarked also yesterday that all the
ssrouehs"" who usually support the democratic candi-
dates yesterday the other side OF the question
rnere must have been immense sums o. money spent ny
the Tenann party 10 secure this kind Of help There was
no fighting the polls and only one person was arrested
for illegal voting He gave his name as William Robinson
and said he was by trade tanner lie was taken 70 TIE
Tombs.


There we're comparatively few fights the Sixth ward
Yesterday and with exception the personal damage
inflicted ,ring Mr.. Haggerty, Of the candidates
for Councilman was violently assaulted, and received
severe cut the head from stone thrown at him by
of his political opponents. Is not thought that will
prove very serious gang Of election bulles, number
ing between two and three hundred made descent upon
the nemann ticket boxes scattered the tickets about the
streets and broke up the boxes The ticket distributors
driven wherever they were found; but after
the Cang passed resumed their occupation with what
ever tickets they had left In the language OF OF the
policemen, othey went through the ward like whrl
wind and perhaps 10 this circumstance s owing the fact
,hat none Of them arrested. whriwnds
are rather dangerous affairs and the Of
scers holding their personal safety above
every other consideration interfere with this
The skrmishers who operated in smaller parties did not
e-cspeI however, there was nothing OF the whrwnd
character about them, and they taken into
toiy and placed in durancc VILE They were Patrick
Isiy, James Murray James Brown and G. Truman. Inc
tas, usmed insisted on depositng his ballot although
appears clearly shown that he not entitled TO
vote the ward Besides the descent made upon the
ticket boxes the bulies amused themselves IN tearing
dosn the ncmans posters from the walls


SEVENTH WARD.


Since the first form Of municipal government was grant
ed 10 this cty-nov two hundred years ago-there
never wss perhaps such extraordinary excitement aud
ANXIETY as for the result Of the elections throughout the
city vet never was peaceable and orderly dc.
rneapor among the people of this ward. All quiet
Tbere was pardonable manifestation Of feeling for IN
rsncc,,ve candidates and more voters came forth to
record their franchises than ON any former occasion
late years The Inspectors at every poll in this ward in
formed reporter that there we're more vots deposited
the close of the poll Old gentlemen VINO Tor many
years past would not undergo the Inconvenience aud
trouble Of standing on The Sidewalk ana oeng subjected
forth yesterday and deposited their bal
loss. Our reporter found Captain Bynders 10 this
ward, busy. He was at the polls, protecting the
democratic voters aud aiding them IN their challenges
He said In two three instances thai they were entitled
- vote and that they should vote lie told them That
though he had been charged by Interested parties h ne
was opposed 10 Mayor Wood, Il vas false; ne never yet
went against the regular democratic ticket and ne would
suort now from Wood down. The Captain was cheered
lusey whenever he won't and 10 hH anxious inquiries oil
1nuna he learned that Wood ahead oG Temann' and
fhat a1ams for Alderman, the same regular nomna
won nlket was leaving Mcconnell In the back ground
On at' ng az the Of Jackson street CAPT ynders
sspcd Tag suspended from the house OF well known
nemocrat, WIN the name of Temann displayed on y;
what sau ne, has Dick turned against usY "" NO""
ycpbed by,'ander; hid you ever know him TO 60 any
but the regua democratic nomination."" thought not /""
said the Captain, Put on your specs then Marshal and
road tha tho hal a.","THE MUNICIPAL ELECTION.


-oo..-.oo-o>,so~~~oJ~>~>~
The Result Of the Great May0ralty


Contest.


1-o->o~o~~~--o|Jo0<-oe
RLECTI0N OF TIEMANN BY 1881 MAJORITY.
OVER $4,000 VOTES POLLED.


~o~~ooU>0No~oo~or.>o~c
FALLING OFF N THE OPPOSITION MAJORITY
-ooooo.>r~r-oooo~-or~~
QUIETNESs THROUGHOUT TIE CITY.


~>~~ooo~o~~>>o~->->>~~>e
Scenes at Tammany Hall and the
Tiemann Headquarters.


-->~o~~~~~~~~~~~~~
DEMOCRATIC COMMON COUNCIL.


-~~~o~-~~--> -~~~~~>~~~.~
Names of Aldermen and Councilmen
Probably Elected.


~>o->oo~~>Ooo~~~~~o~,o~~
THE NEW CITY GOVERNMENT,
&c, &c, &C.

THE NEW CITY GOVERNMENT,


&C., &c, &c.

SCENES AT THE POLLS.


CJpGr WARO.",The New York herald. [volume] (New York [N.Y.]) 1840-1920
1857-11-12,"NEWS FROM TIE UTAH ACKNOWLEDGEMENTS
TRAINS BURNT BY MoRMoNs-rHE TROOPS GOING
INTO WINTER QUARTERS, ETC.


ST.. LOUIS, Nov. II, 1857.
Adyjces from Fort Laramie to Oct % state that Col
Cooks command, the I'd dragons, were four miles
this side of tho fort and had encountered
Eve days previously


Col. Johnston, when last heard FROM $50 miles be-
yond laramie The snow was seven inches deep 100
miles this side where express left him. Owing TO the
slim supply and the entire absence OF grass the
teams and dragon horses were falling rapidly.
News had reached Laramie that Morrnons had burnt
throe trains consisting seventy five wagons
Green river, ninety miles behind Col Aexander's
command, which constituted the vanguard Of the army
It was rumored that tho 9Th and 10th regiments of
iafnntry AMI the batteries of artillery would take pos
session OF Mormon village Bear river for winter
quarters",Important from the Plains.,The New York herald. [volume] (New York [N.Y.]) 1840-1920
1857-11-12,"NEW ORLEANS, nav. II, 1851.
The steamship Tennessee has arrived from Vera Cruz
It'll inst with advices from the city Of Mexico the 4h
by tho mall, and tho 9th by telegraph.


Tho Tennessee brings over half million in specie and
highly important intelligence.


On 4th instant the political guarantees of the
consultation suspended, and President Comonfort
was clothed with dictatorial powers


Martial law had been proclaimed in the district OF
Consequence OF serious difficulties between
the spanish and Mexican citizens.


General Alvarez was still successful against the rebels
In the SOUTH


Iatr adviccs from Yucatan state that Campcachy had
surrendered to the government troops Tho revolution in
tho province had, however, taken new nic and indeed
the whole people were In arms.","THE LATEST NEWS.


-~>0~N~<N0~e~oN~~~-~~~~~~
IMPORTANT FROM MEXICO.
PRESIDENT COMONFORT DICTATOR.


s~>N-.<<~o->N~-~~~~No-~~~N~
MARTIAL LAW PROCLAIMED,
DO, &C., DC.",The New York herald. [volume] (New York [N.Y.]) 1840-1920
1857-12-16,"E7vah Ibcler James NJ Flondrsaa. The plaintiff
FOR damages for false imprisonment and rigorous
treatment While in custody. The DESCENDANT, Police Jus
tce at Jefferson Market had arrested the plaintiff rather
uian year ago, the affidavit Of his son, who
charged that of his daughters had been deserted by
her father and Obliged 10 support herself From bis ties


mony however tapparcd that biz wife and children had
deserted him while the family living In Albany and
had come ~ this city 10 live and that they had plum
dered him lie followed them hitler with the hope OF
inducing them 10 live with him, but arrested in the
described. lie also alleges that he confined


for three or four days in email room adjoining the police
court room with nothing but board 10 sleep upon and
obliged to submit 10 other hardshps before he could pro
bail whereas the statute requires persons arrested
such charge TO be confined in the county jail The
defendant moved for nonsut, which, after prolonged
discussion Judge Brady denied. Verdict for plaintiff $3.50","Court or Common Pleas.
pafara Ilnu .1udye Rra.Iv",The New York herald. [volume] (New York [N.Y.]) 1840-1920
1857-06-01,"RICHMOND, Va, May 2Sth, 1867.
Extraordinary Democratic VictOry-T< Grsas 0lraacr Of
Kno,o NotAingism 71kew by tie Democracy-A Triumph
for Governor WisS-Te State Gone Larglyfor TIE Dexo-
cratic Party.


The State elections have taken place To- day. and Rich
mond the great Gibraltar of Know Eethngm and whig
gerry has most Unexpectedly fallen the hands of the
opposition For the Ars time in the political history
Virginia has democracy gained victory this great
stronghold 10 have predicted this morning that Know
Nottingham would have succeeded with any worse result
than eight hundred majority would be 10 subject oneself
to the utmost ridcue. Indeed, two freely Of
fered at early hour today upon that result and
fused But what must be the chagrn and disappointment
of party upon finding themselves the close of the
ri ory or atty. Il form any sdeasats OF Opinion
upon head would be necessary 10 witness their sor
rowfu looks and detected countenances And we'll might
they deplore this unexpected result for they have long
enjoyed the rich fruits of their many overwhelming
tories But two years ago, they carried the city By
jority Of fifteen hundred. To-day they are in minority
and upon recurring election they will dnd them
selves far greater minority, the moral nence Of this
victory being we'll calculated to nspirt democracy
still more, aud bring large ascessions their rank It
amusing 70 watch the manuuvring of the municipal
office holders elected by the Know Nothngs. They looked
their early eviction from the profitable snecures they
have 80 long enjoyed. They would fegn discam all party
connection and trust TO future chances 10 reconcile the
cendaat party But that they will succeed is very ques-
uonable.


The democratic party have elected their whole
ticket In this city, TO wit;-State Senator, and
three members o. the House Of Delegates, who in ad
dton to democratic member from the county in which
Richmond is situate Henrco) makes gain Of i've for
the democracy.


Those chosen Col. 7. p August, Senator and R. o.
Haskns Joseph X. Anderson and Rocco B Heath, mem.
bers OF The House. All these Of considerable
huence and exceedingly popular in this city.


Judge Caske, the democratic candidate for Congress
from this district has been cleo ed by the largest
jovty which he has before received. The nomins
ton him was made rather for the sake Of opp)s
ton than any hope Of carrying the election. The gentle
man chosen by the opposition not sufficiently popular
10 stand seven the ghost Of q chance""


The result Of these contests may well be deemed VIC
tory for Vice. far at least the former cleo ion
cerned, for it Is pretty known that the five chosen
fro>s this city and county for the Legislature fast
friends Of his And may be said with reference 10
the other selections 80 far as heard from.


The accounts received from the Interior the hour
write, indicate that Virginia has gar cd moro decided
democratic victory than Indeed, this might well be
inferred from the result In this city for who rowing The
character Of the victory here could for moment hest
tate 10 predict whelming democratic triumph
throughout the Slater


Governor Wise has left here to spend few days at his
home in Accomce He is expected back in the early part
OF next week.


The railroad convention called at Bristol tennessee
invite the Great Eastern Norfolk, will
semble Wednesday next the Sd proxmo l shall attend
and furnish you report


II within a few minutes Of mail hour, and must
there Cre lose.",Our Virginia Correspondence.,The New York herald. [volume] (New York [N.Y.]) 1840-1920
1857-12-08,"CRITICAL POSITION OF THE EUROPEANS At LUCKNOW


GREAT ALARM IN BOMBAY AND CALCUTTA.


From the london Chronicle, Nov. -


Although we have had pio Marseilles up TO the
same dates as the brought by the Indus 70 south
ampton Saturday last the passengers from Calcutta
and Bombay much sought after in order 70 learn from
them better than be ascertancd from the Indian
journals the very latest intelligence that reaches the sea-
ports from the revos districts and also the feeling that
prevails in the government cities respecting the events
the upper provinces The nduss passengers describe tue
excitement prevailing in Calcutta much greater at the
news OF Lucknow being relieved than at that OF the cap
ture ~ Delh-a difference which arose from the icartu
previously entertained respecting the fate
III the beseped the capital Of Dude. The reJocings,
therefore nj aveocks and Oursms victories were ex
the passengers represent that these reo.nRs
were aueled when news was circsased that HAVE",,The New York herald. [volume] (New York [N.Y.]) 1840-1920
1857-02-17,"The State OF the Susquehsnna at Havre de


PHILADELPHIA, Feb. IL. 1857.
The passenger footway constructed by tho railroad
company at Havre de Grace s substantial and safe FOR
passengers and baggage, the transit being made with
great facility To day force Of three hundred men arc
at work opening the steamers ohanr ell with every pros
poet Of resumng the regular for freight and
passengers by Monday evening"" and 1t may be earlier.


HAvRE Ds GRACE, Feb. 10, 1867
The ferry boat reached Perryvillo at 70 day The
plank road carried away the ioe and moving
down. few moments after the passengers by the eleven
O'Clock train passed the ferry The Maryland at
tempted 70 cross the river with passengers from Phia-
deph, but could only get half way over, Where she
manned at last accounts


Railroad Acknowledgements Mt Albany.


ALBANY, Feb. IT, 1857.
The engine the freight train OF the Central Railroad
last night became detached the tender The fireman.
jeremiah Talman, OF Utica, fell between them, and
instantly killed. His body was horribly mutiased.
The ferry boat on the Hudson river made crossing
day.


The weather here to day rainy. The river
again rising and freshet anticipated bot there
approximations that will be sslne recent
Navigation ON Lake Ontario and the Genesee


River.


OswrGo, Feb. 10, 1851.
The brig W. Levin. which was frozen In the Geoesee
river last fall with cargo OF wheat arrived here this
afternoon. Navigation Lake Ontario 10 uninteTupte
James Simmons, the Murderer.


CISuNNAr Feb. 10, 1857.
The case Of James Simmons, found guilty Of murder In
the first degree ten years ago, account OF poisoning","The State OF the Susquehsnna at Havre de


Grace.",The New York herald. [volume] (New York [N.Y.]) 1840-1920
1857-09-08,"The following from The Ulster County Gazette
Of Jan. 4, 1850, gives u brief account of the
funeral Of Washington:


GEORGETOwN, Dec 90
On wednesday last the mortal pa rt of Wash
lngton, the Father of his Country and the friend
OF man, was consigned TO the tomb with solemn
hOnors and with funeral pomp.


A multitude Of persons assembled from MANY
miles around at Mount Vernon the choice abode
and lastresdence ofthe iIlustrious chief There
were the groves-the spacious ayenues-the
beautiful and sublime scenes-the noble man
SONS, bat elias the august inhabitant was now
no more. That great soul gone. His mortal
part was there, indeed but OH how affecting ;
how awful the spectacle Of such worth and
greatness, thus to mortal eyes fallen-ycs, fall
en- fallen


In the long and lofty portico, where oft the
nero walked in all his glory, now lay the
shrouded corpse The countenance, still COM
posed and serene, seemed to express the dignity
OF the spirit which lately dweIt in that lifeless
form. There, those who paid the last sad
hOnors TO the benefactor Of his country took an
impressive and e farewell view


On the ornament at the head Of the coffin was
inscribed Surge sd Judicum''-about the mid
die OF the coffin, 'Gloria Dec"" and on the silver
plate,


GENERAL


GEORGE WASHINGTON,


Departed this life on the l4th December,


1T99- EFT. IS.


Between and 4 O. clock the sound of artillery
from vessel in the river firing minute guns
awoke afresh our solemn sorrows-the corpse was
mOved-a band of music. with mournful melody
melted the soul into all the tenderness of woe.
The procession wa. formed. and moved in the
following order Cavalry, infantry and guard,
with arms reversed music; clergy; the Gem
erals horses, with his saddle, holsters and pis
tolls; Colonies Sims, Ramsay and Payne, pail
bearers. The corpse. ColOnels Gilpin, Mar
stelisr and Little, pail bearers mourners :;
Masonic brethren; citizens.


hen the procession had arrived at the bottom
OF the elevated lawn, on the banks Of the Poto-
max, where the family vault is placed the
cavalry halted, the infantry marched towards
the mount and formed their lines: the Clergy
the Masonic brother and the citizens descended
to the vault, and the funeral service of the
church was performed. The firing was repeated
from the vessels in the river and tho sound
echoed from the woods and hills around


Three general discharges by the infantry. the
cavalry and eleven pieces of the artillery which
lined the banks Of the Potomac back of the
vault paid the last tribute to the entombed com
mander Of the armies Of the United States and
to the departed hero.


The sun was now setting, Alas, the Son Of
Glory was set forever, No, the name of Wash
1ngton, the American President and General
will triumph over death The unclouded bright
ness OF his glory will illuminate the future ages",THE FUNERAL OF WASHINGTON.,"Evening star. [volume] (Washington, D.C.) 1854-1972"
1857-09-15,"The PRESSURE AND PANIC N THE FASHION
ABLE WoRLD.-We have had good deal 20 say
of late in relation to the pressure and panic in
the world of finance, and have been quite curious
TO see how the miseries of Wall street would ope-
rate upon the world Of fashion-that world for
which We import the laces Of Valenciennes, the
silks and velvets Of Lyons, the bronzes and the
Seyres vases, the rich carpets the fine jewelry
and watches, the costly wines and other luxuries
for which we have to pay out so many millions
of good hald specie money every year. Well,
the butterflies who aaunt and futter about with
all these things, have come to town with the
mosquitoes; and fine show they make The
outside pressure and panic which they cause in
certain quarters are tremendous The hotels about
midway between the world Of business and the
world Of laziness-the 81. Nicholas and Metro
polltan- first felt the pressure, being overrun
with birds Of passage from the watering places
and elsewhere. At these hotels all the apart
ments were crowded. and the rush increasing, the
parlors, and even the dining rooms, were made
dormitories for the time being-late travellers
being obliged TO sleep on co.s,"" hospital fashion.
This pressure afterwards extended TO the more
retired up town hotels, such as the Brevoort and
Clarendon, and even the cool, quiet, breezy cor
rdors of the Everett House have been somewhat
invaded by the rush Of outside barbarians


The west eide OF Broadway, between Canal aud
Eighth streets Is also suffering from tremen-
dous pressure OF criDolne. The hoops are
more extensive than ever-al altogether I'M
q.
even more impossible than the carriage way, and
a iahionably dressed lady takes up quite as
much space as an omnibus Near the hotels you
may see crowds OF fashionable and Questionable
loafeis from all parts Of the world, while the
mixed crowd Of promenaders affords the most In
teresting study to the philosopher and the phi
lanthropist. The dry goods shops are the great.
est gamers by the pressure. In old times the
ladies were bears-now they are bulls They for
merly fitted from shop to shop endeavoring to
buy at the lowest possible rate; now, they all
seem anxious tcpay the highest prices for every
thing. The quality of the article is not consider
Cd: the only question Is, what did II cost? The
American female mind runs chiefly TO spending
money Who would think that the hus-
bands Of these ladies who wear thou
sand dollar dresses and wipe their dear""
little noses with hundred dollar pocket handker-
chiefs, were shining about Wall street. borrow
ing money at three per cent month, or pulling
a long face and telling their creditors that they
haven't cent in the world


The pressure next extends 10 the theatres the
Opera, and all places 81 public amusement,
which are nightly crowded, the faces OF maio-
rity Of the audiences being unfamiliar to the
hottuts. The society people proper have not all
returned TO town, but the floating population
quite makes up for their absence. The months
Of September and October make the most plea
SAINT season Of The year in New York, and the
louDgers are enjoying il to the full There is no
paric among them, except nervous anxiety
caused by fear that some one will spend more
money and make more show than they do.",,The New York herald. [volume] (New York [N.Y.]) 1840-1920
1857-08-29,"EXTRAORDINARY FAMILY-A traveller through
weze county, Va, observed that in almost every
opc there red three four families by the Of
Morris, and having tanxety 70 learn the extent Of
the fan made Inquiry, and dreced 70 the mosaer
Of the whole Tribe for information, having oeen previously
ase He Intercepted the good old lady politely and gent
w. aDdbuoocedeo In ascerinpg that she the mother
Of twenty nvc childrentwenty and four dAugh
She hes hu ndrcd and twenty gran dchldren
one hundred and eighteen great grandchildren, and
grcs svsa Grs,dchid a with the puon Of I've
deed two siri ID three boys, living In neigh
borhood Ooe Of Der has sixteen obdeu twelve
another eleven One o The girls the mother Ut twelve
children and another the mother Of thrtess all tue
Of them produced between I'VE and seven One Of
the sons, who quite old man. lives within
miles Of the Bal imo,e and Ohio Railroad bal never
railroad until few days ago",,The New York herald. [volume] (New York [N.Y.]) 1840-1920
1857-01-08,"When Spring comes with suns and showers.
What gives beauty to the flowers


Buds and flowers.
When the glowing Summers born,
What pours Nature frcm her horn,


Hay and corn.
When mid suns IN Autumn shine,
Then, D Earth, what gifts are thine?


Fruit and wine
When gray Winter comes. what glow
Makes the round earth sparkle 500


Ice and snow.
Hsy and corn and buds and flowers,
snow and ice and fruit aud wine;
spring and Summer Fall and Winter,
win their suns eni sleets and showers,
bnng In tnn these gifts divine
Spring blows, Summer CLOVIS,
Autumn rsspS, Winter Keeps,
spring prepares, Summer provides,
Autumn boards, Winter hides
Come, then, friends, their praises sound;
spring and summer, Autumn, Winter,
summer, Autumn, Winter, spring,
As they run their yearly round,
Zach In turn with gladnsss sing
Time drops blessings as he flies,
Time makes ripe, and Time makes wise;","EVENING STAR.

THE SEASONS.","Evening star. [volume] (Washington, D.C.) 1854-1972"
1857-11-13,"Our merchants and exporters doing but le aud II
almost sorry sight 10 them OF their ships
arrive Her cargo cannot be gold except at The
rates. II sold for cash, and they do sell
credit The voyages end most disastronsly, sold in
either way, the goods purchased, cases,
at the Inflated prices abroad Some unfortunate voy
ages have lately terminated from tho East Indies with
assorted cargocs and from the West Indies with sugar
and moasses The jobbng trade probably the dull
eat last month known for generation in this city, the
sales in many boing about onehrd OF last October
Many houses curtaing their expenses discharging
clerks and rerencbing in every way 10 meet the dueut
winter and spring known for many years. The retailers
closing their stock and then selling
much as the mass Of the people have money. City
groCers and marketmen complaining thai their bills
tho last months unpaid and be collected
and netoppng supplies to all such delnquents This
the sds of things here now this unsatisfactory cond
ton OF affairs cannot be Of long continuance in growing
country like this",,The New York herald. [volume] (New York [N.Y.]) 1840-1920
1857-08-11,"ANOTHER Row AMONG THE CHIvALRY-The
Richmond South and Enquirer are having pref
ty sharp discussion upon Kansas matters in the
course of which the chivalric Pryor gave the lie
direct to the writer in the Enquirer Hostile cor
respondence ensued, but the matter has been
settled in the good old Pickwickian way, the
writer in the Enquirer preserving his anonymity
except 30 far as Pryor and ga few friends"" (pro-
badly the entire population of Richmond) are
concerned. But there will be no duel, and the
world may 60 about its business the same as
ever. Terrible fellows these fire eaters. Very
much wanted in India just now. Why don't
thew 90?",,The New York herald. [volume] (New York [N.Y.]) 1840-1920
1857-11-20,"Mobile bar where she met the steamer Fashion, Captain
Caugbn, with the artillery brigade, the medical stan,
some OF The privates, and large quantity OF arms NUM-
tons and provisions on hoard.


The Dick Keys transferred all on board Of her 70 tho
Fashion, and Capt Caughn Immediately tnrned tho Prov
OF his iata reghed vessel towards the shores a Ncara-
qua,


MOBILE. Nov ~, 1857.
The New Orleans and Mobile mail boat CALIFORNIA; has
arrived and Walker and his fellow passengers not on
board.


The whole party transferred from the California 10
the steamer Dick Keys, which was waiting In tho lower
hai Dor for the California.


The Dick Keys had board considerable quantity OF
arms and ammunition, and probably some men.
very few OF the became faint hearted seeing
the IN plements o war board the Keys, and
readily allowed TO come On to this city
As soon as Walker and his placed aboard tho
Keys, she hastily steamed down the bay.",,The New York herald. [volume] (New York [N.Y.]) 1840-1920
1857-01-07,"FURS!-FURS.!-FU
TODD L CO, UNDER BROWNS HOTEL,
u beg leave to announce the arrival from Lon
don and Paris Of their splendid collection Of
RICH FURS, made in the most fashionable
styles rom seasoned Soft dressed Skins They
would invite particular attention to their elegant
and much admired


MANTILLA TALMAS,


PELLERINE VAN DYKES,
VICTORINES, with Muffs and Cuffs TO match,
OF HUDSON BAY SABLE,


MINK, STONE MARTIN,
FITCH MOUNTAIN MARTIN,


SIBERIAN AND RUSSIA SQUIRREL,


LONDON LUSTRED,


BLACK LYNX,


and ERMINE;
RICH FUR TRIMMING,


for Cloth and Velvet Cloaks
SWANSDOWN TRIMMINGS;
ELEGANT SIBERIAN SQUIRREL ROBES,
for Cloak Linings or cut for Trimming;
Ladies' and Geutlemen's FUR GAUNTLETS;
GAtlemen's TRAVELLING MUFFLERS,


Of Beaver, Otter, NutTia, and Seal F ur
CARRIAGE ROBES,


OF Bear, Fex, and Buffalo Skins.
TODD co for the past twenty Ave years
have devoted much attention to this branch Of
their trade, purchasing exclusively for cash. sell
ing at mod crate prices, and by adhering TO their
determination 10 deal in no article that would not
bear the stricteSt scrutiny, they have secured a
large and increasing trade from all parts Of the
country.


Purchasers are invited TO visit their establish
ment and examine the most extensive STOCK
OF FURS south Of New York. oc31-Stheof",OBSERVATION-DISCLOSURES!,"Evening star. [volume] (Washington, D.C.) 1854-1972"
1857-04-26,"N0IhtT-A<OoS


Sons,vusx. N. j., April Is, 1857.
The steam propeller Fanny Garner, Capt Bird belong
ing to Jacob Shurtz Of Bound Brook exploded her boiler
this morning about half past two the Delaware ana
Raritan Canal near Weston, and about five miles from
this place, killing the captain and four Of her crew and So
riouly njuring three others and totally destroying the
propeller she being actually blown into spners above
the water


The boiler carried forward two hundred yards
hill MY feet high, through orchard, and
nearly buried in the ground Fragments OF timber iron
COAL barrels Of eggs, and every description Of produce
were scattered from two to FIVE hundred yards around
found in the woods over five hundred yards Off dwell
ing house the canal, and within y yards Of the
psosion escaped with only broken windows from the fact
that the force Of the explosion carried everything IT,
The report was distinctly heard 1T this place


The boiler was and had been in use only -four
weeks Some OF the bodies horribly nangled--one
was found In the bottom of the canal and the head
meadow opposite Another had his head entirely blown
Off The loss Of boat and cargo estimated at about
hundred apd nfty Thousand dollars.
The following were killed instantly:-Corryel Bird
Captain; James McMann, Michael Nugent, Patrick Com
fort and John Thornhil, deck hands.


Prsncetown on visit to his son in Bound Brook
James f. Harriet, engineer, and W. M Mcflyery, fireman
all seriously.


The pilot. George X Mitchell, WAS thrown out Of his
pilot house window and Andrew j. McCary, steward, out
OF hi berth on the forward deck These were the only
persons on board that escaped without serious injury.","THE LATEST NEWS.

",The New York herald. [volume] (New York [N.Y.]) 1840-1920
1857-07-27,"BY W. W PHELPS
There Ia nothing Ike the Mormons,
For they 90 al God's command,
And they scale the highest mountains,
And they compass sea aud land.
Chorus So they cope with every naaoa.


And the Christian cannon spike,
For the DO yer OF God IL with thom:


OIL never see the like
Where the eagle spreads his pn,oos
And the eilded Christians boat,
There the Mormon elder teaches
What the Genules dread the mose.


Chorus 30 they cope, -
Where the Brtsh lion treadeth
With the tabled unicorn,
There the Mormon elder reasons
For the resurrection morn.


Chorus 30 they cope, -.
Where the heather gropes In darkness,
In the scarlet lady's"" wRd,
There the Mormon Elder, meekly,
Lights the candle OF the Lord


Cnors,-so they oops, -.
And they bring the rescued captves
To the Zion harvest bowers
Yea, In hand carts see them coming
To this goodly land Of ours.


Chorus:-so thsy COPE, -.
Light and glory TO the Mormons,
Like the yonder brilliant sun,
With their fountains never measured,
Shining for moro worlds than one.
Chorus.-so they cope with every nation,


And the Chr isuan canons SPIKE,
For The power OF Col IL with them


o, never zee the Ike","EFFICIENCY or THE UNITED STATES TROOPS.

I NEVER SEE THE LIKE.",The New York herald. [volume] (New York [N.Y.]) 1840-1920
1857-07-27,"To rup Fnrrop oy rHs DuznnRr NKws-


For Tie last tso month""; have been . visit 70 the
sabe 10 furnish few items for insertion in the Nsos


Having kindly invited by President O. G Pendleton
10 accompany him ~ far ~ Parowan, Iron county, &C
copied the invitation, and arrived In that elevated region
Of country a,er ten days easy travel In company with
Elder Isaac Laney and lady.


home missionary being rare vlsiier there, you may
Judge pon OF the most welcome and pleasing
AZ President Dame was sbscu, with the Governor
NORTH and the brehren had not been catechised
raory "" the renewal OF their covenants, was thought
advisable by Bishop rsreton Lewis. (who OF tue
woun fed at the Hsuns NIL mssacre,) and the suthor
lies tina, should csiechise and bapuze them, which duty
visited, In company with brothers Pendle,on and
Dalton, Jr the noble pnery In the first et hand kanyon
which presents the appearance Of splendid parks reschng
TO the submits Of the highest mountains; seme Of the
pines are Eve feet across the but very lofty aud free
In the mountain heights around Psrowsn there seems TO
be enough rewood within Eve hours reach OF wagon and
on teams supply the Territory for years TO On
account Of the elevated posuoneof Parowan-13si feet
shove this ciy--the air Is much COOLER and the winds
blow with much force and frequency.


visited Fort Harmony and explored The mountains
around Ash and the Rio Virgin foot In company,
With brothers Peter shrs, Ingrsm and an Indian We
discovered large mound Of crysalscd gypsum, In
broad sheets and other forms From Information re.
ceiyed from OF the brethren who had been visiting
wen satisfied with the location ard that the indigo seed
which I brought from the Upper Provinces OF India,
sent by Young in advance Of the company, had
been put up aud nourshns; that dam had been
made about mile above the Intended settlement and that
ROOD pasture and nre~ood had been found within ten
miles distance.


Tney have commenced building on the site OF the new
CITY, ro,hes VIM Wesley wies and others having taken
the lead Hshop Smith has commenced a large uthing
oaoe and store house. and the saints oil the alert
for moving 70 the location short distance from the
one nov occupied. I also visited Johnsons Fort aud
SHIFTS creek small settlements br farming and grazing
The new settlement on Beaver creek, 2o miles south o.
this city, where there are already quite number OF fsmi-
m soon realize the pred dions OF Pres H. o. Ksali re-
spectns I capabilities and pros pery though only agar
Older senlsmsab For water, land, timber end grazing",OUTER SETTLEMENTS OF THE CHURCH.,The New York herald. [volume] (New York [N.Y.]) 1840-1920
1857-11-22,"From tho London Chronicle Nov.


Finance has presented for than three generations,
the standing difficulty with successive governments Of
France. During the reign OF Louis XVI minister after
minister try his hand devisng means or
contriving system by which IL would be possible To
""comllr u dtcit"" But all the systems, with some
variations in detail based upon the prncpleof mort.
gngng the future OF the state upon
terms for the sake OF obtaining money meet immediate
oxgcncics they all broke down deplorably leaving mat.
ters worse than before The deficit far from being
""choked"" went increasing until tho point reached
when utter restitution compelled the King sanction the


first act 81 the revolution by converting the States General


whose members expected 10 provide the ways and
means"" which neither the power Of the monarch the
ingenuity Of his minister's had been able raise. After
the monarchy fell the financial difficulty REQUIRED with


succeeding governments Under the Assembly, under
the Directory and oner forms in which the republican


ideal Of administration was sought 10 be realized the
French exchequcr almost invariably bankrupt The
armies of the republic left without pay and
times without shoes because the state had funds at


ts disposal Upon the restoration OF the Bourbons
similar recurrence OF annual deficits pcrpetualy aug
menting amount took place though the evil par
tally yelled and not little assuagcd in It's effects by
dexterous use Of the modern system Of loan mongerng
Louis Philippe after the three days undertook to govern
the country upon strictly economical principles, and
this was Internationally proclaimed Mt every oppor.
moro deeply IN debt than he found her. The tran
sent governments that rose and fell 50 rapidly
after the revolution of February, lSis, lived
hardly long enough realize the full extent q their din


cues but oil those who attempted 10 direct the affairs
the state from Amarne 10 Cavaignac found themselves
terribly pnchcd for money, and were never for moment
able congratulate the country that was honestly pay


ing is way. Finally when Napoleon III ""a President
Emperor became ruler &c France innumerabe prognos


&c were hazarded that he would be baed by the
insurmounablc obstacle Trusting their ""reminiscences
Of the past political opponents jealous rivals who
could End no other ground ON which 70 hope for the sub
version of the imperial government, eagerly prophesied
that must speedily fall into pecuniary embarrassments
by the event need not say. During the Ave
years that have passed since Napoleon III.
chosen ruler Of France there has been no deficit
the ordinary finances Of tho State, and signs Of
Impoverished either in the government the country
10 much the contrary indeed that while the public
MUGS have shown unexampled huoyancy the aggregate
wealth o. the nation has augmented in FAR larger degree
The fact that France has within the last three years pro
vidcd funds and supplies FOR far costly than
any which abe ever waged before without experiencing
the slightest interruption 70 her domestic prosperity
speaks volumes for the deveopement of tho national
sources and the sound basis which the public finances
have been paced The nrst Napoleon conducted vast mi


tary operations upon system then accepted by general
opinion and In biz case available for use--,hat war
should maintain itself"" Tho Crimca was invaded at
n period when the sentiments OF the civilized world
this subject bad undergone notable change;
and the with Russia was accompanied, moreover
by very exceptional cucumstances All tho OK.
pcnges OF that necessarily borne by the bc.
ecrent parties and France her share provided besides
100000 Of her braves soldiers at least hundred mil
lions sterling in actual money Fifty thirty, years
ago this effort would have proved utterly exhaustive The
country could not have stood the drain without suffering


complete paralysis Of all commerce and industry followed
by the most practical evidences dsed every
class that the nation had been suddenly smtten with po
verify As was the money was found without the slight
est difficulty and the French people, far from thinking
Themselves impoverished have learnt by the most unde
niable proof that they are richer than Tho new
budget just issued by NJ Magnc, the Finance Minister
and giving the financial estimate for presents no ex
cepton 10 Ito general rule established by Us predcces
sors Expanding revenues and elastic margin of
beyond expenditure, stli heretofore the results
exhibited upon the state balance sheet Thus appears
that when in the estimate for the ssrrent year
computed that surplus o. ""a 900 os0 tsnes or little short
Of million sterling would be left over cr Me service Of
1868 the increase Of has arsay aunened that
margin by another 90 900 600 francs under circum.
stances, moreover which promise new and even larger
expansions before the close ~ Me next financial year
Instead OF having deficit to oil up a. IN the Las, years
Of Louis Philippe or during the reign OF the republic,
the ministers OF Napoleon iii. are able to dispose
Of large surplus, aud hagne accordingly",,The New York herald. [volume] (New York [N.Y.]) 1840-1920
1857-11-24,"As II was impossible for Tammany Hall to hold all VINO
desired to participate IN the demonstration found
necessary to organize two other meetings outside In
tcipaton Of this platforms had been erected tho
Park and the other the space opposite Nassau street
and in front Of the site Of the old Brick Church About
thousand assembled around both these stands and in
front Of Tammany Hall The greatest enthusiasm was
manifested by these, and every auson that
the Mayor received with repeated cheers Before
meetings were organized the democracy amused them.
selves by dscharsing rockets and other fireworks plo
two bands played several spirit and patriotic
Then there long procession formed Of associations
from the Fourth and other wartA, displaying banners,
with appropriate devices Among these the fol-
lowing",THE MEETINGS OUTSIDE.,The New York herald. [volume] (New York [N.Y.]) 1840-1920
1857-06-23,"RUSSELL W. wEsTCoTT, AUCTIoNEER.-ELEaA ANT


~ household furniture and works OF art the property of
Cornelius Lawrence ESQ., to be sold at auction on We'd
nesday June r. In the premises No 162 West Twenty first
street, west OF Fifth Commencing at I'D O'Clock


Full descriptive catalogues of this magnificent SALE
ready and be obtained at the Office Of the auconee No
Beekmsn street. under Nassau Bank. The whole will be
absolutely sod without rain shine and embra:es
everything adsped To costly and fashionable furnished
residence Parors repee with solid carved rosewood furn


ure suit double and single SUITS covered In crimson and
brocade marble top etegeres with plate
DOORS consoles In buh work. centre and pier tables with
Egpan tops splendid X rosewood planoore made
by Nchke with the unexpred warranted; marble music
cabinet Turksh and reception chairs Turkish lounges four


large and elegant mante and pier mirrors satin and lace
tans bronze and orpou clock French escrtee elegau!
fevrs and Dresden china marble groups, Paul and
Virginia Baccbus Feast Painting and Music Venus at the
BAH DC also beautiful ornaments collection OF choice and
valuable paintings, including magnificent Madonna after
Raphael elegant dining room aud library furniture, oak
extension table 81 OF every description rich
china dinner and tea SETS ruby and chsal Gus glass supe
ror and bookcase, elegant library do
rosewood bureaus bedseads hair mattresses marble wash
stands rosewood with French plate doors; ward
robes sofas Fren chairs velvet Wilton and psstry
pets With variety chamber and parlor furniture
Also all the elegant chandelier and xures
Sale will commence In dining at precisely
10 clock Satisfactory deposit viii be required OF Al pu
chasers.",,The New York herald. [volume] (New York [N.Y.]) 1840-1920
1857-06-11,"There also large eighteen. Founders, iron,
placed the outside OF the building, which taken
during the lat war.


Among the small arms muske,s, made In Charlie
vile, France, and which were brought 10 America
by laiay cite: sso English muske with the Tower marx
upon bem which used BY The Hessians In the Anne
var.


II would take much space than can spare 10
detail all the curiosos 10 this collection and Is 10 hoped
that the arsenal will be built down town, where
win he accessible visitors ana useful IN the militia
than u u a; present oar city military are dependent
upon this Institution for military accouirements, ruskes
&C. extraordinary occasions and s impossible 10
gct them down town without Considerable expense and in
onyeniencc.","Barcelona, A. %.
Demayode l161.",The New York herald. [volume] (New York [N.Y.]) 1840-1920
1857-01-09,"'ENODD & CO, UNDER BROWNS HOTEL,
Il beg leave TO announce the arrival from Lon
don and Paris Of their splendid collection OF
hlCd FURS, made in the most fashionable
styles from seasoned Soft-dressed Skins They
would invite particular attention 70 their elegant
and much admired


mANTILLA TALMAS,


PELLERINE VAN DYKES,
VlCTORIh ES, with Nj ufs and Cuffs to match,
Of HUDSON BAY SABLE,


MINK, STONE MARTIN,
FITCH q MOUNTAIN MARTIN,


SIBERIAN AND RUSSIA SQUIRREL,


LONDON LUSTRED,


BLACK LYNX,


and ERMINE;
RICH FUR TRIMMING,


for Cloth and Velvet Clocks;
SWANSDOWN TRIMMING;
ELEGANT SIBERIAN SQUIRREL ROBES,
for Cloak Linings, or cut for Trimming;
Ladies' and Gentlemen's FUR GAUNTLETS;
Gnuemen's TRAVELLING MUFFLERS,


Of Beaver, Otter, Nutria, and Seat Fur;
CARNAGE ROBES,


Of Bear, Fox, and Buffalo Skins.
TODD & co for the past twenty five years
have devoted much attention TO this branch OF
their trade, purchasing exclusively for cash. sell
Ing at moderate prices, and by adhering to their
discrimination TO dea. In no article that would not
bear the strictest scrutiny, they have secured
large and increasing trade from all parts of the
country.


Purchasers are invited to visit theiY establish
ment and examine the most extensive STOCK
OF FURS south OF New York. oc31-3t&eotf",Observation-Disclosures.,"Evening star. [volume] (Washington, D.C.) 1854-1972"
1857-03-10,"@ An eminent writer advises every per


son who goes out into the open air from a
warm apartment, to keep the mouth shut
while walking or riding He says: ""Before
leaving the room, bundle up we'll with gloves,
cloaks and comforters; shut your mouth before
you open the street door, and keep it resolute.
ly closed until you have walked briskly for
some ten minutes; then, if you keep on walk


ing or have reached your home, you may talk
as much as you please. Not so doing, many a
heart once happy and young now lies in the
churchyard, that might have been young and
happy still. But how? If you keep your
mouth closed and walk rapidly, the air can
only reach the lungsby circuit of the nose
and head, and become warmed before reach
ing the lungs, thus causing no arrangement ::
but if you converse large draughts of cold air
dash directly in upon the lungs, chilling the
whole frame almost instantly. The brisk walk
ing throws the blood to the surface of the body
thus keeping up vigorous circulation, max
ing cold impossible, if you don't get into a
cold bed too quickly after You get home
Ne 'ct ofthese prec autions brings sickness and
premature death to multitudes every year.",,"Evening star. [volume] (Washington, D.C.) 1854-1972"
1857-10-28,"A rAR1Y OF city young busters, distinguished
by their thin legs, tight breeches, shawis and
mnstaches, passed up and down the Avenue about
~ o clock last pight, slightly in liquor, and con-
dncted themselves In q manner to disturb the
nerves OF 'fearfu souls, F"" though they were sober
There was nothing really alarming about the
youngsters, for any lady accustomed TO the man.
agement Of children could have taken her slipper
and driven the whole party off the Avenue: but
they behaved badly, and such conduct tends to
feed UNNECESSARY excitement among ORDERLY citi-
zens. A night in the guard house would cure all
such fast boys. srfe


POLICE REPORrs.-The police Off ers report 50",,"Evening star. [volume] (Washington, D.C.) 1854-1972"
1857-12-15,"Before Recorder Smith


DC H.-A the opening Of the Court this morning the
trial of James Shepherd indicted for the first de-
which has occupied the attention of the Court and
jury since Thursday was continued.


The entire forenoon occupied by the counsel in
summing M the evidence.


AT hafpast O'Clock T. NJ, the Recorder charged the
jury dwelling length upon the acts and conduct the
proner anterior and after the fire. The charge the
whole, was rather against the accused


The jury retired TO their at five minutes past
three and after absence of only twenty minutes
turned into Court with verdict of guilty Counsel for
the prisoner requested the Deputy Clerk to poll the jury
which done add each juror responded that that
his verdict.


The prisoner did not give vocal expression to his feel
ngs, hut wrung his hands Neither the counsel the
audience supposed that the jury would agree upon
dict and when they went out the universal impression
that they would fail agree and be locked up for
the night, or else Immediately acquit the prisoner. It
was admitted by those who have attended the trial from
its commencement, and closely inspected the prisoner,
that he bad fellow, that he doubt murdered his
wife before he committed the and that there
great many suspicious circumstances surrounding the
but that the evidence in loyal point Of view
trely inadequate tn secure his conviction.


The Recorder remanded Shepherd prison till Satur-
day, when Judgment will be pronounced, which will be
dcath-arson in the first degree being capital offence","Cancellation OF the Trial or James Shepherd


Conviction Of AY1on In the First Degree",The New York herald. [volume] (New York [N.Y.]) 1840-1920
1857-12-17,"4
OF which james Murray received thousand FIVE hun
or wMeR Robert L. Linn received two thousand and fifty
or which Robert johnson received thousand seven
| And that there twenty three scattering votes.
The whole number Of votes given for the ONCE of POLES
Justice he Fourth district thirteen thousand three
which W. Osborn received seven thousand Eve
u which James Marsh received four thousand hun
OF which Horao N. Parker received thousand one
And here hundred and thirty scattering
| votes.


The whole number OF votes given for the ONCE OF Police
Justice fer the Fifth district was twelve thousand nine hun
OF which James r. Steers received SIX thousand two hxu.
Rb received Ave thousand one hun
Of which William O. shea received one thousand two hun
OF which George H. Covert received two hundred and
And that there seventy SIX scattering votes


The whole number votes given for the Of Police
Justice the Sixth district nine thousand four hundred
OF which Richard Kelly received four thousand hun
OF which Daniel W. Clarke received four thousand
SeTa received four hundred thirty
or which James Byrnes received four


And that there were forty one scattering votes.


The whole nnmher ~ votes givsn for the oacs of Police
Justice for seventh eight thousand hun
which Michael Connolly received four thousand six hun
hundred and thirty eight.


And that there were eigh, scattering votes


The whole number Of votes given for Police
Justice of the Eighth district eleven thousand one hun
OF which John Quackenbush received thousand
which William Joyce received three thousand and TWEEN
which William Murray received two thousand and eight
| And that there were forty one scattering votes
| CONsTABLEs


That appears, on such estimate and canvass that the
| the various wards of this city was as follows


The whele number of votes given for the os
for the First ward three thousand five hundred and
which Andrew Carey received one thousand two hun
OF which Thomas Core received three hundred and six
OF which William Foster received nine hundred and eighty
6f which Patrick Donahoe hundred and eight
OF which Frank Anderson received hundred and eighty
OF whicbwilliam H. Smith received hundred and
And that there we're nine scattering votes


whole number given for the Office of Constable
for the Second ward WAS one THOUSAND two hundred and
or which Joseph r. Reed received three hundred and
which Eober, Tford ST. received three hundred and
OF which william Thompson received two hundred and
or which Nicholas Maggie received two hundred and twenty
| And that there were twenty six scattering votes.


The whole number Of votes given for the ONCE Of Constable
Of the Third ward was one thousand Eve hundred and ihr
OF which Alexander Thompson received hundred and
or which James Nesb, three hundred and four
teen. ,,o, ,,r ,,,,.,, Fam, ,n.r., ~. MIN.
And that there were seventy cigh, scattering votes.
The vho,e number os votes pvsn for the ONCE Of Constable
Of the Fourth ward was four thousand four hundred and
OF which James White receive thousand two hundred
OF which James Powers received one thousand one hun
4
OF which william Kennedy received four hundred and
81 which Charles F. stringer received hundred and
Of which Tobias Cody received hundred and eighty.
q which Israel g one hundred and en
q Which william Greeehon received y elshy-slI.


o. which John Glass received eight.


And tina, there were twelve scattering votes.


The whole number of for the Office of Constable
for the fifth i've thousand s hundred and any
which Charles y. Watts received thonsvnd Ave hun
OF which Rudolph Corner received thousand eight
ofwhich Henry received thousand three hundred
ofxSch Thomas Walsh received thousand hundred
And that there were eighteen scattering votes
WARD


The whole number Of given the Constable
Of the sixth ward was i've thousand three hundred and sixty
or which John Glass received thousand seventy
OF which Marcus Horbe received one thousand hun
OF which Daniel Duffy received SIX hundred and srtyz
OF which Joseph Lyons received four hundred and sixty
otwhch James White received one hundred and nine
/ OF which John Dunn received forty ak.


And that there we're one hunired and eight scattering
votes.


The whole number votes given for the ONCE of Constable
for The seventh ward eight thousand four hundred and
OF which John N. Waite received thousand eight
OF which samuel Jones received thousand sin hundred
OF which Michael shandley received thousand four hun
OF which Christopher Klenck received thousand three
OF which James Kennedy received hundred and
Of which Rober sanwood received nine hundred and
Of Which Samuel received three hundred sixty
And that there were fifteen scattering votes.


The whole number given for the Office Constable
OF which Abraham Moses received thousand three hun
orwhch william b. Jones received two thousand three hun
OF which Isaac Bauve received thousand hun
OF which Robert Reed received thousand hun.
And hat there were sixteen scattering votes.


Tho whole number Of given for the Once Of Constable
o. the Ninth ward eleven thousand nine hundred and
OF which Abraham sprngeen received four thousand and
nfT =. p..,.ou r.o,v.a Two ,hoo..Ds and s.rv
OF ~hss 1osn rss rsee,red Two ,b""nsand and eight
OF which John sharkey received thousand nine hun
OF which Henry Rogers received thousand nine hun
/ dred snd seventy.ihree


And tina, there were sixteen scattering votes
|


whole number for the ofe Of Constable
for the Tenth six thousand four hundred aud forty
I eight.


90 which Louis vuee thousand hundred
/ and twenty


OF which Badenhoa received thousand Eve hun
| dred and hfiy seven.


OF which Joseph received thousand four hundred
! and twenty Eve.


which received thoosand four hun
| dred and forty


OF which James Hopkins received three hundred and forty
hundred and thirty two scattering
1


4


whole number for the Office Of constable
~ Eleventh ward thousand and thirty sir.
W which Henry Dreher received three housand two hun
4 dref fly nine.


of which BERNARD cslaghsn received thousand two
| hundred and fifty nine


OF which william W Lyon, received thousand sr hun
| dred and ninety nine.


of which Daniel Tackner thousand four hun
| drrd",THE MUNICIPAL ELECTION.,The New York herald. [volume] (New York [N.Y.]) 1840-1920
1857-12-17,"OF which George w Bogsrt received one thousand and
OF which Archibald Wilson received eight hundred and
OF which Patrick Murphy received seven hundred and
OF which Nathan Iobdell received fifty.
And that there forty -four scattering votes.
The Shoe number Of votes given for The oce Of Constable



or which Rsnamin J. received thousand sls hun
Or which Fnck two thousand three hun
OF which Msri H. Thomas received two thousand hun
winch yiIl;n 9 Eros: .sesiy V twenty four
And that there were four scattering votes


SEVENTEENTH wARD
Seventeenth ward twelve thousand Two hundred
OF which Lewis Phesr received three thousand two hun
o. which Hugh Aonahan received two thousand 81. hun
OF which Barker received thousand Ave hun
OF which Benjamin Merritt received two thousand Ave hun
OF which John Flanagan received eight hundred and atty
or which James shannon received hundred and eighty
or which Henry Dreher received hundred and thirty
OF which Lloyd Bryant received sixty nine.
votes.


The whole number OF votes given for the Office OF Consa
bic of the Eighteenth ward WAS ten thousand six hundred
which Augustus sbborns received two thousand seven
OF which John finlay received thousand hun
OF which James Britt received thousand three hundred
which Henry Bishop received two thousand Eve hun
OF which James Purcell received one thousand two hun
or which william H. Jones received fifty. four


NINETEENTH WARD,
The whole number Of given for the Office OF Constable
of Nineteenth four thousand eight hundred and
OF which Patrick Flynn received thousand four hun
dred and ninety one -, - -,
OF which Henry A. Wolf received hundred and eighty
OF which Joseph jenkins received nine hundred and forty
OF which William Higgins received fifteen.
And that there were seven scattering votes
The whole number OF votes given for of Constable
Of the Twentieth ward eleven thousand nine hundred and
OF which William Kesnar received two thousand nine hun
OF which simeon Raymond received two thousand nine
Of Wilson received two thousand Ave
aIef Which d BeTnsS xun received one thousand
OF which Philip Holz received houssna hse hundred
OF which John j. aarbuii received three andfory-
or which John "" Gridey received eight .t5
OF which Joseph b. Po lock received eight fhrce
And that there were twenty seven SCATTERING votes.
The whole number Of votes given for the office Of Cons
BILE Of the Twenty first ward was eight THOUSAND one nun
or which Augustus johnson received one thousand nine
OF which William b. Miner received one thousand nine
OF which John 0connor received thousand nine hun
or which Gushing received thousand five hun
OF which Abraham Conner received hundred and nine
OF which Franklin Laughiin received hundred and
And that there were fifty one scattering.


TWENTY SECOND WARD. xo,-
The whole number Of votes given Tor the Office OF Cons
bes the Twenty second ward seven thousand one
or which Cushing received thousand two hun
or which John seismaa received one thousand seven
"" eRo received one thousand
OF which Martin erich received thousand three hundred
on which GEORGE Dean received three hundred and sixty
And tina, there were fourteen scattering votes.


COMMISSIONER OF COMMON SCHOOLS.


FIRST WARD.


The whole number q votes given for the Office Of Commits
sand sls hundred and forty. six


or which John o. Grady received thousand hun
OF which John Coffee received hundred and eighty
or which Arthur Boyle received hundred and twenty
And tina, there was sne scattering vote.


The whole given for the ONCE Of Commits
soner schools the second ward i've hun
OF which Jared a. Tmpson received three hundred and
Of which John NJ French hundred and twenty
or which Peter j. fully received one.


Aud that there were four scattering votes


THIRD ward.


The whole number q votes given for the once OF Commits
srs OF Common oil INC WARD
OF which Hugh crozier received three hundred and City
OF which Edwin Meredith received three hundred and hr
And that there were scattering votes.


FOURTH WARD.


The whole nnmssr % ys o qs NE Ss vas o. one Sa
OF which Thos Fitzgerald received thousand hun.
OF Which eisr J. Tuy received hundred
And that there we're fifteen scattering votes.


urn waRo
soncr d Common schools OF he Fh ward two thou
o. which James Tuh received one thousand four hun.
OF which John savage received thousand two hun.
or which John Besson received hiy 1--WE.
And that there were thirty one scattering votes
The whole number Of votes given for the Office Of Commits
sonrr Of Common Schools Of the SIKH ward thousand
OF which Richard barry received thousand six hundred
OF which Thomas Casey received ave hundred snd thr
o. witch Matthew Murray received three hundred and
And hat there were forty eve scattering votes.


vvrsrp vARp. .
sioner Of Common school,. OF the seventh ward -four
thousand two hundred and sixteen.


OF which Coser received thousand two hundred
OF which William Gayle received two thousand aud twenty
-four.


And that there we're thirteen scattering votes.





The whole number Of votes given the Office Of Commits
soner Of schools Of the Eighth ward four thou
OF which william Bloomfield received two thousand two
az which Charles Ring received thousand eight hun
drcd and sixty one.
And that there were ave scattering votes


usrH wAHn.
The whole number Of given for the Office Of Commits
srhao nj he ard
sand nine hundred and hfty one.


which Charles r. Gidersleeye received two thousand
hundred and nine.
OF which Hiram Williamson received one thousand eight
hundred and forty nine


And that thye were twenty scattering votes,


TENTH


whole number Of given for the Office OF Commits
schools Of the Tenth Ward three thou
hundred and thirty.


OF which Daniel soa thousand nine hundred
aud forty one.
OF which WIN Palmer received thousand two hundred
aud seventy seven.
And that there were twelve scattering votes",THE MUNICIPAL ELECTION.,The New York herald. [volume] (New York [N.Y.]) 1840-1920
1857-11-20,"81 000 FORFEITED AND no CHARGE UNLESS
diseases when regular and all other remedies
without dieting restriction in the habits Of the paen
without the disgusting and sckcning e'e OF all other
remedies. less than sir hours;
the dreadful consequent effects Of mercury but
peculiarly valuable property Of snnihang the
poisonous that the blood absorb
this remedy used This what claim for H. and what
ohe~ will accomplish Its value IN this respect has become
well known that scientific men, IN every department ""
medical knowledge begin 10 appreciate w. for hardly
passes that no, consulted by Druggists chemists and
phyarans In regard pful patient who has ssd
The whole field OF the faculty and still the disease will
"" vial and cannot be obtained genuine anywhere but
The old Office No. Division street. Twenty. years
established. Book 80 pages 70 cents Beware Of handbn
stating have removed.",MEDICAL.,The New York herald. [volume] (New York [N.Y.]) 1840-1920
1857-08-19,"FuDUsTERs NORTH AND S0UTH--The steam
chip Tennessee, which arrived yesterday from
Greytown, brought the last instalment Of fill
busters, sent home by the Costa Rican govern
menL A miserable set Of fellows they were, too
Falstaff's ragged charge Of foot, with but shirt
and a half to the whole company, were princes in
purple and foe linen compared 10 these two hun
dred regenerators Of Central America, who were
indebted to private charity for their dinners on
yesterday. They went away fine stout fellows
with high hopes aud good outfits; they came back
weary, heart sick, broken down. with hardly rags
enough to cover their nakedness Some were
carried to the hospital, others paraded the streets
depending upon chance donations for bread and
shelter. Their condition is q sad commentary
upon the proceedings OF Generals Walker aud
Henningsen, who are to-day at Savannah, where
they are endeavoring to raise money and men
for another flibustering expedition in Nicaragua,
The confidence of these gentlemen in the guilt
bility of human nature must be very strong and
they have undoubtedly adopted the maxim that
there is q new fool born every day. Very likely
they are right, but we advise any young man
fond Of glory to remember the price these ragged
flibusters paid for it.",,The New York herald. [volume] (New York [N.Y.]) 1840-1920
1857-10-06,"ARREST OE BuRGL.Rs.-Cbarles Bloom and
George Minnie, both Germans, supposed to have
been connected with seye.al heavy burylaries in
New York, arrested in the woods near
fom Jersey City. In this secluded retreat the
prisoners were armed with four loaded mus kets
and other weapons Of defence. but they were so
suddehly surprised that they forgot to use them


A lot of alleged stolen property, burglars tools,
aud cream coiored horse, worth $500, were in
their possession. The animal had been 50 meta
morphosed by the burglars that Identification by
the owner would have been almost impossible


Among other alterations his tail and name were
cut short, and his feet, which had been white,
wee dyed black,",,"Evening star. [volume] (Washington, D.C.) 1854-1972"
1857-05-26,"EOX VAN HOOK, REAL ESTATE AGENTS,
l. 49o1a Seventh street, above ID street, have for
sale bargain, that very desirable and pleasantly
situated two story FRAME HOUSE with Base
ment, on south street between ID and 81 streets.
Capitol Hill. containing Gas and Water Fixtures,
House. sheds for coal and xoSS. tosetHer with the
large Lot containing about 1870 feet, tastefuy laid
out, with Iron Railing in front.


Also, the three story BRICK HOUSE and LOT
corner of rennsy vania avenue and south A street.


Both of these properties are included In the con-
templated extension of the Capitol Grounds, and Of
fer a favorable opportunity for investments.


IN",,"Evening star. [volume] (Washington, D.C.) 1854-1972"
1857-12-31,"OPPOSITION DEMOCRATIC PRIMARY ELECTI0E-A NEW
DEMOCRATIC GENERAL COMMITTEE ELECTED-AORE
TROUBLE AHEAD FOR YHE DEMOCRACY.


The double headed General Committee which has
Gently had possession OF ammany Hall, arranged mat
tiers in such that they practically elected
themselves as the General Committee for 1858. They dis
pensed with primary elections chose member from
each ward outright and cunnngy managed get them
selves returned from the associations supposed to exs,
in each ward. This proceeding has been viewed with
grief and indignation by the outsiders who get into
the sacred precincts Of Tammany Hall themselves and
they could not get into the regular committee they
mined to have general committee Of their own Accord
ngy call was issued for all good democrats
night at their respective ward headquarters and choose
delegates to real Simon Pure Democratic General Com
mittee.


These meetings came of last evening, between the
hours of four and eight O'Clock They fairly attend
ed, and in some Of the wards interest enough mani
tested for two tickets to be and the committee
will have several contested seats to settle when il as
sembes. This new committee will doubtless create some
trouble at Tammany during the coming year. If they
cannot lay claim to regularity, they popular
reignty If properly managed they will WELD some nu-
ence, and may compel the regulars TO with them
The names of the members Of this committee may
be seen by referring TO advertising columns",,The New York herald. [volume] (New York [N.Y.]) 1840-1920
1857-11-10,"From THE SALT LAKE. ExPEDITror.-The follow
ing an extract from aetter received IN Boston from
member q the salt lake expedition, dated Seventh and
last crossing q Sweet Water river 225 miles from salt
above the great Salt lake City with every expecta
ton Of having 20 fight the Mormons starve the former
wliihc my choice. The Cheyenne Indians, NJ you have
perhaps been Informed, are becoming very bold. They
have taken train loaded with government stores Three
killed and all the cattle driven on They have
aso captured wagon of ammunition and another Of
the winter The express that brought us The news was
chased by the Indians The rider Obliged 10 drop his
saddle bags to save himself II s now SHUTDOWN 4lr
tram continues lis march at Q O'Clock 10 night""",,The New York herald. [volume] (New York [N.Y.]) 1840-1920
1857-12-19,"Many features introduced among which may be
copies Of the New Charter o. the city
of New York the Metropolitan Police bills description Of the
Central Park very u chronological Tables Of the Events %
Chronology the History Nicaragua since the first
descent by Walker other matters numerous to
mention The valuable weather tables the pages for daily
memoranda the lists OF city state and United states officers
and much oher valuable matter continued as In the issue
for last year.


The New York Almanac Yearly Record has $40 pages
neatly bound In CLOTH matter than ordinary
limo volume, and IL sold al the low price Of twenty i've



At almanac and diary complete record Of the
and ~ day n the year with
wori ~ useful Information beside convenient TOR the
pocket and drawing tring hcruiroun, who will
have copXA


sent BY u[t paid, receipt Of twenty Eve cents.
Agents V~bpsi, cell Tits book ali the city whom
Willie gvon very liberal dlcoynt Apply the publish
ers MASON BROTHERS.


los aud ITO Duane street


New York.","I'VE PUBLISH on WEDNESDAY, sD,
w TIE NEW YORK ALMANAC,


",The New York herald. [volume] (New York [N.Y.]) 1840-1920
1857-11-09,"INFORMANT BREACH OF PROMISE CAsE-SPrRrr.
uAIisS-The Penn Yam Democrat says that Of those
touching actions the nature Of which II well understood
when embraced within this definition tried at the
Circuit Court in that village last week Judge Wells pre-
siding. The plaintiff Miss Elizabeth Baskin, aged
thirty two years and the defendant Mr. George Jones
aged thirty years both OF Milo That he had courted
and the lady undenabe fact for both having
been in the cause, both testified. The defence
up that while in that state Of relations towards
each which precedes matrimony, that lady became
vert 10 spirtuasm, and herself interpreting tine
dunn"" and the gentleman not fancying the idea OF a
crowd Of spectators 10 his marital endearment and
domestic felicity declined 10 interchange those ratnca
tons, without which treaty IL binding. There
proof the other hand that the had introduced his
Intended first TO the Circle"" and there side by side had
courted the presence Of the messengers which set tables
10 moving and frightened said articles OF fure out OF
their wits The jury thought that Jones should pay
hundred dollars for the violation Of his pghied faith after
so long a courtshp.",,The New York herald. [volume] (New York [N.Y.]) 1840-1920
1857-11-24,"Sinking OF Sixteen Coal Boat, and Loss Of


One Hundred Lives.


CINCINNATI, Nov o. 1857.
Tho steamer Republic, arrived from Louisville atur.
day night reports that during the storm of Wednesday
coal boats sunk the Ohio Mississippi rivers
near Cairo.


One hundred men were lost in them.
The loss Of coal is about 800 900 bushels valued at
$4,000.


The crews principally from Louisville and Pitts
burg


The Gladiator reports that other boats as far
down the river New Madrid have been swamped and
sunk.


Passengers from Evansville state that the storm was
terrific upon the lower Ohio and that all boats had TO
tie up, not one being able to
The steamer Baltimore arrived from Marietta last even.
ing, and reports encountering heavy gale Parkers-
burg Saturday.
A heavy wind prevails here this morning. accom-.
panied by rain, snow and hail.


CINCINNATI, Nov. 23-P NJ
The steamer Ncwconib, which passed Cairo ,weve hours
after the Republic does confirm the report OF the loss
of the coal boats.","THE LATEST NEWS.



TERRIFIC GALES ON THE OHIO AND MISSISSIPPI.


>e>~~~~o~O>O~N~N>~~~o~~
SINKING OF SIXTEEN COAL BOATS.


-~~~>~~~~-~~~~~~~~~~~~~~~--
LOSS OF ABOUT ONE HUNDRED LIVES


~~~~-~~S-J>~~Soo~~o~~~0>o
BURNING OF THE STEAMER RAINBOW.


~NoyNN-oSc~No~No~NoJN@~Oo~~


SEVENTY LIVES LOST,
Sc, &C., sc.

",The New York herald. [volume] (New York [N.Y.]) 1840-1920
1857-04-03,"Hs Nevada arrived, attempted with The rs men shs
broUsht down and h own small force, 70 out his way
back TO JOIN Walker In which he succeeded with the loss
Of forty Of his men.


The road from Rivas 70 San Juan 10 now open


Private letters nom the most reliable sources state that
walker very badly or tor provisiops and that his on


tire force does not exceed hundred men Unless the
renfosoenens on the river succeed In opening the com
munca ion with him, II Is slmoss certain ~ no can.
not bold out much longer. The 81 hary's at San
Juan when she Orixaba Left


The Panama Railroad United States maa AUnmer sails
for Central America totsy. She . great convenience
to the few merchants on the Pacific coast and will event
usly create largo trade or which New York viii be the
principal recipient


There 70 no local news OF any importance. The Anne
rican ship William Sturgess with coal Tor the Pacific Mai
Steamship Company, arrived yesterday, afser . four
months voyage.",,The New York herald. [volume] (New York [N.Y.]) 1840-1920
1857-01-06,"HAVE BROUGHT YOU The MOST EX-
qaisite, unique and recherche articles elabo-
rated with the mostartistiqus taste from
The most rare and valuable which every CONT
nent and cline can yield. Yea Coral Shells
and Pearls from Neptune's briny deep; Diamonds
and Mineral tens delved from the gnomy bowels
OF the earth Floral and Vegetable products dis
titled from heavenly dews I'm forest and field
nymph and fairy offerings at the Promethfan
shrine Of Science and Art


short, THE Lake. have culled the choices,
FANCY GOODS which the genius of every land
could bestow upon the products Of every other
They have brought them hers TO Washington
and opened their",% THE LAKENB,"Evening star. [volume] (Washington, D.C.) 1854-1972"
1857-05-05,"BruDMa Cribs AND Towns III KAssls--A
Kansas correspondent OF ihr Boston Journal saysln very
many free State towns where three months ago not
house could he seem hotels stores and workshops TILED
with mechanics have mad. tbeir appearance Sumner,
tho young city in which writing, Is, It's


indicates, free State Although but four weeks old,
there thirty houses in process OF construction
therein and many others contracted 10 be built mmcdi
atey. tx situation Is at the great western bend "" the
Missouri river, Ia the centre Of Northern Kansas, thus
making nearer Topeka For, Rey, Manhattan Grass
hopper Fails Powbatan and nearly all the country north
Of the kansas river than other point on the Msso-r


The location the river II where the divide or high LAID
between the White Clay creek the north and walnn
creek the south approaches the stream, thus aordiny


rock landing unsurpassed by any the river
from s. Louis Ia the C'hcad OF the hollow y Sioux City
Town. distance OF ten hundred and fifty miles. Summer
neted being the landing place OF the Rev Psrdee
Butler when he tarsed and :eshered and put upon
RAN logs by A,rhison Ssrngeiiow aud their
co-wcrters IN sin aud iniquity, NJ The little burgh Of
Atchteu four miles above The worthy nr. Butler in
making his residence In Sumner, saying that II IL 10
him lie tho promised land. Mechanics and business
very much needed, 10 whom the most liberal induce
mepts oHyed ~ The town a,socaiion The present
inhabsrz 81 ufHer nearly al from Massachusetts,
Vermont and New Hampshire, and the frequent arrivals
m.sty Eastern people The country back OF Sumner
In Ksysss for beauty 81 scenery and fertility
Of oil Coal pfcn.y upon the city site. well timber
rad fine spring water OF which there y an abundant sup.
ply together with building stone Of the very best quality",,The New York herald. [volume] (New York [N.Y.]) 1840-1920
1857-05-05,"STRANGE LOVE Affair IN tSDrANA-PECrL1AR
IsraUnw BETWEEN Boyn--TRAcspf.--Tlse Liberty Her.
aid printed at Liberty tnion county, tells tho following
We have been placed IN possession of most nclan
choiy facts IN relation young AMI young lady,
the former resident ~ Treble county o and The latter


resldeu OF 0Netd appears that the young gentleman
Il studen At West Point Military keadeny, spi the lady
his bcruthcd. Being absent from her long while,
he returned homo weeks sincc and fourd her
married and ia her second confinement Although
rcspondcncc had been regularly kept up bctw them.
she had concealed the fact Of her marriage and Of
he startled to End how stood hts return
The young wisely determined IN let matters pass OF
quietly and seek friends and fortune In another place Ia
view u this detsrnna be concluded see the lady,
but unwse counseis Of friends prevailed WIKI him, and he
10 the house where she resided While In room
sisnng that ef lady she heard and recognised his voice
and expressed a desire for Interview with him We
Immediately repaired 10 The room, where most Affect
ing scene occurred. She asked and obtained his
pardon; the Htervew closed AMI they separated. faii
what she had passed through bcyood her power Of en-
durancc and that night her spirit passed from earth The
yeung informed ~ her death until ncrniig
when he attempted self destruction by jumping into mil
race far whore hn resided. lie would have sue
cecaed IN drowning himself but for tho accidental appear
anee gentleman vending his way along the 10 the
mill Immediately after he taken from the water and
rceuscscd his friends sent him 10 Cincinnati, where he
would be away from the scenes that would bring 10 BIS
memory the unhappy circumstances which had oycrtakcn
him At his home.",,The New York herald. [volume] (New York [N.Y.]) 1840-1920
1857-05-05,"Here collected i've hundred Iuen. comrcsed
Of the most determined character. armed with
weapons and brass swivel, which was posted
On Tie bsDk In such a position 10 rake The hrsl
engine Here most desperate attack wss Anticipated,


nd hundred cooked muskels lay teveed from the win
dows brlcd from the side lights awaiting the onset OF
The rioters. and The word 10 Gre. Meanwhile the attack
had been commenced the guard In 'front.' who were re
turning the IRE with great rapidly aud precision party
on the hill IN cpdesvcrng 10 OF the swivel, the charge
Of which dampcned by the RAIN shot ds.Fn by
the niifary, although regular crnmaOd was gwen,
and the battle now became pretty general along the t,
though order. given 10 waste random shots but
select supposed that -four I've woured
al tbs point. One man standing on the hin, with
bres over Bis heed. and apparently spectator shot
through the brain and fell dead Another Of the
received bah shoulder which around undrr
the flesh Of the other third was press hs hand
ON his side and drop down The discharges more
generally effective than the previous OCCASION A pre-
vousy arranged the order here 10 stop The train at
the OF the nttack when the troops wcro
dtsembark with hxed bay onc,s, pursue the rioters,
and either shoot down, sab or capture them
but the engineer in front either misunderstood the order
wilfully dircgardcd Il, ard applying the more steam
kept dragging the train which met with No fur
thor molcsason detention until II arrived at Cwycs
Fails and the scene Of the epeanglnary conflict ~
the previous day. HERE abont half mile IA advance,
the o'clock from Ehcots Mills had been thrown
from the rail by some obstruction Is supposed Placed
unon them ana the vrecE ohstruetng the road Tho train
was detained n this point from 90 nine O'Clock
heanw he the poured In torrents and the woods and
high hills around adding 10 the extreme darkness nothing
could H. for awhile bat TIE dark line os the immense
train with here and there lighted lantern moving among
them.


Finally At about nine O'clock the track was pronounced
Clear. and the train moved at slow pace and arrived
AZ Flcotts Mills, where repast was furnished BY the
company u the troops and ohcrs freight and stock
tonnage train from Msrtnsburg under the charge OF Mr.
Bollman here lying OF awaiting an cscur! 10 the
city, and as the services of the military would be
required no further the containing the mill.
tary, sheriff and posscc were connected with this
train, aud AZ 10 o'clock the train approaching Bal


more with guard upon the engine. The clouds now
broke away, and the shone out which enabled the
engineer 20 follow the rails in advance with h eve ne IL
was more than probable that the strikers and others ed
In their endcavors 10 drive back the trains would either
tear up the track place obstructons uron H. In this
manner the track discovered In several pces 10 be
obetructed with pieces Of wood, &C when within two
mlcs Of MI Clare depot the clouds suddenly closed over
the moon. and the train, moving more rapidiy ran
with great violence upon short rail spiked down across
the track The engine thrown OF is own track upon


the other tearing up the rails and slccpers and dashed
down an ernbankment a crushed and broken mass The
tender and i've followed and dashng upon ono another
were broken TO atoms. moment after the conclusion
the troops we're disembsrked and marching upon the
scene Ct the wreck. Private John n Ellis Of the City
Gurds, Was found lying beucath portion Of the engine
We was borne 10 the military car In the and
IN John A. Stevens examined his wounds. His
right leg was found 10 be broken In two places
below the knee. Spints were supplied By tearing the
panels from the door Of the car, and the limb was set
Thomas Hall, private OF the Independent Greys, was
thrown upon hls head and may have received concus
sion Of the brain. Both of The injured with others occu
pied The post OF guard upon the engine and they with the",,The New York herald. [volume] (New York [N.Y.]) 1840-1920
1857-11-07,"Quite animated hgh, took place yesterday afternoon
upon the Long Dock Jersey City between party Of New
York and New Jersey longshorcmen growing Of ca
lousy caused by the New York gong to execute
a job OF work Three from New York were engaged
in discharging schooner Of load Of grain for Mayor
wcstcotts brewery and this fact coming 10 the know.
ledge OF the Jersey CITY iongshoreen they mustered
party and went 20 the dock yesterday morning
tor the purpose Of driving the men away assuming th
New York men had right TO come over there for
work when there little 10 be done best Arrv-
ing al the dock they iDaugurated quarrel when Mayor
Westcott made his appearance, and by persuasion anf
git Of two dollars succeeded In getting them leayebpl
only To return After hayin invested the Mayor c0Btrba
ton in bad liquor they back and thor com
mand 10 the men 20 quit the work. This not being com
Piled with fight ensucd, 10 which the New York nan
severely beaten and driven from the schooner IN
Jersey City police notified of the aray and gpon
their gong 10 the dock the assaultng party acd Tue
officers however, succeeded in arrestng OF the ring
leaders, AN irirhman named Michael Cosgrovc who WAS
taken before Recorder Bedford and committed 10 tic city
prison for examination.","Fight Among the 'Lonsshoremen OF New


Jersey.",The New York herald. [volume] (New York [N.Y.]) 1840-1920
1857-11-07,"Proceeding at Tompssins Square, Merchants


Exchange, and at the City Hall Park


What the Workingmen observation-disclosures


OF the Police-Interview with Mayor Woosl


-Resolutions Recommending Landlords %


he Gracious Towards their Tenants, SC.


third demonstration of workingmen out Of employ in
In this city took place in Tompkns square early yesterday
morning About nine O'Clock several thousand people,
OF various nationaes and professions had congregaed
and were scattered the ground small groups dis
cussng their several grievances and the probabilities
and improbabilities of their obtaining work. and
rating TO each other the suflerngs of themselves aud
families Conspicuous among the crowd small ban
ner Of white muslin, stretched square frame, and
containing in large block letters the following nscrp
tiOn.-",ANOTHER MASS MEETING OF woRKlScnEy.,The New York herald. [volume] (New York [N.Y.]) 1840-1920
1857-12-29,"The WORMS WRIrHrNa.-The broken down
stockholders of Wall street. have published q
long, obtcue e, dull and ignorant leader, which
emily shows that they arc terribly alarmed at
the prospect of a full and complete exposition
of all their gambling transactions in Wall
street before court and jury. They attempt
to twist and turn, and toll and writhe, and turn
again, but il will not avail. They must go


through the process Of moral liquidation which
all rogucs who appeal to the law must expect.
Gardner Furniss, suing newspaper for al
legged injuries inflicted upon his character pre-
sented spectacle not more amusing than that
ofweaey, the broken down stockjobbcr, per-
petratng the same wonderful feat",,The New York herald. [volume] (New York [N.Y.]) 1840-1920
1857-11-19,"DEMOCRATIC NOMINATIONS.


First Aldermdnc District Conrention.-The members OF
this Convention met last evening"" the Clermont House,
OF College place and Murray street. for the pur-
pose of choosing candidate. The greater part of the
evening consumed in deciding the merits OF two sets
OF delegates from the Second ward There consde-
rabe lighting going among the friends of Billy Wilson
and those Of Mike Murray The former broke into the
Convention, and with knives and pistols, made fierce
demonstration regular old fashioned fight then
sued IN which any quantity of conferences were more
or less damaged. The police were finally called upon to
quell the


The Second District Convention met at Rice's, OF
Madison and Catherine streets, and after organizing ad
journed until Friday evening without making any nom
nation


The Fourth District Convention met at 173 Madison
street and, after organizing, adjourned until Monday
ming next without proceeding TO any formal ballot.


Ninth District.-The Democratic Convention for the
nomination Of Alderman for the Ninth District Sixteenth
ward last night at the Of Twenty sixth street
and Ninth avenue, but no nomination was made. Five
ballots taken, the last OF which stood follows
Osgood T. Gregory 4, Libby l. Five votes being neces
sary a nomination, and there being likelihood
Of obtaining that number, the Convention consti
tued the proceedings adjourned 10 Monday evening
next


Fifteenth District.--Jamcs Mahoney and VIM. Golfer
received four votes each in twelve ballots. Adjourned
until saturday next.


DEMOCRATIC JUDICIAL NOMINATIONS.


Third District -Willam H. Duscnberry Clerk at spe-
cia term Of the supreme Court, received, on Monday
evening last the regular democratic republican nomna-
ton for Civil Justice OF the above dstric-composed of
the Eighth and Ninth wards.",c. W. Van Voorhis.,The New York herald. [volume] (New York [N.Y.]) 1840-1920
1857-01-01,"HAVE BIou6HT on THE MOST EN-
Il quisite, unique and recherche articles, elabo
rated with the most artstque taste from materials
the most rare and valuable which every conti-
nent and cline can yield. Yea, Coral, Shells
and Pearls rom Neptune's briny deer; Diamonds
and Mineral Gems delvt from the gnomy bowels
OF the earth; Floral and Vegetable products dis
titled from heavenly dews In forest and feld-
nymph and fairy offerings al the frometht an
shrine CT Science anc AT


In short TIE LAKES have culled the choicest
FANCY GOODS which the genius Of every land
could be>tow upon the products OF every other.
They have brought them here TO Washington
ard opened their","CHEAP FRENCH WORK.

1.-THE LAKEs-","Evening star. [volume] (Washington, D.C.) 1854-1972"
1857-05-08,"DESCRIPTION OF THE BoDY-DrscovERY or ASoruvs


CAMEO oRsAxEsr.


sEwBuso, May ., 1877
10 TIE EDITOR oy.rK HERALD.


The following description of the female found muy.
dered near Marlborough, Thursday, April 90


Size, feet inches; form slender compexloo sa,r
skin smooth hair dark brown, shaved OF the csur. ~
the forehead for space abou. inch in length and
three quarters Of inch In breadth eyes light hazel or
gray, cheek bones prominent, thin cheeks long chin
curved Of about inch in length the cheek
bone teeth regular, not decayed; middle incisor on
right ride filled with gold straight and rather small;
hands delicate, fingers long and slender; skin at tho
union Of the fingers with the palm Of the hand somewhat
caoused skin the end and side Of lan orelnger
dened by the Of the neede indsnc upon both
legs, and below the knees; partially webbed condi-
lion OF The second and third Of each foot small m0a
on the front inner side OF left leg about midway between
ankle and knee; vaccine left arm; cnneO pin
foind ON the ground the body; desgna large tree
inclined over cottage, a child riding donkey over q
small bridge; an ear drop likewise cameo desgn-fcmnIe
head; pin and drop each marked with tho Azure in
sde as with needle body dressed With three skirts
OUTSIDE lead ooIored, OF cotton woollcn texture;
white muslin drawersnus In needle worked a. the lower
extremity chemise needle worked at the yoke.


The corpse viii remain in the vault few days longer
That u any friends sho I'D arrive they may be- able
identify it JNO W. FENrON


Ngwsuss, May 5, 1857.
The aged Creole whom 30 much has been sad az
being refused permission 10 sec the corpse has been
found and proved TO be respectable old colored ady
living about four miles from Newburg. She knew no.
thing Of the MURDER and said nothing about her gram
daughter but spoke OF two ladies coming up from New
York, on Thursday night, ON board the Caledonia She
then MP with them % the Court House and they saw
the body and said was no relation OF theirs and they did
not recognise as any one they had 90 much
The Old lady had crowd around her. ns aSos, s
murder. went ~ her myself and distinctly asked her
she know anything about the matter hersth and her
saying ahe did not reqanted the crowd IN dperse Sha
ieils me ,odayfor have her and conversed with
er-,hst she rsoolecs ny asking her the question: and
ceased :


An ear drop corresponding with the cameo breastpn
was fornd yesterday by gentleman who vas curious
enough to look about where tho boiy was found And
thus you see, athoug evidence in slowly we hope
to identity the body and ind out the murderer.","The Newburg Murder.
DhSCkIFTioS OF TIE BoDY-DIsCovERY OF ANoryTwn
CAMEO ORNAMENT.


Mr.",The New York herald. [volume] (New York [N.Y.]) 1840-1920
1857-05-28,"ELorExrxr IN NEW ORLEASs-A young man,
very young indeed, generally speaking. named Hansford
~ met, arrsgned this morning before Recvrder h
on charge Of Illegally carrying OF minor. The youth .,
appeared bad fas ciuaed very young lady and ooucade
"" get M eopcmcnt he bad been warned 10 quit HE
fooishness aud forbidden any Intercourse with hts
kdy love- by anxious parent The parties Interested,
with their families not long since resided At Independence
near the jackson Rsroad but the father Of the young girl
has been for time resident 81 the Fourth district On
Saturday night she missing, and the father at
suspected that young Bennett had been playing Tick He
Of once procured the services OF special officer Philips,
and both started In search OF outward bound schooner


BY which conveyance, was pretty certain The
had left In order 30 get across the lake Aer


thorough amongst the schooners at the Ba-in,
they we'd Information that brought them tho track
Of The ugiuves, who sailing down towards the lake
In fancied security The captain hailed and induced
10 allow Philips and the father beard, whsn they dis
covered the maiden sleeping soundly and the youth keep


ing watch like valiant knight They were both taken IN
charge, but not without considerable manifestations OF
anger on the part Of the young lady towards Der paerna
guardian for frustrating the eopement Hansford will be
alsei 10 about the matter In due time Miss was taken
home, where sbe will probably be put through saluary
course such a. bold children receive Al the hands OF their
mothers-Nsw Orleans Deba, Nay To-",",rywxr IN NKv onLr,xs-A young ms",The New York herald. [volume] (New York [N.Y.]) 1840-1920
1857-05-07,"Of @. d. STUART.
I love the land where freedom dwells,
Though bleak its hillA and bare IL della.
And wintry cold It's skis;
There fearing nN the tyrauvs rod.
Man wears the image OF bis God,
AS when In Paradise.
The rudest rock and desert sand
Grow fertile as q garden land.
II Freedoms soul 10 there;
She gives the earth brighter greco.
She leuds the wave . fstrer sheca-
Robes rock and desert bare.
There every mans OF noble birth
A God made sovereign Of the earth,
Within his own domain;
And kings may chafe, and priests may ben.
They cannot lord over man.


Where Freedom breaks the chain.
love the Lard where Freedom dwells,
The land OF WAsh,ngtons and Tells.
Hoters and Bouvaxs;
The land whose flag goes waving bright
To fling against oppressioa's might
The glow OF Freedoms stars.","

LNREEDOMS LAND.",The New York herald. [volume] (New York [N.Y.]) 1840-1920
1857-09-18,"The recent Developments elected by the
seizure Of obscene literature In Frankfort street
give us very curious insight into the moral or
rather the immoral, condition of the country.
One would naturally suppose that in q republic
like ours where education, wealth and refine
ment are more equally distributed than in any
other part Of the world, that the men would be
more pure ard the women more chaste; that the
eanctity of the home circle would he respected;
that the good, the true, the beautiful would be
exalted; that the bad and the obscene would be
cut down, cast off and despised Such is the
theory; such are claimed to be the results OF
general system Of common school education. such
ps has bee extended from New England through
the Central and Western States BIT what are
tire facts ia the case az shown BY the recent &C
| tion Of the police? We find here man engaged
! extensively engaged-in reprinting the most
disgustingly obscene works that have ever been
Issued from the London and Paris presses, accom-
panied with plates too filthy for description-sad
evidences Of the fact that the more noble the art,
the more degrading it becomes when prostitu.ed.
Well, we find also that the persons who buy these
things are the leading men Of the country
preachers, teachers and guides of the people;
members of the national Congress; lights Of the
| pulpit, the bench and the bar; thunderers upon
the political rostrum; presidents of councils and
caucuses and conventions directors Of banks and
insurance Offices; pillars Of the church; leaders
Of class meetings; deacone and elders; Pharisees
who pray at the corners of the streets-mighty
wrestleys with the devil with whom it seems the
victory rests. Join with these develope-
ments the fact that the newspapers
TEEN with accounts Of seductions, adul-
teries, violations of the domestic hearth, de-
sertion of children by their natural protectors,
extraordinary elopements, &c, &C., and it would
really seem that our social system is rotten to
the core.


The increase of these crimes against society
has been much more rapid than the increase of
population, and it cannot be said that it is owing
to foreign immigration, because the sinners are
chiefly well informed well-to do people, not
perhaps all in the best society, but respectable
persons whose positions one would think should
teach them the necessity of placing some check
to their passions. That check was most effec-
tually found in the preservation OF the marriage
and those social enactments, c0nveniences and
compromises which make the common law of
society; and which, no viewer unfair and irksomc In
individual cases. are after all the only guide and
safeguard for the majority, because they are
founded upon common eense. Thirty years ago
this position was generally received as an axiom,
and our people were much happier and better
for it. Our country was not perhaps Arcadia,
but wives respected and obeyed their husbands,
husbands cherished their wives, children obeyed
! their parents But missionaries came to tell us
that we were all wrong, and to prove it to us
philosophically. Robert Dale Owen and Fanny
Wright came over, like st. Paul to Athens
preaching, teaching and converting many
Owen was full Of all sorts of new tangled ideas,
agrarian, sociniaE, socialistic and otherwise; and
Fanny Wright told the wives of America that
they were all mean spirited slaves, and that the
very best thing they could do would be
to run away with any nice young man
for whom they took fancy. They join
cd Issue with the anti-slavery agitators
who were just then commencing their work,
and Illuminated their doctrines from the ros-
trums of lyceums and lecture halls, and once
| OCCupleQ Inc UCdIus VI luc tuedtfe. All
sensible people looked upon these philosophers
a. harmless lunatics-lsughed at them, and said
that the temporary excitement would cease after
1t had lost the charm Of novelty. The seed, how
ever, was sown, and we are now eating the Bit
ter fruit II was from the Wright and Owen doc.
trines that some hard headed spiusters couceiy-
cd the idea of the womens Rights Conventions,
the preachings and teachings of which have car
RED sorrow TO many hearth. Before the pro-
mitigation Of the Fanny Wright creed single
| elcpement seduction, or Grim. con- in respecta-
BILE society would make an excitement all over
the country; now they are too frequent to excite
much attention, except from the aggrieved par
| ties. The womens rights mania Is strongest on
the lire Of country from Boston west to Chicago.
| 1t is in the cities and towns upon that line that
their conventions are held, and the journals OF
those same cities are constantly publishing &C.
counts Of abductions, seductions, adulteries e.
capedes Of married men and elopements OF mar
| ried women.


Owen and Fanny Wright were, however, only
the pioneers before the grand army Of lewdness.
| They surveyed and laid out the broad road that
leads down to the pit; II was reserved for other
missionaries to make the way clear that all might
walk therein. These missionaries adopted the
doctrines Of Fourier, including that OF promis-
cuous intercourse between the sexes. They I'm.
ported all the filthy books upon the subject and
reprinted them In Boston. They organized pha-
lanxes all over the country, and found plenty of
male and female dupes. Their chief priests were
the philosophers who now edit the Tribune, and
that journal was their special organ. For
several years the Tribune attempted to cram
down the threats Of the American people the
filthy doctrines of Proud hon. Saint Simon and
Fourier. The phalanxes all fell through, but the",,The New York herald. [volume] (New York [N.Y.]) 1840-1920
1857-05-30,"Next upon docket Of headings stands hs cou.l,s
political fight in Kansas and precious row II viii M
far ahead indeed Of that ""pull husband puIl bear as
dict"" with the particulars Of which your readers ara
doubtless familiar. Stop lot classify the opposing per-
ties; they number some half dozen. Frst-the ultra
pro slavery man, little the bowie knife six shoo~
with his political legs twisted under the birds belly 81;
wants his nggers in fer the Union omemee but fcois
outh all the ume Then the moderate pro slavery
man-Unioa loving, conservative, good democrat whe
niggers II the majority OF the people wish H. but
Union any how and above all the unity OF the great ""a
uonal democratic party Then have the moderate free
State national democrat all right, Then an ultra free
State man, who cries ""free soil"" and only means Ere
mont; oors Niger alias black republican, whose cry
anarchy, defiance to law, Bill Seward aud Greeley
Then comes your ab0tionist, but never did ty b
""paint tho devp' yet and wont begin now.


So you provided with all the materials oe
pretty fight charmed that very Irish gsnus
man, Sir Lucius O""Triyger


To be serious however, II has now become all impor.
tan The conservative the true national democraoy
Of Kansas whether from the North fron the Soxtk
der shoulder the upholdcrs Of law, and the adve
of ""demt crazy and democratic constitution for Kansas
Whatever may be the result far the slavery quesa
goes, may be mistaken, but we think that Kansas win
be free State with protective clause as 10 negroes
owned In the Territory, and will DO ade 30 by the ~ e
the united and conservative national democracy both e
tho North and the South If this should be So the dsaA-
cracy Of tho North will debt OF gratitude 70 ~
Southern wing Of the party whose full extent win b &
most Impossible TO conceive


The lines must now be drawn forever and for aye
y no longer pro slavery and free SOIL ""border ru1An""
and ""abolieonist"" but national democrat and bas
publican.","PO ltlcs In Kapsns.
Correspondence Of the 81. Louis Republican",The New York herald. [volume] (New York [N.Y.]) 1840-1920
1857-12-31,"From the london Tmee (City Article), Dec IL


Mcssrs Hcine, Scmon Co, whose failure Zoe f70o 900
announced yesterday have 10 day received some re
mtanccs which, had they arrived earlier, might II Is
said possibly have ayerte the necessity for Suspension


with regard 10 Messrs. Montoya, sacnz Il Co. whose
stoppage also occurred yesterday the statement
nrmed that the liabilities In this country very small
the house london being merely branch OF their large
establishment at Bogoa, New Granada, where arrange
have been made 10 meet ultimately every liability
The firm Bogota contracted the original Colombian loan,
and has 1925 s mercantile operations both
In that country and london very considerable uDt
1851 when the faufe OF their brokers s. Rocker ons
involved them In losses which finally amounted 10 nearly
f4oo0oo Since that event has been considered the
hooorsole course 10 lqudaie gradually and avoid all


rtner risks, tho Bogoa house possessing estates and
properties sufficient realized with care, TO pay every
one IN fnll The house considered the Hst firm in
New Granada, and could have obtained assistance. but
tney preferred The safer course and their creditors have
entrey approved their proceedings Tho bills about
be returned from London 20 New Granada will be pro
Nacu LOT tneIe under the general arrangements for the
mass q liabilities, and confidence n expressed that
single creditor will sustain loss


ln me case % Mcssrs Wenholi wehner CO. smother
o the houses who stopped yesterday Cor f360 600, Is
abreu tnat ahongh Owing TO the continental failures
the value Of the assets cannot be accurately estimated",THE FINANCIAL PRESSURE IN EUROPE.,The New York herald. [volume] (New York [N.Y.]) 1840-1920
1857-12-31,"More than week has elapsed since the last Efforts were
made 70 this vessel As cur readers may remem-
ber, the efforts discontinued in Consequence Of tho
great difficulty experienced in obtaining anything Ike re-
holdfasts for the river moorings Partly owing to
the immense strain and partly because OF the peculiarly
dense nature Of the river bed which prevented the
chors penetrating more than foot or so in depth was
quite impossible 10 make any effective OF this river
tackle which at the present stage Of the launch mas be-
absolutely essential s further progress In order
therefore that proper hold may be obtained regular
res Of large piles has been driven opposite bank
Of the riyerone ON the wharf Of Messrs. humphreys
yard and the second little below high water meTk. be
tween the Water ferry and Bcptord dockyard Each
OF these clumps Of ping almost similar In strength
and arrangement to the piles which rasis
for the hydraulic in the yard itself and like them,
too they have not been resoted TIL the eleventh hour
and in fact, until the failure Of all other methods has
literally for;ed their adoption upon the engineers Both
these completed early yesterday morning, and the
chains and anchors holding back the moorngs by which
the Levathan dragged with double purchase towards
the river secured among them There seems Cot
the least doubt now but that these piles Will hold the
chors fast enough but is by clear that the
launch will be by any means expedited. Undr the pre-
vious arrangement whch ordinary anchors were used
to hold the moorngs, the chains always
breaking, even when the anchors themselves we're
yielding and coming in foot by foot. What chains
viii stand now that the anchors secured and can
not yield inch? 1t expected tnat AL tho
arrangements would be completed yesterday time
TO make another effort to tho vessel early the
morning Unfortunately it impossible % complete
details Of the preparations till nearly dark yesterday,
when brief attempt made, more, il asserted,
for the purpose Of trying the aske than with any serious
Intention OF commencing operations at late
BE this may, however, tremendous pressure an
strain keptupupon both fore and aft cradles for about
ten minutes without making the smallest impression upon
the inert monster though the force applied evenTay
became drive the feed pipe out Of Of the
hydraulic rams, and snap river mooring cham Of pa
Inches. These mshaps being equivalent 70 about days
work the pressure then taken of again, leaving the
launching apparatus minus the services Of the and
chain Doth these, however easily he repaired and
ready Tor work this day, when is positively asserted
that the launching will commence for the fourth and last","PRICE TWO CENTS.

The Levlathan's Launch.",The New York herald. [volume] (New York [N.Y.]) 1840-1920
1857-07-04,"From the g. Louis Republican, June 20


Through the courtesy Of Captain Samuel A. Turner, Of
the government steamer D. H. Morton, which arrived
here Saturday afternoon from ten months trip 10 Fort
Pierre the Upper Missouri enabled 70 lay before
readers account condensed from the ""og Of the
incidens and accidents OF the trip


The d. II. Morton left st. Louis the morning Of tho
10th OF September 1885, and proceeded her with
material pton until the 18th day OF October
By this accident hole broken the port kuucke,
under the pennant shacke hole Of dimensions Of TWEEN
ty four by sixteen inches She immediate headed
the bar aud the carpenter and engineer work
TO build sulkhead around ht hole Before they could
coed In stopping the leak the water had gained three feet
the hull 10 the evening bakhesd was completed and
the boat getting under succeeded In reaching the
mill about half mile below Nebraska City. Hcfsu dis.
covered that there lumber at the mill Of tho proper
character TO repair the damage, and the carpenter
despatched 70 the woods where he cut tree which
brought the mill and fashioned into tbs proper shape
On the 10th Of October the steamer again got under way
and the Goth In sight Of the Omaha village, at the
foot OF Blsckbird Hills. They began frozen
Ice and the 30sh Of December frozen up Yank
ton village, what ""a better knosn ""Sm ity Bears
twelve hundred and nfty miles above ST. Louis and eighty
miles below Fort Randall During the entire trip up 10
this point, the wind blew almost gale every day. snd
hound the officers and made preparations for pas
ing the winter best They could. The chmnes
takcn down. the rigging sowed away and everything got


On the 25th OF December twenty lodges OF Yank,on
Sioux Indians came mo smut,y Bears camp from hunt
ing excursion, and were In O nearly famshed condition
They crowded around the boat and picked up the
sad decsycd potatoes that had been scattered
The deep that their usual supply OF
or and wolves and foxes scarce 70 supply
their wants.


mendous gale, during which the cabin shifted about
four inches Notwithstanding they had taken the precau


ton secure the poshouse and terssD with guys the
shore and ice and rig iron rods connecting tho
crst TO the boiler deck The swsyng q the cabin 70 and
fro seemed Cause the hull 70 open. Many the seams
above the light water mark showing daylight


On the I'd Of February they experienced another heavy
gale, and more Of the Ysnkou Sioux came in from hunt
ing nc. .. GysrS 81 su Nth .Ds Isy ep9d
having taken than CROUCH 70 supply
their Immediate wants Extreme cold hal caused them
OF the band had been frozen 70 death. rhey made
sucn constant apr ess for bread that they very
we're ebr ID 70 ,ubss entirely on corn which hsd been
cached In the vicinity during The fall. They informed
the officer. that this would not las, them until the new
roots and what game they might change 70 get


On the 9Th OF February they vitet by decidedly
nomen, 70 see their cabin swsps away aLsshins upon
lsshne doubt ssvet H. The night spent In watch
iDs morning he asie absed some bs. s fury and the
men sent 70 the island below for fuel me wind
rcse again, however and the crew their return
lost their way In the binding snow storm. They were
going opposite direction would not have found
the boat again had not been for the assistance OF
q their guide. some Of the party returned with
their feet badly frostben The snow NJ this time
Vas level With the su s Of the boat Slc., across
were ged 10 sand waist deep snow AZ the DO
Rod Of which speak In consequence Of the scarcity Of
provisions only ration per day served This
entirely nsuciep, satisfy Keen appetite eng
by the pccuiarites OF the climate. They remained thus
hbernscd and suffering many vcissudes and priv atoms
from cold and hunger until the 22d Of March, when the
ice broke, and they again sost The precautionary
measure had been taken Of erecting ""crb"" around the
boat, yet when the Toe started the steamer was
In imminent danger Of being wrecked every mo.
mepL The vessel, however, vas rescued from this
peril and a,er encounterne many obstacles from ice
and soyms they reached Fof Randall on the of Nav
and Fort Perreou the 18th Of the month On the
nh OF May they ""homewsrd boundv and arrived
II ~ Louis have stated, last Saturday Notwth.
standing the many pers and hsrdships OF this tedious
trip, the nenl generally preserved excellent health and
spiriH and with the exception OF their Drowned and
weather beaten oounsenances, look the worse for
wear.","Interesting from the Upper Missouri Country.


From the 81. Louis Republican, June 20",The New York herald. [volume] (New York [N.Y.]) 1840-1920
1857-07-04,"SAVIOUR communications TO the Department, Wyefer.
ring 70 those numbered 10 and IL In which you report the
urgent appeals of citizens and consus China oy
assistance and the course pursued by you dsposne Of


the vessels under vour command 40 aaord the All ana
oounensade needed the department doubt that the
circumstances called for prompt and decided measures


but trusts that In aordIns proe on 10 our citizens 10
the East you will not loee sight Of the main objects Of the
government In sending 10 the North Pacific erpeduo
for surveying purposes, and that The 10 Hong
Kong, lie vicinity, Of the vessels any OF them
Of the United States East India squadron, you win have",,The New York herald. [volume] (New York [N.Y.]) 1840-1920
1857-07-25,"SNauLAH CASE or BfeAMY.-John Henry Bate
was arraigned complaint for bigamy, and waving
animation held in 5000 for trial The complaint
made by Mrs Geo gans NJ Bate, who alleges that she
married TO defendant In England twenty two years
sgo, and that subsequent marriage by him he
convicted, but through her efforts aud his promise TO live
with her, the punishment limited TO Imprisonment
for month only. He did not live with her. however,
and leaving The country reported to be dead,
which family and herself believed be tue, but
undecevee upon again marrying when he caused her to
be punished for bgsmy Years after wards she met him
sgain In Canada, when she le. him on from further
pups hment by his paying literally and for long time
subsequently the matter before the courts 10 New
York tho alleging tsat the case against her hus
band hsd failed each time from the absence OF witness.
Defendant denies any acquaintance with hsr except by
OF prosecutions, 10 which abe has subjected hun
for the last ten years Mr. Bate living In this city with


wi's epd fourteen children, ard procured bail The
complainant held IN s1oc bail fer her appearance
ritness.--B Dos on Pos, July ~.",,The New York herald. [volume] (New York [N.Y.]) 1840-1920
1857-03-16,"THE SPECTRE FIRE SHIP-Many, many
years ago, ship named the Palestine, sailed
from Holland, with large namber of passen.
gers, bound to new home in North America


Soon after leaving port, it became generally
known that many Of the passengers we're
wealthy, and had large amount of gold and
silver in their possession Three weeks elapsed,
when the captain and his crew conceived the
idea OF enriching themselves by plundering
and numbering the inoffensive and nnsuspi


cious persons in their power. They first re-
ported their provisions spoiled, but MANAGED
t,seii hard buiscuits for guinea each. This
process was at length suspended, and then
disease and famine had full sway. The wind =
were favorable, all were not yet dead, and 10!
the ship was floating OF Block Island. The
few passengers who still survived might still
live to tell their tale Of woe, and 50 the ship
must be destroyed, with oil her living freight.
The captain and crew piled their in-gotten
wealth in their two yawls, and having scut,
tied and set fire to the ship, they embarked
for the nsighb.ring island, they land cd jus'
""a the great mass Of fame sank hio ing int
the dssp, Ths pirates told the isle Edsu",,"Evening star. [volume] (Washington, D.C.) 1854-1972"
1857-11-13,"ALBANY Nov L. 1857.
Letters from several points West, received this
ing bring details of the disastrous effects Of the reshes
Some passengers have arrived here from Rochester.
They got down to Lyons the road by rail-
crossed carriages Geneva the old road They had
a hard passage. One two have got the old
road passengers being transferred from train train
at Vienna over some two miles of break


THE CENTRAL RAILROAD.


ALBANY, Nov IL, 1857.
Trains leaving regularly for the West on the
New York Central Railroad They 60 at present by the
old road between Syracuse and Rochester with but ke
detention.


THE ERIE RAILROAD AND THE FREsHET


EMRA, n. "", Nov IL, 1857.
The Erie Railroad Is now in order between New York
and this place West of here il is rendered temporarily
impossible by the late freshet Passengers are taken
west via the Emira Canandaigua and Niagara Falls Rail
road which is in perfect order throughout.


THE CROOKED LAKE CANAL.


ALBANY, Nov H. 1857.
At Hammondsport nj the head OF Crooked Lake canal,
all the Of the village washed away and the
water in them stands six feet deep Many build
ngs have been undermined All the villages the line
Of the Crooked Lake canal are badly damaged and the
canal broken render its repair this impos
sible. Seventy five thousand bushels of barley and
large quantity wheat and -four locked up the line
Of this canal letter from Penn Yam states that the rain
fell like deluge from Sunday morning till Tuesday night,
and that the freshet is the greatest known there.
ROCHESTER, Nov. II, 1856.
The breaches by the freshet in the Central Road have
not been repaired The route Is most damaged Two
trains with 600 passengers lief, here this morning
Tor Syracuse the old road The passengers will have,o
be transferred mile around the breach east OF
Vienna We have had Albany mail since Monday
ing The Genesee Valley road also obstruced and passen
gers reach the Erie road sdcult to estimate the
damage by the freshet, still cut or from CON-
municaton with many Of the sufferers. Up the Genescc
valley the damage has been immense; houses barns,
bridges cattle and timber have been swept away. A
bridge the Genesec river miles above this city
was carried away this morning with upon it. who
was rescued when the city. The Geneseo still
rising here.","TELEGRA PHIC.
THE FRESHET IN WEST NEW YORK.",The New York herald. [volume] (New York [N.Y.]) 1840-1920
1857-11-10,"BcroS, Nov. Q, 1857.
Mr. Lewis Sweet and family, accompanied by a slave
girl named Betty have been spending several months
travelling North Their last stopping place lawrence
where writ Of habeas corpus obtained, on the
ground that Betty restrained Of her liberty. The
parties brought to this city to-day and hearing
was had before Chief Justice shaw Mr.. and Mrs Sweet
who present. stated that they would checrfuy abide
by Bcttys choice In the matter After the had
been stated by the respective COUNSEL. A. Andrews,
ESQ, for the petitioners in the writ, and Mr..
Watson, of Lawrence for the claimants--Judge
shaw retired with the to adjoining
room for the purpose OF asccrtaining her
wishes without bias from the presence Of those around
her. On returning the Judge stated that Be,ty's
voluntary decision return with her Tonnes
sec and the Court hereupon passed the following ORDER
'Ths, Betty at liberty remain In Massachusetts, or to
return with her master Tennessee, she may tn
The case then dismissed Betty retiring with her mas.
ter and mistress, apparently contcnted.


The rumor that fugitive slave pending caused
considerable excitement and attracted crowd in and
abou, the Court House and several coored persons
strong unavang appeals 10 Betty 10 accept the free
dom offered ~ her","Slave Excellence In BOSTON.
A TENNESSEE NEGRO GIRL sPuRss TIE ADOLF


TIONISTS.",The New York herald. [volume] (New York [N.Y.]) 1840-1920
1857-03-28,"TIM CoNET--The public is requested to read
the letter OF Prof Pierce, published 10 another
column about the comet that is to destroy the
world in June next That eminent charlatau and
mouniebabk, John Cumming. of London, Eng
land. end various French philosophers have pro-
poesied that the comet will certainly come into
collision with our planet and knock Us all into
cooked bat. On the strength Of which DIR. John
Cumming thinks everybody should provide them
selves with copy Of his Apocalypt Sketches,
and bis tracts, entitled Short Road by The Back
door TO Bliss


Our philosopher Professor Pierce, who doesn't
publish tracts and do, mt pretend to believe that
two ard two make any hing bat four however
you may fix them, has demolished the British
divines and French philosophers with single",,The New York herald. [volume] (New York [N.Y.]) 1840-1920
1857-03-28,"PTIssBuAG, March 81, 1897.


This afternoon the locomotive attached to the East
Liberty accommodation tram the Pennsylvania Rail
read when rounding the at Denny's station mile
east Of Pstsburg on the traoh falling down
bankment fifty feet, and exploding with . great noise
The tender and three passenger oars also carried
down the embankment short distance, but fortunately
did not turn One hundred passengers In the
cars, but Of them seriously injured, except
young man named Valentine, employed on the train,
whose LEG was horribly shattered The locomotive
complete wreok and the tender and but te better
Tho accident IL attributed 70 detective rail-",Another Railroad Accident.,The New York herald. [volume] (New York [N.Y.]) 1840-1920
1857-03-02,"Dates nom Hong Kons Inc Sotn of Dece nber state
that IN the foreign buildings at Canton had been burned
end pilagsd. Admiral sey aad been throwing hot
shot into Canton but at the esi dates had ceased hos
tilities, snd - strenthenDe bis position.


The Chinese threatened TO burn down Hong Kong.


Troops were about 70 be cent from India


The orcha Alma bat been tsten By the Chinese. who
were said to have mutated the master. the steamer
Thistle, towing the lorchs AnoDyms, wss attacked BY
swo hundred junks, and Was obliged 70 abandon the
,orcha With her cargo.


The bad feeling against the British was spreading 70
her psr:s.


was rumored that the Emperor was desrous OF
peace IN. the Cantonese we're upnontrolaole


Exchange aA borg Kong a. Sd 4; shsnghae,
d g",THE BoMBARpMENT OF CANTON.,The New York herald. [volume] (New York [N.Y.]) 1840-1920
1857-11-11,"NASH auciioneer has been instructed to sell public
auction without this day Wednesday morning AT
10 o'clock At the cabinet warerooms OF Messrs Brown 4
Abbott 40 Broadway the whole OF their stock
all of which has been made expressly for
private custom trade and warranted of the best workman
ship This stock comprises extensive assortment of FIRST
class paro chamber and dining furniture Of the
fashionable styles and embraces solid carved rosewood and


mahogany paror suits covered in French satin brocte bro
cade silk plush and hair CLOTH solid oak mahogany aud
wood and richly decorated and enameed chamber suits
rosewood oak and walnut sdeboads and eegeres secretary
md library bookcases solid oak walnut and mahogany
tension dining sbes dining chairs centre card
and fancy bes wardrobes plain and dressing bureaus and
wsshsands pnror rocking relieving and side chairs,
eedstcads In every variety, &C


Also,


BY virtue of execution the following articles removed
from private residence, To wit


One magnificent octave rosewood pianoorte with
elaborate rosewood and solid pearl keys: extra fine
kmanship and
been In use but few months, and


also used but short time,
together with quantity Of silver plated and fine table
cutlery, DC.


NB-This sale Is specially worthy the attention OF intend
ing buyers bargains be anticipated and the
qualities OF the goods such seldom offered at
don Packing done the premises Catalogues morning
OF sale.","A BSOIUTE SALE OF MAGNIFICENT CABINET FUR
u niture, piano fortes, carpets, &c.",The New York herald. [volume] (New York [N.Y.]) 1840-1920
1857-04-08,"BY JAS. C. MCGUIRE. Auctloneer.
VERY EXTENSIVE SALE BY CATALOGUE
ER1NG PIANO FORTE, ELEGANT CITY. MADE CABINET
FURNITURE, HANDSOME GILT-FRAME MIRRORS,
sfSfsEI AS GhF as a. 6
tyre and efsets Of The ""Eb6st House, Situated on
street. between 18th and l4th streets, embracing
every VARIETY and style of Parlor and Chamber Fur
This extensive establishment embraces some
eighty hive parlors and chambers, which have been
fitted up in style uneqnaled in this city the Furni
tre all having been made at the best establishments
OF TINS city and ofvery superior style and finish. We
Elegant rosewood Louis quatorze seven-ootave Pr


anoforte, by Chckering
Elegant Erenoh-p plate gilt-fame mantel. pier, and
Handsome Oil Paintings, Pasteis, and French En-
, cravings in rich gilt frames
superior rosewood and walnut crimson plush-eoveT-
- ed French and tete-a-tete Sofas
Divan. arm, ladies' and parlor Chairs
Suite Of rosewood Parlor Furniture, finished in blue


and gold brocatele. comprising two tete a-tete
Suites Of handsome walnut figured damask covered


parl9r FnrnItnIe, consisting Of two Sofas, two
Handsome walnut Whatnots, EtagoTes, and Book
, stands, of various patterns


in rosewood, walnut sn and mahogany any sue 0O'S
Elegant bIocatslIe, damask: and lace Curtains


throughout the house, with gilt Cormce, Cords.
Rich French China vases, candeabras. and other





Superior Velvet, English. Brussels, and three-py
- Carpets throughou the house
Brussels and Venitian hall and stair Carpets
Splendid rosewood, walnut, and mahogany marble


top dressing Bureaus and Washstands. Ward
Jenny Lind and French Bedsteads


bles


Solid cherry Bedsteads, Wardrobes, and Wash
. stands OF superior make
Painted Wardrobes, Bedsteads, and Washstands
Superior curled hair Mattresses
Fine Feather Beds, Bolsters, and Pillows


Quilts; Comforts, Bedspreads, Sheeting, Bolster
French China maHfbled, and granite Toilet Sets
Rush and cane-seat Chairs, Rockers
Mahogany hair spring-sc Sofas. Rockers. arm and


side Chairs


Hair Cloth, rep and damask. covered Lounges
Marbe-top SldebOards and Beauets
Bookcases, Writing Desks, arm Chairs
Eight superior engraved heavy sllver-plated Tea
Silver-plated Casters. Walters, Tea and Coffee


Urns, Spoons and Forks
Superior Tia bic Cutlery, Fire Irons
Walnut and mahogany extension, breakfast, card.
Superior oak cane seat dining Chairs
French China and granite Dinner, Desert. and Tea
Crystal cut glass Decanters, Water Bottles, Cob


lots, Tumbers, and Wine Glasses
Block-tin Urns, Chatting Dishes, and Dish Covers
Radiator, open CRATE, and air-tight Stoves
Together with general assortment of every article


IN the Housekeeping line.


Terms: So and under, cash over that sum q Gre
dit of sixty and ninety days. for satisfactorily endor-
sed notes, bearing interest.


ALSO, AT FOUR O'clock on Tuesday the 2lst, in
front of the premises, handsome horse fam
NY Carnage, nearly new and built TO order by of
+. >. The House, which is probably one of the
best adapted for fashionable boarding house ho-
tel IN the city, is for rent. Inquire on the premises
ap8-d ]. c. MCGUIRE, Auct.",BY JAS. C. MCGUIRE. Auctloneer.,"Evening star. [volume] (Washington, D.C.) 1854-1972"
1857-01-13,"Oonsumptve Rheumatic Costive Bilious Delicate
days will find renewed strength aud life pervsds
every OF their frames Every dose makes the blood
The in the arteries
in the veins These pills, first effect upon the
tersl blood increasing the circulation which Impurities
are deposited In the velns and they throw of snh colec


tons into the bowels which By the energy derived
from Brandrehs Pills expes them from the When
nrst used the pills may occasion gripping and make the
patient feel worse this must be borne with for the
come afterwards No great good IL achieved
some trouble Tn Its attainment this rule applies
recovery OF health These symptoms only where
body has long struggled under load Impure
humors consecutive for few days will satisfy
most unbelie Of the good the pills
directions should be carefully studied Ii understood
followed health and viSOr will in majority Of cases.
cured BY the Use of RRANDkETHS Pills.


Sold st IS cents per box al - Canal street. BTandrh
Building, New York, Gy L. W. Uy0tt ls2 north
Second street Phlsdelrha and sdcne dealers gener
ally. 2s-tf",,"Evening star. [volume] (Washington, D.C.) 1854-1972"
1857-08-21,"A few weeks s1er the slled army entered the Crimes
spglc wire cable was laid across the Black Sea- dis
OF three hundred and seventy four miles, between
varns and Baakava and through this that the Eng


h and FREQ oh governments appsed every day OF
the movements OF the yerent forces either side
This IN the longest submarine cable which has yet boon
laid and The operation OF submcrgiug would have been
regarded ten twelve years ago utter imposs billy.
Surprising however this and all the other enter
which have noticed may appear, they dwiDde into In
seufcsnoe with that In which the New York, Hewfound
land and London Telegraph Company are now engaged",,The New York herald. [volume] (New York [N.Y.]) 1840-1920
1857-07-16,"TIT CITIZENS or Ia CRossy WIS. BURNING
DOWN hOusS OF III FANE-Wo PUT ~ FL1Hr AVID
lsJuRrD-Inere was an exciting time up At Ia Crosse
For some months our city has been dsgraced by fifteen or
twenty vbc prostitutes, associated with nearly many
pnps and blackegs Our citizens have been much trou.
Died, TO ~eas, and aa nit the Indignation came 10
focrs. some two hundred men visited one OF the dens
near Isan sniths, set IRE 70 the house. and afer rem
oero sne constance 70 save The furniture they passed
though be rnaes were preparing 70 leave and the far
nure put out OF the house for the purpose the mob eat


fire 70 The house and then burnt the furniture Both houses
heap OF sshes. The mob woad have nred two more
but for being dissrsded from by the Mayor msrha
and by pledges that the inmates would town Those
Of the fourth house had not len al last accounts and Tie
Nigiants were threatening 70 burn their house down
some Of The women were Injured,",,The New York herald. [volume] (New York [N.Y.]) 1840-1920
1857-11-14,"THE MILITARY.
rARp-TUE UNDERSIGNED OFFICERS OF TUE
~ John Harrison Star Brewery Guard return their SIN.
thanks patron John Harrissen ISL ana his
friends Tor their munacent contributions made ~ hen
the list - prizes which the guards contested On the nm
November inst and also % captain Campbell Tor the KIND
and courtesy with which he performed his duies and
commanded the military ot the company, also -
Mr. David Pollock and his amahe Aay COZ thew attendance
catering in seeing 10 the o The after the
military the day eso 20 Captain Peter Creery
of the steamboat James stevens, for waiting Two hours
the delayed IN receiving their
different prizes awarded her amounting % nearly fSv,
also Captain Alexander fgesnn and The other gentlemen,
20 unknown, who acted Judges with fairness aud IN.
partially


WILLIAM MARTIN WILLIAM EilNroN,


JAMES WANSEN, JAMES ANDERSON.


JOHN CAIN, SAMUEL SMITH,


JAMES GALLAGHER JAMES REILLY",,The New York herald. [volume] (New York [N.Y.]) 1840-1920
1857-05-15,"TuH Hoo CHOLERA IN NEW JsnsEY.-rhis
strange disease, which has made such ravagos tho
porkers OF the weet has also been very prevalent IN this
part OF the country. Al fson, New Hope Iambertvile
and many other places whero large numbers OF hogs are
kept hundreds have died. and the disease has not yet d
appeared neither has its been ascerained West
paper gives Information on ths point, which may
OF agricultural readers From this state
meni tha, :"" hog CONSUMPTION"" would DO more
proper name than hog cholera"" The osrns from which
we quose says that necn hundred hogs we're put
10 an enclosure ready for market at thai place,
and econ after were attacked with the disease,
and died Oh At the rate Of ffty or sixty . day.
The nrt symptom noticeable IL slieht cough, which
soon followed by q dropping, suf appcarance the
and lips and sometimes the laws and turn blue and
swell up, and, finally, purginR and sometimes vomiting
follows and death speedily. Hogs In every stage
Of the dsease have been ked and examined Tor the pur
poee Of asceranne The nature Of the disease and the
suit establishes the TACT soruplc that The disease


Inflammation q the lungs those In the hrst sage showing


congcstcd condition IN portion OF the lungs while those
further advanced had q more extensive engagement,
and the last stages OF tho disease the lungs dark
dry and solid, with some u,eration OF the lungs and
throat The stomach and insstnss show no signs o ds-
ease-7frnton Gaszss, Nay L.",rnn Hoo CuoLraA IN Nru JsnsKr.-rnIs,The New York herald. [volume] (New York [N.Y.]) 1840-1920
1857-11-03,"NEW YORK AND KANsAs.--A distinction we
hope viii be drawn to-day between New York
and KAnsss. People will remember that Kan
sas has been settled and arranged, and that now
it is New York which demands attention. Kan
sas can stand very well by herself; New York,
plundered right and left by the republican ma
jority, and stripped Of the privileges inherent in
democratic government, may well occupy q
little attention from her people.


Those therefore who still think that Kansas,
though its affairs are now settled and laid on
the shelf deserves more thought than any other
part of the country may vote as they please;
but those who think New York deserves a brief
concern from its people to-day, will vote against
the republican candidates.


1t is at any rate ridiculous to pirate about
Kansas now that its issues are settled and
closed; but our issues, which concern us far
more nearly, are only just opened, and we shall
feel their efiect-not in our feelings Us philan-
thropists-but in our pockets as citizens hus
bands and fathers.",,The New York herald. [volume] (New York [N.Y.]) 1840-1920
1857-01-24,"THE COMMANDMENT OF CANTON--NEws FROM EUROPE,


NICARAGUA, MEXICO, CUBA, WEST INDIES, ETC,-


CONGRESSIONAL AND LEGISLATIVE PROCEEDINGS


THE RECENT SNOW STORM, Etc. ETC.


The wrrxLY HERALD win be published NJ ten o'eiocs
this morning Its contents win embrace full details Of the
Bombardnen o. Canton by the Americans English news
from Europe, Nicaragua xerico Caba Yves, Indies ~
Congressional and Legislative Proceedaas fall particulars
Of he recent snow stor; Latest News by Telegraph Eo
RAILS on various interesting SUBJECTS financial Com merca
Religious Theatrical sporting and Maritime Intelligence;
together with variety Of local and miscellaneous TENS Gin.
gle .opes wrappers ready for MAILING can be had at the
renrter Price ri spence.",,The New York herald. [volume] (New York [N.Y.]) 1840-1920
1857-12-06,"The impressive funeral service Of the Episcopal church
read the remains Of the deceased by the Rev
nr. Bcrran, who assisted by Rev Mcssrs Dix, Yves
ton and Young. choir consisting Of Madame Bouchclle,
Mr. and Madame Stocpel, &c assisted In the solemn
ciscs under the direction Of Richard Hoffman, the organ.
st Al the conclusion OF the service the coffin wa borne
10 the hearse. the following named persons officiating a.
pail bearers viz Hon Charles Sumner, Henry G. Tuck
George William Curtis Professors Greene and lie
Der, and Messrs Rosser Kensett and Hides artists Mrs
Crawford, the wife Mrs Campbe the sister, aud three
other female relatives Of the deceased present The
remains were conveyed 10 Greenwood for intermcnt


An ABoRrryE sSow sroRs.-On Friday night there was
attempt the part q the weather 10 get M snow
Storm but !, resulted a complete failure, and there 4
but little prospect Of sleigh rides and winter froIic
for time TO come. II commenced well enough and
by daylight yesterday Streets housetops window sls
white with the frs, blossoms OF winter The wea
iher however, too mild FOR this 10 last long and
light warm rain set IN, which soon melted the in
the streets and changed into that semi fluid slush which
seems peculiar to streets IN winter time. II be
hoped that the City Inspector will not relax his efforts
keep the city clean because of the approach Of winter
Heretofore has the habits contractors 10 neglect
the streets entirely during the winter months, which
time they require the most care. Let this practice be


ANNUAL MEETING % THE Swiss socrrry-The annual
meeting Of the swss Benevolent Society was held ycser
day afternoon At O'Clock Owing the hard times the
society came 10 the very proper determination no, 10
have any social dinner the money that would be speu,
in that wanting for the treasury Of the so
Getty. There some sixty members present Henri
Maret, the President took the chair Mr. T. Paiard the
Treasurer read the annual report from which appears
that the disbursements Cor The year we're 81 ais 81 and
the treasury still has balance Of ~ 236 20 Most OF
the money for this society furnished by the Swiss
ona governments The report pronounced satsfac.
tory and the following officers elected 10 for
the ensuing year-P. "". vagncax President. 4. v DE
Luze. Vice President, L 8 zaineer, Secretary; Aug
Richard, Daniel Brez. Alfred Merriam, u Horand Coec-
tors. Tho society then adjourned.


TRoor- soR oHteoS The Northern Light which left
for California yesterday, had nearly hundred pas
sengers board among whom detachment Of
United States soldiers bound for olympia Oregon Terri
tory. They were under charge Of Lieut. Driscoll The
government Is as, filling up the regiments the Pacific


INV yoRg HosPuAl~-The following the week report
~ The ni,nrn siinilln 10 nrc","THOMAS CRAWFORD,
Born In New York. March -. 1918.
Died In London. Oct. 10, 1857.",The New York herald. [volume] (New York [N.Y.]) 1840-1920
1857-03-30,"A stack Of stones, dingy wall,
O'er which the bnmbies cling and creep,
a path on which no shadows fail,


A door step where long dock leaves sleep,
n broken rafier In the grass,
a sunkeu hearth stone, stained and cold,
Naught len but these, fair home, alas.
And the dear memories Of old.
Around this hearth, this sacred place,
All humble household virtues grew,
3he graAosire's love, the maiden's grace,
The matron's instincts deep and true
here arst sweet words were nsped here broke
Lies morning dream, and yet more dear,
me love that lies best impulse woke,


oe""warmer, seuter, year by year. -
How cheerful, while the Storm without


Mufhed the earth and iced the night,
The rudy glow gushed aughing out


On merry groups ana faces bright
How chimeA the cracking, freakifh fame


With rosy mirth OF thoughtful ease.
Of, may be, syllabled thename


Vi one rocked DER the shlverlng seas.
What fairy scenes what golden lands,


What pageants OF romantic pride,
In the weird deep Of glowing brands,


Saw their fair boy, the dreamy eyed,
TIN musing here, his spirit drew


Strong Inspirations, and bis years,
By Beau:y's subtle nature knew


The paths Of Natures inner spheres.
Here, as the swooning embers sent


faint hush through the quiet gloom,
in the warm hush have loves blent


The fragrance OF their hearts fresh bloom:
And yelling In soft dropping eyes
Her remulous Joy, here blushed the bride;
Here, DER pale forms In funeral guise,


Fafeveus from broken hearts were sighed.
This spotthe pilgrim meath strange skies,
saw In bis vays,de dream, here stood
Oio friends with gladnsss In their eyes;


Here grew the BEAUTIFUL aud good
sweet friendships faith serene aud sure
Manhood's strong purpase, warm and bold
Courage 20 labor and endure,


And household feelings never cold.
Here leaning In the twilight dim,


All round me seems haunted air;
hear the old familiar hymn,


NV heart goes uoward in the PRAYER
That made the night so full Of peace;


Kind lips are on my brow-my ear
HUNS with sweet sOunds-they faint-they cea.
And night DER all bIoods calm and clear","EV ENING STAR,

TIE OLD cHIMNEY-PLAcE.","Evening star. [volume] (Washington, D.C.) 1854-1972"
1857-12-02,"This, evidently intended TO you may find me in
here written in chalk the doors which light
y Opening these doors two similar inner doors,
they behed the body Of Mr. Kern lying stretched some
boxes, covered with the bed clothes, which he had EVIL
IDENTIFY brought from his bed he had handkerchief bound
around his head, and stone cold. furnace of par
TALLY burned charcoal in Of the vault plainly
denoted that he had died from the fumes Of the char
coal Az the Of the suicide the cook says she
count Of the hard times and the depressed state OF bust
The police soon called in TO take possession oil
the remains and the Coroner sent for to hold an in
quest


SAD ACCIDENT UP TOWN. CHILD SHOT BY HER


FATHER.


About 10h O'Clock yesterday morning. q sad accident
occurred which has plunged respectable family deep in
grief Mr. Michael Rgley residing l76 East Thirty fourth
street. intending 10 take part in the election at the Sixth
district Twenty first ward, preparing his revolver
for any defence of his person which he might be called
upon to make during the day. lie had finished loading,
had capped and turning round the chamber of the
pistol to assure himself that the caps were all right At
that moment his little girl, about six years of age,
the table where he thus engaged and stood right
before his hand. hammer accdently fell, barrel
discharged the shot entered her forehead and she fell
tally wounded The unfortunate father became almost dis
raced and his cries drew crowd to the house Drs
Harris Brooks and Johnston were soon attendance
their skill and best will unavailing. The shot had
penetrated the frontal bone and lodged deep in the
substance Of the brain The medical gentlemen entertain
hope Of recovery could only sympathse with the
afflicted parents and relatives who crowded the house.


BROADWAY RAILROAD, PERHAps.-Certan parties, who
do give their names, have put the following notice in
obscure part of one of the Wall street Journals:


Notice hereby given that application will be made
the Legislature the State of New York at its next session.
authorize the extension and widening of streets in the city of
New York. foowsTo extend Green street, northery,
Eighth Fourteenth Church south
ery from Fulton street to Liberty street, and Lumber street.
southerly to Greenwich street; and to widen the
width exceeding hundred feet Also TO widen Green
witch street. the easerly SIDE from its intersection





one hundred feet; and street westerly
westerly Battery side and Whitehall street the west
ery Battery side from State street street twenty
FIVE feet And the assessment and collection of
portion of the entire the taxable real estate OF
said city generally.


As this matter Of considerable interest to cti
zens give the advertisement gratis 1t will be noticed
that this has very much the appearance Of the covert
Broadway Railroad scheme that before the last Legs
lature wonld be well for tax payers to keep sharp
lookout on this scheme.


FATAL ACCIDENT THE BAY-A Boat UPSET AND ONE PER
SON DRowSED.-A serious accident occurred off Castle
Garden yesterday, while emigrants being landed
from the emigrant ship Fidela. It seems boat
started from the ship with ten persons board five of
whom men, four. children, and one woman. When
the boat the stream through mIsmanagemcnt
upset. and the ten persons precpitated into the
river The utmost excitement prevailed among the spec
tators Of the disaster and boats Immediately sent
for the relief OF the drowning emigran.s Through
the active exertions of the boamen all saved with
the exception of one man-name unknown-who Is miss
ing. Thomas Lynch, Battery boatman, particularly dis
tingushed himself by saving the lives Of six persons The
body Of the missing man had not been discovered to
Late hour last night","VA NAT

FIND

IN HER",The New York herald. [volume] (New York [N.Y.]) 1840-1920
1857-11-01,"EXPLOSION AT BurrALo-The boiler of the
steam tug snlman witt exploded this morning. ABOUT IL
O'CLOCK, blowing the tug Into atoms Toe steam drum,
with other pieces Of he boiler, bio the
houses on the dock, and landed In Water street. 10
almost incredible thai persons the dock street were
not Injured A. the time OF the accident toe crew we're n
crner srd the boa. yog 81 the foo OF Commercial rree
outside Of several canal poas and the tug Echo John
Fcrre the captain, badly scsded about the head and
arms VIM. sterri ptiA, was scsded about the brea0
and badly cut by spinsers he says that whom ne cent
10 dinner the boiler full OF water, with ABOUT 100 lbs.
OF stesm-ne often carrying $50 los Irving HhGht
deck hand, slightly scslded and cut about the head
We could not ascertain Their David Barry and
j. A. Keith Two pedlsr beys, named Jsrvis, happened
70 be on board, 4 we're picked mp they ~ore badly
hurt. One man was seen strussiue In the water among
the wreck ana went dovn In the confusion, befs ssts
isnce could be rendered 10 nos probable that any
others sere Injured Buffalo Adsress1, Oct as",,The New York herald. [volume] (New York [N.Y.]) 1840-1920
1857-01-20,"Cousumptive, Rheumatic Cotye Bilious Delicate after
some days use will tnd renewed strength and life pervsde
every organ or their frames Every dose makes the blood
purer The arteries terminate
Ia the vsns These pills. q fret effect upon the
teria blood increasing the circulation by which
are deposited In the veins and they throw of such
lions into the bowels which by the energy
from brandreths Pills. expels them from the When
nrst used the pills occasion gripping and make the
patient feel this be borne with
come Afterwards No great good is often achieved without
some tronbe in its attainment and this rule applies


recovery OF health These symptoms only where the
body has long struggled under load impure tenacious
hunors consecutive for few days will satisfy
most unbeieving Of the good the pills doing
directions should be carefully studied II understood
followed health and vgor WILL majority
cured by the use of RRANDRETH'S Pills.


sold at Is cents box at ~ Canal street. Brandreh
Bulding, New York; by II. W. Dyott Sons. la7 north
ally. NOV as-ts",,"Evening star. [volume] (Washington, D.C.) 1854-1972"
1857-03-02,"THE SUBSCRIBER, DESIGNING TO DIS
Il continue the Furniture Business,
will sell at reduced prices his large-
stock Of PARLOR, CHAMBER, and-H
COMMON FURNfTURE, consisting,
in part, Of


Mahogany and walnut eofas and Chairs
Bed Sofas, Reclining Chairs and Lounges
Marble-toP Parlor Tables, Library Tables and
Mirrors, gilt frame and common, In variety
Marble-t top and common Bureaus and Washstanda
Mahogany and walnut Wardrobes, Book Gases,


and Secretaries
Sets Of Enamelled Chamber Furniture
Bedsteads, high post and common, in variety
Mattresses OF Hair, Husk. AID Cotton
Patent Spring Beds, Cribs, and Cradles
Cane-seat and common Chairs and Rockers
Extension Dining Tables, mahogany and walnut
Once Desks, Tables, and Chains
Clocks, Safes Baskets, painted Tin Ware, &c.


Also, an assortment Of


Glassware, China, and Granite Ware
Toilet Sets. Walters, Wooden Ware, &C.


The whole comprising great variety Of excel.
lent and desirable goods, to be disposed Of az
rapidly Is possible, and atgreatly reduced pri-
ces. A ROTHWELL.


9TH street, next Odd Fellows Hail.


feb ""a -2aw3w","FURNITURE STORE TO BE SOLD OUT


To CLOSE.","Evening star. [volume] (Washington, D.C.) 1854-1972"
1857-12-09,"VIyoLrE'S SCUIEDAM AROMATIC SCHNAPPs
w The proprietor begs leave cali the attention N
and The citizens OF the United States very supc
rior article Of Holland gin which he introduced the
public under The Of Woife's Schedam aromatic
schnapps


This gin manufactured by the proprietor exclusively &
his dsllery Sohedam Holland. II Il made the be
barley that be procured in Europe at cost and favor
cd and medcaed by the harsh berry but by tbs
choice botanical variey the aromatic Italian junper
berry whose yinous extract distilled and rechrA
with Its spurious solvent and thus becomes
neture of exquisite flavor and aroma altogether transcend
cordial medicinal alcoholic beve
heretofor. known.


The proprietor has s,bmed nearly the whole medical
faculty of the United and has received
about thousand physicians and chemists endorse
their signatures most desirable addition 10 the
terra medlca.


purchase should BE- careful the geuuns
article the whole country flooded with counerfes All
limitations


Put up quart and pint bottles a dozen eaca.
and FOR sale b. all lie respectable druggss and grocers IN
the United States UDOLPffo WOLFE,


sole importer and manufacturer.


Depo. No y Beaver street, New York","IxroLrE,s scuIEpAM AROMATIC scHNAPrs",The New York herald. [volume] (New York [N.Y.]) 1840-1920
1857-12-26,"CHRISTMAS FESTIVITIES.
Observance or the Day In the City-The
Charitable Institutions and the Poor-The
New Tabernacle--Rows Between Target
Parties and Stage Drivers and Dead Ras.
bits, sc.


Yesterday being the festival Of Christmas the day was
celebrated in the usual the grea, mass of our
citizens and resembled the Sabbath the perfect quie.
which until evening observed in the Streets and the
total cessation from business which appeared in every
part Of the city.


The weather was less propitous than anticipated
the day before, the clear mild atmosphere which seemed
like October having been succeeded by chilly winds
and the dull cadeu sky which betokens the near approach
of snow


Fortunately however sunshine is not necessary TO thu
enjoyment of turkeys and mnce pie and the bright faces
and cheerful warmth indoors made ample for tho
dismal state of things without Santa Claus was around
usual his panniers piled high with toys of every de-
scrption and confectionery enough give all New York
the dyspepsia the chdren's well filed stockings
testified.


In many families the grand Christmas dinner was sue
ceeded by the christmas tree"" in the evening"" trea
sure which had been carefully brought home after dark
and when the children had gone bed the evening be-
FORE and here revealed them in all its wonderful
and shining beauty gstening and gttering with mani
fold offerings gifts from and 10 father mother sister and
brother sides kind aunt uncles cousins and the
dear old grandma. No one is forgotten Bridget
has sxpenny deaine which she thinks 8"" beau
uul' and the baby set of silver bells which he
crows With delight. Over all the little coorcd lamps
throw radiance which reflects itself in hundred bright
eyes


with Christmas festivities and glad see il every
year becoming feature Of the occasion especially
in large families Until recently Christmas was not OBJ
War dov and
the Fourth OF July being the only OF ntercsone
Of which was devoted to friendship and the other to pat
otism The observance OF Christmas chiefly limited
TO one or two religious sects and class Of the foreign
population now, however nearly all suspend their ord
nary occupations, and participate, TO some extent in the
joyous Influences which accompany its celebration


Among all those who were remembered, we hope and
chickens and fat turkey found their way Yesterday 10 tho
POOR man table, TO which they had long been strangers
private charity never having been more active than now
when II Is so much needed.


The Roman Catholic and Epscopalan churches present
edquie festive appearance Most OF them decked
with Christmas garlands, and trimmed with evergreens
and holly The services interesting and well attend
ed notwithstanding the gloomy weather. In the Epsco-
pal churches the Sunday school children had their ami
versarics, which were attended with what was 10
them the pleasant exercise Of eating drinking Christ
mas gifts were also given 10 the little ones.


The day also well observed at the public institu
ton. on Wards Island, which inhabited entirely nv
poor and diseased emgrants bountfu repas pro-
vided by the Emigration Commissioners, and the poor
paupers were treated TO extra pudding honor OF the
day. The Randalls Island children had fine time They





made and Mr. Gunhcr, President Of tho Board OF Aims
house Governors delivered an address 10 thcm, full OF
good advice a. 10 their future behavior In life bount
iul dinner IN the school room concluded the entertain
mente.


There also interesting the Five Points
Mission, and al other private charitable institutions all OF
which received bountifu donations OF money, clothing
and food from their patrons The poor will have rea
son 10 regret the advent Of this Christmas.


The Germans seem TO hold Christmas day in peculiar
reverence The lager bier saloons houses OF enter
tanmcnt which they most frequent we're gaiy decked
TN and artificial flowers. while fra
qucntcrs showed their appreciation Of the holiday by
drinking lager al day aud eating iimahe quantities Of
brodn and limburgcr cheese.


Tho hrcmen observed the day after their fashion,
which has thc merit o. being original Il Is the fashion
machines"" out and try their capacity some one OF
the city liberty poles The Park il also rendezvous
Yesterday quite n number Of companies were thus em
ploycd, and probably, a. this dri makes them much
more efficient az fires.


The steam carriage was exhibited in the streets ycs,er
day, and excited lively curiosity II seems to be quite
success, and may perhaps some day be brought into
The noticeable feature Of the present Christmas IL
the almost entire s0ppage Of target excursions Bat very
few passed the HyRaID Office yesterday compared with
previous Christmas Days The hard times has evidently
affected this class Of pleasure seekers Among tho few
tompanies out we noticed the James Irving Musketeers
captain Holly; fine body Of men, who after parading
through the streets partook OF dinner al the Aston
House and the Peterson Light Guard Capt Jackson who
paradod $50 Of the best drilled men we have some
time


The Irish Hurting and Foo, BALL Club had their ars,
game Yesterday, and played game o. foot ball at Hobo





feeling exhibited by both parties and they parted
with the understanding that they should often again
v hurl, wreste and foot ball as they wont 10 do in
Ahe old land The Irish Club will play grand hurting
match on 81 Patrcks day.


LAYING THE CORNER STONE or THE NEW BROADWAY


TABERNACLE CHURCH.


The corner stone OF cdnce 10 be erected at the cor
ner Of broadway and Thirty fourth for the Broad
way Tabernacle church, yesterday laid with sppro-
pirate ceremonies, and notwithstanding the bitter cold
there was large audience in attendance. The proceed.
Dgs commenced with prayer, singing Of the li7th Psalm
reading Of an appropriate passage Of Scripture brief
address by Rev. Dr. Buddngon and prayer by Rev Dr.
Vermyea The audience then adjourned 10 the southwest
corner Of the building where preparatory the ceremony
OF laying the stone the pastor Rev Joseph "" Thompson
who oflciated, spoke as fellows


less than twenty years ago the old Tabernacle church
IN Broadway built To day stand on a spot nearly
three miles from that building, and trust 70 re.
main here at least ten times twenty years. We
come here in a comparatively uninhabited place.
we come IN the spirit 81 Christianity, towards the
rounding churches who recprocate the same spirit TO.
Tabernacle on this spot either size form new
building, although not quite large the old one will
when finished, seat eighteen hundred persons.


ARTICLES DEPOSITED STONE


The reverend gentleman then enumerated tho articles
placed In the box beneath the stone, consisting of their
articles Of faith as an Evangelical church. the holy Bible
year, the Manuals Of the Church. Copv or
the History OF the Broadway Tabernacle church.
Reports q the Bible Society, Home Missionary
Tract Society, American Board Of Foreign Missions
and Sunday School Upon the Congregational Year ook of
thei present year History Of the Mercantile Library
Association; Manual Of Plymouth church. Rrooklvn
and copies Of the religious and secular papers'
There deposited in the box an engraved nor,ra
q himself, as he supposed complimentary method Of
laying him aside before his time possibly 10 he bronrhtto
light In future generations.


The stone was then laid With the customary so",,The New York herald. [volume] (New York [N.Y.]) 1840-1920
1857-03-14,"IOHN II SMOOT, No. I19 BRIDGE ST.,
Georgetown, ID. c., has received, and Is now
tffering to customers, an assortment Of SPRING
GOODS, to which large additions will soon be
latest importations. He has now received and is
Offering the following Goods, viz:
Blk Gro de Rhine silks


Challie Robes and 6oatshair Plaids
Mouslin, Challie and Berage Delaines
Plain Mouslin Delains (modes and bright colors)


liants and Cambrics


White and Buzz Chimes and Brilliants, (neat


aguresi


English and American Prints, new styles and fast
Striped CaIIoos and sattlens, for children
India DimitTy and White Bfilliants, cheap
Plaid and striped Muslins, from 121c to $50.
GA White Calnbrics (of Jones' celebrated mske)
BEST English Loag Cloths, (for ladies,) same
Jaconets, Nainsook and Swiss Muslins go
3 and 4 Biz Mouslin Delaines (Lupin's)
Bombaziaes, Alapacas and English Grapes
Blk Love and Grape Wells and Grape Collars
Embroideries and Linen Cambria Handkfs
Dunbar, Dickson, and Richardson Irish Linens
Linen and Cotton sheetings (best makes)
Table Damasks, Table Cloths and Napkins
Bird Eye, Buskaback and Scotch Diapers
Colored bordered Towellings, Russia and Amer
White Msrselles Quilts
Gents and Boys Cassimeres -
Cottonades Denims aud Nankeens r
Ladies' and Gents Kid Gloves (all sizes and
numbers)
Brown English X Hose, best makes
Ladies and Misses Cotton Hose
With many other seasonahle Goods, 20 wnicn
ea,k customers. -7- J. II. SMOOT.
mar eff",sEAsONABLE SPRING GOODS.,"Evening star. [volume] (Washington, D.C.) 1854-1972"
1857-03-14,"Consamptiye Rheumatic Costiye Bilious AFTER
some days will nnd renewed strength pervads
every organ OF their frames Every
purer The commence in the
In the veins These pills. first effect upon the
terfAl blood Increasing the circulation which
are deposited In the veins and they throw OF such
tons Into the bowels which the energy
from Brandreths Pills. expss them from sys
hrs used the pills occasion gripping and
come Afterwards No great good achieved without


some trouble In Its attainment and this rule eppes
recovery Of health These symptoms only
body has long struggled under load Of impure
humors. tive for days will sstisfy tbs
most unbeievins Of the the pills doing
directions should be carefully studied understood
followed health and vigor WILL majority cases be


cured By the use Of RRAEDRBTH'S Pills.


Sold at Is cents box at ~ Canal street. Brandreth
Building, New York; by r. w. Dyon Soma, ls7 north
second street. Phadephis and medicine dealers
ally. nov 2S-U",,"Evening star. [volume] (Washington, D.C.) 1854-1972"
1857-11-05,"Mcssrs Haggerty Go. held public sale yesterday Of


large catalogue of Vienna brothe and chenille shavls
and scarfs with dress and silk goods OF tho importation
OF Salmon Kohustamm The terms were four months Tor
800, payable IN New York, satisfactorily
dorsed per cent discount for cash paid within three
days after sale The catalogue comprised 500 lots. The
goods Of fashionable character, and drew good
company If city buyers there beng fewer buy
present than usual, and the prices realized be
the asking rates The sacs compared with the prices
of similar goods early the SEASON. before the pane,
shove cd . falling of Of about 80 ~ per cent.",,The New York herald. [volume] (New York [N.Y.]) 1840-1920
1857-06-26,"GREAT RACE AT ALBANIA race for 81 600 a
side came off on Wednesday afternoon, between
the Dalton horse, owned there, and the TAYLOR
horse, owned in New York. The distance was
twenty twenty miles, in harness The Dalton
horse made waiting race for seventeen miles,
laying close to Taylor's quarter and taking ii
easy, and at the eighteenth mile Dalton drew
ahead and maintained it for mile, when TAYLOR
ran past him, going in few lengths ahead The
time for travelling twenty miles was one hour,
twelve minutes and ffty-four seconds. The
stakes in consequence of Taylor's horse running.


The horses are matched for fifty mile race to
come off at New York",,"Evening star. [volume] (Washington, D.C.) 1854-1972"
1857-07-06,"On Saturday afternoon riot occurred al the foo, Of
jackson street. Seventh ward, which might have proved
serious In It's consequences The W. w great lha,
the officers overpo~ered and unsbs TO make single
arrest Our reporter visited the seventh and Thirteenth
ward station houses yesterday and cleaned the following
PARTICULAR


About four O'Clock saturday snerno N, while officers
Godfrey and Tyler, OF the Seventh wsd Metropolitan DO
Bce rsirolIIng their beat Jackson street. they
observed tao young men fighting, and on attempt 10
ecra ate them sfoutlg resisted The I'd sccumu
lated rapidly, and foreateng thai nght was Ipevabe,
the above officers procured assistance from the station
house. BAY dozen men were promptly despatched 10",TEE SEVENTH warn Ptor,The New York herald. [volume] (New York [N.Y.]) 1840-1920
1857-12-23,"The ships comprising this line


The ATLANTIC, Captain Oliver Eldrtdgel


The BALTIC, Captain Joseph Comstock


The ADRIATIC Captain James West.
These ships having been built by contract expressly for
service has taken in their
sruotion also In their engines insure strength and
speed and their accommodations for unequal
cd tor elegance and comfort.


The steamers Of this line have improved water ugh. com
partmens and has spared TO make them all
good the thorough examination given them proves
their mode Of construction yet unelualed
Price Of passage Now York 10 Liverpool In first cabin,
$780, in second do SIS. From Liverpool % New York aud
Ogneas An experienced attached 70 each ship No
berths be secured until paid for.","NEW YORK AND LIVERPOOL UNITED Stains
IN mail steamers.",The New York herald. [volume] (New York [N.Y.]) 1840-1920
1857-11-20,"The sxtic,h anniversary Of this society held q, DR.
Potts church. of Tenth street and University place.
yesterday ~ oclock-Mrs L. Perkins frs, drecrcss in
the chair After the usual preliminary Of the
mectng tho sxcth annual report Of the society read
by ulSs Carnage, from which make the subjoned alb
strsct.


The report says that Ia the record all history past
ana present that under the teachings OF Christianity So
cety has permitted publicly combine their c
for,s for tho relief OF the suerngs their sex and
offers gratulaons 10 all wise Providence for the pyi-
lege thus conferred and the benefits received by the
suffering The report then proceeds TO speak Of thc boun
ties az nature, and the managers look forward with
out apprehensons the future OF the society During
the year OF extreme suffering have been far
than they have often been heretofore during the year
The subscriptions during the past year were usual IN
sufficient TO supply the need OF the applicants the deh
cences having up from the OF the
association legacies q $500 have been received from
che estate Of the late James Mcbride and Mrs Bangor,
which the express their thanks for. The Ameri
can Widow Association having been discontinued tins
pocation now stands alone Tor the relief of widows
with young children. The report next proceeds
20 speak OF the dcpressons from the mercantile
disa.tcrs now pcrvadng the community aud from


which cause many Of the most respectable and deserving
women have been cut of from gaining livelihood, and
are consequently in gr.. measure dependent ON this
society for relief causing the managers ~ look forward
with some apprehension 10 their ability 10 meet the
demands during the balance 81 The winter which may be
made ON them Tor relief The managers, however, ex.
press confidence the public will meet and respond TO
shy call for assistance which may he made upon by the
association During the past year ahe ASSOCIATION nave
and disbursements have been follows-Toia receipt
about % 300; expenses tbool ~ -, ---.,


The report received and ordered 70 pe prn,.'. a


During the session Mr. T. W. G. IEyKiDcs presented IN
Board Of Managers with the annual report OF me asso
ciaon printed in book form, for the year i.ss WIN
lad found in a second hand book store anu purchssea.
This association was chartered IN the year itsi ana ""
consequently now the oldest benevolent chartered a5so
citation in the United States at the present tme'","Society for the Relief OF widows with


Small Children.",The New York herald. [volume] (New York [N.Y.]) 1840-1920
1857-03-28,"Tho sudden change In the market value Of Galsua and
Chicago Railroad stock has created surprise among
the largest holders Of the stock and the stringent friends
Of the company. Tho money necessities Of the company
seem 70 know no nuAt II ID nov Ia the market for
900 ooo upon IT, second morgs age bonds. We have
sire put few pertinent questions 10 the managers


this company for the purpose Of putting ali those into
rested stockholders the platform Did not the
Galspa and Chicago Railroad Company the mousy


IN Wall stress 70 pay the February divide.d' Have no


The per ONT bonds, about being issued been
par valaef Do NOT the damages the road during the
past winter exceed GOO DOOR Have mol the gross receipt
In The present fiscal year fallen Oh 5000 DOOR Does
the deficiency estimates for this year AMOUNT
full half million Of dollan3 We do expo. the mar
sgement viii notice these nportan, questions in any way
and the stockholders viii be compelled 70 walt unit; June
next for the regular annual report Tho company will
loe from $3.50 600 10 $500 COO the OF bonds
rnancierpg Tor tho past year has Of iesu s5o ooo
and far Judge from these items, impres
sion that the financial condition ofthe GAona and Chcsro
Railroad Company far from being satsfacsory. Parnes
inside whose positions give them The earliest kno Wedge
Of all the financial necessities and operassns have I'm
doubedy been largo sellers OF .hs stock In this market
TOR some weeks pNt wae they have rcalir ID tue m


Initiated and unsu,pcctng have been purchasing. This,
however ID nothing unusual The whole board OF direc.
tors Of the eOompsny do rot actually I've ndred
shares Of STOCK. Tho Michigan southern directors have
not only sold out but ere 81 this moment largely short,


In oil other bankrupt railroad companies the board OF
Management have very little interest This not 81 all
strange II b TO be expected that they will avail them
selves of this knowledge to protect their individual in
tsresis II the outside public knew hall much the
directors they would not touch share any Of the old
inflated railroad stocks ss any proo We casnoi there
fore, blame the management for realizing early day
II 10 well known that rats VIII leave . snkihs ship, and
railroad directors governed by the prpcple Of
self preservation The nnausia cmbsrrassmenis Of The
Gslens and Chicago Ralrosd which have Just besa made
pubtc strengthen N In the position have long 90
cupbed, solitary and Alone In relation 70 railroad sscur
lies centrally II ID merely matter Of tmo with oil com
paniss which have other than the business
derived from the operation n the road make their capt.
tai productive.


The annexed statement exhibits the quantity value
Of foreign dry entered this port for mpoo
sox ""A sIso",,The New York herald. [volume] (New York [N.Y.]) 1840-1920
1857-07-15,"Nr1oAL.--Besdes The many other epjoyments which
make city the centre Of attraction, please to
tcarn that the Academy Of Music has been taken for
short the purpose Of giving series Of promenade
concerts. These will be delightful 'sunons, and
satisfied will amply repay the enterprsng managers for
the hocraay shey will exhibit IN bringing within the
reach Of the millions oil the charms which full and well


srshalled orchestra produce. We may anticipate
ths great enjoyment within short time, as learn al
-She preliminary arrangements perfected Aftsr the
promenade season, understand Thabeg inauguraies
the opera campaign with the yourg and beautiful Fezzo
iini whose voice has charmed the parisisus and thrown
thoir ncghbors at the other side Of the chaanel into
.2aroxysm OF enthusiasm",,The New York herald. [volume] (New York [N.Y.]) 1840-1920
1857-04-02,"Consumpvs Rbeumstc Costvs Bilious aud Dalicste after
some days win and strength rervsd.
every organ 81 their frames Every dose the
purer The nerves commence IN the
IN ths yeius rhsss pills. As fTst effect upon
terial blood Increasing the circulation which impu
are the veins. and they throw OH such cosc-
lions into the bowels which organ by the energy
nrst nsed the pills may occasion gripping
feel worse this must be borne with for
come afterwards No great good achieved without
some trouble In It's attainment and this sppes the
fecoVery OF health These symptoms only
body has long strosgled under load Of impure
hauors consecutive use for few days satisfy the


oet nnbeisvins Of the great pills doing The


should be carefully studied Understood and
cured BY the use Of kRANDRETH'S Pulls.


SOLD ct Is cents per box At - Canal street. Brsadreth
Building, New York; By 7. W. Dyott d Sons, north
Second street. Phii.dsph. and By medicine
ally. = nov 1s-,f","DBrnndre,n,s rrIIs.-Tbs weak.","Evening star. [volume] (Washington, D.C.) 1854-1972"
1857-12-11,"VIII you allow me little space TO correct some
impressions made by the publication of the above
accident in your paper Of yesterday thought from
reading that Col Jones severely and dangerously
injured, which am happy 10 say is not the II is
LETT 10 be inferred tina. the Ocean Wave be found
she barely saved from sinking by shifting freight
the other side o the boataDd there she IL efand
the Long Branch barely able 10 Capt Parker OF
the Ocean Wave informs that after the accident
Cured person being injured the requested
him TO return 10 Thompson's Highland Dock, which he
did-the Long Branch being already there-and went
from there 20 Oceanport He also learned that there
nobody injured on board the Long Branch He also
Col Jones actively engaged with others upon the dock,
apparently well He says they about
abreast the Horse shoe when the collision took place
bow the "" crash of the boats they together'
could have been heard the Telegraph staon very
remarkable, the distance between them not less
than ~, miles and the surf continually roaring tho
very door 81 the station. There fog bell ringing
the Wave neither any heard board OF her. II


there had been heard the accident might have boon
avoided rs not customary for these boats 10 ring their
bells in a fog when far inside Of Sandy Hook They
and feel the necessity Of doing future The Ocean
Wave came 10 New York the fog dispersed
and the tide them water enough 10 out she has
los, her trip by IT, she up Wednesday night
and returned her hour yesterday and will continue her
regular trips. The long Branch may require day or
two 10 repair, when she will be again on her route","The Collision Between the Ocean Wave ant


Long Branch.",The New York herald. [volume] (New York [N.Y.]) 1840-1920
1857-03-11,"NEO. L. CANNON,


VI Successor 10 the Rippowsp, Company,


Having taken the store No 100 Broadway. Canal
street formerly occupied by Tho kippowan Company and
purchased their stocs OF goois and patterns invites the
non Of bis friends and the public % his assortment Of
warming aud yenulaung apparatus which III second
ether establishment In he country We have In omoioy
but FIRST class mehsncs every department. and
customers depend that oil work entrusted 10 will Do
attended 10 with prompnes and despatch in The best poss
bic and nj satisfactory prices Estimates and
made Ter and veniAtpg buildings NJ short NOTICE
and ree of charge We have the exclusive right Of SAFE of
Bolton YAle's caoric furnace, Hayes patent ubula-
elevated oven cooking and heating range, CAMPS patent
chimney and yentator republic and national cooking
together with general assortment 81 goods Of tbs
best quAlAy for warming and venulsting buildings.","GEo. L. CANNON,",The New York herald. [volume] (New York [N.Y.]) 1840-1920
1857-01-27,"BROADWAY THzArRs The Bavel roups, managed BY
Gabriel and Frsncois commenced engagement ct the
Broadway last night and greeted with crowded
house. The Performance included . ballet, ""Bslla Ia
Psquerette,"" In which Mile Yrca Mahias Vas the pre-
msve doweis; groupings BY the hartaett family and
the pantomlme ""Moas,"" whisn Gabriel and Francois
performed the principal role. rhs entertainment aid mot
differ any material respect from those usually given By
these artists and which have been ofte een by the
public, and yet iresh, No performers
have the same aolity In amusing their audience the
Ravsh, and performers put much money In the
pockets Of the manager. Atths Broadway they VIII a.
,srnaie with Mr.. Forrest, and viii doubtless have long
and suooessul engagement rher psocs exceedingly
we'll done In every respect and time has In way d..
mrshed the hold Of the principal performers upon the
affections Of the public.",,The New York herald. [volume] (New York [N.Y.]) 1840-1920
1857-01-27,".PERnoUs VOYAGE OF THE BLACK WAR
JsUCCKssIoN OF THRRIBLE GALES ON THE PASSAGE
: From HAVANA TO NEW YORK-FUEL EXHAUSTED
-THz FURNITURE, BERrHs, sr0., USED FOR PRE-
W0OD-oBLIGHD TO PUT INTO aAMPTON ROADS


SUPPLY OF FUEL 0BrAINED-PAssAGE FROM TIE
CH1SAPHAKE TO kBws YOsK-MEETINa OF. THE
PAeeENG8RS ON B0ARD--c0NDITION OF THE YES.
BEL, ETC, ETC., ETC.


The United States mail Black Warrior, Captain
~. W. Smith, which arrived o. tots port yesterday morn
ing nom New Orleans experienced succession Of very
severe gales during her passage from Havana In con-
sequence Of the stormy weather she was detained week
beyond the usual time, and arrived in very battered
condition from her contes. witt the elements


:, Tho Black Warrior LETT New Orleans the 11h inst,
land reached Havana the l4th where she remained
1un the following day On the following morning, the
weather being mild usual for that latitude, she


Started for New York On the fourth day Of the passage,
when about forty mies 70 the nortnward OF Cape Hat
ioesas the wind, which had beu favorable, freshened
consderably, and about four O'Clock on the morning
Of the 10Th n blew terrific gale, accompanied
with bhndiDg shower OF sees and snow, which render
cd objects at the distance OF few yards Invisible
Never did ship, according the accounts Of those ON
board acquit herself better then di the Back Warrior
n this fearful storm The way she rode through IL In
spiFed them with the greaust confidence In her sea
qualities and the result proved that sneir faith In her

the gale had apparently reached its height-the fore
: tepsan yard came down oy the run, and hung
suspended BY the rigging tae side Of the vessel
This though not very serious n;erfered somewhat with
The working Of the ship and 1t was found necessary to
cut II loose immediately. number of mon
!, wore accordingly set to work, and In q few
minutes was detached from the rigging and
drifted or the Az this time tho
deck was covered with and seet and the mssts
stUs
phsre, was covered with 3 coating Of ice Even the
clothes OF the sailors frozen sn wherever tho
spray had drenched them. sooh Was the fury Of the
gale that Il with difculty the men retained their
footing the deck, and II WAS almost imp,ssole to
face the driving slset and Daring tns trying time


The passengers, among whom there were several ladies'
preserved thsk ooonsss AMI sep,sesson and 20 fAr


- external appearance may DO r~tsrdet snere was mo
undcatonIon the oounensnoe 1.-the dangerous position in
fvnich they were placed. Al times seemed ~ the
vessel would capsse, the foroe of the gale
chat IL held her her ride that the yards almost
touched the water She sha5, however, been kept
out Of the trough Of the ses and win the exception Of


the oss Of her foretopss yard had susned no damage
About twelve O'Clock OF the day the fuel began B.
give out and IL found Impossible raise sufncien
sasam 70 keep her under headwsy Up this sie not
withstandng The gale, might bs called smooth sailing


In comparison with the difficulties they mad Afterwards
70 o0ntend egelnst Inc nave ssui poxsu
give out and the oesoSrg unmAnAgesoe fell into
tAs trough Of the Il under similar circum.
stances that the San Francisco lost but the Black
Warrior proved herself equal to the psrous position In
which abe placed, and, and like tsiog oflfe bat
lied with the fury Of boh wind aud waves and came
successfully out Of the cones, though, IS viii be seen,
v somswhas the worse from the onooautsr


10 keep her head 10 the SEA- the captain had OF the
yards all the iron grats bars that could be found 10 the
chip, and OF the caauou hed TO some spars, with


he In The CENTRE and threw them the side


f the vessel, from the sarbosrd gaugway having hrst
attached them ten inch hAwser, which was passed
shrough the foremost chock TITS oontrivance, was
thought, BY acting - sor. Of drag upon the ship,
would efeot the object In vew-that N. II would keep
hoe head 10 the sea. II however proved incnectuai,
md the ship SIN remained In her dangerous position All
shs sails which they had at nov set, but TOO prov
ID o no avail and had hardy spread 70 the wind
when Il torn 70 pieoes and blown oesr from ths
bok ropes. All NE sail they had len CONSISTED Of
tsrpaun, which ashsd to the nlssn rigging for the
purpose Il bringing the possible TO wind ward
but also carried OF by the gale Determined totry
again, The next Isshsd two sail the mzsn
rigging. These, however, shared the same fate rhey
NV thaa wss utterly Impossible Win ihs means IN
ths power 70 do anything sad The ship becoming


ntrsy uunanaxesble lay In the trough Of the She
shippsd or two waves which carried away her pad
de bsxs and closets; but tbs hull remJaeA unnjured,
! although twenty four hours exposed 10 the storm.


rAs next day ss twelve O'Clock the gale uoderat-
Cd for . few houys; but Vas only for,
few hours. Amer this brief respite the wind
changed TO ths northwest, and In . short time
bsw with - much violence ever This gale was also
accompanied with snow sad sest, which rendered all
work On The vessel exceedingly arduous and sometimes
dangross During this gale, which continued for wsa
ty-four hours hs remained In the trough NE
sea, but behaved well ever. On the 2lst about
-four O'Clock, became comparatively calm, and shsy
went 70 work to provide fuel for the purposs Of
getting up steam and makas 70 The asarsss port
Ths bulkhs ads were cut up NE main and missa Top
mas the sailors' and nrsnsns bsrshs and al The spa


we're converted mo nrewood. The Isdiss' saloon -
csped the axc, but would most probably have ben cut
up VOC reduced 70 The last extremity. Win this fuel
shsy succeeded In getting steam, and msss II for
Chssapeaks Day. Here however, they nss another and
vhas nearly proved insur mounsAbie obstacle. The
ios vhich was observed Ia immense folds al along
the ooast blocked up the and Is hardly pro-
bsble that they would have got In had not been
Cor the fortunate appearance OF propeller bound from
Chsxisston 70 Baltimore. This steamer took the Black
warrior in TOW and brought hsr 10 Hampton Roads
d, whore she came 10 anchor.


That night blew gale. and the steamship dragged
hsr spchs across the Roads place called the Rapds
where she ashore and iaV surrounded by thick ios
Ths uis, however, drifssd nor on again, vhsu mall
steamboat came sionsside and supplied her with sum
csnt fuel 70 get steam up and procssd V the wharf


Rsrs Shsy took In much ss they ooald get, which
barely proved enough 10 bring thsm - far . sandy
Hoek. Win III Oaps smith procssdsi 70 ssa but the
tcs vhisA seasr prsvsnssd them from getting Into the
Chssspsaks now presented barrier 70 then their way
OUT He obliged, account Of the great quantities


o. TO naks hi way vsvy slowly, and required au
h vigilance and prevent Ms vessel from being So
siousy damaged BY the imnsnss frozen masss which
he mss his way out Of the bay.


was II O'Clock saturday last when the Black war
riov lsft the Chesapeake. Daring the passage We","SUFFERING AT SEA.

Ne 1erilous Voyage Of the steamer
D. Black Warrior.

He Stuatien n the British Brg Princess


; Louisa.

Wrecks of the Ships Manlius and


Lord AshburtOn.

L OS s OF LIFE.
&C., &C.. 60.

PERMoUs VOYAGE OF THE BLACK WAR",The New York herald. [volume] (New York [N.Y.]) 1840-1920
1857-01-27,"Eotwthstandng the un navorsble accounts which have
been circulated in regard 10 the condition OF General
Walk and the forces under his command his cause Is
not desperate they vould havs believe. In fact


close Wow Of things they really exist Nicsragaa
are far from showing that 1t s utterly hopeless tAt
he has not . chance OF success. II may DO well !n
this section to bear mind faw important css
which we gather from private lettefA


The frat appearance of any Honduras troops that
OF six hundred under the comnSad of Iatruc and
these formed the force whish beaten by Captain
Waters while on his way to relieve General Hsnnagsen.
The Costa Rcaus are completely exhausted, end IL
will be long tme before they can bring another
body OF men into the neld they able 70 do
Nicaragua In the coAdiuon and Sas Salvador and
Guatemala very much weakened. The last twe are,
in fact, the only Central American stses thai can
tribute any moro In addition TO ali ths the sue
cessiu defence and indomtabe bravery Of aennugsen
has had great moral effect upon all the natives The
wonderful endurance and courage whch defence
hibited has inspired them win sautAsy dread Of the
Americans, and they afraid 10 meet foes whom
they consider ~ little less than invincisle. Tnsy
imagined at ono time that, with vastly superior forces
they should certainly crush him. but the result has
proved how much they wore mistaken In their
Impressions


Walker according the latest accounts was at Rivs
the slst Of December making Arrangements future
operations confident than Of suooess from
exhausted condition Of the allied forces The arrival OF
recru the expectation OF others, and the not thai
bis present foroe consists OF the best men, In physoa
point Of view-the others having suocumbed 70 the oil
mate or left the oountry-renders him reliant
his prospects. With such men he known what he oan
do because he has already tried them.


Then, again, the two parties in Nicaragua have
menoed their quarrsls among themselves. Believing
they had carried everything before them they revived
their old disputes and are torn BY their party div
siops. The con diion Of things the San Jan river
not considered Of any account and regarded - merely
delaying for time the transit Of passengers across the
Istbmus","DISASTER TO THE BRIG sACHEH.

LOSS OF THE SCHOONER STANDARD.

Additional fram Kicnrax~a.",The New York herald. [volume] (New York [N.Y.]) 1840-1920
1857-02-12,"Owing the late feshet ia the rivers there have
arrivals Of beef cattle lsst
sequ the city poorly soped
with beef cate the total number sake ali the yards
only mailing g5 head-some OF which said


left over from Lass weeks market The cattle sale Al


lerton's all very and really
there only two airs OF premium cattle which
held OF lac lake per h. The prizes pa1 Al
ALE aAc which sold at prse
were nferor- ordinary bullock brought high


l2c and TO, unfrequen.y high
TONERS only busted at ADertons yards all
about $50 bead which werc drowned In the AL
bsny-whlc waiting this cy-sn OF which
were Represented ~ being FIRST quality cattle would
made valuable acquisition 70 the offerings Aerton's
cattle having been sold At The latter holirs
owing chiefly the email supply, could obtain
prscc they choose supply
much the week while prices uuders me NJ
material change, perhaps nvoring sellers In degree
The ota receipts Tor The week All the yards",,The New York herald. [volume] (New York [N.Y.]) 1840-1920
1857-07-11,"FATAL AccrpBsr AT CHICAGO on THs FOURTH
The Chicago fress says-A most mel sncholy casualty
90 be cbronoled. rocket entered third story window
Clark street, and struck Mrs Sarah A. Smith in the
are Of the forehead entering about inches and from
eppearsnces exploding within the cavity OF the skull
att srng her In all directions and OF killing
her Instantly the presenting horrible and CHASTITY
SPECTACLE The unfortunate had just epere the
room 10 meet her husband, who 70 20 10 walk with
her Seeing him looking out from the window vita two
other persons she stepped softly 10 the group just then
Che expoeou took place and the rocket came Kissing
~ errsnd OF death. The 6rst knowledge that Mr. sm
had that his wife In the room seeing her when
ne turned lying ghssily and bleeding corpse The
0oor. The deceased twenty Elk years Of age, and
formerly fvm ROcbener, n. Y, and leaves two lRte
boys",,The New York herald. [volume] (New York [N.Y.]) 1840-1920
1857-01-01,"Az The close Of the year 1855 recorded stringent
money Market aud spectators In the stock market were
ioosing forward for relief 70 the opening year


similar state Of thires exists this moment AMI specu


laiors are looking forward as they ever do for i'm


prsvem.ni. Ia,, year closed with money active de-


msnd fully equs TO that Of the previous year January
last yesr opened without much change money continued
10 demand, and the importsrons rapidly increased.
Money gradually worked easier towards the oleec Of the
month, and the specie In the banks slowly In
creased stocks not benefited much by the little
let Up in the money market. February opened With
better supply of capital and the banks discounted more
freely, on larger specie The Increase In that
month vss about sq,cooeoo. The loans aso increased
TO about the ssme extent The imrcratiops were
very heavy, AID the sub Treasury rapidly socnna-",,The New York herald. [volume] (New York [N.Y.]) 1840-1920
1857-10-07,"HARPER 4 MITCHELL,
The Cloak Room connected with our new store
will Ice opened this day, and we take pleasure IN call
lng the attention Of our friends and purchasers gen
orally IT, eur We'll assorted stock The above goods
embracing all the novelties of the season. consisting
IN part of


EmbI oidered, trimmed, and plain L. ons Velvet


Cloaks and MATTHIAS
Super Black French and Beaver Cloths, plain and


fnll-trImmcd, IN every variety ofsyle
large ard full assortment of black and trey Cloth


Busters and Moumin. Cloaks. =


SHAWtS, SHAWLS. SHAWLS!
In Shawls We have rare and beautiful stock
Camels' Hair Shawls and Soarfs
Long and square Brucha purchased at the late large


auction sales in New York
stella III all colors with Cashmere and Chenille boz


ders


Long and square Bay State and Scotch Plaids
Black Cashmere with silk borders, for mourning.
eO6t",,"Evening star. [volume] (Washington, D.C.) 1854-1972"
1857-11-17,"Al half past O'Clock yesterday morning the Russian
steam corvette launched from tho yard OF Vim. II.
Webb, ESQ foot OF Sixth street. East River agrecably 10
previous announcement From four 10 yo thousand per
sons, including many ladies, present 10 witness the
launch, and number Of distinguished Russian officers and
gentlemen were 10 be In the assembage The launch
every thing that could be desired either by build
Of the vessel the Russian officer who superncnded
her construction Captain Alexander Crown She u very
light and buoyant in the water and made favorable i'm.
precision all who her yesterday Her dimensions


follows Length IA feet beam 35 feet depth of hold
~ feet and about 400 burhcn She double decks
and the hull has been built OF the best materials and n
thoroughly fastened with copper bolts in the strongest
she has two oSclltng engines, with cylinders
sixty inches in diameter and eight feet stroke OF piston
and 300 horse Her propeller has three hangcs


made wholly of gun metal and beautiful specimen of
workmanship was IN It's place before she was launched
some other portions Of her machinery. The
vcttc will be finished early next spring. and will sail for
the Aoor river direct where she will probably arrive by
the time navigation Is open in that quarter Capt Crown
who mentioned above having superintended the
OF this vessel has been constantly attendance
since her keel was laid and has inspected every piece Of
timber IN her hull That she will prove of the best
and most substantial vessels anoat we have doubt


After the launch number OF invited guests repaired IN


room IN which abundance Of good things for the inner
bad been prepared for them and 10 which they did
ample justice. table was also spread IN Mr. Webb's
large moulding room, al which the workmen employed In
his yard enjoyed themscives during which cheers were
given for the emperor Of Russia and hm government -
for ""taptan Crown and for ""Mr webb.v While respond
ing 70 some remarks which were made Mr. Webb inform
ed them that be had been requested by Capt Crown 10
state that on their next pay day Of money would be


presented on the part CT the Russian government 10 each
mechanic who had worked on the ship which han Just
been launched. This announcement received with
adjourned ~ attend 10 their various vacations, highly
pleased with their mornings lsbors",The Launch OF the Russian Corvette.,The New York herald. [volume] (New York [N.Y.]) 1840-1920
1857-08-26,"The ATLANTIC TELEGRAPH-The arrival of
the telegraph feet oil the shores of New Found
land will now be hourly looked for with eager
anxiety to learn the fate of this great enterprise
The lines of telegraph will be kept open day and
night hereafter, fol- the purpose of announcin.
the earliest possible tidngs of the arrival of the
telegraph squadron at Trinity Bay.


The New York Tribune doubts the accuracy of
the statement that thu Geographic fleet was seen
from the City of Edinbur2 steamer, about eOO
miles from the Irish Coast, and learns from the
captain, that, although the matter was talked
about on board, there was no satisfactory identi
fcation of the vessel seen.",,"Evening star. [volume] (Washington, D.C.) 1854-1972"
1857-11-30,"MATTHIAS BRAKFfEY.


The peoples candidates endorsed by Amescans repubi
and democrats.


large and enthusiastic meeting Of the people irrespective
OF party assembled on saturday evening the Eighteenth
ward 20 nominate n candidate for Alderman Mr.. r. a..
Churchill called 20 the chair The following preamble
and resolution presented and adopted unanisn0usly
whereas the present iisOdered and condition ~
municipal affairs and the lamentable which
city al present suffering, call upon good citizens 70
disregard The ties of party and unite In the support Of good
and wue men 70 administer city government Therefore
Resolved That recommend 10 the sctlyeus ~ Egh-
teenth ward irrespective ~ party politics. Daniel w. Tie
for Mayor, and Matthias lsrrkeley Alderman
every way worthy a their support


During The evening enthusiastic speeches made
In which Mr. Jacob VI Valentine denounced for attempt
ing 70 divide the republican party by accepting irregular
and bogus nomination, thus nstfyng the suspicion among
his old friends that he In the OF Fernando Wood
suspicion strengthened by the fact that Mr. Valentine az
Alderman, dOdged voting upon the Iowber claim and
thus made himself responsible for settling this swnde upon
the city. The tar payers irrespective 81 party were called
upon rally % the support of Mr. Brakeey the regular nom
nee IN opposition 70 Wood Valentine bribery and corrup
ton Many republicans and AMERICANS
present jealous carrying on, The objects Of the meet","1fTH ALDERMAN1C DrsTRrcT-EIGHTEENTII
TIM PEOPLE IN COUNCIL


For Mayor
DANIs y. TfENANN


EprA",The New York herald. [volume] (New York [N.Y.]) 1840-1920
1857-11-16,"THE LATEST SUsPESsIoS.-We were some
what amused with the operations of three
youngsters, two Of whom were trading for mar
bles. Jern had offered Tom six pence for bis bag
OF white alleys and striped taws. and Tom, after
some chafering, had consented 10 trade But
the operation must be a cash one money down
and no credit. This was eventually conceded
a. the basis Of the bargain, and Jem held out
his hand for the marbles.


""Money first, "" said Tom


''Msrble. frs"" said Jem.


""D'ys think / mean to cheat ye, say"" ex.
claimed Tom, Indignantly.


Don't know"" replied Jem ''ticklish times
these don't know who to trust, nor for how
long, now a days ;""


We'll, then"" said Tom, ""theres Sam, there
You give him your money, and I'll give him
my bag of marbles""


Agreed"" said Jem; and the deposits were
made.


Now hand over"" said both the traders; bu,
Sam, PocketinS both money and marbles, took
to his heels. There was ""a run"" on that bank
sure.",,"Evening star. [volume] (Washington, D.C.) 1854-1972"
1857-12-17,"II isssd 70 the public 4 :: !hs Ss.t: mos.
Esa Tfeoi Pi i9,ss0f ss sss
been prepared with the utmost skill which the med-
cal profession of this age and their effects
nation Of mediclnes hitherto known. Other prepa-
ratlons do more or less good but this cures such
yond any thing which Ren have known before. BY
stimulating them into heal thy action they renovate
the fountains of life and vIgor,-health courses
again. They are adapted to disease, and disease
only. for when taken by one IN health they produce
It is antsgonistic to disease, and no more Tender
children may take them with impunity. If they are
slek they Will cure them If they are well they will


Give them to some patient who has been pros
tering form Strengthen with strength again zee his
ong-lost appetit return: see his cammy features
whose foul blood has burst out in scroua till his
skin is covered With sor,s; who stands or sits OF
out with every potion which ingenuity could sug-
gest: Give him these PILLS; and mark, the effect
skin that has grown under them; see the late leper
that is clean. Give them to hum whose angry
humOrs have p anted rheumatism in his Joints and
bones; move him. and he screeches with pains he
too has been soaked through every muscle of his
PILLS to purify his blood; they may not HIM,
for, alas !. there are cases which no mortal power
and now he walks alone; they have cured him.
Give them to the lean, sour haggard dyspeptic,





smile from hs face and every muscle from his body.
See his appetite return, and with it his heaith see
the new man. See her that was radiant with health
and loneliness asted and too early whitening away:
want of exercise or mental anguish, some lurking
disease, has deranged the internal organs Of dVes-
ton assimilation secretion. till thew do Their Office
a.. Her blood is vitated, her health Is gone. GIVE
her these PILLS to stimulate the vital principle into
renewed vIgor, TO cast out the Instructions and
fuse new vitality into tho blood. Now look again
the roses blossom on her cheek, and where lately
sorrow sat- JOY bursts from every feature. See the
sweet infant wasted with worms. Its wan, sckly
features tel without disguIse and painfully dis
tlnct that they eating Its life away. Its punched
up nose and cars, and restless seepings, tell the
dreadful truth In language which every mother
knows Give II the PILLS in large doses to sweep
these vile parasites from the body. Now turn again
and s9e the ruddy bloom of childhood. Is IL nothing
to do these things Nay, thew not the marvel Of
this age: And yet they are done AROUND you every
day.


Have you the less serious symptoms Of hose dis
tenpers they are the easier cured. JaundIce, Cos
tIveness, Headache, Sideache, Heartburn. Foul
stomach. Nausea, Pain in the Bowels, Flatulency,
Loss OF Appetite, Kings Evil, Neuralgia, Cont, and
kindred COMPLAINTS all arise from the arrangements
which these PILLS rapidly cure. Take them perse-
verngly, and under the counsel of good Physician
If you can; if not, take them judiciously by such
advice rs we give you and the distressing, danger-
ons diseases they cure, which afnct many mil
lions of the human cast out like the devils
oil od.they must burTow In the brutes and in the
sea- Price p cents per box-5 boxes for 81.


IL. ID. I'll Imam, Washington; and by II. COOK
CO., Alexandria, and all dealers In Medicine
every where. de-.m",,"Evening star. [volume] (Washington, D.C.) 1854-1972"
1857-01-02,"1.-THE LAKES.
HAVE BROUGHT You THE MOST Elk
II quisite, unique and recherche articles elabo-
rated with the most artistique taste fre
the most rare and valuable which every contI-
nent and cline can yield. Yea, Coral Shells
and Pearls frcm Neptune's briny deep; Diamonds
and Mineral Gems dslved from the gnomy bowels
OF the earth Flersl and vegets bile prOaucts dis
titled from heavenly dews In forest and field
nymnn and fairy offerings at the Promethean
shrine Of Science ana Art


In short THE LAKES have culled the choicest
FANCY 6OODS which the genius OF every land
could be-tow upon The products Of every other.
they have brought them here 10 Washington
a. d OPP asd their


BAZAAR


""a Museum in itself)


At No sol Pennsylvania aet1st,
Where they are open for inspection. Ii Ii worth
q drive or q walk from Georgetown or Alexandria
TO examine, and offers unparalleled Inducements
to purchase


Their facilities for importing Trans Atlantic
GOODS enables them 10 retail at what many Will
pay al wholesale CALL AND sRR.


Fancy Goods, Portemonnaies Catas Toys and
rerfumery, wholesale and retail. dec 81",1.-THE LAKESn,"Evening star. [volume] (Washington, D.C.) 1854-1972"
1857-07-25,"81. LOUIS July 23, 1857.


The Salt Lake mail, with dates to the I'd nst arrived
q. Leavenworth on the 10th. The Territory was In q
peacesbie condition, and general prosperity prevailed
Rumors Of the expedition lifting out by the governmen,
had reached Utah, but attracted little attention The emil
grant trains were progressing rapidly Grass sbun-
dant on the Plains. The Indians friendly Public
charges OF official dishonesty had been made against Sur
vey General Burr and the statements of his as
sistmts published accusing him of reporting the
gove nmen and pocketng the money when work had
never been done; OF Withholding the Fay Of bis assistants
and approprating 10 hmsa and Of neglecung 10 mark
the surveys and then reporting the United States gov
erpmeG that the posts had been removed by the Norons
together With other serious misdemeanors.",News from Great Salt Lake.,The New York herald. [volume] (New York [N.Y.]) 1840-1920
1857-01-06,"FURS!-FURS.!-FU
yENODD CO, UNDER BROWNS HOTEL,
H. beg leave to announce the arrival from Lon
don and Paris Of their splendid collection OF
RICB FURS, made In the most fashionable
styles from seasoned Soft dressed Skins They
would invite particular attention to their eeg ant
and much admired


MANTILLA TALMAS,


PELLERINE VAN DYKES,
VICTORINE ES, with Mufs and Cuffs to match,
of HUDSON BAY SABLE,


MINK, STONE MARTIN,
SIBERIAN AND RUSSIA SQUIRREL,


LONDON LUSTRED,


BLACK LYNX,


and ERMINE;
RICH FUR TRIMMING,


for Cloth and Velvet Cloaks;
SWANSDOWN TRIMMING;
ELEGANT SIBERIAN SQUIRREL ROBES,
for Cloak Innings, or cut for Trimming;
Gentlemen's TRAVELLING MUFFLERS,


Of Beaver, Otter, Nutria, and Sea Fur;
CARRIAGE ROBES,


Of Bear, Fex, and Buffalo Skins.
TODD Il CO for the past twenty five years
have devoted much attention to this branch Of
their trade, purchasing exclusively for cash, sell
ing at moderate prices, and by adhering to their
determination to deat IN article that would not
bear the strictest scrutiny, they have secured
large and increasing trade from all parts OF the
country.


Purchasers are invited to visit their establish
ment and examine the most extensive STOCK
OF FURS south Of New York. oc31-3t&eotf",,"Evening star. [volume] (Washington, D.C.) 1854-1972"
1857-02-26,"GAR DEN AND FLOWER SEED.
EOnN SAUL RESPECTFULLY INVITES
- The attention Of Gardeners to his extensive
stock OF GARDEN and FLOWER SEEDS,
consisting In part CT Early York, Large York
Drnmhead, + lat Dutch, London Market Early
Bsttessea. ard othe fine Cabbages Early short.
top Radish, extra early Peas, Round Purple Egg
Plant, with every other vegetable and herb In the
trade.


FLOWER SEEDS-An extensive collection OF
the most choice and rare varieties which are pul
In collections, and can be sent any distance by
mail


Being practical Horticulturalist and person.
ally acquainted with the grower, OF these seeds,
he can warrant all CT erst quality, fresh, genuir
and correct to name


Seed Store, 800 Seventh st., corner street.


feb 26-eo6t&",GARDEN AND FLOWER SEED.,"Evening star. [volume] (Washington, D.C.) 1854-1972"
1857-06-20,"NEW YoRK, June Is, 1857.
ID he account OF the charters and liberties OF the City
I"" LONDON published In Sundays HERALD. the writer
missed point That bears on the of the city Of New
ie'k 10 io' When The late Sir Robert Pees new 20.
lice bill came into FORCE the eovernnar, ovoroopod
sutinR The city authorities The day the men came ON
duty the Lord Mayor issued proclamation warning them
NOV 70 put ioe' wnn the Guy bounds The city kept 10
months before was settled the government having 10
back down, and there u still difference in the uniform
OF the city and the outsiders The writer OF this has fre
quenty persons for the city bounds, get inside
Temple Bar turn round and laugh at the ocer aud wak
OF and obnoxious the ""peelers las the officers
were calcd) that the people generally aided escape


b.. W","Municipal Rights In England.
TO THE EDITOR OF THE HERALD.",The New York herald. [volume] (New York [N.Y.]) 1840-1920
1857-07-08,"81 IouH, July 8, 1857.
Al the Democratic Congressional Convention ai Lecomp
ton Kansas resolution 10 the eacc, that the democracy
will ADOPT the constitution TO be framed by the Cousu
Honal Converuos whether that constitution be sub niies
to the people not, loo, by vote or forty TO


~ IoJH, July Z, 1857.
An unpublished letter in the Republican says the demo
convention which met al Iecompton on the 3D. vas
composed Of majority OF prosisvery men bat that the
whole democratic party will support Walkers inaugural
and the submission of the constitution 70 the people Rcso
luticns were psssed excluding all sectional distinctions
adopting the Cincinnati PLATFORM and assuming that the
name, ""Ns,iona Democracy Of Ksnsas,"" embraced all
democrats whether from the North the South Cover
nor walker invited 10 address the convention which
he did with great effect kansoms election Ia regarded
certain.


later advices from, Ieavenworth state that General
Harvey ocreds the reported battle between the Indians
and the COPS under Colonel summers commsnd.",Interesting News from Kansas.,The New York herald. [volume] (New York [N.Y.]) 1840-1920
1857-11-20,"Yesterday morning. shortly after II O'Clock the United
states steam cutter Hsrre, Lane $50 named
compliment Ia the Of President Buchansn) VIZ
launched from the ship yard Of VIM Webb, Esq foo<
OF Sixth street, Fast The launch have tkos
place al fifteen minutes before IL o'clock but eonso
qucnce Of the heavy southeast wind which prevailed dsr
ing the morning having caused the tide run up longer
than was expected delayed for forty minutes For
some time previous 10 the hour appointed for tho launch
people began 10 assemble in the yard and thu
grounds and docks and vessels and by the she len
her ways every available position occupied spec
tsor anxousy awaiting to her reception the
Of her future home In addition unusual
number OF ladies' being present. noticed several
Cheers Of the navy and revenue service also the Coec
tor Of the Port, Augustus srheil, Esq tho Surveyor
Naval Onicer; Capt Alexander Crown, of the Russian
Navy, and several other Russian officers Of Distinction
~ho~e names did not learn


The meie ~ the Harriet Iane h fauicss and showed
10 perfection when out IN the stream She $50 feet
length 20 feet beam, and has ~ feet inches depth of
on board will consist Of ave guns each side addition
gnes forty two inch cylinders and sevon foot stroke
which 10 be furnished by the Aaire works "" which
place she was to~ed Immediately after being launched


The Harriet lane intended 10 be used FOR the purpose
~ relieving vessels In distress the coast during
winter months, and for harbor requirements and when
the time arrives for her be called requis
tion, the public will then find that the government in
choosing the model proposed by Mr.. Webb will have
vessel inferior ~ none in speed Of this port and one
N every respect adapted to all the purposes for which
she was designed.",,The New York herald. [volume] (New York [N.Y.]) 1840-1920
1857-11-20,"The financial crisis at the Opera made quite excite
men in fashionable circles yesterday, and good many
people seemed aroused to the necessity of making grand
rally to he support Of the managers The uai,,s which
commenced at O'Clock, where every one who paid


fifty cents entitled the seats he or she could
get, gave an opportunity for the working OF of this
element and early twelve O'Clock large numbers
of Ladies under way from the aponca districts
towards Irving place. There pretty stir breeze
blowing and of the ladies who great deal
OF sail without corresponding ballast had hard work 70
weather around the o Fourteenth street and Irving
place Ono OF tho most voilnnous of les crosnes was
brought up all standing under the statue of the Father a
his Country, and Obliged 10 be owed or by deputa
ton Of sympaihising friends Several of the children,
poor little things who had hoops and short dresses
carried half block without touching the ground at ALL
WAS another touching instance OF the perils OF
imitation.


At the Academy there a great rush for tickets
before the doors were opened, and extra ONCE
arranged 10 receive the half dollars the tips OF The
most delicate fingers enclosed In the preest gloves
The audience included at least two thousand and
at least four Gftha OF that number were ladies' and
children. And fine show they made of il, in
their pretty morning and promenade costumes, their
eyes sparkling, and their cheeks glowing with tho
excitement VI their light with old Boreas Broadway
and Union square The children laughed distrcsses
OF the lovely prms DONNA the msfortunes OF tho poor
tenor, and the rascaitcs OF the vanous baritone The
ladies criticised the opera after their fashion-ai
agreeing that the Trovatore"" delicious opera-&haS
In Grange was nice singer, and the was oh
good looking and had such voice And aerce war q
words carried between bellies as to the rela
tive merits OF this Fiorcntne and those OF the Angud
NespoltAn who now reposng IN the orange groves q
the Havana famed by southern zephyrs and Cuban
ritas.


The ladies were dressed in the most superb Vag
Tho troubles OF Wall street and the signs OF Tomp-
kins square evidently affected them nok While
dry goods and the Opera cheap, what should
hey care FOR pancs and crsesy They divided


ion between the Opera--ome inaudibe criticism on each
tthers drcsses-a bit OF scandal and thon and
conal glance nj the ornamental young who fringcd
The parquet and ioitered the Hobbies They all agreed
be leFA NJ tapta nut


The matinee really great SUGGESTIVE money rc-
ceips being something those the regular night
performances. We have given the ladies' criticism upon
The Opera-ours Is already on record. II admirably
sung by Ia Grange, DAngri and Bignard.


The crisis nj the Opera same ""a when NO
wrote yesterday. number Of tho artists however VIE
probably sccept the reduction, and the orchestra
yided y the argument Of these philosophers that
their pay once reduced they will able TO get t
back 10 the old standard This absurd Thor services
regulated by the rules that govern every mar.
ketable eommodity-they viii always command a prics
according 10 the supply hand and the Just
now the supply large, and the demand particularly
lively. They cannot depend upon the balls this winter,
because there will be nothing but calico partos whore
there viii be nothing IN Jrc expensive than amateur
pianist who plays for nohingand eats his supper
instrument between two watzesfor the sake ~ practice
The managers are strongly advised 10 withdraw their pro-
positions and close for time. Such would bring
all hands To their


Dor TO night-pcrhaTs the last Of the scason-tho
nafnbula"" "" announced, and sunday the last grand
oratora performance the events Irving
have made considerable excitement In musical circles,
there will probably be first rate house night Tho
representation will certainly be worth one.","The Opera Matince-Grand Rush OF Crinoline


70 Irving Place.",The New York herald. [volume] (New York [N.Y.]) 1840-1920
1857-06-03,"LNRANC1S NASH. AUOTIONEER.-SALE OF SPLENDID
Partisan furniture the residence I'd West Fourteenth
y Nash will sell THURSDAY June 10s O'clock
at the above house. the costly and magnificent irnure
OF description offered auction this the sale OF
which will be absolute 10 the highest BIDDER deposit
CURED purchasers the delivery Of the gods
which must be removed Immediately from the premises.
Ise furniture conisis part of-spendd rosewood piano
stool cover; large and elegant pier and mantel
mirrors rich Administer and Aubusson carpets full suits OF
rosewood paror furniture Of the elegant description two
embrodered brccade pieces each one in crimson and
one In hair cloth, elegant rosewood esgeres French mir
ror fronts and backs viii marble tops; brocade and


se curtains elegant rosewood centre and pier tables,
with mosaic and ss'aary tops rosewood reception
French escritores aud music cabinets marble tops
marble clocks mounted In orDolu; elegant Etrscau and
Dresden with beautiful collection OF oil paintings, in
Guiding and valuable subjects worthy OF special
attention, elegant chandeliers and futures brDnzes sta
tury and unique psror ornaments OF every description.
Dining and chamber furniure-Superby carved
wool and mahogany bea istesds marbeop Wristbands and
commodes MATCH rosewood dressing bureau, lined with
wood elegant mahogany extension table, ivory aud
cutlery china dining do crystal cut 10
match, OF every description; rich silver marble top
aide boards library and secretary book cases large and ee


giant hair mattresses beds aud bedding china snd Dresden
toilet seat and French chairs with ars variety
OF elegant MAHOGANY furniture OF every Description All Of
which the best order having been used but short fime
and may be relied bet g of the best description Stages
pass within few doors OF the house. No posiponemen ON
any account","L,RANCIs NASH. AUcTIoNEER.-sALEo OF SPLENDID",The New York herald. [volume] (New York [N.Y.]) 1840-1920
1857-01-15,"TODD co, UNDER BROWNS HOTEL
a beg leave TO announce the arrival from Lon
don and Paris Of their splendid collection OF
RlCh FURS, made in the most fashionable
styles from seasoned Soft-dressed Skins They
would invite particular attention to their elegan,
and much ad mired


MANTILLA TALMAS,


PEkLERINE VAN DYKES,
VICTORlNES, with Muffs and Cuffs to match
Of HUDSON BAY SABLE,


MINK, STONE MARTIN,
FITCH & MOUNTAIN MARTIN,


SIBERIAN AND RUSSIA SQUIRREL,


LONDON LUSTRED,


and ERMINE;
RICH FUR TRIMMING,


for Cloth and Velvet Cloaks;
SWANSDOWN TRIMMING;
ELEGANT SIBERIAN SO UIRREL ROBES,
for Cloak Linings, or cut for Trimming;
Ladies' and Geutemen's FUR GAUNTLETS;
Genuemen's TRAVELLING MUFFLERS,


Of Beaver Otter, Nutria and Seal Fur;
CARRIAGE ROBES,


Of Bear, Fox, and Buffalo Skins.
TODD & co for the past twenty-five years
have devoted much attention to this branch of
their trade, purchasing exclusively for cash. SELL
ing at modera prices, and by adhering to their
determination 10 deal in article that would not
bear the strictest scrutiny, they have secured a
large and increasing trade from all parts OF tie
country.


Purchasers are invited TO visit their establish
ment and examine the most extensive STOCK
OF FURS south Of New York. oc 81 -3t& eotf",OBSERVATION-DISCLOSURES,"Evening star. [volume] (Washington, D.C.) 1854-1972"
1857-08-10,"Ropes were already prepared; the crowd yusned into
sbe ja,I and in moment returned with pom BAYS and


uarIes each cd by rope around his neck Inc people
started for Main street full the prisoners oo nng
10 ave their lives as long possible On reecning MAIN
street they rushed down. stl dragging Tue prisoners
sfssr them until they arrived tree with an overnang


ting branch about four squares IRON the hsyors omcc
and in full view of the business and mary o. ne rosoe''
portions Of the town. -, u,,, q.


Judge Iara forced his way through the crowd unu ne
reaohed Qusles, who nlrt ady nearly dead Win e


Shave ron any friends for whom you wish 70 leave
massage 2"" he Asked. -.


me rope was already 70 tight that ousrles eyee were
starting from their socket bat he gaspet out nave
wife and three children, Who live in New York -


He wac too late. The people were determined that A.
iesst one criminal should be punished without judicial or
executive Interference. He finished the sentence
and In second bis body was dangling in tho air. HIS
hands were not ted and he succeeded in rssohlng The
rope above his head, and raising himself for moment
But there was wrench iron the crowd ., the her cad
some siout rufsn sprung up and caught him by the feet


throwing the whole warht Of his body upor him, and
Quarles' nerves strrfgei again This al ten minutes
past for N. IN few minutes his corpse was chi
down. Qusrles native Of the Pickens district, Mouth
Carolina. lie ""si tSout thirty years old. HIS body",,The New York herald. [volume] (New York [N.Y.]) 1840-1920
1857-12-22,"RocircTZg, Dec. q, 1857.


Our city yesterday morning thrown into state OF
great excitement by the discovery Of the manged,
dcred body VI Charles II. Little. lawyer Of this city in
the Gcncsce river few rods below the Falls From the
pools Of blood and other evidences OF struggles the
derers easily traced from the place Of the fatal
dc, TO the ver whore they attempted 10 conceal the evil
dcnces OF their crime by sinking the body OF their victim
The water being shallow the body did not loat away
from the shore, and found a, about seven
O'Clock yesterday Sunday morning. The body
immediately taken 10 the police Office
and arrests made Of bis WIFE her brother and several
other Of hs relatives From tho evidence appears that


Little and hts wife did live happily together and that
separation took place about year ago but for the past
month or two they had lived together again On the
ground where discovered blood and other evidences
conflict, found piece OF vciorine correspond
ing with by Mrs Little, rosetie matching one
found in her possession and comb, pair Of spestaces
said TO belong her brother, Ira Stout, a young man
aged about . years aud the OF ar said 10 have
been taken from the Office where Little was employed
Mrs Little cft wrist and her brothers le arm were
found 10 be broken showing that they had been engaged
In some extraordinary conflict. The evidence 80 Ear
seems strongly against the wife Of the murdered and
her brother Ira stout The examination through
all yesterday and adjourned from twelve O'Clock last
nigh, TIL nine O'Clock this morning The evidence taken
yesterday occupies SIX columns Of the Democrat OF this",Horrible Murder I'm Rochester.,The New York herald. [volume] (New York [N.Y.]) 1840-1920
1857-11-23,"From The Shcramento Age, oct 10


AZ tho order their leader and prophet they
ter Is COO men armed with the most effective instruments
81 destruction. They have many thousands N the
finest horses trained 20 camp service They have
dry where cannon and shells cast powder mill and
factory, where revolving rifles and pistols
featured, equal ~ those made AT Hartford They have
every munitiun az and necessary provisions and
M aOs Of transportation within themselves, and the
wtmen and children are instructed In the Of arms.
Add 20 this their geographical position To reach salt
lake from the Fast h necessary ~ pass through canon
81 twenty Eve miles, under hills steep rocky that
dozen men could hurl down avalanche a stones on
approaching caravan and IN The Of several
thousand troors reaching The valley, the bescged with
thei herds would take W The mountains and. reinforced
Is their savage allies would In turn besiepe their he
fcgers and cut osuppes until the invaders had starved
out They have, Il said, 20 600 Indian allies, whom
they ready 10 furnish with arms and horses on an
merRency. These Indians partially instructed in the
Mormon religion, enough n make them aupcrstitious
regard 70 the God OF superior race yet modifying
none Of their ferocity.",,The New York herald. [volume] (New York [N.Y.]) 1840-1920
1857-11-23,"Police Intelligence.


TRoBABIE MURDER or A Nihru WARD POLICEMAN


MIDNIGHT RIOT AND ITS ErrECrS--ASoriiER


HAEpENBRooK AFFAIR-ARREsT OF RoGkRS AND


SEVERAL OF THE ALLEGED RIOTERS.


The spirit u rcwdyism which has been rampant OF
late shows signs Of having died the contrary,
every day ADDS 70 the number victims to the awess
spirit that is abroad in the community Onecf the last ex
pois Of rufansm the beating Ninth ward policeman,
named orato Sanger while the discharge OF his duty,
and there every 10 believe that he will die from
the effects of his injuries The circumstances connected
with this foliows-Aoout O'Clock on Sunday
morning gang of Irish aborers and hodmen some seven
in number and all inebriaei, entered the oyster and
liquor saloon No go Becker street and called for re-
freshments. They first asked for oysters; and after
having disposed OF those called for liquor which, being
furnished them they drank, and attempted 20 leave the
premises without paying their bill Upon thus the bar
keeper, William Donaldson, well known as negro min
sre demonstrated with the fellows, and insisted upon
payment They not only refused, but began TO show
fight and OF them hurled caster at the barkeeper
while the others began smashing the furniture and de-
cancrs Donadsoa who Is largo, powerful man, imme-
down short order The waters and other persons in
the saloon lent their assistance and for time the
room was d scene OF wild excitement While the fight
was raging two Of the Ninth ward police
men, officers Sanger and Woolf-heard the
nose1nd came to the ofthe disturbance. As the
rules OF the department forbid them enter any house
until they called the policemen remained outside
for short time when the door was opened, and one





who seeing the officers, asked their assistance. They
promptly did what asked of them. Officer Sanger
seized Rogers, and officer woolf entered the saloon and
attempted 10 quiet the ruters OF whom named Peter
Bry he took prisoner. After being two minutes
in the saloon, he was leaving with his prisoner when he
his ocnrade but on reaching the he was
Mortified Gnd officer Sanger laying the gutter
weltering In his blood and he supposed dead Alarm
given and the unfortunate policeman was borne
to his home, No l.3 Perry street, and physician called
II found that powerful bow-probably with his
c!ub-had broken his skull and another had heen given
him the eyes Up TO late last evening the unfor
policeman had not recovered his Consciousness,
and the ply in attendance has hopes OF his
very violent Inflammation has set in, which must soon
end his life II is impossible to tell how officer Sanger
assaulted by whom When officer Woof entered
the saloon he heard Rogers exclam angriy Let go my
collar y and IL supposed that in unguarded moment
the prisoner Srenched the club from the hand Of the
lceman, and then dealt him heavy blow across the
head and another the and then fed leaving
the unfortunate policeman to fall heavily to the ground
Whether Rogers had any accomplces is impossible to
tell no saw the blow and the officer has been
sensible since he struck. The club Is of
rosewood and had traces of blood upon it, After
seeing to officer Sanger, officer woolf proceeded to
when one Of the drunken companions OF the latter,
named Joel Keenan,, attempted TO him in


cker street. but the officer too much for the roter
and arrested him also and took both prisoners to the
station house. where they locked up for the night
and taken before Justice flandreau the morning. who
committed them for trial Acting Inspector Sebrng of
the Ninth precinct with his officers, actively en-
ployed all day yesterday hunting up Rogers, but with
out effect The only person who knew him was Keenan,,
and he did not know where he lived The Eighth ward
and Fifteenth ward police also exered themselves TO dnd
The alleged cupr a. the brutal assault on officer Sanger
created the utmost excitement among the policemen Tue
Ninth ward police succeeded after much search in arrest
ing of the Of the preceding night viz Patrick
Toner and Mark Conway. They were stupidity drunk
when arrested, yesterday and unable 20 give any
OF the fracas of the preceding night Officer Horato
Sanger has been eight years in the department he
nearly City years of age and has wife and family
Michael Rogers his supposed assaant Is stout Thick set
lrishman, about thirty years Of age ana holman by
profession.


Michael Rogers whom the Ninth ward police supposed
the person who assaulted officer Sanger arrested
yesterday afternoon Hamersey where be re-
sides. Rogers taken the station house and not
only denies being the person who freed himself from the
wounded policeman by assault, but moreover told a
straight story about his connection with the affair.
He with the party in the oyster saloon the night
question but denies that he quarrelled with any one
and sirms that he not arrested, but went quietly
home The circumstances all bear strongly against
Rogers but II is possible that the real culprt may have
escaped The ponce are busiy at work endeavoring 10
the Of the rioters but beyond the five whose
ma NEE are given above no arrest was made 20 IL
O'Clock las night AT the same hour last night officer san
reported very low and not likely To live through
the night His friends had given up all hopes OF his
living.


A FOURTH WARD POLICEMAN CRUELTY BEATEN BY


THIEVES.


About IL o'clock on Saturday night, as officer Charles
Homan of the Fourth ward, patrong his beat in
Dover street, he observed four dragging along
heavy sack He called them and asked what they had
there when thieves for such they proved be-
the policeman, pulled his club from his hand, and





stamped upon him. and Of them about 20 cut his
threat with knife when his companions stopped him.
After heating officer they cft him for dead
III went off with their punder. Some citizens who
passed that way found officer Homan nseusbe, and had
him conveyed to the station house, where he revived su
iceny tell his story He then taken To- his home
20 sixth avenue His wounds not considered danger
GUS II the thieves stole several bags Of pepper
The 81 this pepper negligent 10 leave
some thirty sacks 81 on the sidewalk The policemen
took 10 the station house, where awaits the demands
Of it, careless owners.


ANOTHER sTABBIsG CASE IN An OYSTER SALOON


MORE EowDyIsA.


About orc O'Clock on Sunday morning, gang Of men
entered oyster saloon No - Tenth avenue and after
ordering refreshments refused pay for them On the
proprietor demanding his money the rufans commenced
indiscriminaie assault upon all IN the room. They
smashed the furniture broke the decanters and stoned
the premises. named John powney, who was in
the room. stabbed in the face with fork, in the
hands he alleges Of Edward Carroll Tcranco Gillespie,
hyaso states also assaulted them -Four Of the rioters
arrested and yesterday brought before Justice
Flandreau ~ the Jefferson Market Police Court who held
Carroll and Gillespie 81 bail IN the Of 81 900 each.
and Joseph Gardner and Peter Fay FOR the Of $500
each


ARREST or TIE srPPosED AssArLAsTs or DIR. MOTT.


The police succeeded yesterday arrestng two persons
whom they charge with being engaged IN the assault
nr Mott on Friday morning last One o. the prisoners.
who gave hiS name Timothy Madden arrested in
the Eleventh ward and the other, Patrick Gallagher, IN
the Seventeenth ward There evidence against the
prisoners further than strong suspicion the part ""","Police sntesIa0eU<,e.",The New York herald. [volume] (New York [N.Y.]) 1840-1920
1857-11-30,"BURNING OF A METHODIST CHURCH IN BOSTON
The most disastrous confagraton that has occurred


IN this city for long time broke out about quarter
before twelve O'Clock last night, in the basement Of
the Harvard street Methodist church. nearly opposite
the foot Of Essex street, Cambridgcport. The fact
that the fire was discovered In that portion OF the
Unity to bin filed with kndlings induces the be-
lief that u was the work Of an ncendiary. The
flames had, however, obtained such complete mas
terry over the wooden structure that the efforts Of tho
department to stay their progress proved unavaiing
and the entire ediice was burned to the ground.
The rear of the church formed portion Of the en-
closure 70 the cemetery, and the burning walls and
timbers fell upon the tombs. fine organs insured
for 81 600. was consumed together with the furni-
turc, pulpit and everything the church contained.
with The exception Of few cushions. The church
was huilt about twelve years ago. The total loss,
exclusive Of the organ Is about $40 000 insured for
81 ,00o.-Boston Journal, Nor. a.",,The New York herald. [volume] (New York [N.Y.]) 1840-1920
1857-11-30,"PRIsONMENT.


William B. Philips Henry Mdilldrd The defen-
dant Is proprietor Of the Maard House, in Broadway.
In June last the plaintiff OF his guests On
ing he paid his bill TO the cashier who upon examining
The money, discovered amongst ten dollar bill on Tho
Planters and Mechanics Bank OF Dalton Georgia Tho
bill would not pass in this city and the bank was not re-
ported in note dotector The plaintiff afterwards took
back the bull and agreed give another in its stead
Some time subsequently, as the plaintiff proceeding up
Broadway accompanied by lady, the cashier saw him
and tapped him on the shoulder and asked him FOR his
place OF residence Tho plaintiff became quito indignant
and refused TO give tho Information sought for lie then
proceeded up Broadway TO Blocker street and eepa
rated from his lady companon--reurniDg down Broad
way the cashier followed after him. stating that he would
find out where be lived II he had TO 20 10 Bagdad.
When the pair reached the City Hall Park, Phil
lips called policeman and had the cashier
arrested and locked up IN station house charge Of
assault and battery Having performed this exploit tho
plaintiff went up 10 the defendants hotel and informed him
that he had bad the cashier of his establishment arrested
and confined In station house. The defendant became
angry, and demanded 10 know where his cashier
prsonod. The plaintiff refused 10 tell him The defendant
then charged the plaintiff with passing ten dollar
teroit bill upon him clerk ~ the defendant went out
and brought in policeman who requested Mr. Phillips 10
20 with him and show him where he would End The
cashier The plaintiff, the officer and several o'hr- per
sons went in pursuit Of the prisoner who i1. 4
discharged from custody Upon these fact tie Court
gave judgment for the plaintiff for nominal dal4Gs","Marine Court.

Before Hon. Judge Thompson
ISLANDER, ASSAULT AND BATTERY AND FALSE In


PRIsONMENT",The New York herald. [volume] (New York [N.Y.]) 1840-1920
1857-04-01,"Tune Lord Lorel.n
Lord Perkins he wooed Lady Mary Brande,
John Thomas her maid Mary Ann.
Lord Perkins he was the master, and
John Thomas he was the man.
Nov tell me, John Thomas"" Lord Perkins,
""Nov tell me, John Thomas, ~ said he:
""Dost thou think thou wcu.d'st marry my lady's
And thou could'st have my ladye,n
""NOw marry, coed MASTER"" John Thomas re.
81 would rather The lady were nv bride,
Than marry the lady's lnaid.n
""And what is thy reason"" Lord Perkins, he
""And VIA, /, thy reason )"" said he;
my lady Is fair, but my lady's maid
10 fairer than my lsdye'""
But she hasn't the grace, % said John Thomas,


poor wench,


And sne HASN'T got the manner;
And her lsdyship speaks Italian and French,
And plays on The grand Pehannef.""
""what good, John Thomas ""LOEd Perkins, he
said,


""win french ard Italian do man?
IL wife has got one tongue In her head,
Ills enough for any woman
""And singing and playing are pretty things,
But who, except gaby.
But knows no wife ever plays or sings
After brining her lord one oaDy!
""Now tell me, John Thomas, now tell me,


pray,


Can Mary Ann sew and cook,
Forthese things, own, are IN ore in my way,
When for wife would lookn
any lord, she can cook my lord she can sew;
My lord, she can stitch and hem;
But own that, for my part, doesntgo
Into marriage for things like them !""
&C Enough, John Thomas LoId Perkins, he


said,


nEnough, John Thomas said he;
81 will 60 and marry my lady's maid,
And you may have my ledye""
Atst. Georges church, In Hanover square,
They were married all In one day;
Lord Perkins he welded the maiden fair,
And John Thomas the lady gay.
The marriage service bishop read,
In most Impressive manner;
Lord Perkins went home to his quiet homestead,
John Thomas to his pehanner.
And % they were suited and 50 content
Ard diced In both their wives,
And, which wish 10 every gent,
Lived happy the rest Of their lives.","EVENING STAR,

A Remaucs Of High and Low Life.","Evening star. [volume] (Washington, D.C.) 1854-1972"
1857-09-23,"Be POLITE.-It is said that George MeDufie,
OF South Carolina, was very polite even when
little boy. One evening he was holding lit
tie calf by the ears, while his mother mill ed the
COW, and gentleman passing by said, ''Good
evening my little son. -


George returned, Good evening, sir"" with
such polite bow, that the gentleman noticed
him and said, why didn't you pull off your
hat, my little man.


George answered, eff you will get down and
you""


Georges politeness and shrewd remark were
the making of him. That gentleman said to his
mother, 'IO our son is a smart boy and if prop
erly trained, will make great man some day.
III You will permit me. will give George good
education, and give him a very fair start in the
world""


The mother thanked the gentleman for his
Kindness, and let him take charge of her son
George arose from his calls ears to the highest
rank IN the legal profession (; he was then sent
q 10 the State Legislature-thent to Compensation
made Governor Of South Carolina",,"Evening star. [volume] (Washington, D.C.) 1854-1972"
1857-04-30,"The city divided into eight Fire Districts, follows


The First Fire District comprises all that part OF the CITY
lying north Of Twenty street and east Of The sixth





The Second Fire District comprises all hat part of the city
lying north OF Twenty street and west oil ihe sixth
avenue. ... 49,


The Third Fire District comprises all that part Of the city
North the North river and extending easery
straight line of Leonard and Church Streets


thence nohery in straight line to the corner OF Eighth ave
and Twenty second street. thence westerly along Twenty
second street TO the North rivers thence souhery along the
North river to the place of beginning ,.


bounded and containing Beginning at the corner
Of Leonard and Church streets rsnnng thence norhery in
straight line 10 the of Eighth and Twenty second
thence easerly along Twenty second street TO exng
ton thence souhery straight line TO the corner OF
line 10 the corner of Church and Leonard streets.


The Fifth Fire District comprises all that part OF the city
bounded and containing as foows-Commencing at the
thence northery
straight line TO the Of Lexington and TWEEN


econd street. thence eastey along Twenty second street
Fourteenth street; thence southweserly straight line
the OF Leonard and Baxter Streets thence westerly In
a straight line TO the place of beginning.


The Sixth Fire District comprises all that part of the city
bounded and containing acknowledging the
OF Leonard and Baxter streets and running thence eaery
In straight line TO the foot Of Market the East river
thence along the East river Fourteenth street, thence south
westerly, in straight line TO the place OF beginning.


The Seventh Fire District comprises all that OF the city
bounded and containing MISUNDERSTANDING the foot of
Market street the East and thence westerly
In straight line TO the of Leonard and Elm Streets
thence souhery, along straight inersecing Wall
at the junction Of Nassau, Wan and Broad Streets and
unned through the Battery to the North river:


The Eighth Fire District comprises all of the city
bounded and containing MISUNDERSTANDING the foot Of
North Moore street the North river aud running thence
streets thence southery along straight line ntersecng
with Wall street at the junction OF Nassau Wall and Broad
GP.M.
The Chief Engineer can be seen from Jan until 2P;M.


Chief Engineer OF the New York Fire Department",,The New York herald. [volume] (New York [N.Y.]) 1840-1920
1857-03-07,"VALUABLE FARM IN VIRGINIA FOR
SALE contains III wards Of 100 acres
500 thereof under cultivation, about 500 ed for
pastures, and about 700 acres well timbered, and
along which the contemplated straight line
Railroad to Charlottesville will run Attached
thereto is Grist Saw Mill, fed from the South
and on which are also 30 acres Of low ground


Soil good, with plenty producing good Tobac-
CO, Wheat, Corn, DC


Buildings very superior and very ample, and in
good order


$50 bushels Ct Wheat have been seeded, Tobac.
co Plant Beds were burnt and seeded before he
last frost. for Oats and Corn due progress IL made


With the estate, the slaves and Improvements,
Stock, etc, may also be had, and further infer
nation given by the Editor Of the Evening star,
Washington city. mars",,"Evening star. [volume] (Washington, D.C.) 1854-1972"
1857-11-03,"The Nebraska correspondent of the New York
Times, under date OF October %, writes


"" News has just reached here from our frontier
Mormon settlement upon the Loup- Fork of the
Platte River, near the mouth of Beaver, and
known as the Beaver settlement Of Mormons
(about one hundred miles inland from here } that
some renegade MormonS, seceders from the
Mormon Church, fleeing from the Danites Of Salt
Lake, bad reached that settlement a few DAYS
since, bringing the news that a large force OF tie
Mormon militia, under Brigham Young and He-
Der Z kinbali, Were pre- pairing TO lsare Sa!r Lake
CHy. 10Th provisions cad ANN itioa for a sir
pesAS' campaign ""a the mountains 10 ia. eIs--
tcdTd. and thnS 10 stop, possible, the passage Of
the United States troops. Although the positive
destination was secret known only To- the lead
OF the church, yet II was general ly supposed that
a the pass in the mountains near Bear River cut
oil, or at SteePle Rocks, the stand would be made
by the salt Lake forces, with an almost certainty
OF wipng ont the entire force sent against
them. In Salt Lake City, and through the Terri
tory, for some months prior 20 this movement the
militia or volunteer force have undergone more
than ordinary drill, and a number of regiments
would compare favorabiy, in point of drill, with
the Independent corps Of the States The Nor
mons feel confident of destroying the force sent
against them this Fall, and, with their next
Springs allies from the States, expect to stand a
regular tight agains. the whole United States
available force, and not only conquer, but estab-
lish themselves rs an independent Government


Between Fort kearney and the Valley these
three or four men travelled almost entirely at
night, and, under the guidance Of one of the
pa ty-a thorough mountain man-evaded the
regular Travelled route, seeing no troops Indians
and making the travel In about nineteen DAYS
They, and all the mountain men with whom
have cOnveIseC, state that in the event Of stand
being taken in some If the mountain gorges this
side Of Salt Lake, ten men can easily and success
fully cope with one hundred and fifty United
States soldiers. And who know these mountain
ranges and gorges with all their advantages and
disadvantages better than tine Mornons This
report also brings the somewhat expected news
at fIsp laIi
Oregon aud Utah were secretely preparing to join
the Mormon fOrcen",Mormon Deserters and their story.,"Evening star. [volume] (Washington, D.C.) 1854-1972"
1857-02-27,"A RAT STORY Not long since, in an intel
ligont family residing in Hampshire county.
a singular circumstance occurred. About ten
o'clock every evening, just before the family
retired, strange and unsccountshle sound
would lie heard. At first, it was not thought
much of, it being attributed to the snoring
OF some member Cf the family who had retired
earlier than these who heard the noise. But
on investigation this did not account for the
disturbance. Copjectures of spirit rappings
ani ether unearthly causes were rife, and
the greatest alarm and fear was produced on
the younger and female members Of the family,
as night after night they heard this buIzing,
roaring sound The father and eldest son
determined that they would know the cause
of this strange noise.


Accordingly, on the next night they await
ed the repetition of the phenomenon; when
near witching time Of night, the ominous
sound was again heard. With great care and
caution they ascended the staircase, the
sound growing louder as they advanced.
Passing up the second fight and locking into
the gsrret, they beheld the great spinning
wheel which was stored there whirlipg with
great velocity. Watching the wheel closely,
they observed on the inside the rim Lavge
rat, performing la squirrel. But ratty's
sport was Of short duration; for pussy being
introduced, soon appropriated master rat 70
her own use.-MILford Journal.",,"Evening star. [volume] (Washington, D.C.) 1854-1972"
1857-11-25,"MAKES OF SOME OF THE LOST PASSENGERS.


CINCINNATI Nov. ""a, 1857.
Private dispatches published this morning in the Com
eycal give particulars of the burning of the steam
boat Rainbow when Napoleon Arkansas the 2lst
inst Al the time there 347 passengers board
Guiding large number Of coal boatmen the deck. The
wind blowing stiff gale when the fire discovered,
and the steamer enveoped In flames. The boat
ashore possible she there burned
the waters edge The origin Of the fire Is attributed
inccndary among the deck passengers The total loss Of
life estimated at seventy five persons All the officers
were saved. The steamer Mnnehaha, from New Orleans
brought those who were saved to Memphis Among them
are Thomas Maddox, J. NJ Carson and John Mayberry
and wife, Of Philadelphia. The boats books having been
destroy ed list of the lost be furnished
The following named persons however, are known to
have been lost


James Iaughlin and Hiram Charleston, Alliance, Ohio.
William Chambers, Cincinnati.


John Gallagher, Sanaville Ohio.


James Branan, Allegheny City, Pa


James Mclaughlin Pittsburg


George Craig Birmingham, Pa.


James Mehi, McKeesport, Pa.


Thomas Newhouse and George Newman, Carrolton KY
blind man, named johnson, and his wife and two
daughters, Of Padueah, KY


Mrs. Bond, OF Memphis; and


An Irish girl belonging to Carroton, Indiana.","Particulars OF the Burning OF the Steamboat


Rainbow.",The New York herald. [volume] (New York [N.Y.]) 1840-1920
1857-07-17,"HkuOkIfN, jury TO, Ib0Is


The Upned States Steamship Mississipp was put Into
Her ofncers and crew are now all on board she viii
probably sail from here In about two weeks, Join the
East India squadron. She has ~ gen1emanly man for
commander trod the d. CT Of ahip; he do
termined that every officer and shpboard shall DO
MADE comfortable. Mr. sempe, her 0st lieutenant, and
all Of her officers, are gentlemen Of The first standing
the navy. she has on board dne q looking crew
ever handled srope; all young and hearty Tho shp


vel fitted out 70 perform any duty winch abe may
her and marines, full band OF music board 20
far everything indicates happy cruise for her.


The L. e. sloop Of war Tevsnt, Commander WIN. Smith,
was n woosuns previous 10 May


The U. 4. slcop ofwar Saratoga, Commander Fredk.
Chaiard sailed from Aspinws June 20 for san Joan del
Norie",,The New York herald. [volume] (New York [N.Y.]) 1840-1920
1857-07-17,"This certainly the greatest match played NE
Albany ground, and did the gentlemen from TIA,
city, taking Them with auother, ba better bowl
with more execution than during the tnree days play
The fielding vs In accordance with the rest Of the play
Ing and having The game and the honor thereof be
ball va presented By Mr.. sharp with apprcrr ate
marks, and received In the by the President
OF The Albany club. very tine score was male rom
The Bat by the following gentlemen the States side
hcssrs Comery Rore, white and Moore On the aide OF
the New York players neither the bowling vas go efec-
tive many made of the bal usual, bet ne
Albany gentlemen allowed ths, they Witnessed bet
neding than that OF the New York side Lang, Ham
Ign, Baker and wildly made very good score 90 NE
bat",,The New York herald. [volume] (New York [N.Y.]) 1840-1920
1857-10-03,"News from Modsvia represents Mat fAz tho new
elections had proceeded they favorable 10 the union
Of the Turkish Princpaes, anhough NE ast three days
Of the election were fAz from being favorable - The
commenoement


Tho great Doncasssr B. Lsger raoe In England vas won
BY Impoeuse the two hvortes Blink Bcnny and Ignora
mus, coming in fourth and NTH


Tho United Siates sloop sfwar Plymouth, commander
DahgYen arrived u Southampton from The Texel on the
10Th nh and expected 70 remain in port sboul fort
night, and them return 70 the United Htales


In Ireland the tow Of Belfast bad, account Of the
cent religious riots, been ""proohimed under the most
stringent provisions Of the oime and outrage law""
largo oonsabuay oroe had been ordered there and the
inhabitants had been called upon 70 deliver up The
and ammunition In their possession.


Tho Marquis Of LAnsdowne had declined dukcdom
which rendered him.


mo American yaoht 0avter Oak, which recently arrived
u Liverpool from New York. h,d bccn disposed Of by
lottery. There two hundred members, n enc pound
each.


Queen Victoria had created Admiral Keppel Knisht
and Commodore Elliott Companion Of ths Bath for their
exploits u Canton.",,The New York herald. [volume] (New York [N.Y.]) 1840-1920
1857-01-07,"AVuIoeseu 20 LlLLlo Jouulo WI.
Jennie, why those humid eyes,
Tell me whence thy cares arise
Nought TO thee should sorrow bring,
Life should be perpetual spring;
Fun and frolic, mirth and glee,
Age or sickness, want, or shame,
The soothing balm Of tears NAV claim.
Time enough Tor thee to grieve,
w men tne friends you trust deceive
When ingretitude repays,
Deds which only ms;it praise;
Mnen cherished friendship turns to hate,
Mhen the heart Is desolate,
Mhen the forms you love the most
Moulder In the silent dust,


when the BODY . recked with pain,
Ihen-and not till then, complain
But the homely smile,


haply may apply to thee;
Tears are but the April shower,
6aroinger Of earliest flower.
Yes, already may we trace,
Smiles Of Joy upon thy face;
Like the shower and sunshine met,
While backward how thy curls Of jet,
Thy brow disclosed Of heavenly light,
Gould warm the heart Of Anchorite;
And now the dimples on thy cheek,
More OF happiness bespeak,
The pearly truth and rosy lip,
Where honey bees might deign TO sip;
An-an denote thy Joy supreme,
Thy grief at most an idle dream.
Thus ever be thy lot below,
May smiles Of pleasure Danish woe,
May all thy sorrows, griefs, and fears,
Transient be as childhood's tears. AMIGO.","EVENING STAR.

ToR THE STAR

BUH rHE srAK,
Addressed to Little jennie WI.","Evening star. [volume] (Washington, D.C.) 1854-1972"
1857-01-20,"New York In terrible condition yesterd az for
want OF vehicular accommodation. Railroad cars were
almost impossoity stages Ridiculous evon with
four horses and seighs found much and too soft
snow In many places, and none at all In others Tho
pedestrian could move along faster than any OF them
particularly where the wisd rushing round the
corners Of bye streets, laying hold Of his coat tails and
sending him sailing swiftly the snow But the cars
began TO get out towards noon, with sx horses, and
eight hArnessed to them, and snow ploughs
going before TO clear the way


FIRST AND SECOND AVENUE.


This lire ran cars every five minutes Sunday after
noon until the track blocked up with snow, about
p. NJ when they ran four horses 10 each until
twenty minutes O'Clock In the morning. Yesterday
they Eve instead Of thirty, their usual number
and six horses harnessed each Several hundred
men were empyed in clearing the track, which, passing
through various bye streets required the
TO be cared oil. Al much as IS cart offered yes.
terday afternoon by the company, but with few takers
This line deserves praise for s endeavors keeping the
track open against such obstacles the streets
furnish.


THIRD AVENUE.


Only small number OF carr were running on this
route yesterday nearly all Of these stopping Pearl or
Chambers street. Tho slesbs, however, became ire
qucnt, psrtic ularly towards evening.


FORTH AVENUE.


The late complaints against this company have appa.
renty walked them up little after noon, yesterday,
they sent snow plough along the track followed by
car with eight horses and this kept up every hour
until midnight We trust such discrimination will be an
earnest Of future amendment.


SIXTH AND EIGHTH AVENUES.


These cars kept running all day st intervals with six
horses to each car.


RAILROADS OUTSIDE THE CITY.


Two trains were embedded In the snow In the Harlem
Railroad, between that place and New York. and several
trains also caught In the predcament between
the Harlem river and Morrisania.


On the Hudson River Railroad learn that owing 10
the severity OF the trains left the city ycser
day, nor were any upon tho road. the rm abats
evcry exer,on will be made, to day 10 dcspat ch the
lis A. N. Albany train from Thirty nrs s,reet-uo,
from Chambers street, a. usual.


THE NEW JERSEY CENTRAL RAILROAD.


All operations tss road been Suspended si nos
saturday evening, causing much Inconvenience thou.
sands residing In Elizabeth Planaeid Ea,,en and many
other towns along that section Of the country IN rough
which the Central Railroad The ferry setwee.
this city and Elzabehport has ces ed, so that Il ID I'm
possible for persons travel this railroad though
the track should be cleared OF the heaps OF
that cucumber H.


The steamboat Wyoming. Of this route, attempted 10
proceed 10 Ezabehport the face OF he storm yes,er
Gay morning. but the weather found to be too severe
90 the pilot obliged bout shp' and return TO
New York. Az the Wyoming proceeded down the bay
the heavy masses OF ice floating here there In i'm
mepso nelds, prevented much beadu.y being made
The vind too increased with terrific violence an drove
the ice with fearful weight against the hull Of the vesse
The Wyoming had proceeded about halfway between
Iris city and Robbins reef when the danger OF founder
ing amidst the ice became apparent To the officers In
command and the passengers board, that II vas de-
iermincd 10 put back for pier No. North River But
even this was not accomplished without much danger and
trouble so strong the wind and 90 heavy vas the
oe hat reored all the skill and enc rgy Of the crew TO
keep the boat from goirg ashore oyster Island The
mbined forces Of the wind and ice well nigh proved
disastrous 10 the Wyoming. her passengers snd crew
However the danger was veahered In SAFETY and the
beat succeeded IL returning her pier 10 safety. The
result Of the wyomings attempt reach Ezabethport
pvt al IDEAS Of recommending operations on the New
Jersey Censai Railroad ont Of the question An effort
viii probably be made 10 communicate with E zsbe,hpor
otsy. Meanwhile such residents Of New Jersey are
enough TO be placed in embryo viii have 10
TCman satisfied with hotel fare until thcy can res ch
ter more comfortable homer


THE CAMDEN AND AMBoY RAILROAD.


The John Potter has remained st her wharf Pier No.
y. R. since Saturday evening fact which has led most
persons 10 believe that all operations on the Camden and
Amboy Railroad have ceased for the present The sevsr
Of the storm together with the presence Of an unusual
uanty Of ice in the bay prevented the steamboat on
this lre rom making any trips yesterday From present
appearances there 10 little prospect OF any communication
being had with Amboy for the two days The strong
wind from tho porin and north west has driven large
quantities Of thick ics into the hns and rendered nsvi.
ration most hopeless task. We understand an effort
will be made 10 get the John Potter on 10 day, but it's
bought the atten II 10 reach Amboy will be nusiess
The dock OF this railroad company a the foot OF Battery
place. covered with huge piles Of freight which have 40
since iurdsy afternoon The pier vas visited
BY anxious hundreds yesterday who shut out from
their homes but they received but hle escoursssment",THE CITY RAILROADS..,The New York herald. [volume] (New York [N.Y.]) 1840-1920
1857-11-06,"ST JOHNS, n. r., Nov. s. 1857.


has been found impossible get the news yacht Of the
New York Associated Press fully equipped until the present
time but for the future she will be found constantly a
her post about eight ten miles due south Of the Cape
Race Light, and fully equipped for the duty assigned y
her. Commanders OF steamers and sailing vessels are
the New York. Newfoundland aud London telegraph
Offices at Tcpsssy and St Johns and thence though tho
wires, with the and pubic OF the United states and
the British Provinces The ncxt from Europe (per
Araba) will be due OF Cape Race between Sunday night
and Tuesday next",,The New York herald. [volume] (New York [N.Y.]) 1840-1920
1857-06-19,"JuSs ls-John Nsds, John Brown and John Do Costa,
round guilty Of the manssushter Of the captain and cook
Of the brig General PIERCE were called up for sentence


The Judge sentenced each OF them 10 imprisonment fer
the captain and like penalty in the case OF the cook
making the punishment each prisoner sir years mpri
sonment and $1,000 This will amount 70 confinement for
life, will be impossible for them 10 pay the Ane Tho
prisoners are Portuguese.


John Smith, the principal in the mutlny, who was con.
vicet o. The charge of murder, has been already sen
fenced for execution In August next","Sentence OF the Mutincers or the Brig Gen.


ersl Pierce.


UNITED STATES DISTRICT COURT.",The New York herald. [volume] (New York [N.Y.]) 1840-1920
1857-11-21,"The hure steamer Vanderbilt from the United States,
tecgaphed yesterday as having passed Hurst Castle
atpA VI Captain Higgins, her ccmmander, was IN bed
dangerously ill and Fast End pilot was on board IN
con ~ tho ship dense fog in the Soent The
vanderbilt on passing Hurst on her way 10 Cowes
roads where she put out her English mails IL small
tug steamer Southampton and then proceed o Havre
Between Coves and cashot Castle there - sand bank
called the Brambics, where and then small craft has
been ot on the Brambes the Vanderbilt grounded Most
fortunately she NJ the time going Mt only third ~
her speed the tide also flowing, and powerful tug
steamer with steam up happened 10 be close by ASSIST
her of again. As the Vanderbilt grounded Mr..
Bilngsly, gentleman from the Hrm Of Mcssrs Dunlop
and shoscs the Southampton agents % the Vanderbilt


line happened 10 be on board the Southampton tug which
was wasting Cowes for the English passengers Of the
Vanderbilt and he Immediately gave orders ~ 60 along
side the large steamer and make preparations for assist
ING her or The tide had "" se ELK feet ON the
Bramblcs, and In about two hours after the steamer
grounded she aoi again but not before she bad lost
an anchor and broke chain Had been for the as
ssance rendered by the tug the grounded would
not have Hoated before the next tide. At NJ yester-
day the Vanderbilt left Cowcs for avre without having
received any damage beyond tina, Just mentioned Inc
vanderbilt has experienced nothing but continuous storms
aud heavy gales across the Atlantic",,The New York herald. [volume] (New York [N.Y.]) 1840-1920
1857-11-04,"Ne Second ward nv the Deputy Superintendent, IN the
nrnlng for having down some biis near tne F'ui
and ~bsn demonstrated With presenting psso' a' ono %
ehe nf p-ctsrs of electon. 1900 A.,


T.ddy Tsrrsl was also arrested about the same time
ana nase for creating disturbance around the polls.
Roth were locked up the ceils AT the City hni IN order
a. prevent their being baed and held till morning


In the second District OF the Fifth ward
a, the opening Of the polls oniy two inspectors
were present VIII, without nng the vacancy proceed
cd 70 receive votes. and did receive about fifty votes
when repubC made objection, and the two inspectors
thereupon proceeded TO select third Inspector This
Is thought will serious trouble in the Board of
that district 10 he thrown out This ward gives strong
democratic majority.


Pstoons Of policemen held in at the sta
non houses during the day and evening hut their
vices not called for. Two policemen were detailed
at each po throughout the city, and detachmcns visited
each poll from time 10 time occasion seemed 10 require
il the most surprisingly quiet election that has been
witnessed in Brooklyn for many years.


THE ELECTION IN WILLIAMSBURG.


The election throughout the Eastern district passed Oh
yesterday in most harmonious and orderly manner and
Queter than any previous held within the recollection
II the oldest residents The police arrangements were
admirably carried out and every who felt disposed
found easy access the ballot boxes The liquor places,
O all appearances closed, and but very few in
sxieated persons observed in the streets.
Al Greenpoin LEADING politician"" got into the lookup
or disorderly conduct, superinduced by stimuants.
n the Fifth district Thirteenth and Fourteenth words),
two men bad saked their thirst with fire obtained
from invisible and in consequence Of this be-
inmates Of the cells The throughout will fall
short of last year",fooSTrSuEp FROM FIRST PAGEl,The New York herald. [volume] (New York [N.Y.]) 1840-1920
1857-01-24,"The Bay was yesterday completely covered with Ice,
made on Thursday night and Friday morning. and nav
cation became exosedingiy difficult, almost impossible
ships scarcely made any way with two steam tugs
attached We watched large clipper with two powerful
tow boats during time, she had taken four hours
moving out Of the East river into the OF
tho North great Vas the opposition shc encountered


Tho Kills was entirely closed, and the New Brighton
boats ceased running also those OF Elizsbeshport
The Water witch and Red Jacket both ozsn in, the
latter at Shooters Island the stes Wyoming made
attempt 10 get up the Kills, but greatly had the Zoe
accumulated there she was forced 10 put back, and
effected her return with much din3cuhy.","THE BAY,",The New York herald. [volume] (New York [N.Y.]) 1840-1920
1857-01-24,"Tho North and East rivers yesterday suffering
from ossAcation something akin to II, and fcrry
boa,s not being amphbious got out Of trim, and finally
gave In altogether On Wednesday and Thursday they
had commenced running with strong predisposition
towards their accustomed regularity bat yesterday
morning there came chilling FROST and many Of the
ferry houses closed their doors. Even the
Fulton line which has always been the most reliable
the East River, got Irregular and South street In that
particular locality assumed crowded and impsssabs ap
pearance Carters complaining that they had to
walt from to two hours before entering the gate,
whilst at other points matters were still worse. boat
which left Atlantic street. Brooklyn, at eight O'Clock in
the morning, made numerous attempts to get across,
and eventually effected IT, arriving at the South Ferry by
five minutes three in the afternoon The ferry master
st the Wall street station considered himself insuted
when asked II the boats that line running with
regularity and informed reporter that boat only
had arrived there between the hours Of and three
Pm The probabilities aro that most Of the ferries will
be closed day, unless the wind changes which yeser
day was blowing the oe into the East River. The long
shore state that they knew much new ice
TO be formed in night Thursday, and tho fierce
cold westerly wind which prevailed all day packed It
into solid fields Tho bay of the Battery, far the
eye reach IL q level plain the Ice being eighteen
inches In thickness whilst the Long Island shore





disturbed during 20 long period.


THE ATLANTIC DOCKS.


The ebb tide In the Hudson runs nearly two hours
longer than that In the East river. The Ice is brought
down by the former the bay, carried round to the
latter by westerly winds, always he accompaniment OF
these severe seasons and foaled into the East river by
the food tide where 1t blocks up the narrow passage,
and closes the south and Hamilton avenue ferries
W. nnai tbo INpu land
shore becomes seriously impedsd, and is occasionally
brought to dead lock- the felix's having transactions
the Atlantis decks know TO their cost From the very
nature of things the situation Of these docks unfortunate
Last and the winter before the produce merchants
subjected 10 serious Inconvenience and damage in
their business, by being enable 70 fulfil their engage
ents In the winter OF 1866 Ithese docks were
closed up during months this year. they have been
shut already mont with little prospsct OF their open
ing for aome time 70 come.


The Same causes which initiate against the Long Island
shore free Staten Island. The attention OF parties
interested In the storage and business OF the Atlantic
docks was drawn this fact last winter and the posi-
biHty OF erecting docks Staten Island then dis
cussed The bay Immediately In front OF the Quarantine
establishment Was clear of Ice during the whole Of last
winter and this also. except last Sunday and Monday
when the northeast wind blew in shore This s very
unusual Tho authorities have hitherto been
avcrse 10 selling the Lazaretto property under the I'm
preston that liz value could be obtained, but made
the location warehouses is sale would not be other
wne than remuneratve.


The clear water channel extends from Quarantine land
ing round New Brighton point distance oil mile and
hail. the Ice only lodging few yards from the shore.
The bay which comparatively free OF ice during the
previous two or three days. became full Of yesterday
even more 90 than sunday-and If the presen. wea
tber continues much longer shall be able TO crossom
New York to Staten Island the British army did for
meriy Matters look that way q, present.


THE BAY.",THE FERRIES.,The New York herald. [volume] (New York [N.Y.]) 1840-1920
1857-11-16,"Nov l1.-Pknny Hsrseh Carte HcJ,tch-The parties
In this case are Germans Tho plaintiff sues for an assault
and battery and also charges the defendant with crim
nal assault upon her person


Fanny Hcrsch being deposed that she IA twenty
Tour years Of sge and knows the defendant first got
quained with him about six months after she landed in
This country she came here two and half years ago;
became acquainted with defendant in Seventh avenue,
between Twenty sixth and Twenty seventh streets; was
servant Of Mr. Dykeman, $50 Seventh avenue just above
DEFENDANTS drug store the FIRST time she sent 70 do
cndan store tor OIL he locked the door and put the sns
uown he took hold Of her by the and held her go
that they were bue he then drew her down the hoor
she cried and he then put handkerchief In her MOUTH
nc broke her pitcher she cried so much and made so
much noise, kicking with her foot that he let her 20 ana
opened the door this the middle of January last,
this occurred IN the front the store never saw
but one room family lived under tho store had been
TO defendants three four times before he took hold OF
her. about three four days after that he had connection
with me nj half past 10 O'Clock, and became pregnant
was pressed in the connecticut was leaving tho counter
when he threw the floor and then succeeded in his
purpose witness subsequently told female friend of hers
that she going 10 have child the defendant paid
twelve shings month long the child lived; died
nj eight months of to defendant after that for
money; he only had connection with me once never
tried TO get him 10 marry


Carl Hobch, the defendant, examined and dcroscd
that the intimacy he had with the plaintiff was with her
CONSENT that she used 10 10 his sometimes with
orders, and sometimes without.


The jury under the instructions Of the Court were ar.
dcred 10 bring in n scaled verdict


Nov. 12-Nerdict for defendant","

",The New York herald. [volume] (New York [N.Y.]) 1840-1920
1857-11-16,"MoSRY MATTERS IN BosroN AND NEW YORK
teiegrapaic dispatch states that the money
market at Boston continues quiet, and the supply
OF hrst-class paper limited; capital, meanwhile,
appears abundant. and, for the want of better
employment, Is finding its way into thu stock
board, where large purchases for investment are
being made. The market, therefore, closed on
saturday afternoon with a still stronger aspect,
ana with more confidence apparent than Las been
observable since the setting in Of the panic. The
banks are sounder than ever, and their statement
this week will show healthful feeling in every
department


In New York (says dispatch dated Saturday
aiternoon) the exports Of specie this week have
again been light, and the abundance of sterling
Oils, which are Offering at per cent for the best
names forbids any idea Of an active resumption
OF specie shipments for some time to come. The
current, therefore, will continue this way for
while longer from both Europe and California.
me bank statement on Monday today will ex-
hloit still further increase Of bullion. and the
round total will not be far from serent,en and a
half millions of dollars!",,"Evening star. [volume] (Washington, D.C.) 1854-1972"
1857-11-10,"IA uiture. piano fortes, carpets, &c


r. NASH auctoneer has been instructed to sell public
auction without To morrow, ""Wednesday morning at
O'Clock the cabinet of Mcssrs Brown
Abbott Broadway the whole of their manufactured stock
cabinet furniture all Of which has been made expressly for
private trade and warranted of the best workman
ship This comprises extensive assortment Of rs
paror chamber and dining furniture of the
fashionable and embraces solid carved rosewood and
mahogany paror suits covered French satin brocae bro
silk plush and hair CLOTH solid oak mahogany and
wood and richly decorated and enameled chamber SUITS
and walnut sdeboard and eteeres secretary
and library bookcases solid oak walnut and mahogany ex
tension dining nbea dining chairs centre card pier
and fancy tables wardrobes plain dressing and
Wristbands parlor rocking relieving, arm and side chairs
bedstesds in every variety, &c,


Also,


By virtue Of execution the following articles removed
from private residence, To witt


magnificent rosewood pianoforte, with
elaborate rosewood and solid pearl Keys; hnc
instrument both and workmanship and cost $500 Has
been but ""A few months, and


Two superior Brussels carpets also used but short time
together with quantity OF silver plated ware and tine table
cutlery. &c.


NB-This specially worthy the attention of intend
ing buyers i bargains be anticipated and the
qualities Of the goods such seldom offered nj auc
Goa Packing done the premises Catalogues ON morning
OF sale.",A BsoIyTE SALE OF MAGNIFICENT CABINET FUR,The New York herald. [volume] (New York [N.Y.]) 1840-1920
1857-12-14,"OK O00 WORTH OF
RJO.VOO Magnificent household furniture to be SOLE
this day (kondayl, Dec Ia l0z O'Clock precisely EN-
bracing the entire paror dining library and chamber
furniture all Of solid carved rosewood two rosewood pianos
elegant paintings marble satuary and costly works OF art
contained 1852 Twenty street west OF Firm
property of Charles L. Setson, ESD all OF which was
made Roth Godschmdt and All in perfect order
The whole will sold for cash. strictly without and
removed Immediately after the sale Catalogues
be obtained Of the auctioneers or at the house


Paror furniture which will be sold precisely at ii O'clock
consists OF -four beautiful and pier mirrors mounted
nure suits which covered in French satin bro
covers elegant rosewood marble top etegeres
per0r octave rosewood panofore with embroidered stool
consoles in Bull work French top
tore French lined with wood Turkish and
reception chairs In brocade and tapestry Egyptian and
tuary centre sofa and pier tables clock rich and
cossy china marble groups the the three
graces amazon, Venus nj the BATH &C.. with unique aud
beautiful parlor ornaments large collection of valuable
paintings In rich frames corner etegeres with mirror backs
divans DC.


Dining room. chamber and library.


Comprising rich carved rosewood bedsteads wardrobes
washstands commodes large hair with
quantity OF valuable bet bedding secretary
and bookcase and voire chairs tapestry
pets pearl work tables rosewood pianoorte
and STOOL In music lace and shades
thirty windows superb oak extension table, marble sdo
board with oak dining furniture Of s kinds rich china
silver ware cut glass silver and ivory cutlery portable heat
&c. Sale at lOk precisely, rain shine


WESTCOTT LINDSLEY, Auctioneers.","EASAEB AT AUCTlOU.

OK OOO WORTH OF",The New York herald. [volume] (New York [N.Y.]) 1840-1920
1857-12-11,"Is.ss 70 the SSG msS. ne sss, nSs
afford AYER 'is S1fH asI 0 PiIT ss'f nsya
been prepared with the utmost skll which the medi
cal profession Of THIS age Possesses and their effects
nation of medicines hitherto known. Other prepa-
ratlons do more or less good but this cures such
yond any thing which men have known before. BY
stimulating them into healthy action. they ronovsts
the fountains Of life and ylgor-health courses
sssin. They are adapted to disease. and disease
only for when taken by one IN health they produce
1t is antagonistie to disease, aud more: Tender
children may take them with lmpumty. IL they are
sick they will cure them. if they are well they will


Give them 70 some patient who has been pros
tering form with strens tn again his
lorg-iost appetite return: see his clammy features
blossom into b, health Give them 10 some sufferer
ok, skin is covered With sores who stands or ats Or
out with every potion which ingenuity could sug
gest. Give him these PILLS. and mark the effect !;
see the scabs fail from his body sss the new, fair
skin that has grown under them; see the late leper
humors have painted rheumatism in his Joints and
too has been soaked through every muscle Of his
body with linments and salves; give HIM these
for, aias there are cases which no mortal power
can reach: but mark. he walks with srutGhss now.
Give them to the lean, sour, hnggsrd dyspeptio,
whose, gnawing stomach has long Ggo eaten every
smle from his face and every muscle from his body.
See his petite return. and with il his heath sea
the new man. See her that radiant with health
and loneliness asted ard too early wthering away;
want of exercise mental anguish, some lurking
disease, has deTanged the internal organs of dres-
ton. ION secretIOn.tiil they do their off
Her blood Ia vitiated, her health 10 gone. Give
her these PILLS TO stimulate the vital principle into
renewed vigor, 10 cast out the DISTINCTIONS and in
fusea new vitality into the blood. Now look again
the roses bosso on her cheek. and where lately
sorrow SAT, JOY bursts from every feature See the
W. fad W ypnf ms tfS strt1v
features tel without disguise and painfully dis
tInct, that they are eating It's hfe away Its Punched
up nose and ears, and restless sespings, tell the
dreadful truth In language which every mother
knows GIVE At the PILLS IN large doses to sweep
these vile paTas ties from the body. Now turn again
and see the ruddy bloom of childhood. Is it nothing
to do these things! Nay, thew the marvel Of
this age: And yet they are done around yon every
day. :


fave you the less serious SYMPTOMS of .hes dis
tempers, they the easier cured, Jaundice, Cos
nveness, Headache, Sideache, Heartburn. Foul
stomach. Nausea, Pain in the Bowels. FIatulency.
Loss of Appetite, Kings Evil Neu algia Gout and
Kindred complaints all arise from the derang ements
veringy ard under the counsel of good Ply SLOAN
u you can; II not, take them judiciously by such
advlce give you, and the distressing, danger-
Gus diseases they euro. which affct many mil
hons of the human cast out like the devils
or o.d-they must burrow In the brutss and in the
sea. Price 25 cents per box-5 boxes for 81.


II. d, Il.MAN, Washington; and by H. COOK
CO., Alexandra, and all dealers in Medicine
every where. do4m",,"Evening star. [volume] (Washington, D.C.) 1854-1972"
1857-05-27,"FOX VAN HOOK, REAL ESTATE AGENTS
Il 4So1z Seventh street, above street, have for
sale a bargain, that very desirable and pleasantly
situated twO-stOTy FRAME HOUSE with Base
ment, south A street, between I'd and 81 streets
Capitol Hill, containing Gas and Water Fixtures
House, Sheds for coal and wood together with TIE
large Lot containing about 1910 feet, tastefully laid
out, with Iron Railing in front.


Also, the three story BRICK HOUSE, and LOT
corner OF fennsy lvanla avenue and south street


Both of these properties are included in the con-
templated extension of the Capitol Grounds and of
Ter favorable opportunity for investments.


NAV o 2W",,"Evening star. [volume] (Washington, D.C.) 1854-1972"
1857-02-04,"ALBANY. feb. ., 1901


rlICroN uyuID STATES SENATOR.


On the general Of the day nothing Of interest
done until twelve O'Clock. when The Speaker announced
that the hour had arrived for the election Of United
States Senator In the place Of Hon Hamilton Fish, The
list Of members hen called and the first ballot
Preston King had II votes Daniel E. Sckles 49, and
Joel j. Headey o.


When the FIRST vote cast for Mr. sichles, Mr.
Clinton raised point Of order constitutional objec
ton, and challenged the vote.


The IAKHR decided that he had no right 70 refuse the
vote Of member but In bis opinion the votes cast for
Daniel E Sckos were, under the constitution Of the
state, null and void.


Mr. AIIKS protested against the decision OF the Chair
The spRAEER-The Chair has made decision.
hessrs. Wskeman and Glover were appointed q com
mittee inform the senate that the House ready
meet that body and compare nominations committee
from the Senate having made the announcement 10
the House. the members Of the Senate entered the AZ.
semby chamber and the journals OF both houses
read; when the nominations being found the same the
President OF the Senate that Preston King
duly elected United States Senator iox six years from the
fourth Of March next, In place Of Hams on Fish


dense crowd WAS present daring the proceedings.","Assembly.


ALBANY, Feb. 3, 1857.",The New York herald. [volume] (New York [N.Y.]) 1840-1920
1857-12-24,"A SPECIAL. MESSAGE.
""A IMPORTANT.
message from the President the nation always reads
Though party men approve or blame. their party





And by special messenger Ills waited 10 and fro:
But the message would publish from Messenger Co.
Ts abou, good old wines and English cordial GIN
As fine Ger in all life has passed Your lips
Search cellar IN the land there's nothing there know,
Can equal the exclusive brands Of Messenger 90.
The holidays have come NJ last with Jolly Christmas cheer,
And Injuries Of every Kind the bright New Year
But you wish the choicest wines and liquors here below
just send a messenger at once 10 Messenger TO.
This fellow citizens, from end to end:
Most cordially ID. cordial gin 10 all recDmnen4.
And never yet from pipe butt did wines


flow,


Than those you get, cheapest from Messenger Co
Then here's hurah for Christmas tines the gloom has passed
away


Banks pay In gold trade smiles see brighter day
Then spread tables with The best aud let good dow
Prom The cellars Of tho well known house


Il. v. MESSENGER a 90, IS Fulton street.",SPECIAL MESSAGE.,The New York herald. [volume] (New York [N.Y.]) 1840-1920
1857-04-28,"THE SAD STORY OF THE MILLEI
: By"" BILL.""
Tbere was q good sized brook that came
From out a steep slde-hlll,
And gurgled down among the stones,
And ran along until
It's onward course was checked, and IL
Was damned up by mil.
And there il spread out in pond
That keeps full all the year,
And had some foam upon its top


That made it look ike beer;
And all the small boys used to come
And FISH for bull-heads here.
The miller was a red faced man,
And had a red faced wife;
Folks said that they had never lived
Together without strife
But that she acted like the mill,


And clattered all her life. ...
But bye nd-bye she ran away


W 18th man who keeps q store,
And he never saw her face again,


Thereafter, any more;
And folks supposed he only wished
That she had gone before.
But no-he had n tender heart


And when twas Christmas day,
lie broke a bag hole In the Ice,


And dOrs, and sunk away;
And not ripple In the pond


Did how he died betray.
Because twas frozen hard and stiff,


And couldn't ripple then,
But when the spring time broke 1t up,
1t rIPpled, OF course. again.
But the miller never Heated back


Before the eyes OF men.
QUAIL's NEST March, 1857.","EVENING STAR.

TFrom Porter's Spirit""
PAsTUREAL -.","Evening star. [volume] (Washington, D.C.) 1854-1972"
1857-06-07,"Y Of carriage horses-E ,. H. SCHHNCK will sell at


Potion Tue sday May at their esroom N, SO Nassau


Rect At one O'Clock an elegant Of long tall bsv horses
xten hands SIX and years old OF
lyle and acon have always been driven wthou, check


very stylish and free drivers and warranted perfect


kind sound and gentle every way and .ith hlemsh
'lso elegant dark bay horse long tail black
lgs sixteen hands, Is elegant single harness saddle


rse and warranted perfectly Kind sound and gentle
very way Also brown horse, four years old ssrrsned
every way. Also wagon and harness. Also a fns
way with pole and shafts .lso general er road wagons",ow ~ sCHENCK. AVcTI9NEE SHsSU span,The New York herald. [volume] (New York [N.Y.]) 1840-1920
1857-06-27,"[Paris (June 81 Correspondence OF London Times


The last week has been profitable for the Paris
shopkeepers The cutie Of the King of Bavaria other
foreigners sho visit Paris In great numbers made
large purchases Of articles of luxury The accounts from
Lyons more encouraging than those received fifteen
days since II would appear that the demand for
ia auref silk articles increases In proportion to the
creased price Of the material Some silk maafuctu
u Lyons find it difficult to execute all the orders
received for the fashioned expensive articles for
which that city 1, celebrated. Some American comms
sion agents bave Notwithstanding the bad accounts from
New York given orders for silk goods TO be delivered in
the United States after the lst Of Juy-tha Is when the
customs tariff shall come into oper alton.


The accounts from the silk producing districts still
contradic ory. They have, nevertheless become more
cheering for some days past under the influence OF fine
weather There exists, moreover, large stock OF raw
elk at Lyons and Other towns in the south, which, IL
hoped will prevent speculation. Letters from
vaence that the weather had been rather rainy and
that the skwor appeared to feel he influence Of the
atmosphere fresh north wind had subsequently i'm
proved the worms, which languishing and had
passed through their third STAGE and strong hopes
entertained that the elk crop will amount fair average
In the Ardeche considerable losses sustained after
the had passed through the third stage-osses
which were forur atsy repaired amer the fourth stage
Fortunately, the mulberry leaves abundant 5000
settles last week at 26fr the kilogramme The accounts
from Napee Lombardy and Spain calculate only two
nths of an ordinary crop.",Trade OF Paris.,The New York herald. [volume] (New York [N.Y.]) 1840-1920
1857-12-10,"Additional from the Utah Expedition.
SUFFERING OF THE TROoPs-BRIGHAM YoUN0'5 PLAN


FOR THE WINTER CAMPAIGN.


ST. LOUIS Dec. 8, 1857.
letter to the Republican from the Utah expedition
the main points of which teegraphed this morning,
stes that Col. Cooks command $50 miles west Of
Fort Laramie the Sd of November Thus far the ira
yelling had been pleasant and easy but the weather
was growing colder provisions getting scarce provender
giving out and IS apparent that great hardshps
fore them still


Notwithstanding the threats from Salt Lake City the
entire army will proceed rapidly the elements and
the supply OF food will permit, to the winter quarters
marked out by Colonel Johnston Honey Fork, Green
river.


is rumored that Brigham Youngs intention Is 10 fight
the troops this winter, II will afford the best chance
for equal conflict and then before rcnorccments can
be sent TO the troops in the spring destroy all the Nor
mon possessions in Utah and proceed to some other
country.",THE LATEST NEWS.,The New York herald. [volume] (New York [N.Y.]) 1840-1920
1857-02-03,"CLOSET FACING THE STAIRWAY.
The partitioped off corner facing the stairs merely
served place for hanging dresses and osher aru
ces of ladies', wardrobe large trunk u In the room
and towels and rkir In dis about the oor which
is covered with mating. Here found blood stained
shirt marked ""CharlesJ Ketohum,"" aud several CORY
spots the mating the door One Of the off,
GERS informs reporter that SnodgrAss claims this
shirt o. his property.


RIGHT HAND FRONT ROOM.


The right hand front occupied By srodgrass
used q dormitory, and contains large bedstead two
bureaus washstand, two chairs, trunk banjo, and
couple plaster etauettes OF Rolando and Gil Bias with
several articles Of male attire lying about the apartment
being In general state OF disorder One bureau
tans mans clothing whilst the other, which par
tally empty, afforded woman's comb hair pins pearl
powder, &c.


LEFT FRONT ROOM.


The adjoining front room WAS tenantles The door is
covered with mating, and old washstand and chair
al the apartment contains. Tho Ore crate has ev
IDENTITY been lately used and rang out the cnders
Saturday, u stated that small quantity Of ashes OF
some woollen substance found There two spots
Of blood the handle OF the door, and near the
keyhse.


THE BAcK ROOM.


The back ID the largest the Roor and was
cupied BY Miss Cunbin CHAM. 10 matted throughout and
contains full set OF black enameed furniture and ,ok
rack well nled with works various topics. By the
side Of the bed Ia large wood stovs from IT, yesterday
afternoon, taken piece Of newspaper covered with
blood.


The parttoned on corner adjoining merely contains
bedstead, chair and barrel, used q table, and few
articles OF woman's attire.",,The New York herald. [volume] (New York [N.Y.]) 1840-1920
1857-12-11,"Important from Kansas.
PROCEEDINGS OF THE MASS CONVENTION AT LAW
RENcE-A LOUD CALL ON THE TERRITORIAL
LEGISLATURE.


ST. LorIs Dec. 10, 1857.
The Democrat has received letters from Kansas tonight
containing the proceedings OF the delegates the Conven
ton held at Lawrence the I'd inst The entire Terri.
tory represented. Charles Robinson was the Pro-
sdent.


Resolutions unanimously adopted repudiatng the
Iecompton constitution; pledgng ceaseless hostility 10 IL
denosncng the elections To he held inst and
ath proximo declaring that the Legislature elected
on October 8, shall not be suspended by any
constitution or State government until a far and
impartial vote be had endorsing the Topeka constl,u-
on and requesting the Territorial Legislature their
extra session, to frame election law and submit the
Topeka and Lecompton constitutions the peoplehe cus
receiving majority OF the legal votes besomc the fun
damental Law OF the State OF Kansas


resolution was also passed returning thanks Secre
,ary Stanton for calling special session of The Legsla
ture


Speeches were made by Governor Robinson, Gen lane
End Messrs. Tucker, Redpath and others.",THE LATEST NEWS.,The New York herald. [volume] (New York [N.Y.]) 1840-1920
1857-07-29,"WHAT Man CAN LIVE UroS-Thp ypyetari-
ans Will fluid an argument for their antipdthy to
flesh in the results OF some experiments made in
prison, where II was found ten persons gained
four pounds of flesh each in two months eating
for Breakfast eight ounces of oatmeal. made into
stir about with pint of buttermilk for din
neT three pounds boiled potatoes, with salt for
pint huttermilk, which cost two pence three far
things per day. Ten others gained three and a
half pounds OF fiesh, eating six pounds of boiled
potatoes daily, taking nothing with them but
and bu;termilk. without the potatoes as the first
ten, but foE dinner had soup; they lost one and 4
quarter pounds of flesh each--and twenty others
who had less, diminished in size in the same
manner.


From this IL would seem that potatoes were a
better diet than smaller quantities of animal food
at least for persons in confinement. The meat
eaters, If they had been allowed ordinary exprci-
SrS, might have exhibited entirely different re-
Sllt",,"Evening star. [volume] (Washington, D.C.) 1854-1972"
1857-04-01,"ByJAS. C. MCGUIRE, Auctioneer.
SUPERlOR ROSEWOOD SEVEN Octave
- Piano Forte, Excellent furniture and
Housekeeping Effects At AuctIon On
TUESDAY MORNING, April 9TH, at 10 o'cl'k,
at the residence Of lady declining housekeep-
ing, on the west side Of 9th street, between E and
streets north, shall sell all the Furniture and
Effects, comprising
Superior Rosewood seven octave Piano F orte, by


Lorenzo Mott
Mahogany Hair spring seat Sofa
Arm and Parlor Chairs
Marble TOP Centre and Sofa Tables
Walnut and ahogany Gard and Route Tables
Handsome Damask Lace Curtains
Whatnots, Rockers, Fancy Chairs
Cornice and Fixtures
Velvet, Brussels, and Three.ply Carpets, Rugs,


Oilcloth
Extension Dining Table, Mahogany sideboard
Cane-seat Chairs, Lounges
Granite and F french China, Tea, Coffee, and Din.


ner Service
Tea and Coffee Ums, Chaaug Dishes
Table Cutlery, Glass Ware
Walnut and Mahogany Jenny Lind Bedsteads
Marble. top and plain Bureaus
Walnut and Mahogany Marble-top Washstands
Handsome LANDSCAPE painted Cottage Set
Superior Feather Beds, Bolsters, and Pillows
Hair and Husk Mattresses, Toilet Sets
Excellent Blankets, Comforts, Spreads
Granite and painted Toilet Sets
Two excellent Cooking. Stoves and fixtures
Together with general assortment Of Household


and Kitchen Requisites.


The above furniture Is all nearly new and Of
excellent quality.


Terms: $50 and under cash; over that sum, a
credit Of 80 and 90 days for satisfactorily endorsed
notes, bearing interest


mar Gid las. G. MCGUIRE, Auct.","ByJAS. C.. MCGUIRE, Auctioneer
SUPERIOR ROSEWOOD SEVEN Octay,","Evening star. [volume] (Washington, D.C.) 1854-1972"
1857-01-17,"In addition 10 these add the receipts by the Ceu
trail Railroad, Morris and Essex road Long Island road
and miscellaneous there must have been lbo tons day
OF poultry into the city during tho holidays Fish
are scarce and high, with prospect Of reduction Until
spring. IL almost impossible to fish on these coasts
during this weather Hsddock and cod alone
BILE In price. Hslibut will DO In. Oysters have
advanced twenty per cent In price In consequence
Of The East river and Long Island Sound being frozen
over ard The supply Of these delicious blvaves
queny shortened Eggs and butter have both advanced
in price, The following are the",,The New York herald. [volume] (New York [N.Y.]) 1840-1920
1857-12-30,"PoUGHkEEPsIE, Dec. % The New World
proceeded from New York last night. She got
as far as East Camp when she was Compelled 10
return on account of the ice She landed most
OF her passengers here and proceeded 10 New
York. Navigation above Rhinebeck NAV he
considered closed. River free from ice 20 this
point. 't.'


ALBANY, Dec. % The ferry bodts at Tivoli
Catsklll aud Rhineback are all crossing and the
river partially open. At Hudson they are cross
ing, partly by boat aud partly on the ice AZ
Albany the ferry channel is kept open, but the
nrwsooys cross with their papers on the ice,
within a stones throw Of the channel The
Steamer Austin, with her tow OF several barges,
was near New Baltimore about eleven this morn
ing SHE will probably 90 through. The weather
- mldeT to-day than Yesterday",Navlgation N the Ea.t.,"Evening star. [volume] (Washington, D.C.) 1854-1972"
1857-07-21,"TIKI CRY CARs-Pttitons, numerously signed, were
presented to the Common Council last night, requesting
that the Brooklyn City Railroad Oom be requested
the all night. The subject was temporarily laid
not being present.


A Row.-Lsst evening roS occurred In CARL street
Tlary. man. appears, buried bis wife on satur-
cay, and Monday took fair damse 10 the priest. for
the purpose Of being married again This did not agree
with the vrtuous ncighbors They couldn't sand II, and
80 raised q row. Come hundreds gathered about, and
commenced stonug the house. They smashed the door
broke the windows, and raised dts generally. Under
Sheriff Sryker arrived and arrested man, and the De
putty Superintendent OF Police with pose and
dslersed the crowd. The affair th eatenet serious
quences for while, but all amicaby settled the
arrival sf In police.",Brooklyn City News.,The New York herald. [volume] (New York [N.Y.]) 1840-1920
1857-04-27,"SUNDAY, April .1-6 y. NJ
The stock market during the past week has been in
highly feverish nuctnstins state The butts and the bears
have carried the contest with great deal Of spirit and
the hsnsastions have been ts sggrrgseo
amount. Atre close Yesterday lower prices rued than
GU the previous Saturday rhe tendency war Downward
throughout the week in the fce Of easy moacy
kei and fhvoenble bank exhit. The Of the
ket ss surprised so~e Of The most inveserste bear.
Very few Of hes expected 70 see prices touch such low
points, but the decline progressed daily became more
and apparent that the market would not Tor long
time react Tue irsses the esing speculative railroad
stocks have been great, but the bull operators have
paid up well Several failures have occurred, and many
private compromises have been made We may look for
tme for quiet state Of things the stock market
Prices much bottom than they we're few
weeks since and future fluctuations likely W DO
violcot.


The expectation c specie from this pcr. lat seck
a. follows


sHpsuSsrs st7tzr Poxr or NEv Goax.
Ship Nabob Hong Kong. Mexican dollsrs.. 100000 %
Steamer Constitution, Antwerp specie lido %
Schooner Castor, Arroya American god..... 1000 W","Murray 4 L.anman's Floridl

FINANCIAL AND COMMERCIAL

n . n e II M A b X L r.",The New York herald. [volume] (New York [N.Y.]) 1840-1920
1857-02-01,"CountTy-h Severe Rain Storm In New
York, and It's Effects upon the Streets-Ths
City Flood from Battery to BuIi's Head
OVERLOOKING OF the Cellars and Easements
why are not the CuIverts Openod!-Butter-
milk Channel Clear, but the Rivers and
Bay Full OF Floating Ice.


January has been doing s utmost for three weeks
past TO be di'ssreeabe stormy and unpleasant pos
sihle but yesterday, the last OF is exstence quite
surpassed itself, and succeeded in maslny oil
unfortunate New Workers, who had business out doors


n,eDseay miserable and uncomfortable. THIS month wo
have had ''ood snaps' innumerable, snowsorms with
out number, and othor atmospheric phenomena OF a
most unpleasant character but the storm OF yesterday
was positively outrageous and is difficult to find
word In the English language, oopious ~ Il h In the
vocabulary OF vtuperatiou, 10 give Htting sppeatcn.


commenced early in the day to snow, and the ground
was soon whitened but presently changed 70 hail and
rain, with the wind blowing perfect hurricane from the
northeast The hail stopped about ton O'Clock In the
ming, but during the day quantities Of rain
fell, and the city deluged from TO river and
from Bulls Head to the Battery.


Had our city been kept in proper order, and the ord
nances enforced that the culver kop open and
the cutters clear Of obstrucons the rain storm would
have made short work Of the remains Of aud ice In


the streets and al the cumbers the thorough


fares would have been swept into tho rivers, to be
again but shsmeully remiss the authorities
and 20 neglecul in enforcing the city laws that this
storm which would have been blessing has proved TO
be most unmitgated evil, and has brought nothing but
mischief 10 the Inhabitants OF miserably governed
metropolis.


Previous TO the storm the streets had been in saw
ful' condition The had been cut up by the
sleighs and curious compound had taken It's place. 1t
was composed Of mud ice, ashes, water, horse drop
pings dead cats and dogs and other deecta-
BILE Ingredients, oil mixed up and commnuted by the
horses, seghs and wagons until formed thick paste
extending from curb stone 10 curb stone, and covering
the pavement 70 the depth Of eight incheS. Over
the gutter In the aide streets there piled
ashes and intermixsd and about two feet deep
average while thirds Of the cuverts the city
closed up by frozen ice and OF course, IL ones
business to see them kept cpen may easily be ina.
gned what violent rain storm would do with this state
Of things exAtng There outlet for the wafer,


flied up every depression in the street, and formed
pools and miniature lakes all the city. The cross


nss were particularly bad the pedestrians had beaten
down . pathway which the rvulets discharged thcm-
sevcs into forming most deceptive crossings, they
were with ice unfortunate eers did
know what they until they had pumped into them
knee deep Those who are curious to know how Egypt
would look before the Nile subsided had better visit Now
York, which ut present nice looking place for mud
turtles, crooodies algaiors, and similar plearant and
smiabe reptiles.


The condition OF the few ladies' who ventured into
Broadway pitabo, and the time ludcrous In
the extreme Some sensible the long Indis
rubber boots which, though they curta curious youus
sentemens privileges, yet nicely protect the Anklcs
permit the elevation Of beyond danger Of


tact with ths sush and debri, the streets. Tne majority
however, "" stssed along tho amount OF snir
gaer boo and delicate little strapped over,hoes which


for all purposes Of protection, nigh, rs well occupy theI
original position In . fashionable shoemaker's window
held up their long dresses above the average idea OF pro-
priety aide, while the other dragglod along heavy
la.urated with dirt and MOISTURE and uni,ang the
unpleasant peouiartes to their hose aud skirts
the most courageous essayed sometimes to cross III
street. sunk two or throe times in the holes and qusg
mircs looked wildly about for protection, aud were
finally nshed up by ,ho,e policemen whose duty is TO
assist females In Distress and are only who
always to found at their posta great argument In


favor o. those who believe labor ought TO be made
attractive


Dry goods aud fancy stores all deserted by Gus
toners and the clerks having nothing 10 DO amused
themselves with standing the windows and discussing
the various figures cut by the lady pedestrians who
came within range OF their vision ths, s with the
csp'on Of few poor devils whose energetic employers
tho opportunity 10 take stock and kept thom
msking figures instead Of displaying their critical acumen
on tho feminine fractions who forced venture In
the street on sush day.


Pedestrianism was decidedly q, q discount, as II not
only rancd torrents during the day. but tho wind
so strong tha, IL was impossible 70 umbrella
while walking up 10 the tops Of ones boots in Ice por
ridge"" Ia neither pleasant profitable.


""A might be expected, people who occupied cellars and
easements were compelled TO suntr mott little. In all
the streets running down from Broadway the water
which poured aosg ths streets occasionally found vent
and the sidewalks into the collars and base.
menss flooding or them TO the depth OF three and
tour fcet and n the thoroughfares that parallel
to the river, where the ground ID low, nearly all


the cellars Oiled, aud immense quantity OF goods
spoiled. Nearly oil the Easements down Town are
used sorehouses for sugars teas, oose, -four, dry
goods, and dsmagosbe goois OF similar character,
which food Ike tha, Of yesterday 70 Ipurs very
materially.


The city railroad cars managed TO throughout tho
day with double teams but Vas with the utmos. oin.
Guilty tha wagons and cart eould make any hesdway;
and horses In The tsb Of swearing they must have
done good deal Of yesterday.


EThs stcrm undoubtedly extends over immense dis.
rci Of country, and after the heavy mus. have
caused terrible freshcn Doubtless In few days the
telesrsphs and mails vl bring accounts OF bridges
swept away, dams overshrown and villages submerged


In water accompanied By sres, obstruction Of property
The only hope s that 10 ths North and wes the


her may have been cold enough 10 snow, but n FAR as
the storm extends South melt the Ice the up
lands ana hills, and woe to tho poor people
vno i've on the banks Of the siresms which
feed great rivers There only ono saving clause
70 these grcat DISASTERS and ba, that they give the
poor who usually Idle IN the winter plenty OF en-
ploymeni until spring opens. Freshs ali over orr nor
,tcrL country would rvo employment 'or a month 20
three hundred ,hcssaDd peoris


Yesterday moi1iss tbs aeam .ag wsbi ~as hired BY
the merchants "" CO. through 5u,srmlx channel eut
the hcsv7 ,.a ia n, vork NOS s-ec,usy ,hso the
steam tea, asd as ics a sSog hs Leaz lasai shore.
| from Hsnllt,n tory 10 Gowsrai, psr,ed tror the
| sbers snd acated cova the osy v':n ,bs etb uts.
| forming Toe mle and q haf o1s ,,d a NO -te.


bet leaving the who're clear Eor the iru this non,s",THE METROPOLIS UNDER WATER.,The New York herald. [volume] (New York [N.Y.]) 1840-1920
1857-10-25,"NASSAU, Oct. 10, 1855
Ua Weather and Fever Wrecks and Wreck
ing dgerts-dccident TO the 81. Thomas MAI
Packet Collision uih an American Bark.
The past month was very rainy--uuusually So
and the consequence has been that fever has been
prevalent, though not to any considerable extent.
The present month has also been ushered In with
heavy rains; but the north winds have set In and
the weather "", save and except the rain, very
pleasant.


Nassau is not gay at present, notwithstanding the
ead quarters of the Pirst West India regiment IL
here The garrison have commenced that fine
manly old English game, cricket.


Captain Hoyt, who was here last winter a. agen,","news from the Bahamas.
OUR NASSAU IN. P.) coRaKs rorpRsCp",The New York herald. [volume] (New York [N.Y.]) 1840-1920
1857-03-05,"VALUABLE FARM IN VIRGINIA FOR
SALE-lt contains upwards OF 200 acres
pastures, and about 200 acres well umbered, and
along which the contemplated straight line
Railroad to Charlottesville will run. Attached
thereto is a Grist Saw Mill, fed from the South
Anna River, which is part Of the boundary line,
and on which are also 80 acres Of low ground


Soil good, with plenty producing good Tobac-
co, Wheat, Corn, dc


Buildings very superior and very ample, and in
good order


. leo bushels Ct Wheat have been seeded, Tobac-
CO Plant Beds were burnt and seeded before the
Last FROST for Oats and Corn due progress is made


With the estate, the slaves and Improvements,
Stock, etc may also be had, and further infor-
nation given by the Editor Of the Evening Star,
Washington city. mars","For Sale and Rent.

VALUABLE FARM in VIRGINIA","Evening star. [volume] (Washington, D.C.) 1854-1972"
1857-03-16,"SUNpAy, March lb-SP. Il


Inc stock market closed yesterday weak, With down
ward tendency from the second board prices. During
the carly part week the market wss we'll sustained
and there was activity among eosh
for higher and lower prices TOE frcs sellers
and the bulls free buyers. Each party evidently feis
equally confident The result OF the weeks operations
shows thai tho sellers have advantage. The shorts
in nearly every stock the list, have now margin IN
their favor but have not yet seen any dspostion on
their part realize some o. the sAnguine shorts
look for much lower points Time only will determine
which party right the shorts tue longs Holters OF
railroad stocks have for sometime past evidently felt un
easy under the burden With eli their efforts outsiders
would not respopa; win all the organs OF the different
oliques Of could say In favor Of railroad In
vestments generally the public cautious 10 Ak,
hold and there was NO reiief outlet for the large
supplies Of stock pressing upon the market The
market without has been steadily ughteaag and s.ooks
Of fancy character have not been easily nypothe-
Gated The Sub Treasury gradually assamalstes, NOS
wthstsndipg the notifications Of the tariff Tne ship
mens Of specie 10 foreen ports oonnue large for the
season. and Areay much In excess Of those 70 the
corresponding period last year. The season OF our
heaviest payments has yet round, but tue d.
msnd for money IL sufficiently hotlve TO establish at
in rates Of interest The sdvces from Europe oy
tho last steamer shows sudden change Ia ts coalition
Of financial affairs, and must oOk for increasing srn
gency the London and Continental money market ~
every sea ner The aAms dficalty exs.s xu,as all
commercial nations TIE supply CT mouey is not eaau
TO the wants OF the community to carry ia, ,esri
items of commerce. With al the increase In did
credi. system not suoieat basis The
Of property has not increased rapidly enough to ar-d
the usual facilities for exch Inges and uoaey In
demand In all parts Of the world NJ the moment,
The only way 70 remove the difficulty IL, by redus
in commercial transactions, and that come only
the usual course OF . revulson


The expectation OF specie from this port last week
principally TO the West India Islands, and the Aggregates
sp,sII,","FINANCIAL AND COMMERCIAL

",The New York herald. [volume] (New York [N.Y.]) 1840-1920
1857-12-09,"FROM YUCATAN.-The Mexican schooner Edu-
a do, arrived at New Orleans reports having
been spoken on the 18th ultimo, lat $50 north, by
the Campeachy armed schooner Corinna with
three weeks later intelligence from the Yucatan
coast.


Sisal had been bombarded and captured by the
armed vessel sent out from Campeachy, and was
now in the hands Of the revolutionists. No par
ticulars given.


Campeachy yet held out, but was still ION the
lsth) sore besieged by the Government troops
under command Of Colonel Cepeda. During the
whole Of that day, until midnight, heavy cannon
aiding was heard, both from the forts Of the town
and the works of the besiegers.",,"Evening star. [volume] (Washington, D.C.) 1854-1972"
1857-11-26,"Ateegraphc despatch received yesterday states that
the reported arrival OF the soop ofwar Saratoga in
Hampton Rcafs was a mistake


There has no orders yet received on board the
United States frigate Niagara, lying of the
Brooklyn Navy Yard TO put her out Of commission II Is
altogether probable that her crewwh the exception Of
the petty officers and marineswi be sent board the
United states receiving ship North Carolina until spring
She will IN the interval he thoroughly overhaule1, her
mats taken out and all the iron work comprised in the
man fore and mzzen rigging be replaced by strong and
substantial hemp material Her officers, those that wish
H. viii get leave Of absence 10 visit their friends and
homes and after the expiration OF such will report
for duty on board said ship.


The United States rigate Roanoke was taken into


the dry dock at the Charcstown Navy Yard on Monday
night and the necessary repairs upon her will now be
begun


W stated that orders have been received at the Navy
Yard here 10 get ready for 18th all possible despatch
the sloopof war Marion and the brig Perry Their des
nation Is said ~ be Nicaragua In order TO enforce il ne
cessary our treaty with that government as we'll AZ 10
compel the funlment Of their obligations 10 the United
states. The steamer louisiana brought down ninety
eight yesterday for the United States steamer
Powha,'an, oow getting ready 70 join the Eas, India
squadron.-Norfoik Herald, Nor. 81


The United States sloop .ofwsr ysudslia Commander
Arthur Sinclair, ut the Portsmouth Navy Yard, Is ready
for sea and will probably sail the eed inst The Van
daa arrived at Portsmouth (says the Chrnice) about
the first Of Octobe~ 1886 and taken the dry
dock at the Navy Yard June go where her copper
taken on, dech removed, and her planking from rail
down 10 light floating line stripped OF The tbct streaks
ceiling in the hold. and clamps were removed and new
streaks ceiling clamps and decks were put in, and
panks wales and rails put and the ship cauked cop.
pered painted and put anoat IN seventy three days


Orders received TO Of the ship for the 18th
Of October and she reported ready the Tth inst
In the meantime the cabin state and rooms were
completed the ship rugged and her and provisions
put board, and her furniture, curtains shades and
carpets fitted. The ship s furnished with spars,
sa and rigging and u said has been repaired and nued
out the complete ~ any shin Of her size
that has left the United states for many years",,The New York herald. [volume] (New York [N.Y.]) 1840-1920
1857-08-27,"Iwas mach pleased with your article In Saturdays paper
on the new tlean slcops owr for which proposals
being received by the Secretary Of The Navy, In
order 10 obtain The very beat vessels ths, the mercantile
marine rrodroc. This, you say, step In the rgh,
direction, ard would propose another siep, and that for
The DEPARTMENT oder premium model OF tue
sbp and also Of The engines that The working mocha


MOS may have opportunity OF showing shat they
do the Improvement In the construction
steamships Hoping that you will make such Suggestions
his sut ect pour sense OF justice gill dictate,
will greatly obige MANY WORKING MECHANICS.","the New steam sloop~ Of War-Prizs Models.


TO THE EDITOR OF THE HERALD.",The New York herald. [volume] (New York [N.Y.]) 1840-1920
1857-03-01,"ALBANY, Feb. Is, 1851.
Mr.. CUYIn reported against the bill giving the New
York Juvenile Asylum power bind out children. The
report WAS agreed 10.


"". NICHOLS reported hvorably on the bill amending
The charter of the Laiarge Insurance Company.
N. BIooKs reported adversely 70 appropnatng $780,,
go for the purpose Of erecting executive mausion,
and authorizing the Commissioners Of the Land Office
receive proposals. for the sale Of Academy PARK any
ether locality.


Mr. UPHAN reported the Assembly Apportionmen. bill,
stating that Kings county has members instead Of
ihyee. and Now York seventeen instead Of sixteen.
M PETTY Introduced bis bill increase the number OF
hlbor Masters 70 fifteen.","

Senate.",The New York herald. [volume] (New York [N.Y.]) 1840-1920
1857-07-31,"WARRINGTON, July 70, 1857.
Tho Convention A Old Point yesterday, to further The
project or A. Dudley Mann, largely attended Dole
gates were prescn, from Mary land Warrington Tennece
North Carolina, Virginia. Georgia and Texas John Tyler
Sr was tho President Honorsblcs D. NJ Barrirger and
Hamlin Moore and n Fails and Thomas Page, Esaurcs
Vice Presidents Letters were read from all the members
Of the Cabinet, Lieut. Maury AMI others, strongly eo
dorsing the phn. Committees resolutions ani sub
scrption were appointed. Adjourned TN to morrow.
The Indian Bureau has been Informed that the sales or
the western portion OF the Delaware Indian Trust lands
had. the 18th inst reached nearly Sis ooo d was
supposed tba, nearly tsr million Of dollars would ~
ixpd","TIE GENIAL uwsPAPn pHRArca.
CONVENTION TO SUSTAIN DUDLEY MAEN's PRoPosBl
ATLANTIC sTYAx FERRY, ETC.",The New York herald. [volume] (New York [N.Y.]) 1840-1920
1857-06-04,"CINCINNATI, June 3-Six trains of cars con-
tanning over one thousand persons, including the
northern guests from Baltimore. philadelphia
and New York, left Chillicothe this morning to
participate in the railroad celebration Their
departure was witnessed by an immense and en-
thusiastic throng. and at various points along the
route the citizens were assembled and greeted the
trains with cheers.


At Blanchester, Governor Chase. of Ohio. made
speech in response TO calls upon him. General
CaSS was also complmented with cheers.


The guests arrived here at , o'clock. and are
now preparing for the formal reception on the part
of our city authorities. They were received at the
depot and conveyed to the quarters assigned them
by the committee of arrangements. Many of our
citizens have thrown their houses open for their
accommodation, and the most unbounded hospi-
tality prevails",Arrival Of Excursionists at Cincinnati.,"Evening star. [volume] (Washington, D.C.) 1854-1972"
1857-06-04,"EOX & VAN HOOK, REAL ESTATE AGENTS
Il 1905 Seventh street, above ID street, have for
sale a bargain, that very desirable and plea sanity
ment, on south street. between I'd and Sd streets,
Capitol Hill, containing Gas and Water Fixtures,
Bath House. Furnace, &c. Also, Stable, Carriage
House Sheds for Goa and wood. together with the
large Lot containing about 1900 feet tastefully laid
out, with Iron Railing in front.


Also, the three story BRICK HOUSE and LOT
corner of lonnsy lvanla avenue and south street.


Both of these properties are included In the con-
templated extension of the Capitol Grounds, and Of
fer favorable opportunity for investments,


may 25-2V",,"Evening star. [volume] (Washington, D.C.) 1854-1972"
1857-01-10,"FINODD CO, UNDER BROWNS HOTEL,
Il beg leave TO announce the arrival from Lon
don and Paris OF their splendid collection OF
RICH FURS, made in the most fashionable
styles from seasoned Soft-dressed Skins They
would invite particular attention 20 their elegant
and much admired


MhNTILLA TALMAS,


PELLERINE VAN DYKES,
VICTORIN ES, with NJ uffs and Cuffs 70 match,
Of HUDSON BAY SABLE,


MINK. STONE MARTIN,
FITCH q MOUNTAIN MARTIN,


LONDON LUsTRED,


BLACK LYNX,


and ERMINE;
RICH FUR TRIMMING,


for Cloth and Velvet Clcaks;
SWhNSDOWN TRIMMING;
ELEGANT SIBERIAN SQUIRREL ROBES,
for Cloak Innings, or cut for Trimming;
LADIES' and Gentemen's FUR GAUNTLETS;
Gentlemen's TRAVELLING MUFFLERS,


Of Beaver, Otter, Nutria, and Seal Fur;
CARRIAGE ROBES,


OF Bear, Fox, and Buffalo Skins.
TODD & co for the past twenty-five years
have devoted much attention TO this branch OF
their trade, purchasing exclusively for cash, sell
ing at moderate prices, and by sdhering 10 their
determination TO deaf In no article that would not
bear the strictest scrutiny, they have secured a
large and increasing trade from all parts OF the
country.


Purchasers are invited 70 visit their establish
ment and examine the most extensive STOCK
OF FURS south Of New York. oc3l-3tdeof",FURS!-PURS..-FURS.,"Evening star. [volume] (Washington, D.C.) 1854-1972"
1857-08-17,"= = LNeglectiny over long ,,
The bosIy Joys that help to make rs wise;
The rambls up the slope
81 of the high mountain cope,


The long day 3 walk, the vigorous exercise
The fresh, luxurious bath,
q, Far from the trodden path,
Or mid the ocean waves, dashing with harmless
Lifting us OF our feet upon the sandy shore.
Kind Heaven. there is no end


Of pleasure, wend


Our pilgrimage in lifes undevious way,
III we but know the laws
VI the Eternal Cause,


And for His glory and our good obey.


But intellectual pride,


Sets half these joys aside,
And our perennial careabsorbs the soul so much.
And life grows dim aud cold beneath Its deadenlng


touch.
Welcome, We plump green msads,
streams and sIghIng reeds.
Welcome, ye corn fields, waving like sea
Welcome the leafy towers,
And children gathering flowers!
And farewell, for while sage drudgery
What though were growing old,


Our blood Is not yet cold. -,
Come with me TO the fields, thou man OF many Ills,
And give thy limbs q chance among the danoalls!
Come with me to the woods,
And let their soitudes
Re-echo to our voices as we go
Upon our merry brain
Let childhood come again,
Spite of thy wealth. thy learning, or thy woe.
Stretch forth thy limbs and leap


Thy life has been asleep;
And though the wrinkles deep may furrow thy pale


brow,


Show me, AZ thou art wise, how like child thou'rt


now.","EVENING STAR.

A PLEA FOR OUR PHYSICAL LIFE
..-.T I-ssr CHARLES MAcKAY.","Evening star. [volume] (Washington, D.C.) 1854-1972"
1857-08-17,"DEATH OF ''LADY Mac This celebrated and
universal favorite OF the turf and road Lady
Mac, :"" is no more. While being driven violently
In descending road, she fell and broke her neck
Lady Mac was. perhaps. more generally known
than any horse in the Union for there was not a
track throughout the whole valley of the Missis-
sppi, from New Orleans to the Falls Of 81 An
thony, that has not been the scene Of her pac ing
exploits. She has been in California SOME four
years, during most Of which time she has been
kept as private nag bot some eighteen months
since MI Hunt added her to his splendid livery
stud, and the Lady, has almost daily trod the
road, coming money,fO her owner and affording
the hig hest satisfaction TO the whip who had the
fortune to set behind her",,"Evening star. [volume] (Washington, D.C.) 1854-1972"
1857-09-26,"IL II anything more touchingly beautiful
than the following ballad ever came from the
depths of the human heart, we have not seen it,
saws the Editors Of the Caroline Times:
NEAR THE LAKE WHERE LROOPED
The WILLOW.
GEORGE p. MORRIS.
Near the Lake where dropped the willow,


Long time ago.
Where the rock threw back the bIllow,


Brlghter than snow
Dwe,t maid, beloved and cherished,


BY high and low;
But with autumn's leaf she persisted


Long time ago.
Rock, and tree. and flowing water,


Long time ago
Bird, and bee, and blossom taught her


Loves spell to know,
Whhe to my fond words she listened,


Murmurlng low,
fendeTly her dove eyes gllstened.


Long time ago,
Can now forget her? Never.


No, lost one no.
To her grave these tears are given.


Ever to low
shes the star missed from Heaven


Long time sgo!",EVENING STAR.,"Evening star. [volume] (Washington, D.C.) 1854-1972"
1857-12-31,"IRON n Crenics dc Costa Rica, Dec 2


HONORABLE RTpRN~rSrAuyrs-Not only the people of Nj
aarna MOI only the states Of Central America not only
the spanish American republics but also the republic Of the
United states Of North America and the principal nations
the European Continent waiting full Of expectation
for thi. happy day which depends the future fate Of
this country the solution Of the great problems and
questions pending between her British Majesty and tue
United States between those nations and the republic


Divine Providence which by its direc, intcrposon aud
means has assembled you IN this august place, will not
abandon you the contrary, will press you TO lie bo
like the born child which protects rs limo
cence. God forbid that you be msled 20 single step
ton We that your hearts full Of traterna
love and Kindness, and that your resolutions VIII be


Meanw he IL is our first duty congratulate you upon
your installation, by haiag you the dawn of better days


the prelude Of the future felicity Of the republic The
history three years should forever be buried
In oblivion, together with all folics, mistakes and
error DID not involve the gorou. national camlasn
states the bet opportunity Of spreading the glory ~
their all parts Of the world Central America
confirmed the axiom that ""a nation which wants "" be
free will he however weak she may be considered
for her forth triumphant out 81 the strug
gle against want of unity other numberess obstacles
and preserve her independence showing besides
her magnanmiy towards the very who had
laid waste her nclds set On FIRE our nne hsbitstions
and hanged aud assassnated brothers May Nicara
qua preserve only the remembrance honorable
generous part she played n the events which filed these
three years let All 'ne rest WIN ~ cIassncaons ana
let Us pass 10 the present epoch which dates from
the Gath Jgne 81 this year.


Notwithstanding the convention Of September IL the
whole population Old obey the provisional government
of Sctor Rvss. aud although there umuts
or rebellion there was Wanting the administrative unity
Indispensable 10 the formation OF the supreme author
ties of the republic. Although there was a pressing ne
cessiy the Of the people to the elections
which anxously looked tor by all parties each
OF them wishing 20 be the absolute master of this
important act, the provisional government, which
twice bad issued the decree Tor convokug the
electors obliged to suspend again, and there


general fear prevailing lest the parties might 70
blows and the conqueror after removing all obstacles
carry his plans In the midst OF this conflict General
~ Gerardo Barros, commissioned by the republic Of san
salvador TO this republic, residing AZ TINT amongst
us convoked the influential persons o! either party
unta Of reconciliation, and although all seemed to
on the person who 10 exercise the functions
prere magistrate, the election did not take place aud
the whole matter put OF 10 another time with evident
signs Of great luminosity.


As the reunion convened by Barros led 10
understanding between persons belonging 80 either party
the latter each his part brought about meetings
ont Of which resulted the iunta organized by Generals
Maxine Jerez and ~ Fernando Chamorro In this city
the beginning "" June.


commission "" individuals nominated nv either party
was chargcdwih enettuaug agreement hut untortu
na,ely all efforts made to this effect remained frutess
The i2h of June arriving each party resolved 10
paratc Itself from IT, opponent divide the State into two
parties, each party providing for themselves ~ hest
would them, AZ the risk of secession 70 another
state. such resolution, only the offspring 81 a
moment q despar, which would have ctoset toe","ADDRESS OF TIE EXECUTIVE GOVERNMENT
TO THE CONSTITUENT CONGRESS or THE
REpti &c OF NICARAGUA",The New York herald. [volume] (New York [N.Y.]) 1840-1920
1857-12-05,"GRAsRoPPERs on THE RIO GRAsDE.-The
Brownsville exas) fldg YES disastrous Of the
work 81 the grashoppers in that region ""Myriads nfest
the atmosphere between Roma and Rio Grande Csy al.
most literally stripping the heds OF everything that


green. Even grass IN the fields does not escape their
rsvages"" letter from the latter place adds And the
Of rs that the work Of prccreaon "" going
pidy, and myrads 81 young ones are hopping the
ground never would have imagined or believed, had
not that grasshoppers could 1y they few. Az
bgh the extended far animal Of their
SIZE could be they we're up In the ar flying ther
end thher like a. the whole OF out doors i'm
Eense swarm ~ bees. They endure the wing sppa.
roty All day bat did not appear 20 extend their rsvages
las<r Than about four miles day down the river. How
Tar uey went down south do not know.",,The New York herald. [volume] (New York [N.Y.]) 1840-1920
1857-07-06,"The vacation Of the law courts has Commenced.
There will be jury trials, and the business Of tho
Gus branches OF the courts viii be confined general
term. chambers, AMI spe,isl term motions.


Anongs, these will be the stree, Commissioner dcul.
~, AMI doubt many other moves connected with our
municipal troubles The Supreme Court General Term
has adjourned 10 month tho Superior Court General
Term gill have one or t~o sttiDgs the Common Pleas
General Term vil aso be held this month FOR hearing
appeals and Ter the rendition Of decisions the Marine
Court viii continue In session for trial and special term
cases. the Law directs that that shall be opeo for
business throughout the year except the national ho.
days.


The July term OF the Court Of General Sessions com.
mences this morning. Judge Russell presiding The Court
will be two weeks, for the trial OF prison cases
only The suboncd calendar does not contain any cnuse
Of special public interest The following the calendar
OF pfisoners for General Sessions, July Term, 1857",The July Term of the Law Courts.,The New York herald. [volume] (New York [N.Y.]) 1840-1920
1857-07-06,"THE LATEST FROM THE SCENE or RIOT.


rvRruvR ARxEsrs.


The police have been making srrcsss suspcious los
ng persons this morning. whom they found oicrine abort
the headquarters ii Us White street Edward Burke ~s
taken Into custody by officer Ru,sci having loaded cane
IN his possession. William Homer aucncd by the
onlcer . charge Of interfering with the police
the discharge Of their duty. The prisoners bsh
committed by Justice Osborne, who continued 10 h, ""A
At the above mentioned premises or 70 the hear o.
our going 10 press.


THE MILITARY.


The military continued 10 patrol the qxth ward ana
remain under arms al tho arsenal this morning, 10
be ready moments warning should any attach he msds
upon the police force stationed the headquarters
Police Commissioners.


THE NV YORK HOSPITAL.
The condition Of the wounded al the New ycsk Hcsrts
rcmaim unchanged. when our reporter ien the above
institution this morning. the reported that
teris change had taken place In the condition Of the
jured persons under their charge. expected, hoe
ever that few Of the sufferers would close their
earthly career before the rising Of the sun.


QUIET RESTORED.


~ O'Clock this morning two squads of rolce under
command Of Sergeant Weed and Deputy Cers Brevoori
returned from hsvirg psirocd the SIXTH ward, AMI re
ported all quiet","p o s T S G X I PIT.

THE LATEST FROM THE SCENE or RIOT.",The New York herald. [volume] (New York [N.Y.]) 1840-1920
1857-12-21,"NORTH STAR, Sea, Dec n, INA meeting ""


tie called Ton board ship this day TO
solutions In favor Of the officers ant Or the steamship
North STAR The meeting called 10 order by the Rev Dr
Townsend aud proceeded business by appointing the Rev
Dr Nerren President and Peters ND Secreary
The following committee moved and seconded 70 draw IN
fcsoutions.-Rev DIR Haen Drs Nancreed and Parsiow,
Mess1s COte and Brewer The committee reported the NJ
resolutions which amer beng read we're unanimously
adopted, viz


Resolved That We the passengers on board the steamship
North star feel ourselves most specially called upon ~ return
thanks to the captain officers and for their uniug
zeal energy under the rying circumstances ~ the
express the high entertain ~ the skill
snd ability with which they have discharged their respective
duties.


Resolved That having understood that Captain Leevre Il
about retire from his present profession mud thereby resign",,The New York herald. [volume] (New York [N.Y.]) 1840-1920
1857-04-14,"III Are not these lines exquisite:
10 was q calm. still, dreamy night,


The moon a sIlvery halo lent
To shroud little baby out,


O'oT which a weeping mother bent:
Her ear pressed close to catch a sound
OF breathing-ah! how calm-how low.
Past flowed her tears-her heart was sad;
She knew, indeed, her boy must 60.
She held his tiny hand in hers,


And softly kissing his fair cheek,
Commended bin to heavenly love-
The young, the innocent, the meek.
HIS pretty face of angel cast,


so pale, yet full Of holy Joy,
Then met his mothers fearful glance
And gently said, q Mamma, I die""
HIS deep blue eyes again were closed,
A word of hope the mother sighed
The child IN peaceful seeming sleep,
Gave God his little soul-and died.","EVENING STAR.

II Are not these lines exquisite:","Evening star. [volume] (Washington, D.C.) 1854-1972"
1857-06-30,"MIDNIGHT APPARITION.-InW Wisconsin. in
the midst of the terrible storm which prevailed
on the night of Saturday, some of the residents
on the line OF the Beloit and Madison Railroad
heard, at midnight, the very unusual sound of
a railway train laundering along the track.
Many sprang from their beds, and looked out
into the darkness, and the lightning revealed
TO their astonished eyes glimpses of baggage
car and two passenger cars rushing by without
locomotive or tender, and not a soul to be seen
on board. Occurring at the time when the
herce storm, with its heavy thunder and lurid
lightning, was prevailing, the event assumed to
many minds supernatural character. and
there'were those even who longed for the day
to come, with trembling hearts, for all must be
aware that superstition and credulity are not
yet banlshed from the earth It was lust the
night for such thing to happen, according to
all the established rules laid down for ghosts
and demons to indulge their fearful revels.


In the morning, locomotive containing an
engineer and conductor came quietly by. and
the people learned that the cars they had seen
were nothing more nor less than runaways.
Iney had been standing on the track at Fort
Vile; the high wind had started them; as they
were on down grade, all attempt to stop them,
after they had got under way, was useless; and
so they went rushing along the inclined rails
with gradually accelerating speed, till several
miles distant, coming upon level, the force of
their forward motion was exhausted and thew
brought up at Alton, where the conductor found
them uninjured. A very good ghost story was
thus spoiled",,"Evening star. [volume] (Washington, D.C.) 1854-1972"
1857-01-09,"Oonsumpve Rheumatic Costivs Bilious and Dscate after
some days use will find renewed strength life pervsde
every CT their frames Every dose makes the blood
purer The nerves commence u the arteries
In the veins These pfls first effect upon the
eis blood Increasing the circulation impu


are deposited in the veins and they throw OF such


lions Into the bowels which by the energy derived
nrst used the pills may occasion gripping and make
paten eei worse this must be borne with for the
come afterwards No great good often sch without
trouble In It's attainment and this rule applies the
recovery OF health These symptoms only where
BODY has long struggled under load of impure
humors consecutive use for few satisfy the
most unbeevfng of the good the pills doing
directions should be carefully studied II understood
oiowSd health and visor Will 10 majority OF cases. be
cured by the use of RRANDRETH'S Pills


Sold at Is cents per box Canal street. Brandreh
Building New York; BY T. W. Dyo.t Sons l32 north
Second street. PHILADELPHIA and medicine dealers gener
ally. nov % n","DBrandreth's P,lls.-rhe Weak. tn","Evening star. [volume] (Washington, D.C.) 1854-1972"
1857-01-29,"THE NEW YORK POLICE AND CHARTER BILLS, ETC.


ALBANY, Jan. 28, 1857.
Gov Kings nrst reception at the Executive mansion
took place this evening. The rooms we're densely
crowded.


The Hudson River train from New York at IL A. n !,
ran of the track, Oak Ill., demolshug the locomo
tive. No one was hurt, but the train delayed
hours.


large delegation from New York appeared before the
Committee On Cities and Villages, this afternoon dis
alters relation the Police and Charter bills NJ
Oakey Hall addressed the committee aud leave
to present bis points In full and submit the same the
committee. He was replied TO by Alderman Monaghan.
joseph Blunt, and Councilmen Haswe and Warner took
part in the debate.","From Albany,",The New York herald. [volume] (New York [N.Y.]) 1840-1920
1857-07-10,"HENRv LEEDS, AuCTlo REPRESENTATIVE AuO.


1 fs.hor able urni tis July 10 ut
NO 10 Tsenty street. lOt, O'Clock sistng
ihe forniure contained In the DIV eiaz house
OF his consists OF
ment OF everything pertaining costly and Cur
nshed residence all Of which viii bP peremptory sold With
ont regni weather be eJ from
Che premises Catalogues be bid early this morning Of
sale ~ sls rosewood parlor
lurnturr every scrpion fu fuis richly carved,
covered and brocade with sip
bic with mir fronts wood centre pier ard
poa rich silk an Ia AIMS Turkish and reception
chairs tspssty velvet es. fpu. elegant
pier an- mirrors superior wood seven piano
Iorte with marble cabinet and embroidered stool
and valuable painngs with large and beautiful col
and valuable ard parlor adornmens
rpaewood bookcases sdys writing chandeliers


bronze coct and hair


and bedding capes rugs viii large vare of rosewood
faure hr usboai tue house, slso the dining
rom fur Glass rich chi cutlery,
Al Thr worthy ths special aantnn Of
househe perr and parties IN want rsAy good furniture",rIRNRy Lxrps AUCrIo sEKR.-ArrRACTIvE AUG,The New York herald. [volume] (New York [N.Y.]) 1840-1920
1857-10-16,"THE CRISIS AT THE THEATREs.-The financial
panic, which came close to killing the Opera,
obliging the allies to fall back upon concert skr-
mishes in the open country, has begun to tell
upon the theatres. Two-Laura Keene's and
Wallack's-which have expensive companies, and
rely chiefly on regular business have been
obliged to economist 10y reducing the salaries of
their employees. A small theatre-the Olympic
will close this week. Miss Cushman draws the
largest houres at Burton's; and the Broadway
and Niblo's are likewise doing well with bale,
and pantomime, which, in better times, however,
would coin money fer the managers. The
strangers are leaving the city, and residents are
pairing down their expenses in anticipation of a
hard winter. So all places of public amusement
must suffer, and they may see worse times than
now before the season is over",,The New York herald. [volume] (New York [N.Y.]) 1840-1920
1857-09-14,"SUNDAY, sept lS-SP ~


A. The ccse y The different markets yesterday thcre
were nc indications OF improve The money mar
ke, continues full up TO the most ssringen. point. and
stocks buyer, are scarce and sellers plenty tho demand
for money has no. subsidized in the least and the rate,
never we're higher. hs the most uicun matter 10 the
world 10 rats money upon the very bcs, securities
and those who have no, such svalables have 10 breax
The banks do almost nothr for her cusomers aud tn
contraction sin going rapidly s,me OF the large
Wall street Institutions discount very moderately, bul cul","s FINANCIAL AND GUNNER CiAL.


MONEY MARK",The New York herald. [volume] (New York [N.Y.]) 1840-1920
1857-05-27,"INV Rvu;EQUx OPNa.-rho Rucklcys last Monday
evening brought out novel and very amusing spectscu
lar buriesque that will most likely keep possession Of
their snug little stage for long time is founded on
the famous fairy story of aladdin, the Wonderful
lamp"" The characters embrace Cinnamon, fairies and
demons the incidents very we'll blended the scenery,
mechanical effects and transformations finely con-
Givei; the music Is probably equal To anything tha.
has hitherto emanated from the source, and that
Is eayng great dea and the principal characters arc
remarkably well represented, though come Of tho minor
parts need q tie Furnishing ere they viii DO du fat;
indeed Of tho actors quite awkward as
r, al Cinnamon would have been unoer similar circu-
stances George, who plsys the hero, has some fine
able Style and his brother, Bishop, makes every point
tell In his very cooical part Of the servant TO Aladdin
Upon thr whole the burleslue may be pronounced
ccesul willie the time establishes the fact that
tho Buckeyes equally at home Ia either white black
facee.",,The New York herald. [volume] (New York [N.Y.]) 1840-1920
1857-12-07,"Term Saturday in which they declare the law
In roasiog 10 the surveys in the Port Warden
sttu,ona and void expected that next Saturday the
Cour, will decide the Of the claim Of the Councilman
for pay Os thsS services for the time they elected
notwithstanding their having been egsated out of Office
by the black REPUBLICANS at Albany. Mr. Henry Hien,
the newly elected Judge, wiR tskc bus seat month"";
thu room Of Judge ngrabam who has been elected for
the long term OF tho Supreme Court


The Marine Court remains is al present organized
Judge tcCarhy having been elected for the term Of
years. Two tris terms of his Court will also be held
ing the month, and Judge will sit ut Special Term for
motions.


The December term of the General Sessions com
this morning when Recorder Smith will close up
his uincai career of Its presiding officers The pF
calendar is unusually heavy this month, in
quonco Of tho late alarming increase of crime Tho az.
founding record Of murders, highway robberies and
other atrocities which published in the HERALD about
two weeks since will be brought before the Grand Jury
for their action; and the parties under arrest
cha. eed with participating the William and Water
tragedies will III all probability be indicted and brought
up for speedy trial. II is said that Mr. Clinton counsel
fer tho four youths the alleged assssnaors OF Teresa
Spizlen, in Greenwich stree,-~hQ came "" her death
under the most revolving Gil cumstances- have their
removed to the Oyer and Terminer. Among other
charges that will tried will be
indictment against the famous Lieutenant Colonel
Marmaduko Reeves for false pretercos",,The New York herald. [volume] (New York [N.Y.]) 1840-1920
1857-05-04,"BY LUCY LARcOM.
The sparrow's song, on morn OF March,
Dropped out of the branches low,
Where the gay sky poured from her stony arch
Her last cold gift of snow.
The sparrow sang on the cedar bough
10 the snow in his half-built nest,
Ills time. high time for my music now,
Thou late, unwelcome guest""
The fakes fell thick on his shivsring mate.
But the sparrow's notes were brave,
They dubbed under the branches weight,
Elyulet IN cove.
The snow from the singer crept away,
For he sang with right good will
There az swelling buds on the bouzhs to-day.
The sparrow sings there still","EVENING STAR.

THE SNOW AND THE SPARROW.","Evening star. [volume] (Washington, D.C.) 1854-1972"
1857-11-26,"THE CANALS CLosKDr-O Our hopes Of milder weather
experienced yesterday morning were disspated before
night The weather became colder, and during last
night the mercury stood ten twelve degrees below
freezing OF the canal IL closet and all the boats
are this vicinity How far eaet the Toe extends
have not heard. The from the West II very unfs
voraeno hope being left Of opening the canal this
about Lockport The torwarders and boatmcn are
disposed 70 give up and prepared for winter az they
best Mr. James Connolly, miller has Just returned
from Iockport where he had been looking after boats
laden with wheat He found large fleets al Iockport,
Mddport and other places Whereabouts He also heard
Of many boats above the locks They All fast, and
with little hope Of being extrcaed this TALL The canal Ia
filed with that boats cannot move Tar u the ice
NJ c. reports that another fall Of snow took place yester
day about hkport and the quantity on the ground was
increased about eight nchcs in depth making the total


fully twenty nches-some say two feet The seighing
rood except upon the roads which are blocked up
and impossible altogether. -Rochester Union, NOv ~",,The New York herald. [volume] (New York [N.Y.]) 1840-1920
1857-03-20,"Every Union loving man, every man who de-
sires . continuance of those blessings gusrsn-
tied to as by faithful adherence to the letter
and spirit of the Constitution, from one ex-
tremity Of the country 10 the other, desires
that the scenes enacted in Kansas during the
last two years should never recur sgain; but
there are not in oil our broad land any men
who have 50 much right to, and who DO 80


much deprecate these thing: as the National
Democracy, the old law and order party Of
Kansas Territory. They, besides having the
same high and noble reasons for this feeling
tn at others have outside the territory, now


that calm reason hiss had time to resume its
sway, appreciate moro than any others can,
the ruin and inter wretchedness which must
ensue. should this state of things again recur. """,,"Evening star. [volume] (Washington, D.C.) 1854-1972"
1857-12-03,"About two O'Clock yesterday morning party OF row
dies entered the poll OF the Eighth district OF the
Eleventh ward while the at work making
p their returns and commenced 10 break up the furn
ture and behave themselves in very dsorderly manner
Policemen Miller and Duffy of the Eleventh precinct who
happened to be present. nterered and ordered the
dies TO leave the place. when general row ensued Two
of the rowdics armed, with gun and the other
with knife and ferce onslaught made upon the
pocemep. Fortunately. officers Van Tassel and Hawkes.
came 70 the assistance Of their comrades the
OF tho attack Efforts were made to disarm the fellows
without shedding any blood but in the at.emp. officer
Hawks received tive stabs in the shoulder and
breast. One Of the dsorderlies aimed his gun officer
Van Tasse but luckily missed re before had time
TO draw the trigger second time he loored By blow
from club in tho hands of officer Duffy Another Of the
gang made plunge with dirk knife at tho last namod
policeman, when officer Van Tassci seong tho imminent
danger TO which the life OF his coIErada exposed,
drew revolver ard shot the asssant upon the spot This
ended the The police succeeded in securing two OF
the fellows, but the third escaped the name Of the
rowdy who shot is Vaughan He conveyed TO
Bellevue Hospital yesterday, where his wound was dress
ed by the House Surgeon Of that institution The other
prisoner who gave his Canady, was brought be-
fore Justice Wood at the Essex Market Police Court and
there committed for examination. Policeman Hawks IN
Iuries sovore, but Is hoped that nc will speedily
Inspector Squ,res OF the Eleventh procnc makes
the following report OF the occurrence 10 Deputy Supern
tendent Carpenter


The desperadoes came the pei, Of the Eighth





the closed and commenced fight by knock
ing down IN. Dinon and jumping on him. Ohcer Miller
interfered TO save Dmon and nay succeeded IN fesoung
him. when the assaants into house and instantly
out armed with gun and large knife and made
furious onslaught the officers who raped for help and
.ofcers Hawks and Van Tassel 10 their aid.
Notwithstanding the officers had been obliged to use their
clubs freely only seemed 70 exasperate the rans
and they sooner the other officers arfivo than
one OF them made desperate rush officer Hawks,
plungng large knife into him in two places while another
ieveiled gun another OF the officers which missed ire
kasrr hpr fhn
knocked down by officer Duffy, when the outlaw who
had stabbed Hawks, left him and made rush at tho
other officers with knife drawn and reeking with blood
At this moment officer Van Tasse seeing that there
other alternative, drew his revolver and shot Pat
Vaughan Uhe with the knifel but he stii continued
his assault when = second shot discharged which
brought him down. and thus, beyond doubt saved the
lives Of both officers Miller and Duty Vaughan Is badly
wounded and was sent the New York Hospital after
examination by Dr. Kmbark. John Canady, another OF
the desperadoes sent the Police Court and the
third Of the attacking party escape ot
GERS know him and he will undoubtedly be taken Great
credit is due to the officers for their hrmness aud nre
pidy in this desperate ARRAY Officer Hawks Is badly
but not fatally injured Dr. kimbark dressed his wounds
ILLEGAL vorERs-The magistrates a, the police courts
we're busy engaged yesterday holding examinations in
the persons arrested the day previous for ega
voting There were five cases the Tombs and six al
the Essex Market Police Court Decisions in each case
will be rendered to-day.


UscIx SAM 4 SunERxa--John Kiernan arrested by
officer McCord, of the Lower Police Court charge o.
stealing Ave pieces OF silk and cloth vesng, valued a
5000 from the public store No Il Broad street. The pri
brought before Justice Connolly at the Lower
Police Court, where he committed for examination.


HIGHWAY konuaIr.-0n Monday night Mr.. James j
Morrison, OF No. lis West Twenty second street. while
standing of his residence suddenly attacked
by Hugh Hughes, Irish weaver, who Knocked him
down robbed him of gold watch and chain, valued
IT &375. The fellow then fed but was pursued by Mr.
Morrison who his arrest The prisoner taken
before Justice Dawson and locked up default o; SIS 0oe
hail for trial. He says he drunkwhcn he committed
the robbery.


DyHxcnos AND ARREST or BrRcrAR.-Ioseph Gard
Ger, asailor, was detected about O'Clock Wcdncs
day morning, leaving the grocery o: John u. Kunn
32I Ninth avenue with large bundle of tea sarnes and
other groceries, which he had stolen Fl the store hay
ing Just broken into "". The articles identified by
!. he grocer aud Gardner was locked up for trial.","Police Intelligence.
DESPERATE ARRAY BETWEEN R0wDIEs AND THE


POLICE.",The New York herald. [volume] (New York [N.Y.]) 1840-1920
1857-07-22,"THE VIGILANCE COMMITTEE.


SECOND ATTEMPT TO LYNCH THE ACCUSED.


During the progress OF the Ooroners inquest me friends
OF Anderson formed themselves into Vigilance Commit
ee and determined at all hazards take the prisoner
from the police when he latter conveying him to the
Tennis, and hang him TO the lamp post The ne
COS airy materials for executing the offender al
ready, and Is only remained for them 20. him once in
their hands to have the murder Of the. favor,te fay
avenged.


Accordingly, when the !nques. was concluded and the
prloner put into carriage for purpose Of being
conveyed 70 the Tombs crowd of over 5000 persons
pressed around the vehicle so blocked no the passage
hat was with The greatest difficulty the horses could be
made to proceed on the journey Sergeant williamson and
two other policemen accompanied the prisoner In the car
rsse and they, fearing that rescue would be made II
the carriage passed down Centre street, gave orders 10 the
driver 10 turn up Spring street and proceed Tombs
BY way Of the Bowery and Chatham square, avoid
the crowd The driver whipped up the TO get
away from the threatened Storm but the butcher boys were
not be foed esily They after the carr age and
when 60. to the Bowery they succeeded in bringing


stand stu They then clustered around lie doors and
endeaved open them and drag out the object Of their
vengeance but the officers, after great deal OF pareyng
and threatening to their revolvsrs upon the mob,
succeeded In carry their prisoner place safety


Coroner Connsry was present during the at ,ck the
carriage, and appealed the people dispense aud
take the law into their hands. he said that the pr
souer WAS already under conviction by Coroners Jury
and that he perfectly csld net escape the
doom that awaited him,


The threats Of the policemen to use their revolvers TO-
eeher with the advice Of the critics. had the effect of
dispensing the crowd and The carriage allowed 70 pro-
coed on its journey.


Sergeant williamson fearing another attack decided not
IN 4hnr cb-s
the attention Of the boys decided proceed TO drdge
street jail and there ledge the prisoner Place safey
and quietness.


The Vigilance Committee completely cut nsuoeu.
vred they thought the carriage would be driven to the
Tonbs, and accordingly when the attack in the Bowesy
was deferred they all proceeded In body TO the
Of Franklin and Centre Streets and there waited patiently
for nearly hour, expecting every moment to see
much looked for carriage drive up Tombs. They
watched every carriage that up Centre street, utter
Ing dire mprecahons upon the head OF the unfortunate


man who had offended hem and excited that few
doubted their Intentions 70 the summary manner In
which the prsonsr would have been punshed could they
have aid hands upon him.


Inc excitement aYouni the Tombs was intenseL A
crowd Of persons, numbering some Hve or Ex
thousand, thronged every inch of the square sur.
rounding the Halls Of Justice. The officials in the
Tombs were hall sca'ed 10 death, expecting every
moment hat Atiaok would be made upon the
building. The great body Of the people were
not aware Of the course pursued BY Sergeant
williamson, and thinking that The prisoner had
been lodged In the prison unknown them they began
mediate an atsck upon the premises; but upon being
assured that such the case and thu. one IN the
pvson know anything respecting the whereabouts Of he
accused, they quietly dspsrsed NOT, however. wsthou
giving uersnce 10 the most fearful threats sgsnst the
Italian should they succeed In ndg he place Of co.,
cealmept


vas their intention 10 hang him upon the SPOT Arope
and temporary golows In readdem for the purpose OF
putting their threats into execution should the prisoner
make he sppcAFSr CO Among them.",THE VIGILANCE COMMITTEE.,The New York herald. [volume] (New York [N.Y.]) 1840-1920
1857-07-22,"The police took tho Italian burglar In carriage a, q;
Pm and proceeded through Spring street towards The
Tombs There were dix officers with the prisoner 10 pro-
ven, bis being seized by the crowd and ynched 10 the
nside Of the carriage were scrgcana williamson, Weed
shapgle and oer weymes the steps of the carriage
stood officers sherrer and Williams All the officers we're
armed with reviewers, ready to rerel any attack
dense crowd followed the carriage, utterr Impressions
against the prisoner When the carriage arrived at the
Of Broome street and the Boxery the crowd bad
becoae large and excited 70 entirely stop ia pro-
gress he horses seized by their heads part OF
harness cut and there loud calls for tho prisoner
TRo crowd wished N wroak their vengeance upon him
without delay; somc lcspod UPON the carriage others
tried 10 force Oh. the doors officers sherrer and vii
as showed Great courage and presence of mind at ,ba
critical moment: they iesped from The ssps Of The
carriage, pushed back The crowd, ard when words
and 90, hing would no, do they dre Their rovolvers Az
the same time theolncers in the inside of ne carriage
drew their revovers and pointed thom from the Window
hps showing an upyiedng determination 70 keep posses
zion Of the prisoner Al this moment two ooers from
the Tenth ward who we're near came 70 the aid OF the
pooe They ahoos The crowd from he horsss the driver
smary whipped them up and The crowd not DESTROYS OF
s.os ming 20 many batteries put or the time fer sczpr
and ynchpg The murderer 80 the carriage psssed ON 70
Grand street there tho crowd mostly len Il and hurried
on 70 the rombs where hoy expc ted tue prscper w
being carried 10 make their nnai vepars,ons for ne
and hanging him.


when the carriage eos TITO The Bowcry between Eester
and Grand streets, stopped, and tbs oncsrs held oon.
suston about the proprey Of conducting the prisoner 10
the Tombs under the existing Circumstances. II Wa
finally determined 70 deceive the crowd aid take him in
another direction 30 the carriage paused down tho Bow
cry 70 Division street, and up Division street
10 Orchard street. which being que, stree,
was followed TO Grand and thence TO Essex stree, prison
In shich the prisoner vs daily confined. All this was
done with the utmost despatch poasblc 70 prevent
he crowd from returning and taking the law Into their
own hands


The STORE THAT WAS ENrEaED.


Quito crowd asi evening wss gathered aror nd the
sore which had been entered by the burglars There vas
great deal OF discussion In regard 70 The people were
all unanimous however on one potni-,ti the murderer",ADDITIONAL PARTICULARS.,The New York herald. [volume] (New York [N.Y.]) 1840-1920
1857-01-29,"The fourth performance Of Mr. s,rskosch's sesson
given s the Academy last evening, when ""Lucis d. Lam
mermcor vas presented, introducing 70 the public .
new Lucia, Madame Cora de wilhorst, who made her
debut before the footlshn.


This event. perhaps the interesting In our operate
history attracted OF the largest audiences ever
within the walls OF the Academy Every scat
Pied and the Hobbies aud aisles nIed 70 overflow
ing. The audience included the de Ia eres OF the
fashionable world with all the critics, lteraieurs
ieur. and dieoAte Old New York Was there and sin.
GUAR 10 say kept a~ske Young Ne-York there sad
remarkable TO ies,s sbated little Of hi, insunsrabe
iogance and did no, annoy every one 10 his vicinity
han rwOthirds OF the time wssa sres, house for
srta, occasion There diamonds furs sad mgtye
antiques enough 10 buy up all Central America, Walker
nd his army included.


The circumstances, under which NINE de wlhors, came
before the pubic well known Il has been only a
shori time Aimee sbe In public at ALL and sr aeup
of last light was an eKcecdipgly hazardous one sue
evitently Old not realize all ~ terrors ul sne appeared
before the lshts. when she evidently almost
vhelmed with the novelty OF the situation. Her resp
ton ~ss most cordial, tbs audience irving per
splendidly, and has already mastered great pJint
IN scuos she was dressed in perfect taste, aud vi
the nnes' stage enect Of the same time HSr asurc is
Tctih, but fsscinstngy symmc,rca ami her face vas
lighted up wnh the most bssutiiu expres,loa. Sac
ackn0w the greeting OF the house VERY grasety
then commenced long and important sesaa end
lag wi that delicious ploroeau expressive OF LUCAS
hopes hrlfnt Al nret Madame de
voice wavered q little. but gaining confidence at o
shower Of Jrduo, for delicious diniaueaso abe sung
,uperby, aud the aria was delicious rhe strong pyiots
a. Madame &c Wihorsts vocalis m-her full true pure
strong soprano votcethe breadth and cooriog Of her
forvwds-we have ALREADY commented upon ~nen sne
sans the concert roou All these appear Ia far bet or
rshi upon sage and the Lucia Of last ngnt not 90
70 affirmed her former tu npas but achieyei q ne- one
much more important Toe mouse sedicgly ennu
sas,c Il the end OF the Grst Msisme DC wthorst
vas ca led before the ourtsn and ved With ali the
honots which attend n genuine success


She mad I'LL too much Impressed from tia ex.
terror 10 act from within she could not give the ROE
i've dramatic rtqulremous which not however isu.
portsht In the slcona she sang IN the cust win
ashton VERY yell The little tnst did IN the wsy of
acting veil her gestures being krscsfu and
her movements the stage free from the gduchses OF
novices generally she hoeever, has several ddle
OF concert 20 forget aud che must also
cease 10 remember that there Is any audience


During the second act some umd person who, eppre-
bending the ""ssrrote y had revolver IN his pocket
allowed u 10 fail the floor where one barrel ois
rbsrged Tbs report shocked ,be serves Of the Audience","italian opera-Debut OF Madame Cora %,


xNtlhorsf.",The New York herald. [volume] (New York [N.Y.]) 1840-1920
1857-10-12,"THE RECENT PITTsBuRG MUEDER.-The thr rec
young men named James Kelly, Danniel Denny,
and Jno. Richards who were arrested on suspicion
OF numbering Henry Wiseman, near Pittsburg,
while defending his daughter from attemp; by
them to commit rape upon her, have all been
committed to Jail for trial. Their own statement
and the evidence leave no doubt of their guilt
There are now thirteen persons in prison at Pitts
burg awaiting their trial for murder-more than
double the number that have been at any one
time within the last three years held charged
with the same crime in the city of Baltimore",,"Evening star. [volume] (Washington, D.C.) 1854-1972"
1857-10-12,"HARPER d MITCHELL.
The Cloak Room connected with our new store
will be opened this day, and pleasure IN cali
ing The attention of friends ard purchasers gen
orally TO our well assorted stock ofthe above goods
embracing all the OF the season consisting
in part of


Embroidered, lace trimmed, and piain Ly ons Velvet


Cioaks and MantiIas
Super Black French and Beaver Cloths, plain and


ful!-trlmmed, IN every variety ofstyls
large and full assortment of Black and GREY Cloth


Busters and Mourning Cloaks.


SHAWL.S. SHAWLS, SHaWLS.
In Shayls we have n rare and beautiful stock
Cames' Hair Shawls and Scarfs
Long and square Brocha, purchased at the late large


auction sales in New York
stells m all coiors, with Cashmere and Chenille Dor


ders


Long and square Bay State and Scotch Plaids
Black Cashmere with silk borders, for mourning.
oc cost","CLOAKs, MANTILLAs. AND sHAwLS.","Evening star. [volume] (Washington, D.C.) 1854-1972"
1857-10-31,"Messrs. Smith, of West Farms, carpet manu-
facturers, recently discharged all their unmarried
workmen, and diminished the working hours Of
their married employees.


The Syracuse Courier SAYS the salt interest Is
greatly depressed. comparatively small por-
tion Of this seasons yield has been shipped, and
manufacturers generally are in straiten ned circum
stances.


The Waterbury Conn. factories, with the ex-
ception Of the American Pin Company and the
establishment of Brown Brothers, have stopped
all business. Hundreds of Hfen and women are
in consequence thrown out OF work Brown
Brothers furnish their workmen with provisions
and fuel at wholesale prices. considerate and
generous course.


In Norfolk, Conn, the Empire Company and
the Hosiery Company continue work, while the
w oolen Company and the Welaka Company
have stopped work. The Norfolk Bank still
pays specie.


The Press says that thirty zone Irishmen left
Hartford one day last week, on their return to
Ireland to live thinking their chances better in
the old country than In the new.


The Housatonic Republican saws that the Iron
Works of Falls Village and Salisbury are not
in full work, and that the prospect is they will
do less rather than more.


The Salisbury Manufacturing Company, which
is just starting up their works in Amesbury and
Salisbury, have reduced their pay of operatives
Is per cent. The reduction commenced on Mon
day.",The Hard Times.,"Evening star. [volume] (Washington, D.C.) 1854-1972"
1857-07-20,"OvERBoARD.-Ye sterday, two young men, of
this city, thought they would do the genleel
thing and 20 buggy riding, with fast horse,
fine clothes, and ''Otber things accordin''' so
they did, and enjoyed themselves exceedingly
util their horse got interchangeable, and making
me for the Canal at its Intersection with
Third street, jumped in with the vehicle and one
of its occupants. This young man, by dint of
team upon dIy land, bur had constant employ
ment for the remainder OF the day in removing
the canal gas tar from his rdment His CON-
pdnion saved his good clothes by promptly leap
Ing from the buggy as il descended.",,"Evening star. [volume] (Washington, D.C.) 1854-1972"
1857-03-21,"By JAS @ Mc6 UIRE, Auctioneer.
HANDSOME sURNlrURk AND HsusA :
H keeping Effects At Public Auction -OA'
FRIDAY MORNING, March 18th, at 10 O'Clock ,
at the residence Of the Hon JeRe.son Davis, cor
ner CT 18th and streets, shall se his Furniture
and Effects


richly carved and finished in crimson Broc-


atelle, consisting Of large French Sofa,


two Arm, and four Parior Chairs
Suite Of Blue and Gold Brocatelle covered Fun


iture. consisting Of two Tete-a-Tete and


four Parlor Chairs
Rosewood Marble-top Centre Tables
Gothic, Rush, and Cane-sea Fancy Chairs
Handsome Bfocatelle and Lace Curtains, with


cornice ana fixtures complete
Suite of Walnut Carved Parior Furniture, I'm


ished in blue damask
Gilt frame Pier Glass, slab, and bracket
Walnut Secretary, Etsgeres
Suite Of Mahogany crimson plush covered Parlor
Furniture
Leather covered Arm and Reclining Chain.


and four Gothic Chairs
Handsome Velvet, Brussels, and Three. ply ar.


pets


Brussels Stair Carpets, Oilcloth, Mating
Damask and Chiniz Curtains, Cornice, 20.
Handsome Mahogany Bedsteads
Bureaus, Wardrobes, Washstands
Mattresses Feather Beds, Boisters, and Pillows
White IN Marble oP, Drab, and Imitation OF Oak
China, Granite and Japanned Toile, Sets
Walnut Extension Dining Table
Marble-top Sideboard
Cane seat Chairs
Chinese Extension Chair. Teapoys
French China Dinner, Dessert, and Tea Service
Glassware, Table Cutlery, Castors
French China, Granite, and Painted Toilet Sets
Hat-tree, Oilcloth, Mating, &c.
Together with an excellent assortment Of Kitchen


Requisites.
At O'Clock, in front Of the residence large aid


handsome Caleshe Carriage, built to order


and In first rata condition.
Also, pair of handsome Bay Carriage Horses


well broke, and fine travellers
Also, a set Of heavy silver! plated Carriage Har-


ness.


Terms $50 and under, cash over that sum
credit OF 30 and 90 days for satisfa
notes, bearing interest.


mar I'D &c MCGUIRE, Auct",AUCTION SALES.,"Evening star. [volume] (Washington, D.C.) 1854-1972"
1857-03-05,"SHOCKING DKAIH Wy srAR' While the pzrr-,ui
Of Ffth avenue and Union square were rolling In wealth
and luxury yesterday, Little did they imagine thai fol
low beng residing In their immediate neshborhcod had
died rom sheer starvation The crumbs that fell from
their heavily laden tables would have kept the soul and
body Of william Kecno togcthcr bat II was other sse,
and the poor died. Coroner Perry called upon
second sreot upon the body OF William ktenc who died
from starvation eues Koene, the wife Of deceased les


tiled that her husband had neither food nourshmeot
for several dsys-shat be deprived Of the
necessares OF life and died In consequences Of having
thing TO eat Cccea jackson, poighbor, deposed thu,
sbe had oft assisted the deceased his wife, and
from what she had seen she vM fully imprcsztd win
the belief that death was produced ~ starvation. Tne
jury IN this case had not much difficulty In coming 10
unanimous conclusion ~ 10 the OF death and with
ort iesvins Their sesh rendered verdict Of death By
a","CnroiieI,s Inauesf.",The New York herald. [volume] (New York [N.Y.]) 1840-1920
1857-12-09,"Dispatches from the Utah Expedition.


ST. LorB, Dec. 8, 1867.
An express passed through this city yesterday for
Washington, with dispatches from Colonel Johnston.
The Republican received letters this morning from the
army to Nov. 3. The Mormons had run of six hundred
cattle in sight Of Colonel Acxanders camp near Hams
Fork, Green river.


At the date Of the letter supposed that Colonel
Johnston had concentrated his forces with Alexanders,
add that in fortnight from that time Colonel Cooks
mand would be with them. They expected TO winter
Henry Fork, Green river. There good deal of
suffering from want Of provisions and clothing and the
horses were giving out from want OF forage.


Governor Cumming and the other Territorial officers
were determined get into Salt Lake City if possible.
The Mormons determined on resistance to either
the military or civil officers. skrmish had taken
place between Colonel Aexanders troops and the Nor
MONS and three or four of the latter were captured
Colonel Hoffman, from Fort Laramie, last of October,
arrived here Sunday night, bu, he brings of
the Utah expedition.


The Democra, learns that has been received at
Fort Leavenworth from Majors and Russels trains that
the government animals dying great numbers
tho plains","THE LATEST NEWS.

INTERESTING FROM THE PLAINS.

MORE TROUBLE WITH THE MORMONS.

Skirmish Between Col. Alexander Force


and the Hormons,

Dispatches from the Utah Expedition.",The New York herald. [volume] (New York [N.Y.]) 1840-1920
1857-12-23,"We will speak of Christmas we have known it-of
sports in which have been actor and which, though
lacking that intense and general harity which charac
terized the ancient Christmas genial and
hearty than the present season will OFFER search where
we win.


We were invited by schoomate I, spend the holidays
with him AT the house of his father which situated in
Of the most beautiful portions Of Kent II old
house. quaint and irregular proportions and
full Of ghcsty galleries and mysterously unexpected
was Just such place q city youth would feel
uncomfortable in where he would walk at the twilight
with repidaton, and look with increased pulsa
ton, furtively his shoulder 20 from whence
proceeded those footsteps which seemed 10 follow
country house would have made cheerful the drea.
rest hovel in the land. The OLD people and the
young men and maidens seemed bound together by
bond OF love which showed itself in thousand gentle
ways-n kindness, charity and genuine courtesy
wards each other, which the air or heart refine
that education alone could never give Simple in
their but Thorough in their breedng-for the
gentle blood Of many generations showed itself in the
nobiest ype,he stranger felt the welcome offered not


merely OF lip utcrance but OF heart sincerity Religion
with them was not more conviction than inheritance,
for they worshpped where their forefathers had
shipped before thcm and the old church spre seemed
ever 10 point 10 them the way 10 God BY their neigh
bors they loved, by the poor they blessed.
As the world goes they were ole fashioned they delight
ed Dot in gorgeous furniture they followed the vain
caprces Of fashion, they thronged not their house with
saucy menias; they pinned not after rous and balls and
late hours but content with their old oak carved
furniture, though The chair backs straight, and
tapestried walls; their dress rich but chss,e;
their servants were almost old friends; they
III
reJoiccd TO welcome neighbour loved old music, espe
ciay Handel. danced once year at the county ball,
went 10 bed early. owing nothing but good Will 70 any v
ing creature the earth and owing 10 Heaven the
evening morning prayer of hansfuness for o~cehts re-
ceived and mercies shown.


Among such PEOPLE il my happiness TO pass one
Christmas time. Old fashioned as we have described
them, they were the cheerfu,cst beings we have
known. Their cheerfuness sprung from goodness and
content and the ring Of their laughter was musical In
jcyounes Old aud young shared the sports equally for


little pleasure would the children have found i the pa
did parcTate H. And love made the old people
young again, dwelling that distinction which age creates
without destroying that reverence and affection which u
should ever excite.


The weather was bright, clear and bracing; the
thick upon the ground but II was dazzling white,
bard and crisp, and lie clear musical crunchng beneath
feet provocative 10 walking and seemed 70 give
n spriugy ightness 10 tread. AZ the tardy


morn Of the day before Christmas afforded sufficient light
having made hearty break last, large party Of us
started tor the woods gather the holly and the sacred


nisietoe. such whooping and laughing never re-
sounded through the old trees before, and merrier
party never climbed the gnarlcd trees or rolled in
The virgin with keener zest than the party
there assembled. We all too active TO feel the
cold: sang while worked, and when had gather
ed enough Of the green stores We marched homewsrd
with trophies, 70 decorate the old hall with the plea
SAINT symbols Of Christmas This afforded us employ
for thbest Of the day The fair daughters Of our host
and their young friends assisted and the truth must
be told the unaffected charms and the sweet companion
ship Of beautiful assistants made US nger over the
work which became 10 some OF us at least labor OF
love. When the evening came we were hurried from
substantial tea BY loud hurrahs and proceeding in


body 10 learn the cause found the heghbors and te
nanfry tagging away at enormous boc OF tree and
involuntariiy cried


The conclusion Of this article describing the different
games and ceremonies attending English Christmas
Will be found in FRANK lESIIE'S GREAT FAMILY Nr
Illustrated PAPER, No. los ready this morning at all
depots This l. tho hantsomest and most entertain
slsies Don't fai 70 get at once before they are all
sold.","A BRIEF CHAT ABOUT CHRISTMAS.


BY HENRY c. WATSON",The New York herald. [volume] (New York [N.Y.]) 1840-1920
1857-12-23,"Tho men arc difficult creatures 10 manage. Talk about
female curiosity, indeed WIN W y weak failing
lordy We inscribed the article in our last issue
especially 10 ladies, intended FOR them exclusively,
and strictly prohibited all male creatures from erus
ing word of it, contents. But this prohibition only
needed the curiosity OF the men, and VIC have
tnent fellows who protest against any cxclusivcncss in
this special column the plea that VIC have no right
70 keep all the good things TO ourselves We fully apprc
caic the malice II this protest they fear the mental
cencancy that woman last gaming IN these United
States, they know write the best books and the
best poetry they see that We are taking place ec
them all the best periodicals Of the day, and thy
hoped 10 bar out from Frank iesle paper not know


ing hs gallant character snd the cbyay Of bis editors
again issue mandate ""No gentlemen allowed here.


Gregoire the celebrated Terpschorean authority oi VI
emma has introduced new dance, uncer ue name q the
""Rechs Quadrie, which consists ~ SIX gurts German,
Hungarian, Polish, Italian, Tyroeau ara Viennese; aud
popular rumors says that viii excite t,rorc equal TO
that aroused last winter by ies iaDoicrE All our Lady
readers who happen ~ have charming little Cci And trim


little figures and of course they al havc) vii be glad
to exercise them in a new and fascinating dance


shopping fashionable a recreation a ever. We
defy any obdurae old bachelor living TO walk NJ Broad
way without experiencing thrill and throb q, bls
leathen old heart Just look at the loungcrs the scs
az the hotels too-dd you them drop their
CARS and stretch their nccks after divinity who had
ripped past ""a viewer rVDes anu a love o. bonnet,
which just covered the back of her charming little heads
blessings the ladies' say WEI How prcitiy they
ter along whispering 70 one another and looking into the
shop windows hut never by any chance degnng 70 be-
glance on the signing SWANS who pass, arrayed in
shining hats and extremely tight boosi All ladies don't
trust Voc implicitly In hose mild and dovcke looks The
moment those creatures in patent feathers and brodcOh
turn from lovers 10 husbands they become aud
gloomy savages who grumbe n button IL off their
shirts and swearyes, actually swear-when the dress
makers bill "" sent ini


We have most entertaining bit o. arsocrac gossip 70
relate TO our fair readers this weeka q scan
sa which affects the higher circles and rumorcd every
wberc-whspered In the colored shadows OF Finh
avenue boudors and talked about in the stately saloons
~ Twenty third Four or FIVE years ago gay New
Yorker much distinguished In fashionable circles went
70 California leaving very lovely young wife behind.
Well time crept on and no letters arrived the pretty
wife got tired of maintaining solitary state ia her brown
stone mansion and engaged apartments at certain large
and brill ant hotel ON broadway The gaety there proved
congenIa 70 bee nature, aud She reconced herself 70",GOSSIP FOR THE LADIES.,The New York herald. [volume] (New York [N.Y.]) 1840-1920
1857-06-08,"These estimates will be fount less than he truth but
they awe the that before twenty years there
will scarcely be spot OF unmproved ground bctseen the
Battery and Harlem. let us rccapituste The proofs


Population doubles every fifteen years on this Island
More half the available ground the Island Is already
improved. Consequently, In afteen years there will be
but few lots not built upon.


TIE FUTURE OF NEw YORK.


From this will be what splendid destiny awaits
New York. In years population will have reached
a mi lion and wealth will have proporaouaely In
creased. Every developemeni OF uade-the canals
that are dug the railroads opened throughout the vast
extent OF this countrya add 10 the wealth population
and importance d this great metropolis New York Is
entering upon the OF great city that Will yet TAKE
It's place In history with Tyre, Rome, Venice and London
should noa be The ambition Of ~ citizens 70 make
worthy Its high destiny


RIAL ESTATE sPEcULAT1oNs OF THIS YEAR.


Tho real estae sales the Merch ants Exchange have
been active this year. but the total not much lager
than last year Private salce, however, are known TO be
much heavier than usual The following liable gives
comparative statement OF the sales al the Merchans Ex
change for the last two years.",,The New York herald. [volume] (New York [N.Y.]) 1840-1920
1857-03-28,"Beside yon oak rustic roof appears,
A cottage garden leads unto the door,
A few wild plants the lovly easement cheers,
And all ound looks neat though all IL Door.
There Philip dwells and takes a neix boris mart.
Though little be the means his help to test;
Yet still, though poor, he says, with grateful


heart,


IT'S well to labor,-and that Sod knows best |.
The hare ats by him with her dewy feet,
As blithe OF heart he quits his cottage gate;
The golden village lane with dawn Is sweet,
And Philip feels content, thong low his state !;
For labor unto him can Joy impast,
Ills Independence to his homes, breast;
And still, though poor, he says, with grateful
It's well to labor and that God knows best !
His wife beside the door waits his return,
lis children's voices meet him half the way,
And while the sun within the west doth burn,
And bi and brook sing sweet the close OF


day,


Philip forgets his to II, his chair to and,
y1ittle arms and little lips carest;
And gazing round, eIclaims with grateful mind,
Thank God FOR all,-thank God, who knoveth
best,","EV ENING STAR.

THANK GOD FOR ALL.","Evening star. [volume] (Washington, D.C.) 1854-1972"
1857-04-13,"DIRT INSPIRATION BIT ONE WHO NOSE.
Farewell to windy March, ....
His reign IL Ger
And ApriPs rain Will soon
Put down the blower.
But now his dead remains
Fly round in masses,
HIS democratic grains
Attack all classes.
IL goes from bad to worse.
From morn till night,
This free soil Is a curse
10 black and white.
With each disgusting gusr
we cough and sneeze-
We love wind-falis of dpsf.
But not like these.
Ii fills our eyes with tears.
But not OF pity
IL ioads our mouths and ears,
AND makes US gritty.
On nastiness we live:
And these vile bits
fil up our lungs and give
Us eotsn tts.
With every breath a peck
Of this nice mixture
Toes grinding down the neck,
Dost like the picture""
What is this horrid stuff""
All, that's the question;
Ills tns, and that's enough


Twill aid digestion.
But now sweet April's here
Her pearly showers
Will deck this dead March bier
With lovely flowers.
Peace to thy ashes, March;
We fondly trust
That AprIl,s gentle tears
Will TX thy dust.","EVENING STAR.

FAREWELL TO MARCH,","Evening star. [volume] (Washington, D.C.) 1854-1972"
1857-07-24,"NEws FROM TsnpLnTErRC.--The schooner Che
psis Capt lockwood, nine day from Mnautan, arrived
yesterday She brought eleven passengers, Que Of whom
Informs that Col Summers and party from this city, hsd
arrived At the lsihmus with sawmils and pile driver aud
were scvey engaged in driving piles laying The foam.
daons Of the bridges when the pile driver was pu, N
operation created quite excitement snoae the natives
they never having anything Of the kind rhs great
err portion 81 the timber FOR the bridges y already cut and
on the road ready for The road having paid all pre-
yious elas, out Of debt and the friends Of the enter
prise may look for an early completion of the road The
contractors have the sympathy Of the aiding men OF the
sthrnus and can command any Of native labor
a. may be required Al 81 cents per day All the natives
exhibit moes friendly disposition and willingness 10 do
ever thing IN their power for the sdvarcemcn, or the
worb.--lysx pfjHNs DsLu, ypiy IL",,The New York herald. [volume] (New York [N.Y.]) 1840-1920
1857-02-13,"By fhs PriHter's DariI-A Son oftke old Ma.


lady with a crinoline was walking down
the street-her feathers futtered in the air
her hoops stuck out a feet. She walked the
earth as If she felt of it she was no part, and
proudly did she step elOng, for pride was in
her heart. She did not see a curly dog which


walked close to her side, all save the bushy
tam OF which her crinoline did hide His tail
the dog with pleasure shook-it iuttered in


the wind, and from the lady's crinoline


stuck out foot behind. A crowd the tail


soon did espy, as it waved to and fro, and


like rudder seemed to point which way
the maid should go The curly dog right
pleased was be such quarters he had got, and


walked beside the lady in a kind Of doggish


trot. Each step the lady now did take, served
to increase her train, while those who fol-
lowed in her wake roared out with might
and main. Some held their sides and laugh
ed so hard, and many fairly cried, and many
even still confess that day they'd like TO
died "" But still the lady sailed alsng, and
crinOline and pride, unmindful Of the crowd
| behind. or dog close by her side. But soon
| another dog espied the tail which futtered
! free-it so provoked his doggish ire he could
/ not let il be-but with deep ferocious sroul,
for battle stra:ght he vent, and meath the
| lady's crioolne both dogs were quickly bent.
! They fought tbs said one hour or more-the
! lady nothing knew-but with her head erect


sailed on, and did her way pursue. Some


say she never would have known at all about


the fight, had not une dog mistook and gave
her "" limb"" an awful bite. But since ths
| day I've heard it said, the lady never wal


seen upon the street, with so much prids-and


such crinoline.",Criuoliue in Rhvme,"Evening star. [volume] (Washington, D.C.) 1854-1972"
1857-01-13,"THODD & CO, UNDER BROWNS HOTEL,
Il beg leave to announce the arrival from Lon
don and Paris Of their splendid collection Of
RICH FURS, made In the most fashionable
styles from seasoned Soft-dressed Skins They
would invite particular attention to their elegant
and much -ad mred


MANTlLLA TALMAS,


PELLERINE VAN DYKES,
VICTORlNES, with Mutfs and CuHs 20 match
OF HUDSON BAY SABLE,


MINK, STONE MARTIN,
FITCH &c MOUNTAIN MARTIN.


SIBERIAN AND RUSSIA SQUIRREL,


LONDON LUSTRED,


BLACK LYNX,


and ERMINE;
RICH FUR TRIMMING,


for Cloth and Velvet Cloaks;
SWANSDOWN TRIMMINGS;
ELEGANT SIBERIAN SO QUIRREL ROBES,
for Cloak Linings, or cut for Trimming;
Ladies' and Gentlemen's FUR GAUNTLETS;
Geltlemen's TRAVELLING MUFFLERS,


Of Beaver, Otter, Nutria, and Seal Fur;
CARRIAGE ROBES,


Of Bear, Fox, and Buffalo Skins.
TODD & co for the past twenty-five years
have devoted much attention to this branch Of
their trade, purchasing exclusively for cash. SELL
ing at moderate prices, and by adhering to their
determination to deal in article that would not
large and increasing trade from all parts OF the
country.


Purchasers are Invited to visit their establish
ment and examine the most extensive STOCK
OF FURS south OF New York. Oc 3l-3t&eotf",OBSERVATION-DISCLOSURES!,"Evening star. [volume] (Washington, D.C.) 1854-1972"
1857-11-26,"Yho grand celebration yesterday was commenced by
review Of the military the Battery by Gov. King As
early 10 O'Clock bodies Of militia began TO move down
Broadway and the streets parallel TO IT. by 1ox O'Clock
suite force was assembled the Battery The weather
was bitter cold and the piercing wind, sweeping in from
the open sea- chilled through the devotees Of Mars till
their chatcred and knees smoe against each other
was in vain that they piled their arms stamped their
Feet clapped their hands and rubbed their noses for all
their efforts could not keep them warm in such exposed
posiion Till after IL O'Clock the different companies and
regiments kept pouring into Battery square The cavalry
took up their position the exterior line of the Battery
next the river the infantry formed on the inside Of
the cavalry the light artillery numbering fourteen pieces
was line with the infantry The regiments after being
drawn up their places had TO wait until after IL o'clock
before they were reviewed by Gov King Many Of them
piled their and made of to the nearest hotels to
warm themselves internally and externally. The 7th
Regiment turned 500 strong exclusive of their band
f4o peces) After enduring the cold till it almost
insuerable they got excused for fifteen minutes, and
by means of the comforts and refreshments of the Wash
ington Hotel restored their bodies to natural perhaps
unnatural degree of heat Most of the cavalry remained
an their horses in the exposed coldes position for
over two hours.


Al length Gov. King and his staff arrived Gen Sand
ford and his staff met them before the Washington Hotel;
after the usual sautaons were exchanged Gen. Sand





the hotel where refreshments, consisting chiefly of wine
and sandwiches partaken Of The officers drank
The health of the Governor and the Governor tipped his
glass in honor of the ladies who present The sautes
having been fred the declared himself ready
10 make the review; so the company mounted again.
Meanwhile thousands OF women and children were kept
waiting in the piercing cold along Broadway and Fifth
avenue many of whom will die Of consumption the
seeds Of which were sown yesterday.


General Wright OF New Jersey, and his staff being pre-
sent was given place by General Sanford in his staff
Governor King and General Sanford, accompanied by
their respective stats then rode down Battery place to
Washington street, where they entered the Battery and
rode towards South ferry passing in review nearly the
whole Of the First Division of the New York State militia
This division Of the State militia composed entirely octizen
soldiers under the command Of Major General Charles
"". Sandford The division Is composed of four brigades
and numbers 226 men, Of whom $40 are infantry, sl
cavalry and $50 artillery.


Charles b. Spcer, had the following regiments present.
First Regiment, commanded by Colonel Ryer
Second Regiment commanded by Colonel Bogart.
Third Regiment, commanded by Colonel Postly.
Seventy FIRST Regiment, commanded by Colonel yosburg
The Second Brigade, commanded by Brgadier General
Fourth Regiment, commanded by Colonel Hickcn.
Fifth Regiment commanded by Colonel schwarswaelder
Sixth Regiment, commanded by Colonel Pinckney
The Third Brigade, commanded by Brgadier Genera
William Hall, had all its regiments present viz
seventh Regiment, commanded b BY C, Col; Duryoa-





Ninth Regiment, commanded by Col Pitkin.


Fifty fifth Regiment, commanded by Col. Le Gal
The Fourth Brigade, commanded by Brigadier General
yohn Even had all It's regiments present, viz
Tenth Regiment, commanded by Col Halscy
Eleventh Regiment, commanded by Col Van buren,
Twelfth Regiment commanded by Col Cocks.
edxty ninth Regiment commanded by Col J. j. Ryan.
The waving OF the pumes and banners in the wind, tho
genng OF the swords and bayonets and the variety OF
their dresses gave the assembled multitude of armed
q peculiar and striking appearance The Cover
expressed himself highly grated the conduct and
of Ourri
they evidently highly grathed at the opportunity
getting away from so cold place as the Baitcry
little before O'Clock Gov. King and Gen. sanford,
accompanied by their respective stats headed the process
sion and marched for Broadway and the City Hall Tho
cavalry marched in front OF the infantry. The order OF
thc procession by brgadcs and regiments, as given
above The Battery, notwithstanding the cold, was
crowded by spectators during the review and rom there
with dense OF people. Policemen were stationed
the Of broadway and street that runs into
H. that kind Of vehicle allowed 70 enter Broad
way. How the different regiments appeared viii be no
Uced In the description OF the procession from the City
Hall 70 25h The procession went around the east
end OF The Park into the Park by the eastern
trance, just before Tammany Hall, and marched on IN
front Of the City Hall


THE MILITARY DISPLAY AT THE FUNERAL.
soon as the celebration Of Evacuation Day by dvi.
son parade the Battery had concuded-which was not
until hour after the appointed tmc-Genera Sanford
formed tho division into column the parade ground,
from which marched up Broadway and Park 10 the
east gate of tho Park Here from carly hour dense
shrong was assembled Every available spot within view
of The front OF the City Hall had human occupant The
windows and balconies NOT only Of the Hall Itself but Of all
the houses in the vicinity crowded with people upon
whose curiosity, the severity Of the temperature
seemed to have no chilling effect When the division
reached the Park the column reversed according
she discipline military funerals marching left in front
The Seventy first regiment then fell Of line and took
s position guard Of honor, before The caafaquc bear
ing the colin, which stood in front Of the City Hall
Al O'Clock the procession fully formed and the
military commenced their line Of march up Broadway In
shc following order


His Excellency Governor King and Staff
Major General Wright and Brgadcr General Hatfield OF


New Jersey.


rouRru HRlGApr, FIRST DIVISION Ny.s.M


Comprising the Sixty ninth infantry, Col. Ryan.


Twelfth infantry, Col. Cocks


Eleventh Regiment, Col. Van Buren.


Tenth Regiment, Col. Halsey.


National lancers.


Brigader Gen. Even and Brigade stan.


rny af.h Regimen, nsD infantry infantry, Col. Le Gal


Ninth Regiment Infantry, Col Pitkin.


Eighth Regiment Infantry, Col. Lyons.


Seventh Regiment Infantry, Col. Duryee.
H1ajcr Carter and the officers and san Of the Newark,


~ j., City Battalion.


Troop Washington Greys.


Brgadier Gen. Duryea, of Brooklyn, and staff


Major Gen. Hall.





sixth Regiment Infantry, Col pinckney.


Fifth Regiment Infantry, Col. Schwarzwscldes


Fourth Regiment Artillery, Col. Hinckcn.


Troop oi NaNhry


Brieader Gen. Yates and staff


msiGApY.


Veteran Artillery Corps, Capt. Raynor


Third Regiment Of Hussars, Col. Posty.


Rccond Regiment Infantry and Rifles Col Robinson.


Mrst Regiment Artillery and Cavalry, Col Ryor.


BrigadienGen. Spfocr and stan.


Inc oolumn brought up by MAJOR Cen Charles W.
andford and the brilliant staff Of the First Division, sup
ported by an escort OF cavalry.


Whca the head column reached Madison square the
division was marched by companies by the left iank die
rgn and coming TO halt and front formed continuous
ine from Madaon square down Fifth avenue, Fourteenth
street and Broad way of about two miles In length.
wnen ,ne column halcd, the splendid caaiaque drawn
~ sixteen noble horses and preceded by the Seventy
ns. .reement, wto marched IN superb style. win arms
advanced along iho line TO Madison square by
way ~ Noadway ftfth averue and Fourteenth street, fol
owed py ,ne Mexosn volunteers with their tatered aas
bere VIZ sevey hrsf wheeled into line 70 the left Of the
~, Wsere vide space kept clear for them
py .ne poe s the catatalque with the remains Of tho
gallant uenera Worth stered the square the band play
ed desa march and The troops saluted The coffin being
iaid "" lne Vau prepared Cor e. the military part Of the
ceremoAa was over, and the troops were dismissed
inc AnuA -","Splendid Military and Civic Pro-


CessiOn.

ADDRESS OF MAYOR WOOD.

Funeral and Inauguration Ceremonies


at the Monument.

Tho Piercing Cold and the Suffering


Women and Children.

IMMENSE CROWD IN THE STREETS,
GC, &C., &c.",The New York herald. [volume] (New York [N.Y.]) 1840-1920
