date,text,headline,publisher
1837-12-04,"MRS. MOTT, THE CELEBRATED FEMALE
M PHYSICIAN, OF Boston, would respectfully give notice
the Ladies OF New York and vicinity that she hss
this residence No. n Leonard street.
nearly opposite the National Theatre.


Having collected, during 'ate tour in Europe, Herbs
essential Oils, be obtained in America she will
be enabled diseases in their most formidable appear
The great which has attended her amen Of
diseases this OF whatm be expect
ed The many delicate complaints incident 10 the female
render in OF the Female Physician
unnecessary


Mrs. pledges herself relieve the following
diseases Tic Doloreux (cured without the
ofancet ContractoD Paalyzed Limbs Palsy Decline Con-
Evil Cnnker, Ingwon, &c 1c Ca,ar, scsld Heads, Ar
ections of the Eyes, spepsa peb ty Spinal affections,
Nervous symptoms White elngs Worms, Asthma, Jaun.
dice Liver Complaint, emoThcds, Piles Female Weakness
&c. &C.


her celebrated Patent Medcaed Champoo and Luxung Baths
avads and Others Tee much be said in favour Of
these baths which the from different herbs and
senal OILS suit the diseases which they taken They
perfectly safe To administer To the most debated mpar
ing to such strength they are not only uxunr but cure
In ali chronic complaints, and preventive against all conta
diseases One trial will convince the scepcal Of
their utility For luxury the healthy, they calculated
promote free Yerpiraen cleanse soen and purify the
skin


Mrs Mott having the diseases children particular
that have taed the skill 1.-THE most talented physician. No
mercury mineral of any Mind used


Hours for seeing patients from 10 in the morning. until in
the evening Gentlemen communicate with Mrs. Mott,
only through wife or mother.


Ladies and genenen be accommodated with baths


Family patent rights for the above baths can be obtained


Or Letters from the country post paid WI receive mmedi
ate attention.. ol0-Jmt",,Morning herald. [volume] (New York [N.Y.]) 1837-1840
1837-10-13,"MRs. MOTT, THE CELEBRATED FEMALE
M PHYSICIAN, of Boston, would respectfully give notice
the Ladies OF New York and vicinity that she has commen-
ced practice this city al residence No. IA Leonard street.
nearly opposite the National Theatre.


Having collected during her late Europe Herbs,
Roots and essential Oils, not 10 be obtained in America she VIII
enabled diseases their most formidable appear
great which has attended of
diseases in kis country, guarantee OF whamay be expect
ed The delicate complaints incident to the female
unnecessary


Mrs Mott pledges herself relieve the following
diseases khe unatsm Tic Dooreux (cured without the
fancet) Contracons Parayzed Limbs Palsy Decline, Con-
sumption, Dropsy, Humor (Scrofula Salt Rheum, Kings
Evil, Csnker, Rngwom, &c Sci Catarrh, Scsld Heads, AT
Nervous symptoms White swelngs Worms Asthma Jauh-
dice Liver Complaint liemonhods Piles, Female weakness
cs, &c. &c.


In conjunction with her meacses Mrs. Mott will administer
her celebrated Patent Medcaed Champoo and uxung Baths
nvas and Others Too be said IN favour Of
baths which the vapour from different herbs and es
senta oils suit the diseases for which they are taken Ihey
perfectly safe To administer TO the most debtaed lpar
such strength they not only lnxung but cure
in all chronic complaints, and against all cOnta
gous diseases One trial viii convince the most see pcal OF
their utility For luxury the healthy they calculated
promote free pespraon cleanse soften and purify the
skin.


Mrs Mott having diseases children particular
branch of her she will be enabled 10 cure diseases
that have baird the skill of the talented physician. No
mercury mineral Uf any Kind used


Hours for seeing patients from lo in the morning. nn IN
the evening. Gentlemen communicate with Mrs. Mott
only through wife or motber


Ladies and gentlemen can be accommodated with baths at
any hour OF the day.


Family patent rights for the above baths be obtained
application


GT Letters from the country post paid vii receive mmed
ate attention.. ol0-3ar","Mis-. MOTT, THE CELEBRATED FEMALE",Morning herald. [volume] (New York [N.Y.]) 1837-1840
1837-10-13,"MO. DIVISION STEEET-To is human
and since its human 10 not duty look the
ndsretons Of our fellow with pity and do all
lies in power without inuring preserve
from misery and disgraces LEVisoN'S HUNTERS RED
DROP warranted To effect quick permanent cure
without diet SMELL hndrance frsm business cases
venereal, the money returned.


Price 81 per pha Every pha that is genuine will have
the written signature OF Urah Levson of whom be
tanned privately all hours Our Offices Division ST.,
New York; SO North Sixth Philadelphia; So Hamilton
Albany Hanover Boston and places
lea the genuine medicine be had sl3lmt",,Morning herald. [volume] (New York [N.Y.]) 1837-1840
1837-10-18,"But the superintendent acted wrong-disobeyed the
orders of the committee and placed deputies there
and as the committee expected quarrel took place,
and Mr. Moore had ceased work for the corpor
The work done by Moore origina y ordered to
be done by the committee, and it progressed until all
but one fourth completed, when the quarrel took
place political grounds. The superintendent
never reported Moore to the street committee even
to the commissioner In short the supernten-
dent does pretty much he thinks proper and will
give the committee any information, except when he
feels disposed to do


Now will the believed in the face of this manly and
noble statement that Joe Hoxie had cod heartedness
and caousness enough rise with the eye Of the
upon hm, and blowing out his cheeks which always
sufficiently disended, say in his harsh, gutteral disa.
grceable tone of voice. am not prepared hare this
mans bill paid""


fhe eyes of every ofthe Board, and the spec
tators and the press directed towards him with
astonlshment and Indignation except the small Honte
clique


The account was then read by the Chairman, and
eli, af tba fnllo",,Morning herald. [volume] (New York [N.Y.]) 1837-1840
1837-07-08,"Ngw YORK. FRIDAY July 7tI-
Although the supply Of Cattle at Bulrs Head on Monday
last was greater than for several months pastand al
though fall the price 81 beef Of about III took
place In butchers continue charge exorL
raesates nearly equal what they In the depth
Of WINTER supplies much shorter than they
present Our vegetable market this morning rather
ihny attended Ivy c-un,ry producers owing to the
nued rains preventing them from leaving their homes or
this circumstance the huxter have taken notable advantage
and raised poultry and vegetables from . Joper above
Wednesdays prices Buer abundant that has fallen
within these few days. from 10 cents III, and has every
appearance Of falling still lower Fish continues much the",,Morning herald. [volume] (New York [N.Y.]) 1837-1840
1837-08-05,"MISS hs IT,
lVl her friends and pupils that she has received by the late
from Londen and Paris her supply Of English and
Zephyr wored for flowers and embrodey and superb
Berlin and Vienna patterns together with full assortment Of
Chenlles Embroidery Sins, and white wood articles for
transfer Also, few splendid Satin and Silk embroidered
Aprons the latest sbien chdsens embroidered and
brio focks and variety Of paint boxes with Merrss
bes, colo and material used in drawing and fancy
work.


Lessons usual given her residence Tuesday Thurs
day, aud Saturday in Drawing worsted work. and Embro
derry. jyS-lms",,Morning herald. [volume] (New York [N.Y.]) 1837-1840
1837-08-21,"Some OF the new crop Sea Island, has been brought
kets texture fne but staple, not long This description
Of always gathered from four to five weeks before that
Of other kinds.


We have received later advces from Edisto Island The let
says In the late tempeuous weather, that the
crops would not suffered much hsd they


forward and should the drought continue much longer
the effect will be very disastrous should we be visited by
moderate showers the crop win probably he fair one bnt
cannot be large. The gale has decreased the plant


The accounts from the interior mention that the crops viii
prove most satisfactory This pgeiher with the stock already",,Morning herald.
1837-09-13,"Since commenced exposures the vllanous prac
tees OF the spectators in provisions the subject has
pery attracted the notice of several respectable country
pers who appear convinced with thut the press after ALL


The most efficient instrument to public abuses With
the following remarks put forth the Baltimore Sun, the
subject OF "" hucksering,"" unreservedly concur


Some complain that il there law this subject il not
carried into effect by the proper authorities and therefore
mains imperative and void Ii true good result from
such passing laws the OF city, and then
suer them become dead city Of
hcers TO this law fully carried and practice those
To whoR sconded should faithful officers
that done, and all subject become thereby
shed The expedency Of these laws thng and when
passed. being in execution is another We friends
to huckserng of kind enhancing the need articles OF
our primary wants TO advance the gains of few; who would
take advantage of the times and peculiar for their
selfish eoument at the cost of the and Ddus who
are not able TO bear either imposition needul requon.
In all the departments and social relations of human society
we have too many of this class for the general goods
ready to take advantage which the times the wants Of
lhe people may presents regardless of moral consequences
to take all advantages that be whether ora the
ruins OF the scarcity and Fron
these characteristics they have claims society
port, and well established principle and sound
law society has the right when conveniently dispense
with their services with them bad
rule that will both and they have long enough
been working side OF il the people should work
the other TO their advantage","Hickory, 97.75 a load.
Oak, Sl.07A Dc.
Pine, $l.26 a lead",Morning herald. [volume] (New York [N.Y.]) 1837-1840
1837-10-20,"THURSDAY, Oct 10, II L. NJ


The short sighted policy Of banks brokers and newspapers
10 be fabulous The fact that they draw too speedy
conclusions They take shadow that lays upon the
rent 81 commercial affairs for the substance.


We will prove this When the great outcy made of the
gold taken this country pay the debt
Britain, maintained, despite of all opposition
that these statements erroneous and that very little CON-
paayey crossed the for that purpose Recent state
men have proved the correctness ofour assertions When 1t
stated that the country being drained OF its specie
and, that already having e should shortly have
declared this to be untrue than the former
statement and that with all the fuss and oucry the fact
that much specie into the country
than taken of il Those who were alarmed by their
fears took Of the immense taken coec
lively brought into port the emgrants of which, of
rendered. they only the kegs and boxes
Of specie taken shipboard.


number of the London Times says, and
how tcorroborates all we have stated upon this subject


II is well worth knowing by persons who either
that unexceponabe mode Of conveying funds
thhe is TO found in the shape Of Bank Of England post bills
for greater security drawn trpcae The mode was sng
New York. ana whose first sovereigns
with him. but this plan OF bank bills leaving security out OF
and hey we're eagerly by the merchants OF that
city, most whom were in want OF suitable aud safe remit
England and the general remark them
that nothing could have been found for the purpose To
our Bank the adoption OF them TO any r1.ent must a. tins
in soeregns constantly carried out to the United





them this be obtaned In fact notwithstanding the
exuaten with which the large exports of from New
York dwe Of late the real truth has turned
10 be thsa greater amount sent from England
Aan thar recerd leaving the balance therefore against this
this country greater than That method
shoud have been pointed leaving other matters to adjust
themselves obviae this necessity for exporting god
tremely valuable at the present juncture.


The first commercial paper in the world gives to the public
the facts that have long given much greater sum has
received in this than and in England
they devng prevent the balance Of such ship
ments being against them.


There gnor and blindness in regard TO
the Treasury The ultimate effects OF these issues
Bankers and others that the confidence
which these will give will be to them valya confidence
genderins confidence Hence they the tools and
prey party politicians who them for their party pur
pCses reckless Of all consequences whes will learn
open their eyes wdeyto examine dive into the very
the which they are interested and pro.
per conclusions


The stock market is much the yesterdays quota
ten. The speculation IN Long ard have ceased
the stock remains at yesterdays closing price.",M q NEH NJ A X * r It.,Morning herald. [volume] (New York [N.Y.]) 1837-1840
1837-07-13,"Joseph GILLOTT begs ~ inform the public that he
is constantly receiving from his mandatory, in Brmng
ham, regular supply OF his approved Metallic Pens
The stock hand offers the best in the United
States and OF warranted good quatyamongst which be
found his


""Patent Magnum Bonum Commercial Penn


""Orignal Patent slip Pen,n


""Original Patent Ladies' PEN


Double Damascus Barrel"" Lunars,n Peruvian New
York Fountain and ""Damascus Pens in variety of
sylevz: cards Of one dozen EACH with wood and al
baa holders ia boxes OF one dozen each, with holders ia
rocco cases. shell boxes aud morocco cards


"" Alfalfa Evcrpont, and Pen and viewpoint Pencils


CAUTION TO TlE PUBLIC.


From the well mocd and universal ccoty Of the above
Pens, aested by the whole mercantile community IN Europe
and the United States unprncd nakers have endon
yored impose up.n the public, by spurious imitation pur
porting be the original Joseph GOtfs Patent"" but which
utterly worthless aud entirely destitute ~ those qualities
requisite 10 fine writing which have established such
rallied demand for the original PEN III every country where IL
il knewn


The public hereby cautioned be rpon their guard
against these commercials they be readily detected 10y
their unfinished appearance and by the inferior style ~ which
they into the market IN their attempt impose upon
the unwary.


Each gross othe genuine cnveopeA Va neatly print
ed wrapper descriptive Of the article i contains.
Further against the fraud the public Will please
observe that the genuine bear the following marks
always reading from the point OF the pent


Joseph Joseph Jostsh


Gllot's Giolts elliott


Patent. Warranted. Maker.
The above he lad al his Warehouse, No 100 Beekman
srhe door below PEARL New York. jyli-3m","- Joseph GiIIOtt's Celebrated Patent ElOm-


gated Metallic PEN""
(.IIl4OTT Ia IL nnhlic. That he",Morning herald. [volume] (New York [N.Y.]) 1837-1840
1837-07-13,"Considered sject commanding unfegned admra-
ton awakens socude for its and preser-
and the toilet becomes department both ofmportance
and utility especially where dscernment preses IN the
selection of those appenages which experience sanctioned
this purpose Lady Montagues Compound Chinese Soap
prefers attention, founded nearly century Of trial COM
bning elegance preparation with the prominent requisites
safety and efficacy Ii has obtained extensive patronage
recer and susaner Of the complexion and preserving
impaired agreeable nexiby sones and transparent qua
lily Of the skin


For sale by A. Underhi SO Beekman street. OF Will
liam; Dr. JAS H. Hart Bowery and Walker Price SO
cents per cake. my25-Sm","II OVELY AND ADORED BY ALLAN Ex-


IL CELLENT ARTICLE FOR PERSONAL BEAUTY",Morning herald. [volume] (New York [N.Y.]) 1837-1840
1837-06-07,"Manufactures and keeps constantly hand sale, plain
and fancy Paper Boxes of every description size and style
for the following lines OF business.


AIRY Goods, Silks, Laces, &c B-Shoes. Clancy Ar.
ticles. D. Stocks, Collars Bosoms Shirts E-Curs. F.
buttons G-Jewely and Perumery in all their branches
H-Samples tor coffee, RICE wheat &C. JAatche k-Furs
especially for mgfs Lusica Instruments MDrugs, apo
ihecary and stationary Nat Cases, hat boxes and band
boxes, for millinery articles.


orders Tor any purpose quantity quality of paper boxes
received and promptly executed with DESPATCH the lowest
prices TO ut any article prescribed IN the neates manner
merchants setting be supplied immediate
"" with good and strong boxes exactly fitting the
shelves, aud being real decoration OF the


Country merchants will find accommodation in regard
TO obtaining boxes ofany descriptions and shipping them all
parts OF America at the shortest notice.
In the mean time he gives notice that he regularly imports
from ernany ms native country real Genuine Cologne Wa
ter OF which he has just received large quantity Tor whole
sale, superior to any article in the present market.


Also, most splendid Of German patterns for
samples and embroderies OF every descriptions for retailing
segarboxes pocket books ladies' notice books decorated
with needle work in sorc and handsome style they
seen before.


g. Peusche returns his sincere thanks TO his numerous
friends and customers for their former patronage and trusts by
unwearied pains To merit continuance of the same.


lie also informs his friends and the public that he has been
awarded diploma the last American Fair held October
1885, at Nibos Garden, New York for specimen OF paper
boxes they being considered the substantial and splendid
article in the neever offered the Inspections the public
my20 Inn","Paper Box BAZAAR.
GEORGE PEUSCHER.",Morning herald. [volume] (New York [N.Y.]) 1837-1840
1837-06-14,"MARTINS EssGNCE OF hENNE1.
THIS wholesome preparation manufactured by Martin,


Dublin Ireland, and extensively recommended by the
Faculty a nutritious and agreeable diet for adults
king whey from the renne Bag, and Is warranted to keep
long time, and in any climate.


every pint Of Mix then blood warm, and let i settle
time before the fire. when will form Curds and whey
Price, 81.


Sold only at the Proprieors Agency America Hoppers
Pharmacy No 364 Broadway corner Of Franklin street New
York m2s-lm
RANEAU's CELEBRATED STRENGTHEN
II ING PLASTERPrepares for pains weakness IN The
breast side, back lmbs-ao for gou rheumasm liver
complaint and dyspepsiaor coughs, colds asthmas, difficult
In breathing, oppression OF the stomach, &c. They viii
give immediate and soothing reletand for safe
NEEDLES Such persons whose business ayocaon require
that should stand sit ucb those Of edenary ha


generally, who be troubled with pains IN the side


breast advised of these beautiful paers they
which reasonably urged against ter
neray The proprietor has had the pleasure "" selling hem
daily for many years ~ ihs ciy-and q me re riou,s
who uedthem he has not heard OF shay compliant
They patronispd extensively by the medical profession
there probably an intelligent physician in GeUned
States Europe that would hesitate to sanction tnen win
his influence when made acquainted with their com


Printed directions accompany each plaster, signed by me In
hand writing counterfeit which VIII be punished rs
forgery Persons shout buying them viii remember 70 ask Tor
BAbEAUs STRENGTHENING PLASTER, and see that
get the directions thus signed They are put up IN boxes
with large and attractive show bils-wl keep without injury
ted British order and alibera discount
made to those who buy to sell again


In conclusion have only add thai instances are numerous
which the aury effects have been produced by The
recommended with the most entire
confidence all who thus afflicted.


Sold wholesale and retail at the Bowery Medicine Store
No. 2ss Bowery, New York, by :, =, n.nr.r
U.AnVE@ AND GENTLE",MARTINS EssGNCE OF HENNEr,Morning herald. [volume] (New York [N.Y.]) 1837-1840
1837-10-31,"The Home.
be following lines suggested themselves, reading
"" graphis accounts OF the melancholy loss OF the alb
,rtunate vessel They the service Of the Even
sld


The steamis up; we must on shore


The word is pass'd 70 let her 90,
Good bye, good bye; one kiss, no more;


The best OF friends must part, you know.
Then fear not, tho upon the sea,


IL is your fate awhile TO roam;
The time will pass most pleasantly,


For all on board will be al home.
Man shakes his fellow by the hand;


Young beauty sheds the silent tear;
Away! away she leaves the strand,


Think you, that there cause ior rear.
The handkerchief Is waived ON high


A last farewell! and all alone
The gallant steamer seems 10 ny,


Bearing our irienas 10 distant nome.
She l,aves the bsy-the narrows pass


And oults the fatal Romsr sboal;
Ronnds sandy Hook, where the waves lash
Her now with toam-where breakers roll
And now, upon Atantics breast,


She plous lbs old oceans depths unknown
All doubt and fear is huslfd 10 rest,


For pleasure relgns ca board the Home
Night comes, and hush'd in soft repose,
Beauty and youth, UNCONSCIOUS sleep;
The sick and weary lose their woes
And they who sorrow, cease to weep.
Youth dreams OF love and future bliss,
But waking, finds himself aone;
And stead of true loves burning kiss,
Remembers he is tar from home
But who can tell mans cheques'd fate;
To day bright hope 10 morrow GLOOM
The rich may lose their high estate,
The lowly find quiet tomb.
But they dare The dark blue wave,
The oceans surge, the breakers foam,
May hear the storm and tempest rave,
And perish far away from nome.
The clouds OF darkness pass away,
And usher in the Sabbath morn,
I'M not for rest, il seems TO say,


Prepare We for the coming Storm
The freshening breeze now blows gaze,
Her want OF strength is fully shown,
Those light proportions are 100 frau,
Rough weather suits not peaceiui home.
The seamen note with cautious eye
A rising in her stern and bow
Three feet, It's said-can she keep dry,
To strain so hard and labor 50
Was not the captain somewhat rash,


III such a circumstance was known,
To run fer Hatteras, when the Swash
Was near, where he might save the home-
Time passes Ga. The gallant bark


Breasts manfully the mountain wave
Then sinks into The trough but bark
That cry would scare the truly brave
A leak a lea X is sprung below
Too soon the dire event is known;
The pumps are manned, but only show
That labor cannot save the Home
Life. thou arr sweet the meanest slave
That breathes the vital breath of heaven,
Will strive his weary lie TO save,


Although his heart be sorrow rven
How then must they have felt the blow,
The most OF whom had always known
Joy almost to overflow


The comforts oil q happy home.
The leak increases faster still,


The wafer stays the engines power,
She settles deeper, soon must hi


And canBot weather II an hour.
God. what scene was here dispayd;
CRIES that might turn a heat OF stoEei
Not such as comes from hope delay'd,
For hope had left the joyIcss Home.
The mother clinging to her child,
A daughter 10 her fathers knee,
where she had often sat and smiled,


Anu pratlled in her childish Plee-
THAI father wrapt in misery


His eye upturad TO heavens high throne
Forgetting, In his agony,


That all ne loves IS In the Home
Age, sex and kindred all forgot;
very chaos oil the mind
As though the wit was ov9rshof,
And anguish made the senses blind
ALI bore the impress oil despair
The piercing shrek. the horrid groan
Some raved, whilst Others tore their hair,
And cursed the day they saw the Home.
And now the shore is near at hand
She strikes-and reels beneath the blow;
Entlrely lost to all command,
Each terrible convulsive throe
Shakes every portiou OF her frame;
Al every sea her timbers groan-
Oh God can there be greater pain
Than the las hour on board the Home
Beneath the bulwark, crcuching, lay
A woman, with her infant child;
The surpes cover her with spray,
Her sbrieks resound In accents Wild
She strains her darling to I er breast
The breakers come-she stands alone
Nv child my child oh, guess the rest
She plunged, and left the wretched Home.
A family OF six were there
A father, mother, sisters, son;
They sat in mute but sad despair,
Like statues, turned To seuseless stone.
Al times, an agonizing cry


stifed SODA piercing moan
Gave token life still hover'esy,
Though death was busy In the Home.
A usonstrous wave has DER them leapt
Where are they now The besterous seq
Alone can tell-ior II hath swept


The who.e beneath the vessels lee
Their gurgllag cry of agony
Their outs,reached hands arc seen alone
Thxy We passed into eternity,


With those who persisted in the Home.
Breaker on breaker strikes the hoai
TIL scarce avestige can be seen
Some ceave the wave with sturd: stroke,
Others keep death and them between,
nv holding on what comes 10 hand.


Urged through The surf and boiling foam,
Two ladies safely reach the land


The ocean found the rest home.
Mixed with the fragments cast ashore
wreck Of human lite seen
Some bodies still the dark waves bore,
Drifting towards the shore, between
Pieces OF timber others lay


Cold and inanimate as stone
The sad survivors bent their way


To find temporary home. ARROW


From Washington.
IFrsn our Correspondent MoiUe-No LvIIL1


WASHINGTON, Oct Goth, 1897.
the arrival and sojourn Of the sevei
Is Of Indians l have mentioned, in this city, ha
ted good deal OF interest in the public mind,
> thought that il might not be amiss TO give you","

RErom our Evening Edition Of yesterday


The HOme.",Morning herald. [volume] (New York [N.Y.]) 1837-1840
1837-11-28,"The general pause in monetary affairs costumes The stock
market opeaed this morning with unusual inactivity and
transactions quite limited The policy OF our banks sun
in favor OF contraction estimated that during the present
month their aggregate curtalsnts least ses0o
few of them enlarging-but only few.


An early resumption OF specie payments is the unavoidable
policy operate produce this conviction on
the of aanciers One of the most important the
made against the banks under the and
auspices certain bullion brokers in Wall street.
appears profitable business has been done In bring
ng suits the banks threatening them with law
pense they do not specie for their notes On demand 10
those particular persons connected with these brokers' The
suits are brought and is supposed that all share
the profits accrung fron,he premiums During the last few
weeks suits have brought against the State BaRk the
Merchants Bank the Union Bank the Chemical Bank for
probably the $4,000 $4,000 the aggregate Ia
order to and expense the banks have compro
missed uis-pad the specie over privately and made their
escape from the Eeshes OF he law.


This process has proceeded entirely from certain bullion
brokers Wall and purely speculation 10 make


little money. The great masses of the merchants and me-
cans becoming reconced to the conduct of the banks
u this city, principally from conviction that they have been
sincere in their purposes specie pay the
est possible day.


We ought observe however, that the cnrailnent of the
banks this city does extend to important branch
of business we the -four To dry goods-domes
tic manufacturers the importers busnesthe grocer and
trader these curaments pnspaly restricted All the
-four here, and particularly those in the western
of this receive only the facilities from
that they enjoyed but increase. II posi-
bile TO reach Of the discounts made by these banks
this fact would become manifest.


To this may be attributed the difficulty which
certain banks experience in early resumption
of spece payments is conecprsd that the dealers in bread
stus here throughout the State, have received
crease of bank So during
year. while the other branches of business have been
redpcei 81 0O0 900 in the line Of discounts.


I'll singular in the history of banking opera
,on but we believe very true far perfect
racy


Today there great deal OF conversation in Wall street.
on the Bank Convention The FIRST this body has been
highly unpopu and dangerous To conduct their debera
on NTH closed begins already give deep dissasfac
ton 10 the ante iaeres Throughout the day. all the
avenues of business the Convention the principal topic
rhe great Of delegates from all sections of the
try has quite sensation. Among the intelligent great
homes are formed that this body if they with talent
aud prudence may produce sauary effect the
rency and exchanges Than all that legislatures nkered
some OF the bankers Of the nation among the
eeeates-parteulay Boston, three from Phadel
mia two from Baltimore from this city, besides
anv practical shrewd fnancers from the South
West


From returns by the banks hroug
the country there be doubt OF their ability
new system at once reestabsh confidence and specie
naymens in weeks AS specimen ae follow
inc returns from only few of the banking Institutions of the
land",,Morning herald. [volume] (New York [N.Y.]) 1837-1840
1837-09-20,"DIAPER BOX BAZAAK-No. l2l Fulton ST. doors


from Nassau Constantly hand for sale Plain and fancy
Paper Boxes OF every description and any line
business viz ordry goods silks acc shoes fancy articles
stocks collars booms and shirts cur buttens jewellery and
perfumery in all their branches samples for coffee rice wheat
drugs aoiecary and stationary hat hat and
bandloxts for millinery articles, &c.


urdes ir any purpose qualify Paper Boxes
10 be received and executed with des
patch al The lowest prices 10 I'll article prescribed In the
neatest manner


Regular importation from Germany orea genuine Cologne
wholesale article
aso most splendid assortment 81 German patterns for sG
pliers and embrodere of description retailing;
boxes pocket books and ladies books, decorated with
needle work in rich and handsome style they
before. l5-lm",DAPEK BOX BAZAAK-No l2l Fullon s.. dooI,Morning herald. [volume] (New York [N.Y.]) 1837-1840
1837-11-02,"STATE TRADE. observation-disclosures continues brisk al
Leeds and the stocks hand lower than they have been
lIuddersed but prices which, according tc the manu-


actur~rs do WELD profit Al Bradford yesterday week.
there very little variation. There alteration at
Halifax worthy Of notice. in the wool market middle wethers
Friday dull for ali AT York wool market yesr
day week. there good show OF WOOL which nearly
all sold Off wi bout any ieralion in price


LeicestsrThc demand for the home trade continues active
The useful goods all exhausted and the hands
fully employed What little has been doing is nj from 32s
O 3Js. As


MascheerB has been flat in this town during
the last few days; the cessation Of purchases for Russia the
hDess The Liverpool Market have all produced their
share of effects the demand for goods and ia this
Rather lower prices oeng yesterday for yarn but
that decline generally established In
the Of In the market Is by means large


Rochdae FLANNEL Market, Monday, Oct 2-Thoush many
pieces sold today The buyers not eager
purchase they were two or three weeks back. wool
general belief prevails that il will lower. which makes
the unwilling to purchase, except for imme
date


Bury and Rossendak woollen trade Bury Is rev
len MILL which covers 1000 square yards Heap Bridge,
Bury, is nearly filed with machine "", aad many fresh
hands working there week IL Is one OF the
largest woslien mills In Lancashire. IT. coarse wooiea
trade Rossr dale in nourshng state, and wages are
some little better than they six mo nths since


Bacp and Todmordn The cotton trade pretty brisk and
cotton mills working full time, yet are low
here they in the neighborhood OF Manchester


Preston There has this week been quite mnch &C.
tivty he trade, the case in the preceding
weeks There decline public confidence has any
visible reduction taken place in the prices OF either the raw
msnufae material The demand for from abroad
brisk Asegars the laboring population.
employment is toernby plentiful aud provisions unusually",,Morning herald. [volume] (New York [N.Y.]) 1837-1840
1837-11-09,"SUpERIO~ LINEN WRITING PAPER.
~ RICH LOUTREL in addition to their present
Liam Paper, have just received large quantity
Of superior Lines wiring Paper ~ asires, express
IN adapted Cor Blank Accoust 30 ~.


Orders for Banks, Insurance Companies Public Offices
Merchants others either for the City any part ofhe


United States for complete parts Of made this Pa
per ruled sny with great accuracy and bound
IN elegant sid substantial style; will receive prompt
tenlion "" addressed To


RICH A. LOUTREL, stationers, New York.


Also, hand and or sale large assortment Of Patent
Blank Accosn Books, made IN superior style OF the above
Paper Those pero-s who for wan; OF time wait 10
set Of Account Books made order lie supplied
from hi, with complete set ~ books, which will
We warranted 10 give entire Subtraction to TIE most correct and
particular bookkeerrr.


Also hand extensive stock OF foreign and domestic
stationary consisting Il every variety Of foocap and letter
paper, lead pencils aers, sealng ink stands ele
CANT bronze and ebony meta Tic meorsndum books, back
and chess boards copying machines Of various kinds
and all the requisite articles for their Notara
and other article usually sold by staoncrs which they
eFer for sale at prices which suit purchasers cer
wholessle or retail RICH LOUTRFI,


stationers and Blank Book manufacturers No. 81 William
Street. door below Cedar. M 2ws",,Morning herald. [volume] (New York [N.Y.]) 1837-1840
1837-11-07,"II You have done WELL Liberals of New York !!


under the renovated spin, of ancient freedom, you
have done well. One day has past away and the bal
LOT boxes contain the record Of your principles your
morals-your ardent aspirations after human liberty.
Twenty times have you march up TO the ballot
boxes in this great city, but before under such
spirlt-such glorious nfluence-such proud con-
seriousness Of overwhelming the enemy. The grea,
contes, was decided on Saturday last, in the minds
and hearts Of twenty thousand ardent beings. The
votes received a, the polls arc merely record Of the
burning thoughts and glorious feelings which have
filled every freeman for weeks. All now that is re-
CURED is to bring up your friends the polls. and see
that they vote the liberal tickets. See, sec, sec.",,Morning herald. [volume] (New York [N.Y.]) 1837-1840
1837-06-13,"Spice BITTrRs.-Thcse biers have been long
- celebrated for their peculiar virtue in terrifying and
strengthening the somach they appetite and help
digestion and purify the blood distractions
and found useful in removing the anndce they pro-
duce Of the BREATH removing all scorbutc and
svory belchng and great preventive against feves
and They useful in all Of the year. but more
particularly the spring. by bracng the fbres and
venting that dagreeabe hessness and weakness arising too
frequently from relaxation the approach of weather
Prepared and sold, wholesale and retail by


NATHAN b. GRAHAM,
ml-tf 90 Nassau ST., cor. of Fulton.",,Morning herald. [volume] (New York [N.Y.]) 1837-1840
1837-06-13,"- CELLENT ARTICLE FOR PERSONAL BEAUTY
Considered object commanding unfegned admra-


awaens natural socude for its attainment and preser
vaon and the toilet pament both ofmportsnce
and utility especially where dcernmep predes in the
selection OF those which experience has sanctioned
For this purpose Lady Mon'agues Compound Chinese Soap
prefers attention. founded nearly century Of trial.
bnng elegance OF preparation with the prominent requisites
safety and efficacy II has obtained extensive patronage
reeser and Of the complexion and preserving
impaired agreeable fexbly soness and transparent
lily Of the skin.


For sale by A. Underh, SO Beekman corner Of Will


am DR.. Jas II. Hart corner Bowery and walker Price 30
cents per cake. my253m","T OyELY AND ADORED ny ALLAN FIX


IL CELLENT ARTICLE FOR PERSONAL BEAUTY",Morning herald. [volume] (New York [N.Y.]) 1837-1840
1837-06-15,"MONEY n n X TT.


fhursday, june Is.


The operations the stock market in big Wall street. furnish
as correct ncsons Of the condition movements OF


money MARKET the transactions of faro banks in sae
Wall street The stock market merely paper machine,
without any noence effect real business Rail Reads


e rmbu bank stocks are getting and
into diculy. The United States Bank holding its head
although II generally believed very insolvent
and bad condition, in spite Of all putting and Sosering
Of certain cIiqses Of spectators newspapers


The state OF the money market indicated by the trans
actions ofthe baon brokers' such friends T. g. Cape
ter, Wood Bosar, and Bebee Co.


During the last few days money has gradually depre
caed and yesterday City quoted at 10 to IL per cent
dseounSafety Fund.- II 10 l5-esse IA to l6-and south
IS rs discount from the legal standard Avery
remarkable business growing up from the constantly
dePeciang character OF paper money also inquired
creates the demand for pecie Probably the supply for
Europe ia FOR the present. nearly close. The banks and
private individuals actually coming into the MARKET and
purchasing specie boarding other purposes We learn
authority several quarters that the banks pur
chasing specie through their private brokers' exchange
their own bills The business OF discounting very uch d.
mnised lae and the paper money hand increasing
Al the Merchants Bank, the last discount day. only four
small notes offered for discount in addition the
reaewas


These mspece, of remarkable
Before the sailing of the packets that
demand for bullion should increasebu the demand widen
ing and increasing all the time The explanation therefore,
cansot be found altogether in the foreign demand II
spring from other growing of the condition Of
banks and the opinions their managers Of the future.


The general impression that the banking system will
get ard deranged-and that the suspension law
stead of being benefit will be The par.
pose of the bokheads who framed that unconstitutional law
was to make the safety fund notes at and therefore,
cevabe all Over the By this MEANS supposed the
internal exchanges Of this would least be preserved
from utter proaon From these exchanges
than the great southern exchanges The effects
the arrangement developing themselves day. Money
cannot be RENTED from Buffalo New York. from
part Of the state TO the other but by special messengers There
is syse-no sympath mo mode Of ansactng such
through the broken banks


The belief therefore, the fnancers Wall that
Congress alsne competent regulate the exchangesand
that all business will be deranged before body in
September, compel them 70 act with and
promptitude This belief is however, coupled with another
impression that the OF the bank will be able pay
the depoors and the bhoer and that twohirds of
the stock will wind up complete bubble This impression
the fall in bank stock Its impression with
out At this the banks principally
gagged in renewing paper, and canceng engagements
The protested in their possession and called available
securities, probably equal fire millions least
Now this in continued arrangement the currency
will not pay ten cents on the dollars in the end.


Another point bears heavily broken banks
the power Of any the banks their AMI
compel them pay the specie have their property le
We'd upon The suspension law does prohibit the usual
legal remedy Of debtor creditor. During the last
pension of specie payments the banks nsolent and
bearing they citizen brought action against
the Mechanics Bank for $o0 recovered in due process Of
law the sheriff walked the vaults Of the bank seized upon
the specie the Of $6OOo0 and walked of with the
property Every broken bank Wall street liable TO be pro-
secuted and recovered OF in this What prevent
the depeso and holders or. doing sonow! The conduct
OF the banks and the commissioners becoming outrageous BY
the suspension law the Bank Commissioners directed
publish statements Of the condition and circulation or the banks
yet these hhess, foolish functonares have perform
ed their duty


Such being the condition Of the broken banks,
however, be supposed that the country gone the devil
This Is wonderful landand the present revuon cansedby
miserable politicians and miserable bankers will
year. In this city the retail and cash trade
good particularly In seasonae goods and groceries
From harm that e prospects
never better The approaching and fail bids fair
make up all the loses OF the revision All want
uona exchange system transmit funds end the
oousIry The other and for this purpose time for the peo
PHI TO begin to teach congress IL duty.


Yesterday we pettcoats pctcoats very pretty
p@coais In Wall street than did 10 day for
years WHATS the moeri Il that coming",n ONE MAR X Il r.,Morning herald. [volume] (New York [N.Y.]) 1837-1840
1837-11-01,"Several speakers addressed the meeting but Cars
effort was most the point We will only give sketch
Of looking principally 70 those passages that bore d
rectly upon city affairs.


After a short exordium Mr.. Carr said,


What is the position of parties On the one hand,
you vrtuous people striving to correct abuses on
the other you see desperate bank faction ralying
der the banner sf wealth and bank domination,
tinue their former tyrannical rule The panic makers
of 1894 are the actors in the battle about be fought
Their Swiss columns resist arms. Knowing
their weakness they have filed their mouths with the
crv Of reformation. Reformation indeed Let look
at home, in this city for evidences.


This said party Got into power last spring What did
they do The very first step they took to their
fierce bayonets against the Of the revolution
drive them from The Offices yoa representatives in for
ner years had conferred upon these glorious defenders
of our liberty. Yes they drove them from their Offices
and put in their stead their hired Jannssares These
poor solders-where are they newt They are thrown
upon your bounty for dreary subsistence, but thank
God, you will not let them suffer This was their first
step-a step that violated the sacred obligation Of graft,
tude the who had pcricd their lives in defence
OF their country.


But let aud the next step Of these Reform
ers Our forefahcrs told that life. limb, property
and free trade we're brthright. These rcformers
denied this truth. They turned their hired troops
against the honest butchers, the who under the
laws of the land earning honest livelihood, and
drove them from their stalls like dogs Who suffered
by this act7 Not the butcher. He spurned at their
mpoient acts and sought another channel Cor his indus.
try But this act ofyrsnny sank deep in his heart He
here and he will be at the polls too to drive these
formers from their high offices. Who suffered, ask,
by this dastardy act Give ear oh earth give oh
heavens The widow, the orphan, the destitute, the
penness the industrious poor They suffered and still
do suffer Go TO the market place and them suffer
ing under the wsnon and desperate Of these
reformed masters Go there, and your hearts will
bleed at the sight Of such reformation.


Fellow citizens, my heart fails me IN this recital
YOU yoa know the measures OF this desperate reform","Old Tammany again--stilI more--C arr's


eech.",Morning herald. [volume] (New York [N.Y.]) 1837-1840
1837-10-25,"Sir,-The following may those
by Mary Hewitt the Morning Herald yesterday. will
give dollars the Woodwork Fund you any of the
New York literat tell who the author within
l am Sir, your obedient servant. PopPy
Thou askest nosegay the garden is reft


The choice of the flowers, the prime of the trees
All rifed one have the pferers leh;


They have pierd these ages past, all AT their
The poets have stoles the lily and


For the cheeks of their mistresses, time ofnnd
And the bay and the laurel, every knows,
Are theirs round their own flowing to bind.
The myrtle ctwas yenuss shrub) gives it leaves
Its leavs and its buds to the breast of the lover
And the vine leaf and ivy the Bacchanal weaves
In chaplet his rosy red temples to
The holly and mistletoe's dark glossy sheen
Wepace in our halls in the old Christmas tide;
Teshelter the spirits, that sport in their green,
But the keen cutting blastsmay no longer abide.
The maid that's forsaken her with willow
For remembrance rosemary, daisies thought
We scatter the poppy sicl ness pillow;


And the wreath OF the hopeless, cypress wrought
chapet of oak is the need of the chief
Who has rescued his fellow in battle and blood;
And the robin hath hollowd the strawberry leaf
To the poor little babies that died in the wood
Then ask for a nosegay! the garden isreft;


The choice Of the flowers, the prime of the
All rifed no! yet there's foweret eft,-
May gather il for 1.-THE gentle Hearts ease.",,Morning herald. [volume] (New York [N.Y.]) 1837-1840
1837-09-26,"""Josoph GiIlotts Celebrated Patent Elem


gated Metallic Pen.v
Joseph elliott begs 10 inform the public that he
constantly receiving from his mandatory, in Brmng-
ham, regular supply of his approved Metallic Pens
The stock hand offers the best in the United
states and OF warranted good quayamongst which may be
Sound his


aPstent Magnum Bonum Commercial Penn
""Originsl Patent Slip Pen""


""Orginal Patent Ladies' Penn


Double Damascus Barrel"" ""Lunars,"" Peruvian"" ""New
styesyz cards If each, and
bata holders In boxes OF dozen EACH with holders
rcccocascs shell boxes and morocco cards.


""Abata Eyerpoin, and Pen and Everpoint Pencils""


CAUTION TO THE PUBLIC.
From the well mcred and universal ceebty Of the above
Pens by the whole mercanhe community Europe
and the United States pr,ncpd makers have endea
vored 10 impose upon the public spurious imitation
porting be the original Joseph es Patent"" but which
utterly worthless and entirely destitute ef those qualities
requisite TO fine writing which have established such unpa
rallied denandf Tor the original in every country where
Is knswnil


The public hereby cautioned to BE- ru ~ guard
against hfse counterss they may be readily Diet cted by
their unfinished appearance and by the inferior style which
they sent INTO the market In their attempt Impose
Each gross ofe genuine pen envsopea neatly print
ed wrapper, descriptive Of the article II contains


Further guard against the fraud the pubic win please 10
observe that the genuine bear s the following MARKS
always reading from the point OF the peni


Joseph Joseph Joseph


Gillotfs Ghlotfs elliott


Patent Warranted. Maker.
The above he had his Warehouse, No. 100 Bcekman
seret. one door below PEARL New York. iyl1-sm.",,Morning herald. [volume] (New York [N.Y.]) 1837-1840
1837-07-28,"Considered IN eect commanding unieened admira
ton awakens socu e for its attainment and
va,on and the toilet becomes both ofmpoance
and utility, especially where dcernmcn predes IN The
selection OF those appenages which experience
For this pnrpose Lady Montagues Compound Chinese Soap
prefers attention, founded nearly century Of trial.
bning elegance preparation with the promne requisites
safety and efficacy II has obtained extensive patronage
refreher and suaner Of the complexion and preserving
impaired agreeable fexby sotnes and transparent
lity at the skin


For sale ~ A. Ender 80 Heekman street, OF Will
hami Dr. JAS H. Hart Bowery and Walker Price 90
cents per cake. my253m",I OyELx AND An0tED BY ALL:.ANhA,Morning herald. [volume] (New York [N.Y.]) 1837-1840
1837-11-30,"IVI BANK AGENCY AND DISCOUNT OFFICE No.
Wall ST. New yorkThe Company having taken bank
ing house Of Messrs NJ Allen Co their services
buying, selling dscounng and collecting drafts n
the states favorable terms buying and sell
ling gold and silver and bank generally
plan which this institution have taken m giving ample security
uto the hands o dsnteesied gentlemen reputation aud
worth, have gained for the most unoubted condenceso
mach thlt their checks drafts the different banks
taken by the principal krokers and pass readily and the
rates the bills 81 the banks which they daws


nl.3mt


II PIEHCI, SPIRIT LAMP MAKER, No. 2e Diyis
~. onsi Tone door from Cinon w. returns his thanks
the public r ber patronage since commencing the above
business and hopes by strict attention. snd thorough know
edge ~ business 10 obtain Continuance % the taNo Tie
would also call their aueution his Rehectng lamps which
ar superior t. vet offered


lie would likewise request those who have no, used the
lawps cali ard Judge for themselves Of the
superiority OF this lights half the experse) over other
light used. Store lsmFss.


Personal attendance those who are fitting up stores
billiard tables other establishment where brilliant
light usn,ed feels conhden, he has lamps Suitable
for smrut IN the city country. lie also reminds
hs customers ssd friends tina, al Spirits delivered by him
ser, wagon. signed ench side hoard tack white
le,iers 81 Percy, Spirit Lamp, 2to Division 81""


NJ ~ His wagon wi ! call on regularly
week supply the Spirits Lamps wcks and glasses be
Obtained frop the wagon. Spirits delivered usual whou
ANY erirs charge


~ No connection with any other establishment ANN","ExSSAEGE .coSM.ssiAaSy,",Morning herald. [volume] (New York [N.Y.]) 1837-1840
1837-06-22,"Manufactures and keeps constantly hand, for sale plain
Paper Boxes OF description size and syl,
Tor the following lines OF business;


AIRY Goods, Silks, Laces, &c B-Shoes. Clancy Ar
ticles D-Soeks, Collars Bosoms, Shirts. E-Curls. F.
Buttons G-Jewery and Perfumery in all their branches
H-samples coffee, rice wheat SC J-Matches K-Furs
especially for mgs L-Musca instruments. M-Dugs, apo
theca-y and stationary Mat Cases, hat boxes, aud band
boxes, for millinery articles.


Orders for purpose quantyor quality OF paper boxes
received and promptly executed with despatch at the lowest
prices III any article prescribed nthe neatest manner


Merchants setting be supplied immediate
y with go~d and boxes for store exactly fitting the
shelves, aud being a real decoration oi the store


Cormry merchants will find accommodation 10 regard
to obtaining descriptions and shipping them to all
paris of America al the shortest notice.


la the time he gives notice that he regularly imports
from Germany his native country real Genuine Cologne Wa
of which he has Just received large quantity tor whole
sale, superior 10 any article in the present mar et


Also, most splendid assortment OF German patterns TOR
samples embroderies every description, for retailing
segarores pocket books and ladies' notice books, decorated
with rich and handsome style as they
before.


G. Peuscher returns his sincere thanks to his
friends and their former patronage and trusts by
upweared pains merit continuance Of the same.


lie also nfbrms his friends and the public that he has been
awarded diploma from the last American Faf held October
1885, Nios Garden, New York Ger specimen Of paper
boxes they being considered the most substantial and splendid
article in the line offered the inspection OF the public
my20 1m","Paper Box Bazaar.
GEORGE PEUSCHER.",Morning herald. [volume] (New York [N.Y.]) 1837-1840
1837-05-31,"GREAT BARGAINS.-An extensive assortment OF
NJ Silk and Cotton Hosiery together with large assortment
Embocries, consisting cape, collars pelerne,
you've sheree infants robes waists and ladies olash
lace hawl meno embroidered zebra and brOche, do
very rich thread and bobbne ace nserngs and egngs,
needle worked insertngs; and scoop -dgins thousd
musn bead bags purses and safety chains, needles thmbrs
gold silver and steel bodn hair pins scissors, white AMI cod
ladies horse skin gloves ladies plain AMI open worked six and
gloves, plain and figured silks; Irish popn- nen silk
and cotton Il ,nlkerchies, lace aprons.


Black and white lace and gaure wells and scars; 81 black
and white plain and figured blends damaged the late fire. ~
Bowery. myl62ws
A CARD.-wM. H. ACKERMAN respectfully informs
n his friends and the public that he has in connection with
his Confectionery 80 Grand street between Chrys


Forsyth streets added splendid saloon The style IN
which furnished and the superior oxceency of h
wines AMI other refreshments be surpassed An
other establishment ia the city,


VIII A. pledges himself that his Saloon shall be conducted
in the respectable and orderly and TINT every ut
tentan shall be paid the accommodation OF those who VIII
favor him with visit, myi.lm'",,Morning herald. [volume] (New York [N.Y.]) 1837-1840
1837-07-06,"=
Considered sbject commanding unfegned admra


on awakens natural soctude for its attainment and preser
vaon toilet department both ofmportance
and utility especially where dscernment presdes in the
OF which experience has sanctioned
this purpose Lady Montagues Compound Chinese Soap
prefers attention, founded nearly century Of trial.
bnng elegance Of preparation with the prominent requisites
safety and efficacy. II has obtained extensive patronage
recsher and suaner Of the complexion and preserving
impaired agreeable debility sofness and transparent
lily Of the skin.


FOR sale by A. gnderb, 80 Beekman street. Of will
Hams DR. JAS H. Hart Bowery and Walker. Price 50
cents per cake. my25-3m","r OVELY AND ADORED BY ALLAN Ex-
u CEILENT ARTICLE FOR PERSONAL BEAUTY",Morning herald. [volume] (New York [N.Y.]) 1837-1840
1837-05-22,"Behold those eyes, whose sparkling fire,
Genius and wit, and joy inspire;


Whence every glance that scitly steals
The latent flame Of love reveals;


How blest his lot, almost divine


The happy youth ON whom they shine
Behold that form, with beauties fraught,
Beyond the poets glowing thought;
Where with each modest grace is seen
The port of Heavens majestic queen;a
Oh, doubly best, whose circling arms,
Strain to his breast those yielding charms.
More perfect than that beanteous race
That melting form, and witching grace
Her heart, whose fires more kindly sio""
Than cen those radiant eyes can show
But what can make his raptures known,
Who proudly boasts that heart his own",For the Morning Herald.,Morning herald. [volume] (New York [N.Y.]) 1837-1840
1837-05-22,"DETROIT HOTEL, LATE tONK HOTEL.
~ The subscribers respectfully inform their friends and the
travelling public that they have taken the above establishment
and fitted up In style that will compete with similar
house IN this city, the Eurspean plan, and
be accommodated with lodgings and meals all hours AMI
served up with dish the rich and luxurious market Of New
York at all times affords


The house pleasantly located ""a Barclay street, the
immediate vicinity o the Hudson river steamboat landing.


The Bar supplied with wines and liquors of all kinds, the
best that be obtained. ~ n. MERRINAN,


my5 2weol l.. WINSIIIP.",,Morning herald. [volume] (New York [N.Y.]) 1837-1840
1837-09-23,"FRIDAY, sept. ~


will be by advertisement in another column that
vessel has arrived here with cargo Of peach orchard coal
which offered broken screened and delivered ae5 6t
being T under the price charged by coal msr
chants Although this considerable saving in these trying
tmes equal the advantages enjoyed by Boston
neghbors who thou least double the distance
from the coal mines pay for the article only ST. cents
per BY from Philadelphia learn that the
market there g!ued In the springs it attempted by the
specuiaos TO prevent the miners by withholding ranances
from sending their usual supplies the landing places In
this however, the would be monopolze have faile! The
miners obtained facilities from other hencethe
immense arriving Boston, and other
places In these favorable associations
ing for the purpose Of obtaining their winter supplies direct
from Philadelphia.


number Of families who thus associated have already laid
their COAL broken and screened TOM being saving
S2-on the regular market price. What blessing would
the poor, Congress repeal the law imposing
dsty oreigs Coat Last winter said that Corps
ration intended to forward memorial To Washington the
subject Since then have heard nothing respecting
do calculate that shall hear thing long the
Corporation holds the reins OF government They
much immersed in psitcstoo much attached 10
dining at the expense Of their constituents think Of de-
voting moments attention TO their wants their suernss",Coal Market.,Morning herald. [volume] (New York [N.Y.]) 1837-1840
1837-08-11,"BY this curious table will be perceived that certain class
Of banks, those situated principally in The wheat districts
begun enlarge their discounts very remarkable extent
This expansion begun after the suspension law passed.
and on the LIST July had increased to S7i83 for I3banhs
BY m day, probable that several sher banks engaged
In the process and the whole expansions
nearly equal s25eoooo BY September twlbe s6ooooeo
at least.


isvery well known that the business the western banks
Is curaed expanded according TO the which the
crops market. In the month August the ordi
nary business their began bemade deal
in grain and wheat II seems however, that the
banks begun their policy than usual This done
order purchase ahead all the bulk grain wheat the
The great disparity In the policy OF these banks
concluvey It's meaning and purposes Nearly 80 OF these
decrease loans, Ia July compared with January
on this thirty probably dozen would this msment Indicate
an Increase for vecson Of this fact We must wait
for the statement for August.


Aal events appears he conclusive from their own
showing that the banks Ia Monroe Ontario, Oneida
dago counties are principally engaged in oanng money,
anticipation Of the crops and evidently purpose
monopoly in consequence eth great speculation and sub
sequen revulson Ia Buffalo oswego and the banks
10 those quarters from joining the conederacy


Hence The public prints in Buffalo restrained by their
own banks from revealing the general TACT and beginning
movement that end in disaster the existence Of the whole
safety fund bapks


In this rrbe peace wckedpess, the farmers merely
The dupes and the deceived They will receive but ordinary
prcebu the bankers and spectators reap rich
harvest o. The spo Of victory in raising the price Of -four.
u they can, next winter.


Such first effects Of the blessed suspepsion and
the issues Of mpudent, rredcemab, immoral unpho
sophica paper While the Albany Argus, its
coniederaes rail against National Bank its clique will par
cpae the results OF this and signal piece Of Safety
Fund villany. Well, not but what
ge-nour si2 5 20, per barrel II the people will
elect governors they ought suffer the penalty
Of their folly. u is even handed justice.",,Morning herald. [volume] (New York [N.Y.]) 1837-1840
1837-06-01,"IT IN conformity with law passed by The Legislature of
this State the 2lst day OF April last entitled IAN Act
guate the powers and duties of Public Administrators and
rogates relative the property and effects of foreigners


Notice is hereby given that and after this date the
perry and all subjects of His Majesty who may die
their In This city nestae such property and effects
arriving in this State placed under the this office and
under public administrator heretofore. The
undersigned in thereof requests that notices here
tofore the public he this Office,
estate any subjects OF
his Majesty she'll at all times be furnished without any fee
charge whatever


The ath officer and others the quarantine respect
fully requested make their communications to this office,
where all expenses connected herewith will be paid","HIS BRITANNIA MAJEsTy's CoNsULArE,}


New York 18th Nav 1887 4",Morning herald. [volume] (New York [N.Y.]) 1837-1840
1837-08-15,"- WARM FAITHS, ON the East River foot Of Perpont ST.
Brooklyn Heights open for the reception of VISITORS
The Swimming Bath 40 feet long by 20 feet wide II stu.
aed on that part ohe East River where the water is the
pure the Fulton South Ferries persons can
haihe at ame The Warm Baths the only Baths in the
state whore used, which renders them peculiarly
der sea water cleansing rain water The subscriber
pedres himself that thing shall he done to maintain the
reputation the Baths have acquired The past season.


Cold Baths l2l ceniswsrn Baths, i cens4 tickets for
one dollar suSImp EDWARD GRAY",,Morning herald. [volume] (New York [N.Y.]) 1837-1840
1837-08-15,"Considered shect commanding unteigned admira
ton awaken socude for its attainment and preser
walton, and the toilet becomes both ofmpoance
and utility especially where dcernmen presdes In the
Of those which xperience has
For this purpose Lady Montagues Compound Chinese Soap
prefers attention. founded nearly century Of trial.
bnng elegance OF preparation with the requisites
safety and efficacy II has obtained extensive patronage
refreher and susaner Of the complexion apd preserving
impaired agreeable hexibiy sones and transparent qua
lily of the skin


For sale A. Underh SO Beekman street, Of Will
ham; Dr. Jas Hart Bowery and Walker Price 50
cents per cake. my255m","OyELY AND ADORED BY ALLAN Ex


IL CELLENT ARTICLE FOR PERSONAL BEAUTY",Morning herald. [volume] (New York [N.Y.]) 1837-1840
1837-11-27,"PILIS-MKS BTKD,
esconums which she has received from her friends
and beneng the human family, Is induced 10 Of


the public the above medicine safe and certain cure
stomach aud complaints arising from indi
geston bile These pills have been known
fail TO effect permanent and radical cure by proper APP


indeed abundantly
has their Thousands tey te their valuable
beneficial properties The proprietor Il the receipt does
putting preamble the many important qualifications OF these
pill, any present but merely enumerate
few &c the many body which they have been
and perfectly eureBiH-us and liver sres
tion. cosveness asthma piles settled pains, dyspepsia chro


mic and indammaiory Theuaiatish headache mpurty Of
fluids debility the sickness incident to females In
delicate health for every description Of dsordered
they will be fund easy certain and nfahle rene
dy. Mrs Bird offers her enovang Pills the public In the
confident anticipation that they will e found universally
invaluable aaily friend. Sold only al Division street by
MRS. BIRD. Advice gratis o275ms","MRS. BIRDS CELRBRATED ApERJ-
lvl EMIT AND TONIC RENOvATING VEGETABi",Morning herald. [volume] (New York [N.Y.]) 1837-1840
1837-10-16,"Is consulted confdentsly nj his Office,
- No. Duane street, between Chatham and Villa
the following diseases viz ;Gonorrlna, elects Chancres
Structures Seminal Weakness and the diseases
ing from venerea poison improper Dr. johnson
engages TO remove any recent affection In two three days
and the most lnye;efate popOTonae time without
the OF amy debatng Eudcous medicine OF preven
ton from business Persons enrung themselves Dr. John
sons desc themselves with certainty 81 success
the most aggravated Scofuous liberated legs
SC. spec lily healed Strangers would do well giving
johnson CALL certain preventative
the occurrence OF the foregoing diseases whch has fail
ed VIXEN used within hours after exposure Let
post paid, and enclosing tee the
dicine, and directions for its forwarded.


Ats ndsnce from q, A. NJ night Dr. johnson has
moved from IL Chambers street. o12.lms
I EOPOLD, Importer OF Cloths and Merchant Tailor,


No i0o William street begs leave inform his friends and
the public that be has completed extensive Assert
men Of Winter Goods, which he invites inspection
black, blue; and eoored French and English superfpc
Cloths Moha fetsrsham, Pilot Cloths Brighton HEAVIER
superfne med drab Cloths great variety OF fancy and
staple goods for pantaoons, will
or make up on the most nable terms. olI.lms",,Morning herald. [volume] (New York [N.Y.]) 1837-1840
1837-12-08,"And New Yorks api,a had gathered then


The lamps SHINE DER brave women Al d fair men;


thousand hearts beat happily; and when


Soft eyes looked love to eyes that spake again,


And all went merry as marriage bell


The season has now fairly commenced; the season Of
estiviy 1t true that stern Winter has not yet given
us more than passing frown but still the time is come
from whence from time immemoral, has been dated
the annual Of social intercourse Of social
enjoyment.


In all ages and in all countries classic and barbarc,
dancing has been much cultivated. BY the young IL is
considered the sweetest Of amuscments and even old
age looking upon the hilarious excitement which the
dance occasions forgets its aches pains and nrmites
and fancies itself young more.


Ofhe dances OF the season. the winter of 1897
that Of the Seventeenth Company OF Washington Greys
holden at Tammany Hall, on Tuesday evening last,
ranks primary The itself was splendidly deco
rated with flags banners and streamers. and the
orchestra a geldeH hog going the whole figure d.
pinely. The company was select-the tost ensemble
imposing. Military men, in various-nay multitude
nous uniforms paraded and pirouctted perfection
they also showed their figures, those who had figures
show and those who had not exposed them-it was all
one.


Some Of the gentlemen in uniform were not uniformly
correct-they wore their swords. Bad TASTE gentle.
rnen-bad taste those thus ACQUIRED were few.


The ladies-how shall we speak OF heml Beauty,
lsvcliness-w viva-ity, here shone resplendant.-
Venus trumphed over Mars and the military confessed
themselves vanquished.


Among the distinguished guests, his Honor the
Mayor He looked in good health and in choice spirits.
Gallant and genllemaly TO degree. He seemed pleased
with himself and all around. Very different his
bearing there his bearing AT the charitable meeting
Masonic Hall. He felt--or physiognomists-
he felt tina, he was then with savages, but with
bright intellectual glorious beings unstaned BY political
guilt


Il true the savages Of the charitable meeting did
wear moccssins-nor they robed in blankets,
did they carry the big pipe-perhaps IL that they
could not get such ges-nor they imbued
81 IpIt
put them TO the blush they we're one degree-tcn de-
lower than the Indians for they sacrificed the poor
to the Ind, bgoted nurate spirit Of party zeal
All this seemed to pass over our verify digntarys
bland and engaging countenancc and giving loose to the
pleasant sensations which the pleasurable meeting in
duced in his philanthropc breast he footed i on the
light fantastic toe most gracefully.


The General OF the Greys was not present-thc Colo
mel was in the building but illness prevented his joining
in the festivities gallant Major Of the corps shone
conspicuousy however, 10 make up Tor these losses
with his young and beautiful bride who the theme
Of general admiration This ady had friend with her,
very young-very interesting, but--What have you
to say against her with your but Nething-6a she Is
engaged.


Orthe rest. The Anns--tne sweet Asns-not Pages


the James the Mays the Graces, the Roses, the all
Il would be impossible psrticularize. The entertain.
ment gave the greatest and most unfegned pleasure
as the English journals have ito the most numerous
and elegant assenblage ofthe season


DANGER OF CHARCOAL FURsAcEs.-On Sunday
two young women at Concord IN. H. took pan Of char
The fumes Of this deadly fuel oppressive that
they both tainted and fell In this condition they were
discovered by a child who alarmed the house by her
screams Fifteen inmates later and the poor girls
would have been beyond suceor.",,Morning herald. [volume] (New York [N.Y.]) 1837-1840
1837-12-08,"Brown g. Co.'S One Priced Hat store.
II THE subscribers, since the year 1884. have aimed
furnishing the public with elegant and substantial
Hat OF the most graceful form the accommodating
prize OF ~ They can now say that their efforts have
been crowned with triumphant TIE Hats
tured by them during the last moahs surpass
and hnsh any heretofore offered and stand
among those OF higher prices by the fashion able
the community.


hey have just completed their arrangements to sell plain
Caster Hat for $780, which in point finish
gance Of form and will compare
OF the highest prices All Bales for cash. and
price.


BROWN 4 co.
sl63mS lis Chatham Square, Mott ST.","U.R ID II II $


FIRST PREMIUM
d ID d Il y Y ORE
Clinton Hall, No. Beekman street,


NEW YORK. mk

",Morning herald. [volume] (New York [N.Y.]) 1837-1840
1837-11-20,"M PHYSICIAN, OF Boston, would respectfully give notice
the Ladies OF New York and vicinity that she has
ced practice In this city al her residence No ~ Leonard
nearly opposite the National Theatre.


Having collected. during Ia Europe, Herbs
Roots and essential Oils, not be obtained America she will
he enabled 10 meet diseases IN their formidable appear
The great success which has ATTENDED her Of
draes IN this country, guarantee OF vhatmay be expect
ed. The many delicate complaints Incident the female
frame reader airy argument In favor Of the Female Physician
unnecessary.


Mrs Mott pledges herelfto or relieve the following
diseases iRheumstsm Tic Dooreux toured without the
oflance Conacons, ParayEed LIMBS, Palsy, Decline, Con-
sumption Dropsy, Humors, (Scrofula Salt Rbeun Kings
Evil CyDkrr Rngworrn &c 6c Csarrh, Scsld Heads, Az
festons of the Eyes spepsia Deb ity Spinal affections
die, Liver Complaint, Hemorrbcds Piles, Female Weakness


In conjunction with her medicines Mrs Mott will administer
her celebrated Patent Medcaed Champoo and Luxung Baths
invad and others Toe muck be said In favour OF
these baths which the vapoar from different herbs and
sena OILS TO suit the diseases for which they taken They
perfectly safe tn administer the debtaed impar
In all chronic complaints and preventive against all conta
gous diseases One trial will convince the most scepca OF
their utility For laxur, to the healthy they are calculated
promote free perspraon cleanse soften and purify the
skin.


Mrs Nett having made the diseases fcdrcn particular
branch OF her profess she will be enabled
that tan,ed skill 1.-THE talented physician No
mercury or mineral &c any hind used


Hours seeing patients from 10 In the morning, mil
the evening. Gentlemen communicate with Mrs Mott
only through wife or mother.


Ladies and gentlemen be accommodated with baths
an hour Of the day.


Family patent rights FOR the above baths obtained
appicaties


ate attention.. ei05m+",MICS. MVTT. THE CELEBRATED oMALE,Morning herald. [volume] (New York [N.Y.]) 1837-1840
1837-11-28,"MAS. MOTT. THE CELEBRATED EMALE
tvI PHYSICIAN, of Boston, would respectfully give notice
the Ladies' of New York and vicinity that she has conmen
practice this residence No. ""a Leonard street.
nearly opposite the National Theatre.


Having collected during tour in Europe, Herbs
Roots essential Oils, be obtained in America, she VIII
be enabled diseases their formidable
The great which has atendc her treatment Of
diseases in this country, guarantee OF what may be expect
The many delicate complaints incident the female
unnecessary.


Mrs Mott pledges herself relieve the following
dis Rheumatism Tic Eoofeux tcured without The use
iancei CoBacops, Parnyzed Linus Palsy, Decline, Con-
xumption Dropsy Humors (Scroiula Salt Rheum, Kings
Evil CAnker Ring worm &c Gc Caarrh, Scald Heads, AT
fections Of the Eyes spepsa Gebity Spinal affections
Nervous symptoms, White swoings Worms Asthma Jaun
dice Liver Complaint HemorThods Piles, Female Weakness
es, &C. &c.


In conjunction with her medicines Mrs Mott will administer
Hvads and Others Toe muck cannot be said In favour OF
these baths, which the from different herbs and
sena OILS suit The diseases which they taken They
perfectly safe administer to the debtaed mpa
ing such strength they not only luxung, but cure
in all chronic complaints and preventive against all conta
their utility For uxur, healthy they calculated
free perspraon cleanse soften and purify the
skin.


having the diseases orrhrcn part GUITAR
bIanch OF her profession she will be enabled dseas.
bafed the skill 1.-THE talented physician. Ne
mercury or mineral Of any Kind used


Hours for seeing patients from 10 in the morning. until IN
the evening Gentlemen communicate with Mrs. Mot,
only through wife or mother.


Ladies and gentlemen can be accommodated win baths al
hour of the day.


Family patent rg h for above baths be obtained


p the country pos, paid, WI receive immedi
ate attention.. ol0-3ms",,Morning herald. [volume] (New York [N.Y.]) 1837-1840
1837-05-25,"Darts EMBR received,


splendid capes collars peerines, imizetts
nc, the newest style aud most fashionable patterns imported
this spring.


Also great variety Of linen cambria handkerchs and
cuffs extensive stocks Of infant ebroiderie every de-
scrpon rocks robes ockwasts, linen cambria caps aad
trimmings, &c.


Also chdrens embroidered satin jane dresses
Scotch and English capes and collars large
selection English and French thread lace black blonde pee
splendid stock o black and white lace shawl Black
and white lace wells very rich, DC. Ac


Ladies aud gentlemen wish purchase any o
would find their interest ""a call and examine the stock which
they will find carefully selected FROM the best markets


The subscriber from the extensive patronage he has receiv
ed and still continues feels hesitation in SAYING the goods
are the cheapest in this city, wholesale and retail


THOMAS COCHRAN 81 Catharine st.,
m22-Im- and 1874 Bowcry, three doors above Spring","my5 I'm Between NafIck and Itu1lSI StIoo5
DARTS ENIBR IEs.-Just received,",Morning herald. [volume] (New York [N.Y.]) 1837-1840
1837-10-11,"CoMMoDoRE ELLIoT-The return OF thi, officer from
the Mediterranean will presume, be followed by
strict inquiry into his conduct Commander Of the
squadron in that seaLetters received in this city,
extraordinary transactions which occurred at
Port Mahon, in April last of character which must
place Commodore Elliott in most unenviable light be-
fore the American public whenever they shall be fully
exposed story is told OF gross indgnity offered to


meritorious and excellent offcer-a lieutenant in the
American navy-on ground. in the presence of
large of strangers, among them the officers OF
the British ship ofthe line Rodneyof shaking his
this officers head, without the slightest cause and
the ordering him board his ship and suspendng him
from duty The officer letter to the Secretary
Of the Navy preerrng charges against the commsdore


for this outrage which the rules Of the service required
to be transmitted through his commanding officer and
Commodore Elicit made this letter the basis Of an
cusaon against the officer himself! Charges were pre-
ferred against the officer and martial called
board the frgate United States of which Capt. Will
kinson the presiding officer The after hear
ing Capt Elliott the defence and the witness among
whom the officers of the British ship unanimously
and honorably acquitted the American lieutenant Com


odore Elliott then preferred another set of charges,
founded spon the language used By the lieutenant in his
nrnen defence before the court martial! Another court
martial held and the result fallowed-an ho-
norable and unanimous acquitta Such are the facts
which tits Cue to the public should be known-comment
is unnecessary Deiarare Journal",,Morning herald. [volume] (New York [N.Y.]) 1837-1840
1837-07-25,"ITuNrEH's RED DROP The venerea disease
dsarmed of single bottle of this infaihe
remedy Is be sufficient in the
cases This medicine promp, and decisive in its effects and
requires few Jays and frequently few hosrs
every particle disease from the In Its operation
may said like magic, without after i'll consequent
enience whatever. Both
with perfect safety, without regard 10 circumstances
ton any respect diet Price dollar per bottewar
raned to


LEVISON'S ANTLMERCURIAL SYRUP. for Gle airing
purifying the blood from the the
disease the abuse OF mercury croulous affections mercua
sploches and ernptons the kin
ing and ndoen ulcers the legs elsewhere attended
with general debility. This medicine stands valed. it
only the purifyer know but e
the whole system, giving ssh and pera
nen the broken constitution Price two dollars


Sold nj the Division street,
ham square which the oav place where the genune me
cine ohnined in this city and where
particular symptoms all may be obtained gratis Alba
nv Office No. So Hamilton 81 jy25m","HUNvEs,s RED DROP The",Morning herald. [volume] (New York [N.Y.]) 1837-1840
1837-08-23,"Now hghtlng's IN Itself ACTON


That gives both parties Satisfaction,


secret joy the bruiser knows


In giving and receiving blows,


nameless pleasure only tested .


BY those whove thoroughly been basted.-Hud'.
SO popular and fascinating has milling become that
learn great match Of this description will come
off in the Washington Prize Ring, usually called Con-
gress, on Monday week next, between lots Of the
pretiiest chickens that ever were stripped TO the
buff Great preparations are now making for this ex-
hib,ion. Every state and neighborhood are sending
their several champions. Deaf Burke and OConnell
may now expect 10 be entirely outdone.


Apropos--On Monday evening Deaf Burke appear
ed at the Franklin Theatre, and had set too with an
amateur named Bell. The exhibition appeared to give
high entertainment and satisfaction 10 the assembled
spectators. A subscription was taken up on board
the steamboat on her return homc for the benefit Of
the losing man OConnell. Between forty and fifty
dollars were collected.","

",Morning herald. [volume] (New York [N.Y.]) 1837-1840
1837-08-28,"-"" The course OF true love


never did run smooth""


nn morning our financial were thrown great
uon ~ he accounts from Utica describing sudden
OF Henry Seymour, Of the State Canal Commissioners


state mat this catastrophe has been caused by
intense men'1 agitation growing OF present deranged
state OF the banks, currency, and State finances


Mr. Seymour the late President of the Farmers Loan
Company Whenthe late batch charters were passed
by the Legislature this Company advanced its bonds in large
amounts to set several basks in the their legs The
Onesa bank boro sum- Of these secprties
Other bann the adopted like course of action The
Oneida bank also lost by robbery SOo part of which h,s
recovered, but there private statement curr.n in
Wall street, that many Of the Albany Utica other western
banks the of greater explosion with
the finances of the State than any we have yet The
gradual approach the catastrophe has driven of the Ca
nal Commissioner upon sudden estiny.


tits well known that 20 days before the suspension Of
specie payments in this city, the Albany and western
were absolutely stand could redeem their
any shape form. Thomas W. Ocott the chief nancer OF
Albany was then writing his private correspondents here,
asking why the devil don't your banks suspend 20 banks
oa al last su pend, and the uspensonaw passed TWAS
supposed inns measure would give the Safety Fund banks of
the west relief BY hook or y crook the western 6oan
cers brought our city banks policy receiving their
paper par and deposit for indefinite time, paying
per cent interest,"" In pursuance country
safety fund paper has been accommodating the rate nearly
Sooo per month, till at this has probably reach
ed nearly ""a 100000 in balances in Wall street


NOW happens that this accumulation much distracted
from our own merchants IN order merely benefit the -four
Spectators and others The safety fund system
at Albany and the For time past great excite
ment has existed in hostility such policy The merchants
Of this city, demand Of the banks change other
weare just entering upon period when the following pay
ments are gradually coming to maturity


Suspended Custom House bonds S5ooOoeO


All other paper, IA00oo0o


Aggregate, sso,oOo,ooo
To meet these payments have the fall busnt which may


Payments of old debts due New York. s,sSo,SoS


Alother sources. 100000


Aggregate, s22,soo0oo
thus showing deficiency u either receive
aid from The banks-a further from the
or become bankrupts at once.


In consequence OF this things the Wall banks
are beginning to call in their country balances demand
the redemption OF the country paper their hands, This call
produces very aatura sensation among the country safety
fund banks which, by the Developments appear
have been extending far they could How the conflict
viii terminate knows but very that the
policy sour banks here in sustaining the safety confede
racy and in upholdng the credit Of the finances
of crushing the still existing interests Of
this city, +"" pay ing too dear for the whistle""


Why don't the merchants meet and remsnstrate!


While the safety fund nancers last gasp and
about pulling down the credit of the ruins the Uni
ted States Bank Of appears be- getting on very
smoothly and comfortably Yet rather suspect that the
show of health repoe and mness out by Mr. Bidde ia
as aacous as that by the safety fund system Governor R
writing letters and creating political excitement but he
makes not the slightest inquiry condition OF the banks
ofthat state Why so! Why mysterieus Statements are
in circulation Wall which represent the PHILADELPHIA
United States Bank and the OF that ST in bad con-
dilor Among the securities which United States Bank
has discounted, estimated the following


Sonington Rail Road Stock, &IOOOOoO


p rsI,s%i III Hud sa $4,000. scSsSs


Other Fancy Stocks, 2oSSsoO


Suspended Paper. lO,OoOvOO


Aggre gate, $lf8O0,o0a


We learn also that the Of ania paws of lis d
dends entirely in paper money by which holders of its
stock lose 10 ~ per making yearly the whole
debt nearly q occasoned the suspension of
specie payments Philadelphia, which hitherto escaped is
also beginning feel the effect present current of
events.


The great cry congress for relief principally spr ncs from
the United States Bank clique of Pennsy the Safety
Fund clique Albany The commerce. currency and trade of
New York city, like that OF New Orleans positively in bet
condition than that Of any other he country With
the exception Of suspended and bonds.
better able any city throughout the
country We gradually returning safe system cur.
failing business contracting discounts collecting debts and
putting things train defy congress any legislature to
disturb Us hereafter.


Therefore happy the fellows who between the 7h
March the h May, they and get on their
their debts and preserving punctuaty which is
serious Injury Change Arthur Tsppan has already
paid instruments 10 per EACH to his creditors and
ua enough to break the right time doing snug
Ixvxr x,fo the -.","MOHEY MARK EFT.


Sunday, August 1J--6 p. NJ.
ne course Of he 49,.",Morning herald. [volume] (New York [N.Y.]) 1837-1840
1837-12-02,"The Bridal Toilet hour Of mrth,


As toilets when her young heart was free;
For no within that loving heart, have birth


Imaginings which may not uttered be.
Dream ike they fit before her mental sight.
Love, Hope, aad Fear, mngllng in deep delight.
Ii is the goal Of life. All by-goae icy


Seems nough to that with opens to her viewi
Supremacy best her future whole employ, -,


For life Is love. ooh, Edward, be thou uue
She half excalms, then smiles away the uohN.


Bcst confdence-oh, wkat were NE ""tsou''
IT'S something, toe, 10 leave that ancient IAN,


Throu III which little playful child she ran,
That long accustomed room, which was her al


OF youthful property stree lie began;
To lea w. rberi as a vessel leaves the shore,
And = mi her paresis home her home nc more!
Rp, even as the vessel steers rem land !,


e pough through uakaown seas with ventnrous Keei,
Goes forth her spirit! None may understand


That mis- hty mystery, though all may feel
or know the wondrous power, Affections spel,
loves halow'd fame, whca not cen death can que.
That CLOVIS trium phant in her virgin breast,


OF one alone for life she now relies
Be calm each thoug ht, lued every fear to rest,


Smile, lady SIN lie, though tears bedew thiae eyes;
One little hour--snd. walking by his side,
We shall be one-thc Bridegroom and his Bride.","

lFroneur evening edition Of yestsrday.i


The Bridal Toilet.",Morning herald. [volume] (New York [N.Y.]) 1837-1840
1837-07-10,"NEWTON have renewed their schoe from the city the
pleasant and hourishng village Of West Farms
county.


They have selected this alton oay in consequence Of
Its prsverbia health hut Of its proximity to the CITY, the dis
lance not exceeding eleven miles The house large airy
and well adapted for such institution.
They prepared receive young Ladies' boarers
day scholars and they their friends public
that nothing shall he wanting their afford ""a,
cty Of instruction and Improvement their pupils and 10
qualify them by liberal and accomplished education the
respectable walks OF life.


Tuos comprises complete English course, upersdded TO
which taught the French Italian Spanish
Music Drawing, and Dancing, IL required
Highly respectable references will OF gvea to pa
guardians, application be made either personally
the village by letter directed the post Office Fams
ms","B 9paaEHNRS!fySS p, AS2 Pr P PA1T sSHy9o+ ED,",Morning herald. [volume] (New York [N.Y.]) 1837-1840
1837-08-05,"R* OF about 28 acres, situated in he of Lancaster,


Erie county IA this State will be exchanged for either
Dry Goods or Groceres-especay the atter-on the
reasonable terms subject 70 bond and mortgage of e and
interest,"" ayable in from February last sand
situated about II miles from the City Buffalo, mile
from the Rail Road now building from Batavia Buffalo and
some or miles from the Erie Canal There improved
said farm about 100 acres and the balance beautifully
tmbered with oak, ash password sugar maple beech elm
Newell adapted to wheat and the heart the rich
est and best wheat growing sections New York
face efhe land precisely what should bc-neher entirely
fiat, yet uneven-with public highway passing
sides Of It, There are said premises good frame barn. and
poor loghoue, but comfortable for fae young
orchard, good water and aow acres
preparation for sowing wheat this with sufficient
and farming utensils for finishing the Title ndisputa
BILE For further particulars call address L. H. No 452t
Pearl street, New York. au3-mxe-st.",,Morning herald. [volume] (New York [N.Y.]) 1837-1840
1837-08-05,"ANOTHER REGATTA.-THE RoBERTsEs AGAIN VIC
enthusiastically just after the sublime and tern
hc thunder storm had cleared the atmosphere and re
stored the equilibrium of the electric Hubby the
way it is the restoration Of this equilibrium which
makes any one feel much better after thundei
storm-when the air again fit to breathe and iuli OF
gavanism, boat came oil at Bulls Ferry Frs
and foremost Of all was the elegant Brooklyn manned
by four brothers Of the famous family boat club OF the
Roberts Then came the Red Rover the Elm and the
Avenper. whose luck is to in last in almost every
trial never mind perseverance has done wonders be-
fore now-somebody must bring up the rear.


That Brooklyn is a capital little craft. Up at Fort
Lee she came in second best because she had green
crew She would have been first then, but the boys
who manned hers that bull had lots of speed and
spring but couldn't hold out in five mile pull heat
they should call it, when the thermometer is up 90 de-
grees and some odd minutes.


The drum tapped, the bugle sounded and oft
they darted amid the cheers Of the spectators. How
those little, long pointed fellows through the water


The Breokln cut along, sometimes jumping clear out
of the water, like flying fish pursued by dolphin,
and the water curling over her bows like beautiful
JET de She in about hundred yards ahead
with the most perfect Next the Red Ro-
YER that won the four cared race SO ceverly Wen
5,
tai crew and then the Avenger, poor Avenger it will
take her long time to avenge so many defeats.


The Brooklyn then challenged the six cared boats but
none of them would against her What little wa
ter witch she is Cr.lies built her. the that has
received orders for boats from Savannah, Mobile, and
all along SOUTH where regattas getting be favo-
rite and fashionable amusement.


The Neptune and Phantom, six oars, then run, the
former taking the beautiful silk flags for prizes.


There is be splendid regatta at New Brighton, in
week or two we hear Marsh wants have at
Castle Garden. The Brooklyn will go up to Pough-
keepsie. Clear the way for her


ANOTHER FLOWER PLUcKED FROM THE LOVELY
BsqUET-Ths far-famed club of beauties is fast de-
creasing in numbers and will yet become extinct
less new howerets selected from the budding beau
ties of our city to replace those whom and
some gallant lover picks and places in his bosom.


Mornings pure, calm, holy, delightful morning
when the shrubs gemmed with heavenly dews,s the
time to walk forth and pluck the and the voets
TWAS on such morning and but few days ago, that,
at the early hour Of SIX wedding party entered ST.
Pauls. The priest yawnng over his prayer book,
but the moment the bright eyes of the lovely bride fell
upon him. he ceased to regret the soft pleasures of
morning couch, and Frightening up, prepared to go





with regularity and despatch, the packets say


The mornings sun was shining through the windows,
the old frightened up their visage and the
majestic figure of Si Paul was observed relax his
stern features into a smile, by one Of our news boys


The whole Boquet there, and there will they
come one after another till ruthless Hymen shall have
snachcd them by away from the crowd of but
terfies and bees and wasps, and hornets-beware of
their stngs-that now hutter and buzz, and drone
around them.


The prayers were said the bride given, the ring
placed upon her lovely finger, and the arches echoed
the last amen The lovely Boquet deprived thus of one
of its fairest flowers walked down upon the Battery
sighed through the cool of Love lane, walked
along Engagement Promenade, and said q wonder
tripped lightly Cupids cut went to the
ter and looked and thought and felt things unuterabe
and then went home to breakfast


: The lovely bride, once Miss c., Of B street not
one hundred miles from the Park, Mrs "", and
the wife Of one Of mercantile noblesse, with him
she had sworn love- honor and obey to her ia
TIERS and took breakfas-two soft boiled eggs, and
delicious cup of cofee-and then started oil on delight
full excursion


Love and happiness and all the joys of wcdlock, be
theirs-and all the flowers with them which compose
the beautiful boquet.",,Morning herald. [volume] (New York [N.Y.]) 1837-1840
1837-09-16,"FRIDAY, sept ID.
While price butchers falling every where
At Boston, last Monday, fall took place average
OF cattle OF 50 cents making the difference between
rates So the day. Here sat Boston
il $3.50 When srecoected that the class
ofpecuatosuppy both markets, obvious difference
only I've accounted for In supposng that combination exists
among the wholesale and retail dealers here upon
citizens for the article OF meat alone from 70
t,as paid any other state The reason for this obvious
Our corporation from the retail butchers such
prices fr their stalls besde,a heavy they
compelled, self defence. charge articles which
they deal only fair profit but something considerable
addition, the demands Of the corporation Hence
why CITIZENS continue submit
enormous exacton until they obtain relief by the repeal
such modification ofour market laws may destroy
poly, and establish fair competition


The exhibition OF poultry this morning greater than
any day this season. and prices somewhat easier. Still,
nearly the whole the hands huckster they
ved to reserve II until the increasing demand Of Saturday
would enable them usual to increase their charges


Peaches and apples plentiful and reasonable The
Jersey producers begin show their faces Washington
market Green cages abomnably high, times
the price Of last year. Other small fruits extravagan
Fish Is looking down, and hope lower quotations
in report


Fuel is in demand, and fully maintains our last quotation
prices The coal dealers determined not TO abate their
present rates.


Acorespondent Mercantile Advertiser OF yesterday
morning. deplorcs with great justice the suerings
Of our citizens arising from the imposons market prices
Of provisions He thinks that Of country markets
might the evil II would The evil Is not IN the
limited NUMBER but in the abuses which exist markets
by toleratns OF hucksters, who moDopoize
thing brought In by the farmers. Enforce the existing laws
against these boodsuckcr and shall meats
fruits and vegetables at infinitely less prices than at
Ia N nj nyxri",Provision Market.,Morning herald. [volume] (New York [N.Y.]) 1837-1840
1837-07-14,"The hills of New England are dearer TO me,


Than all the rich gems Of the land or tho sea;
Among them roved in the spring time 81 ysuth,
And there received first lessons oftruth


For true, steady habits, and morals, and worth,
The land Of big squashes is first ofth earth
The home olcoy lasses, the CLINE ofthe free,
New England forever! New England for me,
When think OF the maidens, 80 modes,y shy
The snug little cottage, and good pumpkin pie,
Ny fancy delights in their pleasures 10 share
For Hove them ever and long 10 be there;
The nice apple dumpngs hold in goo. will,
And bean porrldge-hot"" I'm quite partial 10 still.
Pve travelled by land, and I've sailed DER the sea-
But New Englaps forever! New England for me","

fFor the Morning Herald.
New Engla AID Forever.",Morning herald. [volume] (New York [N.Y.]) 1837-1840
1837-06-26,"ROAADING AND DAY SCHOOL FOR
- YOUNG LADIES, AT WEST FARMS-The Misses
NEWTON have removed their school from the the
pleasant and nourshng village OF West Farms Westminster
county.


They have selected this location only consequence OF
Its prsverbia health hut of its proximity the city, the
lance not exceeding eleven miles. The large airy
and well adapted for such institution


They now prepared receive Ladies boarders
or day scholars and they their friends the public
that nothing shall be wanting their part afford
cily OF Instruction and improvement their pupils and
qualify them by liberal and accomplished education
respectable walks Of life.


Tuitio1 comprises complete English course superadded
which are taught the French Italian and Spanish
Music. Drawing, and Dancing, ii required.


Highly respectable references viii be-
rents guardians, il application be- made either personally
the village or by letter directed the post Office West Farms
myl9-2m


LUNEKALS.-T. ID. GILLESPIE, Sexton and Under


taker has always hand ready made Con OF all sizes;
also Shrouds Gaps, Scar, Gloves, Hearse Carriages &c.
which he furnish the shortest possible notice Appca-
ton for Graves Vaults OF the buyng grounds
deceased send for the subscriber he viii furnish all
further trouble wanting cofns &C., will find
to their advantage TO call at the above place.


my20-6w~ 4. D. GILLESPIE, No. 40 Church Il
ID r. MACS g. CO., cOEFFEURS DE PARIS, 50
arrived from Paris beg respectfully
dies especially that they will nl continue follow their
esson Ladies' Hair Dreers. Lkewse that every
ton and puncuaty 9 those Indies who favor them with
their commands Also, that they viii have the latest fashions
from Paris. T. r. Macs having had silver medal arded
to him by the French Academy ladies' hair dressing.


myT-","BOARDING AND DAY SCHOOL FOI
~ YOUNG LADIES, AT WEST FARMS.-The Miss",Morning herald. [volume] (New York [N.Y.]) 1837-1840
1837-09-04,"""Jeseph GiIlott's Celebrated Patent Elem


gated Metallic Pen.v
JOSEPH elliott begs to inform the public, that he
10 constantly receiving from his mandatory, In Bimng
ham, regular supply of his approved Metallic Pena
The stock on hand offers the best assortment in the United
States and warranted good quaityamonga which be
found his


""Patent Magnun Bonum Commercial PenD
""Original Patent Slip Pen""


""Original Patent Ladies' Penn


Double Damascus BaelD ""Lunars"" Peruvian New
York Fountain and Damascus Pens"" put In variety
styesvz cards Of dozen each, with rosewood and al
bata holders in boxes of dozen EACH with holders
cases. she'll boxes and morocco cards.
""Abata Everpomt, and Pen and Everp0int Pencils.""


CAUTION TO THE PUBLIC.
Pens aesed by the whole mercantile community Europe
and United States several makers have endea-
vored impose the public by spurious imitation, pur
porting to be the original Joseph 0es Patent but which
utterly worthless and entirely destitute Of those qualities
requisite to fine writing which have established such
rallied demando the original PEN every country where
Is knswn!


The public hereby cautioned to be ri q guard
against these counerets they be ready de- cted By
their unfinished appearance and by the inferior style which
they sent into the Market in their attempt impose upon
the unwary.


Each gross cte genuine pen is envelopes in neatly print
ed wrapper, descriptive of the article IL contains.
Further guard agains the fraud the public win please
that the following marks
always reading from the point OF the pen:


Joseph Joaeph Joseph
(lotts Glors c3llcu


Patent. Warranted. Maker.
The above may had his Warehouse No 100 Becknan
striet. door below rearl, New York. jy1l-5mt",,Morning herald. [volume] (New York [N.Y.]) 1837-1840
1837-09-22,"The Hae market generally folio LiverpooLoIt
has done 10 this instance The holders Immediately
recep. the favorable that the market Liverpool
advanced their prices; but how long these he
sustained Is for the present impossible tor
mine.


Information reached today that Mr. Bdde ci-
OF the United States Bank consulting the
proprey Of suingher bonds for the purpose
OF remanses to Europe. Tomeet these bonds
six nine and twelve months they purchase This
outlet for the crop, will naturally slight ad
in this country for short time but win have contrary
eject in Europe


BY the time that the Bark will commence skipping their
the other cotton growing countries will commence
their shipments Of the crops.


This 1900 will purchase $4,000 bales the present
prices which when shipped together with large supplies
from Egypt East Isdies Bahia, &c, icw completely food
the English and French markets, and the predictions that we
have already forth viii The be verified Should Mr. Bid
die issue these bonds The stock Of cotton England
of the viii not fall short Of 500 600 bales We usde
stand that bets have been made in Liverpool this effect


The adyces from Europe have yet had any on
prices in this market but the demand has much
Sales today were larger than for three days past
for home and shipment",,Morning herald. [volume] (New York [N.Y.]) 1837-1840
1837-09-04,"AMBITION.
The waxen wing thai slrove Z empierce the sky,
The daring hand thai fired the Ephesan dome,
The Spirits strife with God for mastery,
Which made the burning depths of he'll its home,
Were fell Ambitions In that one word lies
All that is greatly good or greatly i'll
IT'S best Of frendsJtis worst OF enemies
Honey and poison it doth both distil
With vice en!eagued, it sinks anr spirits down,
TiIllust andmurder gorge their fierce desire;
But virtue weaves for il deafness crown,
Which tenohes noble natures to aspire.
Honor and fame soar on its winged breath,
Hurpd in its downward flight lie sinand death.


AUTHORS.
Authors are beings only half Of earth
They own world apart from other men:
glorious realm gv'n by their fancy birth,
Subjects, a sceptre, and diadsm-
fairy land Of thought, in which sweet bliss
Would run to ecstacy in Wild delight,
But that stern nature drags them back to this,
Whitehall impeiious, which they may not slight
And then they traffic with their thoughts to live,
And coin their Iaboring brains for Tally bread;
Gettlng scant dross for the rich ore they give,
While often with the gift their life is she'd:
And thus they die, leaving behind a name,
Atonce their coun,Ty's glory and her shame",,Morning herald. [volume] (New York [N.Y.]) 1837-1840
1837-09-04,"Earth owns smiles in absence Of the sun,
Dark nouns the night when chamber'd Is her queen:
The sweet flowers wither when SOILS spring is run;
Nor fairies dance but in cbaste Luna's sheen.
Nathng but rrnnrns from that Il loves apart,
The lane bird sorrows from IT'S sever'd mate;
And mines and whers the f@nd human heart,
When those II worshpped leave II desolate
Thus In earth, night. flow er, bird, Creations lord
The sweetest dearest bond, issympathy;
which severd snaps the close-entwinng chord
That iii things binds In some fond unity
llfe-killng Absence, meath thy curse pine,
Afecuon's Upas ree-that name be thine!


Aen
Age Is the winter season Of man'slife,
The last dim Pickering OF the tapersray;
sTis the last act that closes earthly sritei
The late 4 character that he may play.
Vet here, the lean and slippet'd pantaieon,
With reverend hair, white as the drinedsno~w,
We msdly mock our fats--play the buhoon,
And sel-dece living 10 the dark grave 60.
The wheredea cIinss latest tot the tree,
Hope vsnIy builds itself on dark despsiri",,Morning herald. [volume] (New York [N.Y.]) 1837-1840
1837-11-02,"MNHS. MOVV, The CELEbhAIEO r EMALE
M PHYSICIAN, Boston, would respectfully give notice
ced practice this city, at her residence No. Leonard street,
nearly opposite the National Theatre.


Having collected tate tour IN Europe Herbs,
Roots and essential Oils be obtained in America she will
be enabled diseases their most formidable appear
The great which has attended her treatment Of
diseases in this country OF be expect
ed The many delicate complaints incident to the female
frame reader any argument favor OF the Female Physician


Mrs Mott pledges herself to cure or relieve the following
oflanceJ Contracons, Parayzed Limbs Palsy Decline Con-
SUMPTION Dropsy Humors (Scrofua, Salt Rheum, Kings
Evil Cnnker Rngworm &c kc Catarrh, Scald Heads, Ar
fsctons of the Eyes, spepsa bebity Spinal affections,
Nervous symptoms, White swengs Worms, Asthma, Jaun-
dice Liver Complaint, Hemorheds Piles Female Weakness
es NC. &c. -.


In conjunction with her medcaes Mrs Mott will administer
her celebrated Patent Medcsed Chanpoo and uxung Baths
iHvads and others Toe much he said In favour
these baths which the from different herbs and
sena os suit the diseases for which they taken They
perfectly safe 70 administer me debated mpar-
In eli chronic complaints, and preventive against all
geus diseases One trial will convince the seeptica
their utility For uxur, the healthy, they calculated
20 promote free perpiraon cleanse soften and purify the
skin


Mrs Nett having diseases fcbildren particular
branch OF her she viii be ensbed
that have ss1ed the skill 1.-THE talented physcian Ne
mercury mineral Of any Kind used.


Hours for seeing patients from 10 in the morning, until
the evening. Gentlemen communicate with Mrs. Mott
only through wife mother


Ladies and genenen can be accommodated with baths
any hour Of the day.


Family pa,en, rights for the above baths obtained on
application.


b Letters from The country post paid WI receive immed-
ate attention. ol03m*","MRS. MOTT, THE CELEBRATED knMALE",Morning herald. [volume] (New York [N.Y.]) 1837-1840
1837-06-01,"""


Shadow,


Colt out of Monmouth's dam,


Colt out Of Polly Hopkins, 3


Colt out of Charlotte Temple


Colt out Of Medocs dam, 8


Run in | min 52 sec.


Second Hest.-All five parad,d at the call. AT the
signal they got away without hindrance; Shadow as
in the first heat making the running half length in
front; the Charlotte Temple fly well up with him.
the Polly Hopkins colt third she and the other two
nearly in ruch. Shadow kept his rate, and led the
way calamity. While swinging round the north
bend the Polly Hopkins colt passed the Charlotte
Temple and went up TO Shadow; the pace was now
good, and Shadow kept his rate. They now were
making the last turn, and entering upon the straight
run home; here the Polly Hopkins made q dash and
made severe running ran up TO Shadow; they went
along together calamity about two hundred yards.
when the pace told upon the Polly Hopkins colt
Shadow shook him of, and won by length, thus
winning the heat in min. 81 seconds, and the stakes
which, forfeits included, were good for % 500",,Morning herald. [volume] (New York [N.Y.]) 1837-1840
1837-09-12,"New yoRx, September l1-6 T. NJ.
with conde expense and trouble that
bled give daily report. We notice that large
number Of exchange papers copy the report verbatim
without giving the customary credit Now unless they alter
their scissorng and the OF
per company with the report shall be under the
painful necessity OF cutting them.


The markets the south extremely Inactive and they
will until the crop forward more freely
Owing the low prices that the few bales OF crop have
trough. present very favorable inducements plan
iers forward The descriptions in market ef
ihe right for the European trade Two bales of the
srop recently sold in Charleston II allie The
age price OF The crop this thus far is ilc.


The market today IN this rather inactive, prices
steady The packets both tor Liverpool and Have
viii sail 10th inst with fair ofcoor, about
quarter which is from the SOUTH and the remainder
purchased in this market",,Morning herald. [volume] (New York [N.Y.]) 1837-1840
1837-11-25,"N 6S. rMhLS


I PHYSICIAN Of Boston, would respectfully give notice
the Ladies OF New York and vicinity, that she hss
ced practice in this city, her residence No Leonard street.
nearly opposite the National Theatre.


Having collected during tate tour In Europe Herbs,
Roots and essential Oils, be obtained In America she will
be enabled 10 meet diseases In their most formidable
Tbe great which has aends her aeB Of
diseases in this country, Of what be expect
ed. The delicate complaints incident To the female
frame render 10 favor OF the Female Physician
unnecessary.


Mrs Mott pledges herself relieve the following
Of lance Conacons, Parayzed Limos Palsy, Decline, Con-
sumption, Dropsy 1Iumors (Scrofula Salt Rbeum Kings
Evil CHnker Rngworm NC dc catarr, Scsld Hesds, AZ
fsions of the Eyes, spepsa reb ity Spinal Affections
Nervous symptoms White swelBgs Worms, Asthma Jaun-
dice Liver Complaint eporrods, Piles Female Weakness
es &c. &c. -


In copunction with her medicines Mrs Mott will administer
her celebrated Pacr Medcaed Cbampoo and Luxung Baths
invads and Others Toe much be said favour
these baths which the vaporr from different herbs and
sentia obs the diseases for which they taken They
perfectly safe to administer To the most desaed mpar
In all chronic complaints and preveRtve against all
gous diseases One trial will convince the most scepcal OF
their utility. For luxury 10 the healthy they calculated
promote free perspraoD cleanse soften and purify the


Mrs Nett having made the diseases children particular
that have haed the skill 1.-THE talented pby scaa. Ne
mercury mineral Of any Kind used


Hours seeing patients from 10 In the until In
the evening Gentlemen unicse wila Mrs. Mott,
only through wife or mother.


Ladies and gentlemen can be accommodated with baths al
any hour of the day.


Family patent rights for the above baths be obtained
applcauaa.


ste attention. ol0-3Rt",MRS MoTT.. THE CELEBRATED tEMALE,Morning herald. [volume] (New York [N.Y.]) 1837-1840
1837-11-25,"MO . DIVISION sTREfcT.-The time is not FAR


of wien Levisons Hunters Red Drop will supersede the
every thing that kuewn for the veneres
wbst ardng unppcpled scoundre trying
popusriy but lis people are not easily deceived
those that
week persons used every thing they heard
read OF you wish go further expense get this
FIRST warranted effect prompt end safe the money
See that every bottle has the written signature sf
Uab Levison, Of whom be obia ed privately and
fdenay Division Also Hanover street. Boston;
90 North Sixth street. Phadepha So Hamilton street Albany
and in Ne Orleans ma ms",NO h DIYIaION aTR IsIcT-The iime 4 nnt,Morning herald. [volume] (New York [N.Y.]) 1837-1840
1837-11-01,"MRS. MOTT, THE CELEBRATED nMALE


M PHYSICIAN of Boston, would respectfully give notice
the Ladies OF New York and vicinity that she has
ced practice in this at residence No. ""a Leonard
nearly opposite the National Theatre.


Having collected curing tour in Europe, Herbs,
Roots essential Oils be obtained in America she will
enabled diseases their formidable appear
The great which has attended her of
diseases this country OF what be
ed The many delicate complaints incident the female
unnecessary.


Mrs Mott pledges herself cure or relieve the following
diseases -kheumasm Tic DoDoeux, (cured without the
of ance Parayzed Limos Palsy Decline Con-
Evil cHnker, Ringwom, &c. &c) Catarrh Scad Heads AZ
iecons Of the Eyes spepsa, Debility, Spinal affections,
Nervous symptoms, White swellings Worms, Asthma
dice, Liver Complaint Hemohoids Piles, Female Weakness.
es, nc. &c.


In conjunction with her medicines Mrs Mott will administer
rvald and Others Toe much he said in
these baths which the vapoar different herbs
senal OILS 10 suit the diseases for which they taken They
perfectly sale 10 administer to the detated,
ing TO such strength -they not only but
In all chronic complaints and preventive against all
geus diseases One trial will convince the seeptica OF
their utility For luxury to the healthy they calculated
promote free Precipitation, cleanse soften and purify the


Mrs Mott having diseases fchldren particular
that have safed the skill 1.-THE ply scian Ne
mercury or mineral Of any hind used.


Hours tor seeing patients from 10 In the morning, until In
the evening. Gentlemen communicate with Mrs. Mott,
only through wife mother.


Ladies and gentlemen be accommodated with
any hour of the day.


Family patent rights for the above baths be obtained on
application.


b Letters from the country pos, paid viii receive immed
ate attention. o0-3ms",,Morning herald. [volume] (New York [N.Y.]) 1837-1840
1837-09-15,"THURsDAY sept II, T. NJ
Considerable been said and published the subject of
southern planters, raising grain Few persons do
assert that owing these planters culvang wheat and
the year. neado growing oeon that the cotton
will fall considerably the crop of last year. Now the
fact simply that the planters in Alabama Louisiana. M
spp and Arkansas raising grain portion ofhe lands
But they do decrease the growth of cotton. They cult
vate lands The Southernsis clearing away their
plantations every In five six years they raise
ton enough supply the whole world and grain enough
for half The transactions in New Orleans the 9th inst
28 bales Mississippi, at 81 lOic.


There costumes steady demand for in this market,
without material change in rates.",COtsOa Market.,Morning herald. [volume] (New York [N.Y.]) 1837-1840
1837-09-01,"""JosePh Gfllott's Celebrated Patent Elem


gated Metallic Penn
Joseph GIL LOTT begs to inform the public, that he
constantly receiving from his mandatory Bming
ham, regular supply OF his approved Metallic Pens
The stock hand offers the best in the United
States and OF warranted good quayamongs which be
found his


""Patent Magnum Bonum Commercial PEN""


""Original Patent Slip Pes""


""Origina Patent Ladies' PEN""


Double Damascus Barrel Lunars"" Peruvian"" .'New
syIesv cards dozen EACH with rosewood and al
holders in bsxes OF dozen EACH with holders
cases, shell boxes and morocco cards.


I"" Albata Everponi, and Pen and Everpoint Pencils""


CAUTION TO THE PUBLIC. Ex Il
From the well mcred and universal celebrity Of the above
Pens atteed by the whole mercantile community In Europe
and the United States several have endea
vored impose upon the public by spurious imitation, pur
porting be the original Joseph 8ss PATENT"" but which
utterly worthless and entirely destitute Of those qualities
requisite to fne writing which have established such
rallied demand for the original every country where
Is knswni.


The public are hereby cautioned 10 b. ri cuard
against these countersi they may be readily de- ced by
their unfinished appearance and by the inferior style which
they sent into the market in their attempt Impose upon
the unwary.


Each gross genuine pen enyelopea in neatly print
ed wrapper, descriptive OF TIE article il contains


Further guard against the Fraud the public win please
observe that the genuine Of the following
always reading from the point OF the pen:


Joseph Joseph Joseph


6ioirs (siloits elliott


Warranted. Maker
The above be had his Warehouse No 100 Beekman
Srhet, door below Pearl. New York. jy1l-3mA","""JesePh Gillott's Celebrated Patent Elem


gated Metallic PEN""
Joseph GILLOTT begs 10 inform the public, that he",Morning herald. [volume] (New York [N.Y.]) 1837-1840
1837-05-30,"- ING PLASTER-Prepares for pains or weakness In the
breast, side back nalso for govt rheumatism, liver
complaint and dyspepsaor coughs Colds aslImas Difficult.
~ "" breathing oppression of the stomach Sc They will
give immediate and soothing ree-aAd for
~ ease and certainty decidedly superior to most other
NEEDLES such persons whose business or avecaons require


that they should stand ~ uch those OF seentary
bits generally who may be troubled with pains in the side
breast advised 10 try p these beautiful pas,ers as they
essentially different from Ill others arc free from those
objections which reasonably urged aeans Masters &C.
nealv The proprietor has had the pleasure III selling tem
daily for many n this citv-an NJ The many thousands
who have used them I've has not heard solitary comrain
They patronise extensively y the medical profession -
and there probably intelligent physician In lie United
States or Europe, that would hesitate sanction them with
his influence when made acquainted with their com.
position.


Printed directions accompany each plaster signed by me in
hand writing to counterfeit which will hc punished nc
forgery Persons about buying them will remember ask r
BADEaUS STRENGTHENING PLASTER. and SEE thai
they get the directions thus signed They pu mn IN BOXES
with large and attractive show biIs-wl Keep without injury
in any clmaeand win be forwarded any Part the Uni
ted states British provinces per order and abera discount
made 10 those who buy ~ sell again u


IN conclusion have ony add that Instances numerous
in which the most alussy effects have been produced Nv
themtlat they recommended with the entire
confidence 10 all who are thus afflicted.


Sold wholesale and retail the Bowery Medicine Store
No 9s Bowery, New York, by -


my2oy NJ. W. BADEAU.",,Morning herald. [volume] (New York [N.Y.]) 1837-1840
1837-05-30,"II OVELY AND ADORED BY ALLAN Ex-
IL CELLENT ARTICLE FOR PERSONAL BEAUTY
Considered object commanding unfcigned admira
ton awskens soctude for preser
vaton and the toilet becomes department both ofmporance
and utility especially where dscernment prsdes In the
selection o those appenagc which experience has sanctioned
For this purpose Lady Monagues Compound Chinese soap
prefers attention. founded nearly century Of trial.
bnng elegance OF preparation with the prominent requisites OF
safety and efficacy II has obtained extensive patronage as
reresher and uaner OF the complexion, and preserving
impaired agreeable exby, sones and transparent qua
ity of the skn.


liam, Dr. Jas w. Hart, Bowery and walker Price 50
cents per cake my2543m",,Morning herald. [volume] (New York [N.Y.]) 1837-1840
1837-05-30,"THIS Wholesome preparation manufactured by Marin,
Dublin Irelnnd AMI extensively recommended by the
Faculty as very nutritious and agreeable diet for adults
king whey from renne' Bag, and i warranted to keep
long time. and In any climate


DRrcrfoss roe UsEA tea-spoonful Of the Essence 10
every mini OF Milk heat blood and let settle
some time before the ERE, when viii form Curds and Whey
PRICE, 81.


soId only the Proprietor Agency Tor America Hoppers
Pharmacy No 4 Broadway 1T Franklin street New
York. m2S.lm
GERMAN SILyGk.-Fish and Butter Knives su.
NJ gar Tongs spoons Forks, and Ladies' Of various patterns
superior quality and warranted wrought bv the
manufacturer The subscriber originally introduced the above
ware las been established nearly Eve years in this ciy
and awarded the first premium fo the best specimens IF
Silver Goods BY tn American Institute At their late
Fair.


German silver Coffin Plates engraved NJ one hours pocc
Price from al Is 10 "" each, engraving included
w. The prices of the above articles about per cent
cheaper than the real silver


WIN CHANDLESs, Manufacturer


Clarkson street.
my6mt Between vsrck and IIudsos streets",,Morning herald. [volume] (New York [N.Y.]) 1837-1840
1837-06-15,"GREAT BARGAINS.-An extensive assortment Of
NJ Silk and Cotton Hosiery together with larg assortment
of Embroderes consisting of collars pelernes,
you've sherettcs infants robes, and ladies olash
caps lace shaw meno embroidered zebra and broche, do
rich thread and bobbnett laces Hsengs and edgngs
needle worked insertings and colop cgings housd
needle workd and tsmbord bands plain and figured swiss
gold silver and steel bodkns hair pins scissors white and cord
cause and ustrng ribbons all widths gentlemens and
ladies horse skin gloves ladies plain and open worked silk and
gloves plain and figured silks Irish poplns lnen silk
and cottan hsndkercbefs, lace aprons.


Black white gauye wells and scars; 81 black
and white plain and figured bonds damaged the late FIRE. %
Bowery. myl6-2ws","

",Morning herald. [volume] (New York [N.Y.]) 1837-1840
1837-08-18,"ID wARM BATHS, East River foot Of Pierpont st.
BROOKLYN Heights open for the reception Of visitors
The Swimming Bath 70 feet long by ~ feet wide II
sed that part cfhe East River where the water the
pure between the Futos South Ferries 50 persons
battle At time The Warm baths the only Baths in the
STATE where water used which renders them peculiarly
beneficial invad chemical soap provided which
der sea water As cleansing n rain wser The subscriber
pledges that thing shall be done ts maintain the
repuianon the Baths have acquired the past season


Cold baths, ia eentswam Baths f CENTS tickets for
dollar. aus I'm INWARD GRAY.",,Morning herald. [volume] (New York [N.Y.]) 1837-1840
1837-08-31,"|"" Oseph Gillott's Celebrated Patent Elem


gated Metallic Penn
Joseph elliott begs to inform the public, that he
constantly receiving from his mandatory in Birnng
regular supply OF his approved Metallic Pens
stock hand offers the in the United
States and OF warranted good quayamongst which may be
found his


aPatent Magnum Bonum Commercial Pen,""
""Original Patent Slip Fen""


""Origina Patent Ladies' PEN""


"" Double Damascus Barrel"" Lunars,"" Peruvian"" New
sylesvz cards Of dozen EACH with rosewood and al
holders in bsxes of dozen EACH with holders in
cases, shell boxes and morocco cards.
""Albata Everpoin and Pen and Everpoint Pencils""


CAUTION TO THE PUBLIC.
From tie well merted and universal celeby OF The above
Pens ateted by the whole mercantile community Europe
and the United States several uprnpd makers have endea
vored impose upsn the public by spurious imitation pur
porting he the original Joseph 0sts Patent but which
utterly worthless and entirely destitute Of those qualities
requisite to fine writing, which have established such
rallied demand for the original In every country where
is knswp..


The public hereby cautioned to b. I'll guard
against counteres; they be readily de- cted by
their unfinished appearance and by the inferior style which
they into the market in their attempt to impose
the


gross genuine pen envelopea a neatly print
ed wrapper descriptive ofts articlei contains
Further guard against the fraud the public will please To
that the genuine OF the following marks
always reading from the point Of the zen;


Joseph Joseph Joseph


Gioits Gilolts elliott


Patent Warranted. Maker.
The above be had his Warehouse, No. 100 Beekman
srhet door below rearl, New York. jy11-3m4",,Morning herald. [volume] (New York [N.Y.]) 1837-1840
1837-06-28,"We just of calm. The elements have been
long discomposed that they settling down. merely to get
breathing begin their abors dc Since yesterday
nothing great moment has ranspred The transactions
specie have been brisk specie merchants enough
found who will refuse to pay the customs in the
hard stuff Those who have rode the able
do, they conduct their dealings the metallic principle
They add the difference between specie Standard and
bills price their goods. This leads
result thai specie circular does 1t would
that every merchant would refuse take note except
its specie keeping the prices of their at their
value that caused by demand and supply There could
then mistake in the 1t this
later The banks have had the swing long enough it
their time TO lose


Large quantities Of the metals continually comigg
their hiding holes This circumstance prosf convncve that
The wholesome Of present tire
actually based upon specie and carried in refer
that standard In other words specie looked upon
The actual of the country and bank
preventative of property With this gain in position
hoped that the friends of the only standard
world will by any foolish step relinqush vantage
ground The banks, finding this the case, will
of self interest every exeon to resume ssece payments
till that object be gained


Meantime bank bills continually wane Those OF
New Orleans exchangeabe for specie
IL to Is per those of Mississippi Alabama to
% per The Charleston bills at about to n
cent All this difference caused by the balance
being against those points, the condi
ton Of mercantile for the banks
those quarters quite good If better





sequence Of the late law and the arrangements the
city and country banks How long this will extremely
doubtful for cannst reckon stability in system
is based the absolute value of specie by laws
of Congress-


Great noise and then made about small change yari.
opinions offered and every writer approach
the subject with all the confidence of Neckar The whole


difficulty appears the point whet bank
specie shall be considered the standard Of value the
accepted of value and bank be taken
paid their specie estimate, shall shnpas
Till that be done all the preaching oa the nancies
country will alter the paper How strange
il is! We find hundreds Of writers willing country
should be flooded with rredeemabe bank bills Of the denom
nation of five dollars and upwards and the very sight OF
small notes will their in such twitchiss
that would suppose they had st. vits dance The
Gates OF paper money should he consistent


Paper money payable demand in specie, no panic
however great affect But banks founded upon
this principle This fact known trading
munityand yet this community compaa that shin plas
tiers should be issued supply the place Of eor driven
circulation by the existence of banks e their true
foundations What absurdity five credit to sup
ply ofour let that credit be based upon
value upon COIN and upon the Of pro-
perry Small change win abound and only abound when we
begin trade upon specie foundation long adhere
the paper system, long win shin be destined to Of
end the OF the delicate nabobs used to the handling
TO hope that bank
will lose iota in the present
They will insist that their bills money specified va
specie only has risen With docwnc they
hope perpeuae their power The moral feeling of the
community will however, trust 20 far recy CON.
mcrcia atmosphere and render heau Before the present
crisis is over banks exist for the public and not
solely for the themselves every man the COM
munty regulate his business by the specie SCALE
deserve enrolled among the benectors OF his country
for the good that his example will effect","MO- Ely M A IL X f II.


wednesday, June rs.",Morning herald. [volume] (New York [N.Y.]) 1837-1840
1837-08-14,"Considered shject commanding unfegned admra
awakens socude for its attainment and
vaon and the toilet becomes department both ofimpoance
and utility especially where dscernmen presdes In the
OF which experience has sanctioned
For this purpose Lady Montagues Compound Chinese Soap
prefers attention. founded nearly century Of trial. com
binng elegance Of preparation with the prominent requisites
safety and efficacy 1t has obtained extensive patronage
recsher and suaner Of the complexion and preserving
impaired agreeable nexbliy sones and transparent
lily OF the skin.


For sale by A. Jnderh SO Beckman street, Of Will


am Dr. Jas H. Hart Bowery and walker. Price 30
cents per cake. my25-3m",T OyELY AND ADORED BY ALL::-AN TX,Morning herald. [volume] (New York [N.Y.]) 1837-1840
1837-08-08,"""JOssPh Gill0tt's Celebrated Patent ElOn-
gated Metallic Pom""
Joseph elliott begs TO inform the public that ne
constantly receiving from his mandatory IN brmng
ham, regular supply OF his approved Metallic Pens
The stock hand offers the best assortment In the Unted
States and OF warranted good quasmongst which may be
found his


""Patent Magnum Bonum Commercial PEN""


Original Patent Slip Pea""


""Original Patent Ladies' Pen""


Double Damascus Barrel"" Lunars,"" Peruvian"" New
York Fountain, and Damascus Pen put up in variety
syley cards dozen each, with rosewood and al
rocco cases, shell boxes and morocco cards.


""Albata Everponi and Pen and Everpoint Penchs.n


CAUTION TO THE PUBLIC.


From the well meried and universal celebrity OF tie above
Pens atesed by the whole mercantile community Europe
and the United States several makers have endea
vored to impose upon the public by spurious imitation pur
porting be the original Joseph Glots PATENT which
utterly worthless and entirely destitute of those qualities
requisite to fine writing which have established such unpa
rallied demand Tor the original PEN country where
is knewn.!


The public hereby cautioned to be upon their guard
against these countecis they be readily detected by
their unfinished appearance and by the inferior style In which
they are sent into the market their attempt impose
the


Each gross othe genuine pen enveopea neatly print
Further guard against the fraud the public will please
observe that the pens of the following marks
always reading from the point OF the pen:


Joseph Joseph Joseph


Glotts Glors Gillou


Patent. Warranted. Maker
The above be had his Warehouse No. 109 Beekman
strhe, door below Pearl New York. jyll-3ms",""" JOSEF h GillOtt's Celebrated Patent ElOn-


gated Metallic Pom""",Morning herald. [volume] (New York [N.Y.]) 1837-1840
1837-08-08,"Yes, she was fair-but false as fair
Bright jewels decked her raven hair;
And when she smiled her dark eye spoke
More love than fiction ever wrote.
The purest diamonds blaze of light
The rapid lghtnings vivid flight
The soft decline of summers day
The rainbow, as il melts away
Told in that eye of passions strong,
Or meekness bland as Indian song
A storm of malice there could speak,


Or pity tell her tale Of woe
Those thrilling glances would en'io""


Those looks speak thoughts words dare not SNOW
Beauty and youth appearedio""e
Within the beam OF that dark eye;
Vet meath those siken lashes play
Ademon that will have ITS way
Oh that so fair form should be
The worker ofmans misery.
who could have thought that aught was there
TO whisper love-yet say despair
Within that bosom there should dwell
Feelings which turned heaven TO he'll;
Yet angels ministering above
Might see that face and think of love.
Twas such the painter Tries 10 trace
When he would picture Beauty's face
The childish brow, the Grecian nose
The eyebrows pencilled in repose-
Soh pouting lips, the roses hue,
That dared you, vet appeared 10 sue
The teeth Of pearl-the dinpled cheek
And, when you tempted her to speak,
The liquid music OF her voice
Rushed to the heart with magic thrill
The listener felt he had no choice
But such was her will
Woe to the wretch who dares the glance
OF that same evil eye
Death were, alas, better chance
But no hi not die.
A slave, obedient to her will,
Must gaze upon his ruin still. ARROW.","

The EVIL Eye.",Morning herald. [volume] (New York [N.Y.]) 1837-1840
1837-09-05,"Joseph elliott begs TO inform the public, that he
constantly receiving from his mandatory In Brming
ham, regular supply OF his approved Metallic Pens
The stock hand offers the best in the United
States and Of warranted good quatysmongs which be
found his


Patent Magnum Bonum Commercial PEN.
""Original Patent Slip Pen,v


""Orignal Patent Ladies' Pcn,v


Double Damascus Barrel Lunarsr Peruvian
York Fountain"" and Pens' put up variety
sylesyiz: cards Of EACH and al
bata holders in boxes OF dozen EACH with holders
cocases, shell boxes and morocco cards.
""Albata Everpont, and Pen and Everpont Pencils""


CAUTION TO THE PUBLIC.
From the well mered and universal celebrity Of the above
Pens. aesed by the whole community Europe
and the United States several makers have endea
vored impose upon the public by spurious imitation pur
porting be the original aJoseph tlss Pacnr which
utterly worthless, and entirely destitute OF those qualities
requisite fine writing, which established unpa-
rallied demand for the original PEN every country where
Is knewn


The public hereby cautioned 10 be II guard
against these counerfsts they be readily de- cied BY
their unfinished appearance and by the inferior style which
they sent into the Market in their attempt impose
the unwary.


Each gross othe genuine pen enveopea In neatly print
ed wrapper descriptive OF the article II contains.
Further guard against the fraud the public win please
observe that the genuine bear the following marks
always reading from the point of the pens


Joseph Joseph Joseph


Gilotts Gilotts elliott


Patent Warranted Maker
The above be had his Warehouse, No 109 Beckman
lie oped Pearl. New York iv11-3ms","81 0soPh Gillott,s Celebrated Patent Ellen.


gated Metallic Penn",Morning herald. [volume] (New York [N.Y.]) 1837-1840
1837-11-22,"NI PHYSICIAN Of Boston, would respectfully give notice
the Ladies Of New York and vicinity, that she his
ced practice In this city her residence No Leonard
nearly opposite the National Theatre


Having COLLECTED during tour E Europe Herbs,
essential Oils I've Obtained In America she will
The great which has attend her Of
diseases this country Of whatmay be
ed The delicate complaints incident 10 The female
frame ender argument IN favor Of the Female Physicians
unnecessary.


Mrs Mott pledges herself to cure or relieve the following
diseases Rhcunaiism Tic Dooreux toured without he
ofanceil Contraction Parsyzed Limbs Palsy Decline Con-
sumption, Dropsy, Humors (Scrofua, Salt Rheum Kings
Evil Cnnker, Rngworm, NC &c Catarrh Scald Heads, Az
feeions ~ the Eyes spepsa, Debility, Spinal Affections
Nervous symptoms, White swcllngs Worms, Asthma Jaun.
dice Liver Complaint Hemorhcids Piles Female Weakness
In conjunction with her medicines Mott will administer
her celebrated Patent Medcaed Chsmpoo and uxung Baths
10 avas and others Toe much cnnns be said favour ~
these baths which the vaponr from different herbs and
sena OILS 10 suit the diseases for which they taken They
perfectly safe 10 administer TO the dea,ed mpsr
In all chronic complaints and preventive against all cona
gious diseases One trial viii convince the ceptca Of
their utility For luxur, to the healthy, they calculated
TO promote free pepraon, cleanse soften and purify the
skin


Mrs Mott having made the diseases fcbdren particular
thai have baled the skill 1.-THE most talented physician Nc
mercury mineral Of any hind used.


Hours for seeing patients from 10 In the morning nn In
the evening. Gentlemen communicate with Mrs Nett
only through wife o mother


Ladies ard gentlemen can be accommodated with baths
Family psn, rights for the sbeve sahs car be obtained on
~ Letters from the country pos, psid. receive Iumed
ate sttentbce. co5mt","ei,vs,r.N y Rn.nn .anId rs.nsr,,,v &c. nass",Morning herald. [volume] (New York [N.Y.]) 1837-1840
1837-11-22,"~
OF Paris The Copnv Ba,sn Of all the medicines employed
combating the chronic and acute gorol9a affections the
specific action of which has been doubted
which icians the pref
renee hut its and smell the
being rejected by many patients


This the why many experiments have bee made
order disco mode Of disgusting lis that
might be taken with less repugnancs hui hitherto this has
been but mperfrey effected aud always by the addition ef
active substance, which udife properties and thus
chemical constitution and its steal character


Therefore, having discovered mode u administering IL in
that occasion the slightest repue and
this without submitting il to any alteration he method
sss enclosing In the gelane capsules II sncoses that
precitu medicine in such disguise entirely
the and SMELL and into the digestive organs with
other mixture tan that o.. the CelaEe With which


enveoped, and Which completely dissolved tn the
stomach BY this the Of the goneh be-
ing effected without and consequently without inter-
rupiion will become prompt ana thus pre-
ven,isg The possibility of a relapse


The directions Tor use, well the a,ieaons from lie
emircnt physicians Of Paris enclosed In each


For sale by all the most respectable spohecafes in the
citv aud country.


Druggists and apohecar supplied with the above car
sules by CHARLES wILDENOw, al No 81 Cherry street",,Morning herald. [volume] (New York [N.Y.]) 1837-1840
1837-05-31,"Police, May 3oth.--Sleep,ng on i.-William
Johnson was brought before the magistrate yester-
day under the following circumstances Mr..
George Cengol No. A Whitehall street, deposed that
abelt three weeks since he locked up his house and
before yesterday, he found his house had been bro
ken into during his absence, and large amount of
very valuable clothing stolen. He went ,ut and
communicated TO friend what had taken place, who
returned with him to make an examination of the
premises, when 10 and behold what should they dis
cover but a man. boots and all, snugly slowed away
in one of Mr.. CengolIs best beds, sleeping away
care, and snoring imitation notes of Gambats trum
pet. Our gentleman was quickly awakened and
commenced staring about him with good deal of
discreet surprise; begged ten thousand pardons for
the mistake he had made and wanted 10 be off,
THE, however, was not permitted, and upon further
investigation, Mr. Cengoli discovered that he had not
only appropriated the bed to his own use, but also
pair of pantaloons coat vest stock, shirt stockings,
and very handsome pair of new boots which Mr..
C. had had made for an especial purpose. The watch
called, and the rogue delivered into their
dy Johnson when INTERCEPTED respecting the rob-
berry, made but lame story oft, and was fully
mitted for trial.",,Morning herald. [volume] (New York [N.Y.]) 1837-1840
1837-09-16,"The money market and the stocks rather start his
morning. general feeling Of buoyancy begins prevail
the street. This arises from the gimering pros
poets hope coming from Washington well from
Europe.


Let US give the details


BY the most authentic accounts from Europe it appears
that the cotton market improved and the marker
getting its difficulties Nothing readily affects activity
here any prospect returning tone 70 the cotton market
Liverpool accounts rise has taken place,
but this rise attributed the backwardness OF the u states
Bank in fetching its great shipments OF cotton to market TIE
OF this institution in Europe for the year,
probably as follows:


Jaudajn Loan S300O00e


Dividends, 100000


Bonds and post notes. o,5ooooo","M O ME v MARK E +.

",Morning herald. [volume] (New York [N.Y.]) 1837-1840
1837-10-25,"MRS. MOTT, THE CELEBRATED FINALE
M PHYSICIAN, Of Boston, would respectfully give notice
TO the Ladies York and vicinity that she hw commen-
ced practice in this city, her No. Leonard street,
nearly opposite the National Theatre.


Having collected during ner late tour m Europe Herbs
Roots and essential Oils not be obtained In America she will
be enabled diseases their most formidable appear
The great which has attended her Of
diseases in this country guarantee of be expect
ed. The many delicate complaints incident the female
FRAME render Ia favor Of the Female Physician
unnecessary.


Mrs Mott pledges herself TO cure or relieve following
diseases Tic Doloreux (cured without the
ancet Contactons Paalyzed Limbs Palsy Decline Con-
Evil, Csnker. Rngwom, &c SCI Catarrh Scsd Heads AZ
ections o the Eyes spepsa Debility, Spinal affections,
Nervous symptoms White swellngs WORMS Asthma, Jaun-
dic. Liver Complaint Hemonhcids Piles, Female weakness.
""a, he. NC.


In conjunction with her medicines Mrs Mott will administer
her Patent Medcaed Champoo and uxung Baths
avads and Others Toe much be said In favour OF
these baths which the from different herbs and
eBa oils suit the diseases FOR which they taken They
perfectly safe To administer the most debiaied mpar
ing TO such strength they not only uxung but cure
In all chronic complaints, and preventive against all cona
gous diseases One trial will convince the most sceptca OF


their utility For uxur, 10 the healthy, they calculated
promote free perspiraon cleanse soften and purify the


Mrs Nett having made the diseases OF children particular
branch Of her profess she will be enabled To diseases
have saled the skill OF the most talented physician No
mercury or mineral OF any Mind used.


Hours for seeing patients from 10 in the morning. until In
the evening. Gentlemen communicate with Mrs. Mott,
only through wife or mother


Ladies and gentlemen can be accommodated with baths Of


Family patent Tor the abeve baths obtained
application .


H Letters the country post paid, vii receive immed
ate aentiou oiO-3ms",,Morning herald. [volume] (New York [N.Y.]) 1837-1840
1837-07-15,"A race-a race-a lruant hal,
And bare head man ON whom y sat-
The latter trying TO get al


His topmost cover;
The former leaping hike cat


The fences over.
With rapid pace, he onward biesi
And now Ills just before his eyes;
He ieaps too far, and PROSTATE lies,


While DER his head,
The nimble truant onward hies,


With noseiess tread.
He's up again--resames the chace,
And flies along with speedier pace;
lie leaps, determined TO replace


The agile rover.
The hat is foremost in the race,


And he's keerd over.
Again he's up and on the wing,
To speedy close, the race To bring,
He leaps, and gives desperate spring,


And all to jelly,
The hat is crush'd-a worthless thing,


Beneath his belly.
SO youth for happiness OF stray
In eager haste her iowery way
But in so rapid motion they


Leap DER the goal,
And mock'd and disappointed Jay,


And lose the whole
A snaillke march full many keep,
For happiness along they sweep,
In cool pursuit continual creep,


And following on,
Too Gar behind they take tire leap


And find il gone.
And Others still hike lightning dart
Where pleasures roses flushest starr,
Aud eager TO secure apart,


Headlong they rush
Bot find too late, with aching heart,


The flowers they crush.","

IFrom t.e Boston Mercatiie Jouf.alI
The Man Running after his HAL",Morning herald. [volume] (New York [N.Y.]) 1837-1840
1837-11-17,"Compound Extract OF Copaba and ssrssparla,
fsibe remedy ever discovered for all diseases The
high estimation and sale this medic has obtained
for the last four certain criterion ef immense


NY has acquired The utnos fame In almost 81
the faculty Of medicine and recommended by emf
nent III the profession.


One recommendation this enjoys above others
Ia It's neat portable form pet in potts. the meae which
may be taken, bsng both easy and pleasant It's tssee ma
diet confinement from daily bsi
Travellers especially would find mis- medicine highly
useful and ought 10 be unprovded with
possessing the advantages which the present one comhnes
Accompanying the medicine pxphlet explanatory OF the
different stages Of The disease without charge
tanning fu and ample directions II contains no mercury
Price Al.5o per pet


Prepared by D. Them, Chemist London and for sale bv


Dcke 4l3 Broadwsy wn simosson, Fulton St, cornev
Gold; VIM Ven Emberg 3 Pearl Peck slip; gouilard


Denc, Park b. Graham ~ Nassau street. corner Full
ION. vq.lms",,Morning herald. [volume] (New York [N.Y.]) 1837-1840
1837-08-11,"THURSDAY, August 10, O'clock P. NJ.
Our advces continue to tell oil good Before the end
OF September shall have table that will surprise
Every day brings details estimates will place
the corn trade in a most advantageous light
Northumberland county, Pennsylvania produces full crop
The harvesting late, but the heads yield immensely
Even the eastern shore of Maryland the farmers look
rich reward for their abors The production of wheat in this
region attended with great difficulty and hazard
of the quantity Of wild onion that nfe the SOIL good crop
with the shore is however great haul for the
trade.


greatest abundance.


Buckwhea oo looks properousy in those regions where
Is raised.


Will farmers and dealers who read these reports tell how
much grain of every kind reared in their neghbohoods
Estimates wiz DO, the OF their being able
the positive facts Letters addressed will be cheerfuly
wed",Corn Market.,Morning herald. [volume] (New York [N.Y.]) 1837-1840
1837-08-11,"Sill -SILVEM-SILyEN.
III Small change such shllngs sixpences and
pieces will be given halyesor quar-.
Ter doHsis. Apply al the desk OF this ohce. Al0-t
UT NIX. EDlTOR,-We request you insert the following
orwo reasons; tst that the opinion Of intelligent
on an important subject 20 before the public
~, because IN business sense, there nothing
than Yours,


BOAROMAN & HART, Burling Slip
lew days since there sling
young man TO purchase pair of the Britannia pitchers
was beaulluy ated and had the appearance of highly
polished gentleman, exhibiting the


.Faic form,


Ard just proportion, fashionable men,


And pretty face""


which so skngly indicate refinement and quality.
shown variety Of the articles which took
and raised before his face hold up 10
nature""
After brushing his auburn locks which reflected from
the surface and smoothing his chin recently shaved
Dear, he exclaimed with apparent sincerity, with a
sweetness OF voice Il at will be forgotten by
hokey them are is beauties"" aul1-ltt
HOAs SALEThe fine fast sailing pleasure boat Rob Roy,
belng good order, having sails anch cable oars,
ana boat hook &c not sold before the will
at rattle. For further particulars enquire Mr.. Parsons
ST. Water street. Mr. .Vauxs No. 235 Front street.",OBSERVATION-DISCLOSURES,Morning herald. [volume] (New York [N.Y.]) 1837-1840
1837-10-10,"Tor the OF the Stove Copper Tn and Sheet lion
BUSINESS and having purchased the entire stock in trade be-
Patent A.tLrace Coal and Wood Stoves &c sci they now
rally complete assortment OF said Justly celebrated Stoves
which, after years of Trial have fully sustained their character
and still held in the highest estimation by those who have
had opportunity of testing their Rerts In point of safety
convenience cleanliness and economy comparison
the meantime, been introduced Ansng the assortment
those well adapted to halls stores banking churches
lecture rooms bar rooms steamboats, and ships cabins;
the saracenc CRATE to parour nurseries and basemen,
rooms; the franklin to bed rooms, and the plain and
ornamened sylndrc sheet work factories,
&C. Wood and coal cock of acknowledged superiority
with from to five boilers, and well cal
culaed Tor families OF from $50 persons, together with all
the appendages affixed either of the aorenaaed
when required short notice all of which will be disposed OF
reasonable for cash. short approved paper their
242 Water street. ROBBERY M. STRATTON


CHARLES SEYMOUR


New York Sent. Isl 1881 o5","VyHE sUBsCHIBMRS having entered into coo,",Morning herald. [volume] (New York [N.Y.]) 1837-1840
1837-10-10,"Copy Of letter received Through the posi- office:
Mr. }. Levson, 1888 Division st. New York -Dear Sir-A
the request Of friend who has lately been liberated from the
angs Of affection by the aid OF your ncstnabe Hunters Red
Drop address YOU He tenders you his sincere thanks
gratitude for the blessing he has received hand having
been radically cured by magic were (usng only part
phia) OF dangerous disease which he had ray expo
sed himself IN unguarded hour but having received
both anda lesson, indeed truly grateful for ore
and hopes TO receive saluary benefit from the other my
self who witnessed its effects testify its merits and
Christian phianop most sincerely that the public
may be made acquainted with its utility.
u! pour thy balm upon wounded world


And let the banner of disease be fued;


Lies embeTs re-hlume-whle yet one sparks alive


And bid the kindliDg glow Of health revive


Extend thy arD--ihe suf. rer's pangs appease


White grooming meath the demon Of Disease


And grateful hearts shall all thy repay,


Wien stern afliclions chains are burst away


Deienceless youth Iii Passions firm control


Has placed thee where dark waves OF aneuish ron,


Where sorrow regns and storms of suffering fall


Where mercy's ear neer heeds the pieous CALI


Then flee to him who kindly holds for thee


Those precious Drops that soothe and set the free.


And when thy just Affections are DER


Go, rescued ""child of wrath, and more""


Yours respectfully, ZAP.
Sold at No Division Price 81 per bottle This letter
can he at the office. sl5-lms","Two Ali THE WORLI BE 1T KNOWN
Il HUNTERS RED DROP, a blessing 10 the human race",Morning herald. [volume] (New York [N.Y.]) 1837-1840
1837-07-03,". No. l2l Fulton street three doors from Nassau.


and keeps constantly hand tor SALE plain
and fancy Paper Boxes of every description size and style
torthe following lines OF business:
AIRY Goods, Silks Laces sc. B-Shoes Clancy Ar
tlcles. D-Stock Collars, Bosoms, Shirts. ECurls. F.
buttons G-Jewclry and Perfumery, in all their branches
especially Tor mphs. LMuscal Instruments M-Drugs, apo
tecary and stationary Mat Cases. hat boxes and band
boxes for millinery articles.


Orders tor any purpose quantity quality OF boxes
received and promptly executed with DESPATCH the lowest
prices, TO n any article prescribed III the


Merchants setting upncw stores be supplied immediate
y with gosd and strong boxes for use exactly fitting the
shelves, aud being real decoration OF the store.


Country merchants will find every accommodation in regard
70 obtaining boxes any description and shipping them 10 all
parts OF America At the shortest notice.


In e mean Time he gives notice that he regularly imports
rom germany has native country real Genuine Cologne Wa
ter oil winch he has received large quantity whole
sale, superior to any article in the present mar ct


Also most splendid assortment Of German patterns for
samples and emsoderies Of every descriptions for retailing
segarbo~e pocket books and ladies' notice books decorated
with needle work in sorch and handsome style they
were seen before.


Peuscher returns his sincere thanks To his numerous
friends and customers for their former patronage and trusts by
phwearled pains To merit continuance OF the same.


He also informs his friends the public that he has been
awarded diploma from the last American Fair held October
1886, al Nblos Garden, New York. for specimen OF paper
boxes they being considered the substantial and splendid
article IN the Uncover offered the inspection Of the public


nly20","Paper BOX Bazaar.
q EORGE PEUSCHEK,",Morning herald. [volume] (New York [N.Y.]) 1837-1840
1837-06-02,"T. IN conformity with law passed by the Legislature
this State the 2ist day OF April last entitled IAN Act 10
guate powers duties OF Public Administrators and
rogaies relative property and effects OF foreigners""
Notice j. hereby given that and after this date the
perry and effects all subjects Of His Majesty who may die
their this city such property and effects
arriving this State placed under the this and
under public administrator, heretofore. The
undersigned in consequence thereof requests that notices here
toore public administrator be 10 this office.
where information a to effects any subjects
his Majesty sh7l all times be furnished without any fee
charge whatever.


The ah officer and others the quarantine respect
fully requested make their communications 10 this office,
where all expenses connected herewith will be paid.",,Morning herald. [volume] (New York [N.Y.]) 1837-1840
1837-06-02,"Manufactures and keeps constantly hand for SALE plain
and fancy Paper Boxes OF description size and stye
for the following lines OF business:


AIRY Goods, Silks, Laces, &C. B-Shoes. Clancy Ar
ticles D-stocks, Collars Bosoms, Shirts E-Curls F.
Buttons. GJewely and Perfumery in all their branches
H-sample for coffee, rice wheat &c J-Maches. K-Furs,
especially for mnh- I-Musica Instruments M-Drugs
thecary and stationary N-Iat Cases, hat boxes and band
boxes, for millinery articles.


Orders for purpose quantity quality of paper boxes
received and promptly executed with despatch the lowest
prices 10 fit any article prescribed in the
Merchants setting stores be supplied imedate
~ with good and strong boxes for store exactly fitting the
shelves, aud being real decoration OF the store.


Country merchants will find accommodation in regard
10 obtaining boxes ofany description and shipping them to all
parts OF America AT the shortest notice.


In the mean time he gives notice that he regularly imports
from Germany his native country. real Genuine Cologne Wa
ter Of which he has just received large quantity for whole
sale superior ""a article in the present market


Also, splendid assortment OF German patterns for
samples and embroleres OF description for retailing
segar boxes pocket books and ladies' notice books decorated
with needle work rich handsome style they
before-


g. Peucher returns his sincere thanks TO his numerous
friends and for their former patronag and trusts by
unwearied pains To merit a continuance OF the same.
lie also nbrs his friends and the public that he has been
awarded diploma from the American Fair held October
1885, Nibo Garden New York. for specimen Of paper
boxes they being considered the ubana and splendid
article in the line offered the inspection OF the public
m IN",,Morning herald. [volume] (New York [N.Y.]) 1837-1840
1837-06-02,"~ YOUNG LADIES, AT WEST FARMS-The Misses
NEWTON have removed their school from the city TO The
pleasant and hourshng village Of West Farms westcheser



They have selected this location only consequence
MS proverbai health but OF It's proximity the city, the dis
lance not exceeding eleven rallies The house large airy
and well adapted for such an institution


They prepared receive Ladies boarders
or day scholars and they their friends and the public
that nothing shall he wanting their part afford
cty of instruction and improvement their pupils
qualify Them by liberal and accomplished education for the
respectable walks OF life.


Tuition comprises complete English course superadded
which taught the French Italian and Spanish .uages
Music. Drawing, and Dancing, IL required


Highly respectable references will be given
rents guardians if application be made either personally
the village, or by letter directed the post office West Farms
myl92n


(ARPETING.-Thesubs subscribers have hand an
- elegant and extensive assortment of Carpeng, such
Brussels, Three Ply, superfnc and fine Twied siniask,
Three Ply, ngraned and Striped Stair Carc OF all widths
and colors. Figured plain Baizes, India Mating Door
Stand Mats, Piano, Table, and Stand Covers &c.
Also, great variety OF painted Floor Oil Cloths, from
two To twenty four feet wide old and well seasoned article
Any of the above goods will be sold the reasonable p



Purchasers will find their interest call before making
their final selectsns.


J.&J II. SACKETT. ID East Broadway,


my .lfM Itt..t","R%paa,HsIpH1HSGs n,A AMP p Ray PAY ssGHooL Eoa",Morning herald. [volume] (New York [N.Y.]) 1837-1840
1837-10-06,"Aggregate number of bales s55,575 so7426


The exports from all the other growing countries
twh the single exception Of Egypt decreased-whe the
Trade from the United States increased This fact alone
every reasonable that the stocks have increased
IN all these counties. Therefore, when they ship
Ping VIII gu the market much that prices
vance We have made these before again
refer our readers to them guard against pu
chase on their part.


twin be perceived that remarks fully borne by
the following letter from Hae correspondent received
THIS afternoon per the Erie -


inst cottoDs have beer active demand the quota
tons have been firmly maintained still rise whatever
be noted Good middng qualities have chance
moderate advance they cheaper
rates than low choice Sorts but the whole appears
that than steady prices hardly anticipated
two months with probably decline Afterwards. j.
have favorable advies OF the We cannot hut per-
slst in the views we have formerly expressed.


The last intelligence from Marsele the receipts
of cotton into that from Morea Zone The Greek Island
increasing and that the stock hand description
estimated 10 be aboIt 8 900 bales.


The Charleston market the t inst rather firm for all
qualities Of Upands, and sales made 11c New
selling at IL lllc.


Sales in Boston for the week previous the Sd inst
10a l4c.


The favorable intelligence received today rather increased
the demand for in this market Sales however ind-
Gated Improvement in prices Nohng further report of
the crop.",,Morning herald. [volume] (New York [N.Y.]) 1837-1840
1837-11-29,"PILLS.--NRS BIRD sncouraged by the many taerlng
encomiums which she has received from her friends


DESTROYS of benefng the human family, Induced TO Of
the public the above medicine safe and certain
for all diseases of the stomach and comp7nts arising from md


geon and excess Of bile These pills have never been known
fail TO effect permanent and radical cure by proper ap
pcaton and perseverance, indeed dainty ecseioqs
has their that housards y their valuable
and beneficial properties The proprietor the receipt does
intend tire patience the public by deaDg IA long
putting preamble the many important qualifications OF these
pills other in present but mercy 10 enumerate


few Of the many disorders the body which they have been
known perfectly eureBheus and liver ahec-
TONS cosyenes asthma pills. settled Pans dyspepsia chro
mic and i,hamnatory rheumatism cache, lmpury OF
the fluids debility the sickness incident TO females ~
delicate health and for every description Of dsordercd
health they will be found easy certain and hialbe reme
dy. Mrs Bird ors her Renovang Pills The public in the
confident anticipation that they will be ound universally
invaluable family friend. Sold only al Division street. by
MRS EIRD. Advice Gratis. o273m*","Ma. BIHD's CELEEsiArED ArN RI
1Vl ENT AND TONIC RENOVATlNG VFGFTABi",Morning herald. [volume] (New York [N.Y.]) 1837-1840
1837-11-10,"THURSDAY EVENING Nav. 9.
VIII lie South Carolina and Georgia complaining Of The
wrongs they the hands of New York. and urging
the eloquent appeals her citizens make Charleston
moaey of the growing territories New Or
New York manifest perfect indifference these
very destined deprive them OF their trade Why
New York fears with any city Of The Union She
has the cal capital the floating capital, the merchants
the ships the men, the people that and viii make her the
metropolis whole In New Oreaas possesses the
also has advantageous position bring her
feet agricultural wealth the great OHIO and Mississippi val
lies despite the efforts of Mississippi do her bns
Mobile takes away the commodities OF Alabama part
OF Georgia and Mississippi The progress the
OF raw cotton from the great for of years viii
best txplan meaning","Decrease,

Cotton Trade.",Morning herald. [volume] (New York [N.Y.]) 1837-1840
1837-09-29,"DIAPER BOX BAZAAk-No. i2l Fulton 81, 8 doors


from kasauConsany on hand for sale plain and fancy
Paper Boxes Of Descriptions and STYLE for line o
business viz goods silks ace shoes fancy articles
cellars bosoms and shirts curs buep jewellery and
permcry In oil their branches samples for ceee rice wheat
matches urs especially for mus, musical nsiruments
drugs apohecar and stationary hat aaa hat boxes and
bandhores FOR millinery articles nc


Orders FOR quantity or quality o. Paper Boxes
he received and promptly executed with des
patch AT the lowest prices 70 ~ article prescribed In the
neafesi manner.


Regular importation from Germany real genuine Cologne
peor article the market
splendid assortment ef German patterns for
piers embroderes Of every description Tor retang sega
boxes pocket books aud ladies notice books decorated with
needle work rich and handsome style they
before sl5-lmt


THE Proprietor Of Congress Hall has the pleasure 10 in


form his friends and the public, that he has made
provement bis establishment and ready contract
with families and individuals Cor board this winter longer
period The paros and bed pleasant convenient
and quiet a. any IN Broadway.


Private tables will be served or families required There
Is also ladies' ordinary select for ladies ard rentieren
company. ......a.,xx
Terms will be reasonable. BARTON HMMoND'
.f,n-",DAPER BOX BAZAAK-No i2i Fulton st. doc,Morning herald. [volume] (New York [N.Y.]) 1837-1840
1837-10-05,"""JOso mn GiIIott,s Celebrated Patent Elem


gated Metallic Pcn.0
Joseph elliott begs To inform the public that he
Is constantly receiving from his mandatory, In Birang
ham, regular supply OF his approved Metallic Pens
The stock hand offers the best assortment In the United
States and OF warranted good quay-smonga which may be
lound his


""Pateni Magnum Bonum Commercial PEN""
""Origna Patent Slip Pea


""Orignal Patent Ladies' PEN""


Double Damascus Barrel Lunars"" Peruvian New
York Fountain aud Damascus Pens"" put In variety
syesviz cards 81 dozen each, with rosewood and al
bata holders in boxes OF dozen EACH with holders
cases. shell boxes and morocco cards.
a. bata Everpoint, and Pen and Everpoint Pencils""


CAUTION TO THE PUBLIC
From the well mered and universal celebrity Of the above
PENS aeed by the whole mercantile community Europe
and the United States several unprned makers have endea
vored 10 upsn the public by spurious imitation, pur
porting be the original Joseph Gst Paen hut which
utterly worthless and entirely destitute ef those qualities
requisite to fine writing which have established such
rallied demand for the original pen country where
II knewn!!


The public are hereby cautioned to be I'll gc.rd
against these counterfsits they be readny de- cted
their unfinished appearance and by the inferior style N which
they sent into the MARKET 10 their attempt TO impose upon
the unwary.


Each gross OF the genuine pen enveoped neatly print
ed wrapper descriptive of the article Il contains .
Further TO the fraud Tho public win please
observe that the pens efihe following marks
always reading from the point Of the Pcni


Joseph Joseph Joseph


(3iors Grlotts elliott


Patent. Warranted. Maker.
he above he had nj",,Morning herald. [volume] (New York [N.Y.]) 1837-1840
1837-08-30,"As the session OF Congress approaches tie agitation and
fusion Of the currency market and exchanges increase
widen throueheu circle Oft cir operations All the ee
ments ofambon and avarice work. The trade
the country nearly gone-boh foreign domestcat least


much reduced cash system. Yet this Eoment, IL
the deliberate opinion ofmany hnancers in Wall street that the
money market had plextul supply lower
interest, The great difficulty Is procure good securities
which make loans. Money the best security is five 10
per interest but the great prostraon OF business
makes it OF no avail to any useful purpose.


Yet there great scarcity OF money among those, who
yet covered with the engagements Of 1886, either original
extended Towards all persons known TO have such engage
mens there complete and almost total want OF confseace
The broken houses doing snug business cash principles
appears he the only getting ahead capable Of wealth
ering evalsion which will likely begin to feel in
mont.


The foreign trade and finances Of the in
dlapidated AT this moment, the government is
greatly in the exporting merchants here for deben-
goods re-exported foreign countries While the
Treasury exporting specie, in sums Of $4,000 to London
from the Philadelphia mint pay It's diplomatic expenses
same department paying debentues the merchant
here specie just as they receive pecemea Al this no
meet is estimated that the government foreign mer
hants here 100000 adventures while the merchants owe
the s5ooooco in bonds The aggregate revenue
and payments duging the year follows,","M o N Ef N X X EFT.


Tue sday, August 80. O p. M.",Morning herald. [volume] (New York [N.Y.]) 1837-1840
1837-10-09,"VHHE SUBsCkIBEks having entered INTO copar p
i nership under the name OF STRATTON SEYMOUR,
the prosecution he Stove Copper Tn and Sheet lion
business and having purchased the entire stock in trade be-
longing the late firm of H. Mott Co.. consisting OF Motifs
Patent Anthracite Coal ana Wood Stoves, &c they now
offer their friends and customers, and the public gene
rally complete assortment o said justly celebrated Stoves
which, after of trial. have fully sustained their character
still held in the highest estimation by those who have
had opportunity of testing their merits, point OF safety
cleanliness, cono and economy in comparison
with those other various and novel Instruments which have
the meantime, been introduced AIeng the
those well adapted TO halls banking chur hes
the saracenc CRATE, 10 paou nurseries, and basement
rooms; the franklin, bed rooms, and the plain and
ornanen,ed eyndrc sheet iron work shops
&c. Wood and cea cock Of ackno Sledged superiority
with from i've boilers. and four well cal
culated for families OF from $50 persons together with all
the necessary appendage affixed either of the aorenaned
when required short notice, all OF which will be disposed Of
reasonable for cash. short approved paper their
stare 242 Water street. ROBERT NJ. STRATTON,


CHARLES SEYMOUR.


New York Seat lst. 1857 o5 6uk",,Morning herald.
1837-12-05,"No. Ill ANN STREET.


GF THE proprietor OF this well known establishment
ees oft he rived the best The quality
othe viands andhs moderate charges evident
the altering patronage whch he public pleased
award His efforts shall be- asst hey have heretofore BEEN
10 merit it's onnuance and toseeure his house that
taon excellence and accommodation, whck has for
ong time maintained no-lm- d. SWEENY.


Premium Chenille Hats.


II MRS. M. ID. HODGE, Of the Premium Tuscan and
Straw Flat Store $50 Grand having prem awarded
by the Committee OF the Grea Tenth Annual Fair Of the
American Institute for her splendid Chenille Hats manuac
tured without stitch she has completed
supply those elegant Hats suitable the
present season. and respectfully invites ladies and merchants
To inspect the some. a6-lms


Pickslay's Peruvian Steel Cutlery.
THE SUBSCRIBER has Just received. and oacrs for
sale Tor CASH most splendid and extensive stock Of this
be surpassed which he invites the attention 81
the trade. Tbestock cempriscs-


PERUVIAN STEEL RAZORS with Pearl, Ivory, and
Black Horn handles, good and set ready for
ROSEWOOD AND LEATHER Seven Day Cases, contain
ing seven Pearl Ivory or Black Horn Razor TOR
PERUVIAN STEEL DIRKs, In grea, variety.
PERUVIAN STEEL PEN AND POCKET KNIVES
with l. 2, 8, and blades, warranted.


Cards containing or dozen OF Drks or Penknives, as
Three beautiful Rosewood muItum in psrvor DRESSING
CASES, the most compact ravelhsg cases ever made.
Two splendid Rosewood each containing 81 pie
css, silver handled TABLE CUTLERY.


Rosewood Writing Desks, Dressuig Gases Ladies worn
Boxes Military Travelling Cases Dressing Rolls, Ladies' Cut


w. M. PICKsLAY,


Oper JOHNSON 4 Co's Psrfansry Store


Corner Of William and Cedar SIS. .","HOUSE OF REFREsHMENT,",Morning herald. [volume] (New York [N.Y.]) 1837-1840
1837-12-05,"While the great Mr. Pott dwelling upon this and
other matters envenng the conversaton from time to
stern stranger calling from the window Of
outward bound, which halted the inn deliver pack
ages requested know whether II he stopped short
his journey and remained there for the night he could
be furnished with the necessary accommodation OF
bed and bcdstead.


Certainly, SIR"" replied the landlord.


Il can, can 2"" enquired the stranger, who seemed
hibitually suspicious in look and manner.


mo doubt Of it, Sir"" replied the landlord,


Good"" said the stranger. Councilman, get down
here. Gsard, nay carpetbag""


Bidding the other passengers good night in rather
saappsh manner, the stranger alghted He short
ish gentleman with very stiff black hair in the por
cupine backing brush STYLE and standing stiff and
straight all his head his aspect was Pompous and
threatening; his manner was peremptory his eyes
sharp aAd restless and his whole bearing bespoke
feeling of great confidence in himself and conscious
of immeasurable superiority over all other people
This gentleman was shown into the originally
assigned to the patriotic Mr. Pot; and the waiter
marked in dumb astonishment at the singular coinci-
dence that he had lighted the candles than
the gentleman diving into his hat, drew forth
paper asd began read it with the very express
sion Of gnant which upon the majestic features
Of Pott had paralyzel his energies hour before
The observed too, that whereas Mr.. Potts scorn
had been reused BY he AIDED The Eatanswll
Independent this gentemans whitening contempt was
awakened by newspaper entitled The Eaianswill Ga
zette.


""Send the landlord. said the stranger.
""Yes, Sir rejoined the waiter.
The landlord was sent and came.


Are you the landlord y enquired the gentleman.
al am Sir"" replied the landlord.


""Do YOU know me r. demanded the gentleman.


Il have not that pleasure Sir"" reJoined the land
lerd.


""My name is Slurk,"" said the gentleman.


The landlord slightly inclined his head.


Slurk, Sir"" repeated the gentleman, haughty.-
"" Do you know me now, manY
The landlord scratched his head looked at the cell
ing, and ut the stranger, and smiled feebly.



grily.


The landlord made strong effort, and at length
piled, ""Well Sir do not know you""


Good Godr said the stranger, dashing his cenched
fist upon the table. ""And this is popularity


The landlord took step two towards the door,
and the stranger fxirg his eyes upon him, resumed


""This"" said the stranger, this is gratitude for
years OF labor and study in behalf Of the masses
alight wet and weary enthusiastic crowds press
forward greet their champion, the churchbells are
silent the very elicts no responsive feeling IN
their torpid bosoms 1t is enough"" said the agitated
Mr.. Slurk, pacing to and fro, Ito curde the ink in
.nes pen, and induce to abandon their cause for
ever""


Did yeu say brandy and water, Sir T. said the land
lsrd, venturing hirt.


Rum"" said Mr.. slurk turning fercely upon him.
"" Have you got fire anywhcref


1--WE can light one directly, Sir, said the landlord.


(Which will threw out no heat till II IS bed time,
interrupted Mr.. Surk ""Is there anybody in the
kitchen 7""


Not a soul. There was beautiful FIRE. Everybody
had gone and the door was closed for the night


II will drink my and water"" said Mr.. Slurk,
by the kitchen FIRE"" So gathering up his hat and
newspaper he staked ssemny behind the landlord
that humble apartment and throwing himself on settle
by he Preside resumed his counensnce Of scorn, and
began to read and drink in silent dignity.
Now demon Of dscord, flying over the Sara
Gems head that moment casting down his eyes IN
mere idle Curiosity happened behold slurk establish
ed comfortably by the kitchen FIRE, and Pot slightly ell
evsted with wine in another room upon which the ma.
licious demon darling down into the aforementioned
apartment with uncomfortable rapdiy passed at once
into the head Of Mr.. Bob Sawyer, and prompted him
for his THE demons) own eyipuPoses 10 speak as ol
lows.","Rival Editors, Messrs. POtt and Slurk--


Eame--A Fracas.",Morning herald. [volume] (New York [N.Y.]) 1837-1840
1837-06-29,"Newburgh The graceful small waists have just reach
ed Orange county and really the style
look more beautiful than these very pretty young
creatures


DO you ever pray a Tuesday y asked of one OF
the prettiest young ladies could pick out


She looked at me a moment. if in doubt what l
meant.


Because if you do"" continued lit is said that the
spirit of the elements always grants the prayers asked
by youth and beauty, and thought word in prayer
from you might help to clear up the weather for the
boat race""


1t was then raining very hard and within half an hour
of four o'clock
The sweet girl smiled but said nothing-however
smile from some female faces tells than all the
speeches spoken by Mr. Van Buren, since he ceased
the respectable business of selling cabbages Kinder
hook So the sky cleared, the black clouds drew Off
and in few seconds found myself, as it were by en-
chantment, the stand the end OF the Hight anders
wharf surroundedby the Judges the beautiful ladies'
and the West Point Band, playing the national anthem
What fine sight that moment all Newburgh present
ed Every roof, mast, window, wharf were filled with
human beinss-the river with steamboats, and small
craft sloop anchored in the stream, little distance
from the Shore and covered with flags the starting
point. Along line from this sleop TO the Brewery
Dock on the Newburgh shore the boats rang
ed ready for the signal Nearest the western shore
was


zELLE scarlet boat, red and white dress red and white


HIeaLAN6 WAVE black white dress blue and white cap


hss and white dress raw aarN New Yo,


HLcySs greens greenland white dress, green and white


PEAsL white blse and white checked dress straw hat


MsEavA, E. India Particular, red and white Dress red
g. CoRsAIR black; green and dress, red cap-New
burgh


The distance be rowed IL miles down the ri
YER along the Newburgh Shore opposite Capt Robin
sons place and back the starting point making miles
in all.


AT length the signal given little after o'clock,
the shower past and gone, and the magnificent Caaski
looking down to see the sport The gun fred-the
rowers spang upon the all nearly abreast Of each
other. The excitement was great-every eye strained
to the point the music rolling the
who's ahead p who's ahead 7"" resounded from
all quarters.


""The Wave-the Wave""
""What, the Highland Wave p cried Ncwburgher
jumping out of his skin.
.Ne-no-'tis the black-the blue and white dress""
Blue and white foreverv' cried New Yorker
a the New York Wave is ahead""
NO matter the green and white is next""


""The Corsair forever"" cried Newburgher.


""Oh my heart said pretty girl in blue, where's
the blue and white capr'
Are you sick 2"" asked her young beau.
""Ne-no-where' the Highland Wave where's the
Highland waver'
""Ah! haw said her beau in chagrin,
my loves in the Highlands,
Ny love Is not here.r


The boats had now passed the Highanders Wharf
the New York Wave healing, next the Ne~burgh Cor
sar, the Gull. AT this the excitement
quite high-but breaihess and silent.


What black boat is that ahead of the New York
waver


That is a Poughkeepsie barge regular boat. She
is rowed by protested waermes; few old whalers,
and started ahead""


ooh! that's not fair""


mo matter; they row for fun for prize, they
are not entered Bgad but they go !""


BETS were at this time in favor Of the New
York Wave, who steadily keeping the lead the
Poughkeepse loafer being ahead of her about three
lengths Within short distance Of the turning station,
the New York Wave made pull pass the leafer the
latter into her course and impeded them.


Approaching the turn the boats became nearly undis.
tngushabe the spectators in consequence Of a hea-
w shower Of rain having down from the Caats
kill upon them During this blow, the New York Gull
passed the Newburgh Corsar, and kept three
lengths ahead all the way, thus coming mp the river
the New York boats, Wave, Gull. and after them, both
the Newburgh boats Corsair and Highland Wave.


Ashley approached the Hghlandes's wharf.-the excite
ment doubled handkerchiefs waved shouts rent the
air and every variety Of emotion escaped from the
crswd. In the last quarter Of the heat, the New York
Wave left the other boats considerably, and accsrdrgt
the report Of the judges they out in the following
order and time -


The New York wave % min. N SC.


Gull, ~ 90


The Newburpk Corsair, %


!"" highland Wave,


The other boat namely,


The Pougheeepsie loafsr ahead Of ALI


The West Point band poured out splendid Ti.
umphal harmony the heavens poured out equally splen-
did wind and rain; the assembled crowd the air",,Morning herald. [volume] (New York [N.Y.]) 1837-1840
1837-06-29,"The NewburRk Corsair, %


Highland Wave,


The other boat, namely.


The West Point basd now poured out splendid tri
umpha harmony the heavens poured out equally splen
did wind and rains the assembled crowd rent the air
with shouts aud the ladies and strangers looked ON
with pleasure and ccstacy


The race boats now slowly approached the shore
The Judges cosInees, and spectators retained TO the
Orange Hotel preparing for the delivery Of the three
prizes to the victors


About six o'clock, Captain Robinson, in the large room
Of the Orange Hotel called the Associations order


1.-THE coxswain ofthe Wave""


Here, sir""


Step up here""


The prizes were displayed. MIR. Monnel on the part
Of the Judges then delivered short speech, very beau
tfa and appropriate to the occasion lie referred to
the great antiquity Of aquatic sportsthe manly and
Of such exercisesspoke OF the ahet@ OF
Greece-the connection Of such amusemcnfs win pa
triotsm bravery and national glory He alluded most
feicitousy to the Of that days amasement-tne
splendid bay-the gloomy Caatskll-and west rolh''
covered with revolutionary memorials, almost WITHIN
hearing distance of the shouts Of triumph The several
standards were then delivered to the several vicors
the company adjourned toa splendid colation-and up",,Morning herald. [volume] (New York [N.Y.]) 1837-1840
1837-11-09,"Come like shadows, 50 depart""
IL was eventlde at the close of day


The sun had gone down in the west
gazed on the light, fast fading away,
Till fancy my mind poss sssed.
Then vision Of days, long pass'd and gone,
Sketched the scene of a battle fought ana Won
heard the approaching conflicts din


Saw the banners waving on hlsn-
The wild shout of those who Victory win


And the groans olthem thai die- -,
Heard iresdou,'s walchword,"" native land
And sawa noble pariet Dahu
host appeared in martial array,


Their weapons cleaned bright IN the sun
But with night that host had melted away,


And the vullures' feast begun.
They were doomed 10 d-ah-nothing could save
The tyrants troops from blood stained grave.
Then followed han'fu ofmanly hearts
How frm how determined each eye;
They felt they must play no com mon parts
In The contest bye and by.
A wife, father, mother, or son,
Hung on the hopes OF every one.
Some glory in carnage miscaIrd fame;


Some follow wild war as ade
Some seek To at ain a de fihess name


phaatom-ihe shade OF shade
But mortal courage car ne'er Withstand
The men who Fl hit for their native land.
As oceans bilows by tempes' driven,


IHsdious war; slern works BEGAN
And as wild waves ny rocks ere rivn,


Il man by bis fellow man.
Why strive hey each others blood 70 spii!
EChO ICpurA-a ntePpAS VIZ
They rus, TO the on.aught-the stake Is life


But neither appear to give way;
The hireling soldier heeds no strife,


Yet his prowess bends today.
Fro emen may fall but will never yield
Ills victory death upon the field.
Death te the knife there il now no hope


The wolf and the tiger are tame
Com pared with man, When he bursts the yoke


Which baes hE in bonds remain.
Ills arm is nerved when he dares be Tree,
And deadiy's the struggle for liberty.
Goaded TO madness, they rush on tate


How many that hour would recall
But few survive tale 10 relate,


The stouiesi heart would appal
That crash oh, Gsd-that unearthly yen
Has sunk into groans-'tis their passing bell.
could SIC no more-thc scene grew dim,


As languidly raised my head;
Thought that the soldiers trade was sin,


AMI sighd far the quiet dead.
Twas the viii Of prde-a kings decree
But the chains were broken, and man IS Tree
Honor thou art netting but name


And gory's bood-s,ained wreath.
Though green the laurrls worn by ianle,


Examine them unde meath
They are crmsoned deeply in tho blood
Ofmurder, rapine, and deadly feud AFRO""","ntHE ia E nALD-NEW INAs

lProm our evening edition Of yesterday
A Day-dreana ofthe Past.


Come like shadows So depart !.",Morning herald. [volume] (New York [N.Y.]) 1837-1840
1837-08-17,"The uncertainties that hang around paper securities the
present frequent the
of their holders realise profit upon them One day, they
up and another day they down. General Jackson fright
ened the md dealers almost OF their the other
United bank stock fell Tuesday 1l5a Today
the close the first Board they spto 16 At the at
session. m greater reluctance sell shown and
locked up shade higher All this may be ascribed
safely the Of the knowing and the belief
geaeray abroad schism the ranks party
sbbing in Wall sike obbng the Bourse
sensitive plant that affected by the slightest breath of air
the slightest touch Of the hand The days however Of corner
ing operations fbus and bears gone by Now and
them distinguished operation, clean and handsome
coup dat Is played off upon condng genius but
world will have seek other of preying upon
the little fish, Stockholders like sharks in shoal
ter.


Specie evidently Stacking off, The broken tea pots und
old stockings nearly all empted Small still continue
but have every believe the
supply rapidly drying up drag along heavily in Wall
Today experienced slight depreciation the
rise in paper About $4,000 by the Oxford The
greater part of this expectation goes for the payment
English debt The Albany for Hawe took $4,000


The banks going their old pace, getting far
ther and farther resumption of specie payments and
veryfew approaching towards the goal Of honesty
tegriy. The Manhattan paying half eagles her
lar bills and oneouxh in coin upon all her dol
lars upwards No form notice, how ever, OF this partial
sumption has been given. Why. Is Mr.. White ashamed Of
letting the public know Of his good deeds The Manhattan



ration Of redeemng very curious The paying clerks with
the greatest sang roid and pleasure fingers Of Mr. Ben
TOMS pieces and thumbing IT, high in air the
small delight Of the admrng spectator II is caught by
of legerdemain and politely handed the bl-hoder
Far different the operation OF redeemns the larger
The holder is told grufiy that oneourth will be paid in
coin and the balance In what notes, The
other banks. WheR will the of resumption
when will the good and aunch banks earnest
tell the public they ready do These important
questions, and questions that shortly be answered


The Suffolk Bank in Boston has suits in abundance upon its
back The sovereign people be uped any longer They
Will have responsible banks all. Legalzed shin
pas,ers rather imposition upon public conf
dence II bad enough be deuged by The rags Of
houses theatres, exchange and lumber companies without
having contend with those OF incorporated institutions
repeat, public opinion in favor OF speedy resumption Of
specie payments


Propositions for collecting the revenue disbursing IT,
gulaing the Domestic Exchanges multiplying In every
direction One has been thrust upon u.s. recommending that
the collectors other Of the present officers govern
men be the repositories OF the public monie which
paid either In gold silver the specie paying
banks The receivers issue certificates Of depoe
under hundred dollars redeernsbe specie at the
agency where put But all, and similar propositions
regard As mere trash. The majority will have battle
floor Of Cong and will remain the minority TO decide
50, that after all the regulation Of the currency will upon
the opposition, II ,hings continue they are.",MONEY MARKET.,Morning herald. [volume] (New York [N.Y.]) 1837-1840
1837-08-04,"1 EIma ncinl R~ts IN Greenwich Street.
! Yesterday, at 10 o'clock, the rooms Of splendid
mansion, in Greenwich streoa were thrown open 10
receive company Several days previous, cards OF
invitation had been published in the newspapers, and
the house was crowded with ladies and gentlemen OF
the highest responsibility and fashion


Mr. Beecker oficiatea as master of ceremonies lie
vent round through all the rooms, showed the COM
pany every thing with the greatest poiteness, from
cellar TO garre-from the frontdoor to the back yard
Nothing could exceed his animation his peliteness to
the ladies' or the peculiar facnation of hrs manner
which made them all crowd around him. listen toevery
thing he said with the greatest interest, and follow
him wherever he went


Before the door was line of carriages-the hall
was crowded-so were the starcases, and the spen-
did parlors were perfect squeeze. twas so crowded
that the gentlemen were obliged to keep their hate on
Every body seemed very busy, looking about AT the
furnture all the crockery laid out on the tables,
people were pokng it over. Mr.. Blocker saw they
wanted the beautiful things, and being OF very ac-
commodating disposition, said that those who woad
give the most might take them. This seemed 10
please them all nightly, especially the lades-son1e
Of the puckcred up their mouths Ikea purse-sut
nobody cared for them.


The pressure don't affect the ladies-what do they
know about rcvulsions in rade-bank sus-
pensions-protested notes, falling stock, or foreign
failures So long their husbands pay their bills,
when they in, they don't trouble themselves
In the first place Mr. b. took them down into the kit
chen and showed them the pots, kettles, frying pans,
Dutch ovens, pewter plates swimmers wash tubs,
clothes horses, little chairs, &c, which were bought
by young couples, just commenced house Keeping
and old ladies with manageable daughters, who ex-
4 -.l.os Thnrp hn
into pretty back yard and sold them boxes and
barrels, brooms and rugs, damiohns and flower pots
Walk this way, ladies and gentlemen"" said Dir b.
and they went into the buffers pantry, and took
their choice of knives and forks candlestieks and
bottles.


Mr.. T. led the way to the front parlor. Here the
most beautiful ladies assembled. There were
blue eyes and black eyes, grey eyes, and hazel eyes,
and beautiful forms and faces and cheeks and lips,
but il was awful hot, and awfaly crowded. Lots OF
croekery superb dinner seits pier glasses, pier tables
golden candelabras, large mantel mirrors, were bid
up-up-up and knocked of to the lucky ones.
Some ladies were ANXIOUS to get them that they
bid over themselves.


The old school fashonables-the dons-siood one
side and looked on, and once in while gentleman
would lay his finger on his nose significantly and a
lady say chem""


The fashionables Of 1897 were bid-bid--bidding
and buy-buy-buying, and the auctioneer's tongue
was go-go-gong, and the clerks pen was scratch
scratch scratching.


| The new school fashionables have commenced the
race Of fashion and extravagance-clear the way fol
them! Who butthey have right bay what they don
want, and pay high prices just for opposition! Wha
matter? They want to be exclusive, and exclusive
ness in bidding high at fashionable auctions is easily
attained so long as their good narred husbands vii
paw their bills.


They bought out the front parlor, cut glass, china
mirrors pictures carpets silver at prices which made
old fellows eyes sparkle like visions of good times
and then adjourned TO the back psrlor, up stairs
through the bedrooms, clear up to the attic, Mr..
all the time saying gong-going, and the sweet la
dies all the time bid-bdding for beds and bedding.


Weknow an old lady who has house piled com
pe'ey full Of second hand furniture of every descrp


ton, rich and rare, chenp and common, cracke,
glasses, broken pots, kettles and jugs without han
dies dishes with holes in them and every thing else
bought at auction, much Of il for more than il wout
cost for new.


The sale was highly animated and beautfh-th
aucioncer delighted with his sales, and the purchaser
may be with their bargains. The ladies general.
were extremely pretty, and several Of them almos
caught our heart. What thing if il had been los
altogether.


On JACK BARNEs.-This spng of the old schoo
has benef, tonight at the Park. Since his repeat
ed journeys TO the SOUTH the old fellow looks young
or than ever. He must have been drinking the wa
tiers Of Matacombo. Every BODY who loves the Older",,Morning herald. [volume] (New York [N.Y.]) 1837-1840
1837-10-30,"New YonK PILors.-The report of the FTorian
having been run into by the James Avery pilot boat
is not true The James Arery had just plloted ship
outward, and in wearing round she was run into by
the Florian, by which she was very much damaged !;
and she now lies at Brown & Bells yard where she
can be seen with her hull shattered. We presume
the F7orian had Jersey loafcr on board. Our New
York pilots neither into ships nor run them
ashore the Jersey loafers do both, and we expect.
before winter over they will add to their nquites
by drowning two three hundred unoffending pas
senrers.",,Morning herald. [volume] (New York [N.Y.]) 1837-1840
1837-06-20,"NO. III Fulton street, three doors from Nassau


Manufactures and keeps constantly hand for SALE plain
and fancy Paper Boxes of description sze and STYLE
for the following lines of business:


AIRY Goods Silks, Laces, &c. B-Shoes. Clancy Ar
tces. D-Stocks, Collars Booms, Shirts. E-Curls F.
Buttons GJewel-y and Perumery in all their branches
H-Sampes for coffee rice wheat Nc matches K-Furs,
especially for mg Musical Instruments M-Drugs, apo
hecary and stationary. Na Cases, hat boxes and band
boxes for millinery articles.


Orders for quanttyor quality OF boxes
received and promptly executed with DESPATCH the lowest
prices 10 III article precribe in the neaest manner


Merchants setting be supplied Immediate
y with go-d and boxes for exactly fitting
shelves, aud being a real decoration OF the store.


Country merchants will find accommodation in regard
to obtaining boxe of description and shipping them all
parts Of America the shortest notice.


In the mean time he gives notice that he regularly imports
rom Germany hisnative country real Genuine Cologne Wa
Of which he has just received large quantity for whole
sale, superior article In the present 81.


Also splendid assortment Of German patterns for
samples and emboideries Of every description, for retailing
segarboxes pocket books and ladies' notice books decorated
with needle work sorch and handsome style they
seen before.


O. Peuscher returns his sincere thanks TO his
friends and customers for their former patronage and trusts by
uawearied pains TO merit continuance Of the same.


He also nbns his friends and the public that he has been
awarded diploma from the last American Fair held October
1885, at Nblos Garden, New York. for specimen Of paper
boxes they being considered the substantial and splendid
article the line offered the inspection Of the public


IN","Paper BOx Bazaar.
GEORGE pEUSCHER.",Morning herald. [volume] (New York [N.Y.]) 1837-1840
1837-06-20,"~ IN conformity law passed by the Legislature Of
this State, the 2lst day OF April last entitled can Act
guae the and duties OF Public Administrators
rogates relative the property and effects of foreigners
Notice hereby given that and after this date the pro-
pery and effects all subjects of His Majesty who die
their in this city ntesnte such property and effects
arriving this State placed under the this office and
under that of the public administrator heretofore. The
undersigned in thereof that notices here
toore the public administrator be this Office
where information the and effects of subjects
his Majesty shall at all times be furnished without any
charge whatever.


The officer and others the quarantine respect.
fully requested make their communications this Office,
where all xpenses connected herewith will be paid


EQ,...","HIS BRITANNIA MAJEsTy's CONSULATE,


New York, 18th Nav, 1897.",Morning herald. [volume] (New York [N.Y.]) 1837-1840
1837-06-20,"ESTABLISHED EMiGRANT PACKET OFFICES.
and Ireland via Liverpool weekly communic los south T.
Beekman ST., and 81 South st. New York o'' ~


Residents IN the United States Canada wishing To seud
for their friends residing In Great Britain Ireland can
be accommodated very terms per weekly


The proprieors having made additional far
the despatch OF vessels beg their nunerous
friends and the public that in selecting this line will avoid
the unnecessary ueenion and expense conpaaed
and rest assured that all the agents in the United
DOM as well Atlantic will use the best eAo
render despatch and comfort all passengers may
engaged here and their friends who embark company
them; and passengers come
their will be reusded TO the persons from whom


Ships will he despatched from Liverpool Cor the different
ports folows:-or New York, weekly for Bosten Pha
depha and Baltimore three times each month; for New On
leans and Mobile twice each month""; for Quebec three times


Persons wishing passage Liverpool London, be
accommodated ny the regular line Of packets for Liverpool
weekly for London the ls 18th and Goth


These wishing to remit money to their friends, be
commodated with drafts for any amount payable throughout
Great Britain and Ireland Agents the different ports,
who will give evey assistance in forwarding The passengers
Liverpool.


For further information relative this establishment
| 10 address


Eessr Sherlock Arlington, No Waterloo Road ana No
| 3i Chapel ST. Liverpool,
Messrs. John Dickson Co, warins st., Belfast
MFR. NJ Sherlock, No. 8 Eden Quay, Dublin
VIM Donoghue, William St, Londonderry.
| James Belew, Drogheda.
Patrick McMulen, Castle ST., Newry.
J. Callaghan, Lawrence Town, Balhnasloe,
Edward Sherlock, Castlepellard
Thos. Higgins, Ballymahen
Jas Dugan, Articlif, Colerane.
Michael McGinty, Drumish county Lonyford-
John Brady, Baly; jas Duff, county Cavan-
VIM. Scraggs, Cork.


Jas. Cochran, Sligo.


Daniel Hughes, Waterford.


Hugh Shields, Clones, county Monaghan
Mr. Anderson No. Is Turner'S Court Glasgow
David Foster Amman.
d. McDougald Inverness.
kobt Mcneil, Newtown Stewart.
HERDMAN L KEENAN,
my5oim log and 81 g.","HERDMAN q n EENAN'S
Ill Ill III Ill",Morning herald. [volume] (New York [N.Y.]) 1837-1840
1837-06-20,"NEWTON have removed their school from the city the
pleasant and hourshng village Of West Farms, wechester
county.


They selected this location only consequence
prsverbal health, hut OF is proximity the city, the dis
lance exceeding eleven miles The house large, airy,
and well adapted for such an institution.


They prepared receive young Ladies boarders
scholars and they their friends and the public,
that nothing shall wanting their part afford every ""a.
cy OF and Improvement TO their pupils and
qualify them by liberal and accompshea education for the
respectable walks ~ life.


Tuitos comprises complete English course, superadded
which taught the French Italian and Spanish lang
Music. Drawing, and Dancing, II required


Highly respectable references win OF course given to pa
rents or guardians III application be made either personally
the village by directed to the posi- ONCE West Farms


mylo-Am",,Morning herald. [volume] (New York [N.Y.]) 1837-1840
1837-12-06,"Compound Extract Of Copabs and the most in
iahbe remedy ever discovered for all sexual diseases TIE


gn esmaon and enormous sale this medicine has obtained
TOT the last four years certain ipens
lily; has acquired the almost w part Il
Europe has been examined approved sanctioned ~
The fasuy OF medicine, and recommended by emf
nen OF the profession


One recommendation this enjoys others


Its neat portable ferm put IN pots the mode In which
may be taken being both and pleasant It's tasfele
tue, with restrict diet confinement from daily bus
ness Travellers especially would find this medicine highly
useful and ush be pnprovided with preparstLnS
possessing the advantages which the present comhnes
Accompanying The meccne pamphlet explanatory the
different OF the disease, without charge
tanning full and ample directions contains no msrcsry
Price ~. 50 per pot


Prepared by y Them, Chemist London and for sale Nv
Dckie, 4l3 Broadway; wH Smopson, 81 Fuon 81 cornev
Gold; VIM. Van Emberg 3ll Pearl cor Peck slim souisrd
""a -","TrssM, s GNEA AIl pIsGioykHY OF THE",Morning herald. [volume] (New York [N.Y.]) 1837-1840
1837-07-08,"We rar,ed-loye in either breast


swore for ever "" remember thee -
Absence could moi eiace matches charm


OF thine Impressed upon my memory
But sorrow, sickness and calamity


Have made most strange when sun most True,
As sombre clouds shut out heavens purity


But though they hide, change nst It's azure nue.
Which shines the same, when from lis tace 'hey roll
And such has been 10 my sometimes saddend SOUL
Eve had the feeling OF what us to die,


When | have iancied thou vert lost for cver
And my ambition which empercd the sky
but for thy sake, v Tho made my spirits fsver)-
Became extinct, when ruthless fate did sever


Me from thy eyes Promethian, which ignited
Ambitions TORCH and Lo1e's but tia, can never
Pass from the breast which lis lame hath lighted
For sad despair, which is Ambitions death,
Enkndles love fierce, with its empoison'd breath.
~, Love, thou art a subtle mystery


The heart that owns thee oil itself doth sling
That that il dearly dotes on may not be,


Dark with the grief Of is ,orrowing.
This was my faut-my fond soul could not bring
Its sorrow to thy ssu.--IIad 1t ownedjoy
IL would have sent il thee on thoughts swirl wingi
1t gave thee all its orc-n.t It's alloy
thought itbetter thou shoutisi think me dead
Than thy joyous heart my sorrow should be she'd
And now reap the fruit of my regard,


We've met-would | had died indeed ere this
Goodness is he'll to breasts like mine endeared
Unto which hate Itself were thrilling bliss,
Ills torture keener han a scorpion. kiss


.! Therisine, swear, by each fond token
ofesrly love, that look hath more distress


In my true breast than lates worst evils wroken--
To think this heart which bore much for thee
To thy soul pang, much msudged should be-","

For the Herald.


1Ilerisino.",Morning herald. [volume] (New York [N.Y.]) 1837-1840
1837-10-19,"SOUTHERN ExPREss-New Orleans dates are I'D
to the llth inst. The yellow fever had not entirely
ceased-but was rapidly declining-strangers were
still cautioned by some Of the prints Of that city,.
They had better stay away for the present. The
gale of the 7th did more damage than was at first
supposed. We obtain the following from the New
Orleans Advertiser.


Extract from the log book of the brig Margaret
arrived from New York-which reports ""that on the
I'd instant the island Of Cuba in sight was chased all
day by piratical schooner, apparently Spanish
vessel with a crew of 70 or so men-towards night
the schooner neared the brig and ordered come 10;
theorder not being obeyed the pivot long gun of the
pirate pointed and matches lii, to fire into the
Margaret in consequence OF such preparations the
brig hove TO. boat was lowered from the schooner
and several men, armed with musKes, pistols, cutlas-
scs, &C. put off to board the brig; heavy running
and the Mind blowing fresh when about midway be-
tween the schooner and the brig, the boat sunk.


The Margaret Immediately made sail and stood off
before the wind After some delay the pirate again
gave chase. The NJ. after running some time saw
brig the wind, and lost sight of the pirate for the
night Next morning the schooner at anchor
off the Torugas bank-she third time made chase
for the Margaret until night when the M. put out her
lights hauled close the wind four hours and then
stood on her course. In the morning netting Of
the pirate.",,Morning herald. [volume] (New York [N.Y.]) 1837-1840
1837-09-13,"- THE LADIES.-Some patterns of these splendid
fascinating articles have been received they such
much used and admired by the ashonabes of London
and Paris and far urpas all others of their kind in ele
gance and beauty that they merit the attention of all persons
TASTE especially who study unite the ornamental
with the useful they mpa an agreeable and fashionable


finish drawing and equally suitable for par!ors
sitting rooms, and bed rooms.


Those UNIQUE from the pencil Of eminent
tst wfbe very desirable pleasing and cheap sub
sutes costly paintings They to be had oft subscr


rbe prices not greatly exceeding those OF ordinary win
dow blinds. f. DOYLE, Beeknan St, Clinton Hail.


These Blinds beautiful creations, and srorh looking
They species of aunsin9red pcur-peures ef birds
ofees, and Of paradise ITSELF illuminated By the light Of day.
The Of tie morning coming through these Blinds become
no Soft sweet and enchanting, tie light thai ang
its beams the garde Of Eden the Of
- New nrk nansr. sq-dlOl",nIAPHANOUs wINDoW BLINDS,Morning herald. [volume] (New York [N.Y.]) 1837-1840
1837-09-13,"""JOSeph GillOtt's Celebrated Patent Elem.


gated Metallic Pen.o
Joseph elliott begs 10 inform The pubic, that he
constantly receiving from his mandatory Brning
ham, regular supply OF his approved Metallic PENS
The stock on hand offers the in the United
States and OF warranted good qrahyanongs which be
found his


patent Magnrm Bonum Commercial PEN
""Orignal Patent Slip PeH,n


Original Patent Ladies' PEN


Donble Damascus Barrel ""Lunars,"" Peruvian"" New
York Fountain"" and Damascus P.n put MP in variety
syesvz cards OF dozen EACH with rosewood and al
bata hodes in boxes OF dozen EACH with holders in
rocco cases, shell boxes and morocco cards.


""Albaa Everpont and Pen and Everpoint Pencils""


CAUTION TO THE PUBLIC.
From the well mered and universal celeby OF TIVE above
Pens aested by the whole mercantile community In Europe
and the United Sates several pcpd Gahes have endea-
vored impose the public by spurious imitation Pur-
porting be the original Joseph 9es Paten"" bat which
utterly worthless and entirely dctute OF those qualities
requisite TO fine writing which have established such S unpa
rallied demand Tor the original pen, every country wsere
Is knewn!


The public are hereby cautioned to be I'll n guard
against these countero they be reaay ,tt cied BY
their unfinished appearance by tie Inferior style IN which
they sent into the markell their attempt impose upon
the unwary.


Each gross ote genuine pen enyeopea neatly print
ed wrapper descriptive Of the artclet contains.
Further guard against the fraud the public will please to
observe that the genuine bear he following
always reading from the point Of the peni


Joseph Joseph Joseph


Giosts csiotrs elliott


Patent Warranted. Maker
The above be lad his Warehouse No 109 Beekman
aerei door below Fearl. New York. jyll-5mS",,Morning herald. [volume] (New York [N.Y.]) 1837-1840
1837-09-28,"An amount of this magnitude thrown the foreign exchange
market would reduce exchange parS 23o
lii highly probable the prospect Of
VIII materially diminish the price of bills by packet
such should be the thect will be curious phenomenon
in the history OF the foreign trade and local currency.
The fall which has already taken place in exchange ind
Gates the entire independence which the banks
changes bear each Other the period supensor
il was generally predicted exchange would fan
Till the crops could be brought arke The crops
deed have been highly prosperous but yet little
marienot sufficient AFFECT the exchangeabe OF
aay description sfsccurtes merchandise Yet exchanges
are falling and may continue fall.


The movements in the recossfucion OF foreign and do
trade occupy the attention OF all leading Snancie
In order understand this great branch OF csnmerce viii
be necessary take glance the operations OF past years
The following the imports and exports for the
periods named",,Morning herald. [volume] (New York [N.Y.]) 1837-1840
1837-07-24,"""JOseph Gillott's Celebrated Patent Elon-


gated Metallic Pen.o
JOSEPH elliott begs 10 inform the public, that he
constantly receiving from his mandatory in Bimng
ham, regular supply oil his approved Metallic Pens
The stock hand Offers the best In the United
States and OF warranted good quaamongst which may be
found his


patent Msgnum Bonum Commercial Pen,""
""Orignal Patent Slip PeR,""


""Original Patent Ladies' Pen,""


Double Damascus Barrel"" Lunars"" Peruvian"" New
York Fountain and Damascus Pens put up variety
syles-vi cards OF dozen EACH and al
rocco cases. shell boxes and morocco cards.


I"" Albaa Everpoint, and Pen and Everp0int Pencilsn


CAUTION TO THE PUBLIC.
the well merted and universal celebrity of the above
by the whole mercantile community Europe
United States several unPrncpd makers have endea
impose upsn the public by spurious imitation pur
porting original Joseph Giotts Patent"" but which
utterly worthless and entirely destitute OF those qualities
requisite fine writing which have established such an unpa-
rallied demand for the original pen in every country where
is known!


The public are hereby cautioned be upon their guard
against these couneries they may be readily detected ny
they into the market in their attempt to impose upon
the unwary.


the genuine is enveoped in neatly print
ed wrapper descriptive of the article II contains.
Further guard against the fraud the public viii please 10
the bear following marks,
alw avs reading from the point Of the pen;


Joseph Joseph Joseph


Gilotrs Gilolts elliott


Patent. Warranted. Maker.
The be had his Warehouse, No. l09 Beekman
s,rbet. one door below Pearl, New York. jyll-Sm",,Morning herald. [volume] (New York [N.Y.]) 1837-1840
1837-06-17,"III CARD.-To the Ladies of New York-A new thing
expressly manufactured for the ladies GREGOIYs whole
sale and retail Confectionery So No. 13 William street. ~
York. and sold, wholesale RETAIL by other in
the city. VANILLA Cream Candy, rich, and de-


cous article hereby submitted the Judgment and
of the New York citizens and the public general
and specially the ladies' who said TO be the best judges
the sweets olfe and sweet without hitter the Vanilla
Cream Candy stands pre-eminent


N B. On band, and constantly manufacturing general
Of Candies for the South and Western markets.
the lowest wholesale price, and warranted keep eli
No charge for boxes, packing, csrageto any part
of the city, my9 lm-y",CONF ECTIONAitY .,Morning herald. [volume] (New York [N.Y.]) 1837-1840
1837-06-17,"III IN conformity with law passed by the Legislature az
this State the 2s day OLA pr last entled, l Act
gute the ard duties Of Public Administrators and
relative the property and effects of Foreigners""
kotice hereby given that and after this dIe the pro-
and efectsoai subject; Of His Majesty who die
ther way orGn this city, eate such property and effects
arriving this State placed under this office
under that of the public administrator asheretofore. The
undersigned consequence thereof here
the public administrator he this office


where nformaonas the estate and eecsof any subjects or
hi Majesty shall all times be furnished without any fee
Oh arge whatever.


The ah orer and hers the quarantine respects
fsly requested make their communications this Office
where all expenses connected Herewith will be pad


,nyI5 3avtf","HIS BRITANNIA MAJEsTY's CONSULATE


New York IIfh Nav IQsy1",Morning herald. [volume] (New York [N.Y.]) 1837-1840
1837-08-01,"""Joseph Giliott's Celebrated Patent EIon-


gated Metallic Pen.o
Joseph elliott begs to inform the public, that he
ham, regular supply Of his approved Metallic
The stock on hand ohsrs the best i'm United
States and OF warranted good quayomongst which may
found his
""Patent Magnum Bonum Commercial Pen,""
I"" Original Patent Slip Pea""


""Orignal Patent Ladies' Pea,""


Double Damascus Barrel"" LunaYs"" Peruvian "" New
York Fountain and Damascus Pens, in . variety
stylesviz: cards of dozen each
bata holders in boxes OF dozen EACH with holders
cases, shell boxes and morocco cards.


CAUTION To THE PUBLIC.
From the well mercd and uniyersal ceeb,y Of the
Pens aieed by the whole mercantile community Europe
and the ned States several unycpd makers have endea-
vored to impose the public, by spurious imitation pur
porting 10 he the original Joseph Gotts PATENT but which
utterly worthless and entirely destitute those qualities
requisite Ia fine writing, which established
rallied demand for the original pen every country where
Is knewn!!


The public hereby cautioned be upon their guard
against these countess they be readily detected by
their unfinished appearance and by the inferior which
they sent into the market their attempt impose upon
the unwary.


Each gross ofhe genuine zen enveIopea u neatly print
ed wrapper, descriptive OF the article II contains
Further Ia guard against the fraud the public will please
always reading from the point of the pen


Joseph Joseph Joseph


Gliotts Gillotfs elliott


Patent. Warranted Maker.
The above be had at his Warehouse, No. Beekman
strhet, door below Pearl, New York. jyll-m",,Morning herald. [volume] (New York [N.Y.]) 1837-1840
1837-08-01,"- DORIC AND MINERVA FIRE PLACES.-Also a
large assortment OF Crates and Fire Sets suitable for parlo
wholesale and retail a,her warehouse No 81 Exchange
Pace


Benn Crates THESE snperb castings eaualing finish the
hnes ueal ornamened with rich aud chsse designs
cued IN bias relief They coored by prscess, not
acted upon By heat rust and requiring only keep
heH clean.


The eecng Crate recently untes beauty and
being constructed with brilliant metallic
IL escapes through the f'ue


Minerva Fire Places-Ths well established article
Is known the public superior any thing in
for burning coal combses all the advantages Of both the
usual modes of communicating heat by radiation, In the
and fire place, and ny close
dfuses warmth throughout the by NJ
permitted In with heated iron plates
which well have the effect Of destroying the
Of the atmosphere rendering II often oppressive and al
ways injurious 20 the health II portable, convenience
dapted paror the warehoue and the counting
uniting the comfort Of open FIRE viii perfect safety and


ni-T BAXTERk BROTHER. 81 Exchange Place.
Miss CLARK, I3I WOOSTER STREET, inform,
lvI her friends and pupils that she hss received by the late
Zephyr worsted FOR flowers and embodery and superb
Berlin and Nrnna together with full
Chenles, Embroidery Shs, AMI white weod articles for
transfer. Also, few splendid Satin and silk embroidered
Aprons o the latest nsbsn carens embroidered and
brio rocks and variety of paint bcyes with Msrs
best eolors and every material used Nv drawing AID fancy
work.


Lessons usual given her rederce Tuesday Thurs


day, snd Saturday In Drawing, worsted work. and Emboi-
derry. Jylslm'
NEW YORK LIFE INSURANCE. AND
~ TRUST CONTRADICTIONS may eject insurnnces
wh this Company their lives the lives ~ others,
and either whale duration Of e for limited peri
The payments Of prenium my se either made annually,","DEULIN AND Replacing G.ATES-
- DORIC AND MINERVA FIRE PLACES.-Also a",Morning herald. [volume] (New York [N.Y.]) 1837-1840
1837-08-01,"HATSe greatest choice of the finest and best goods far
the best apes-wh the lowest pricesraay be found
BENEFITS straw Warehouse, sh@w 297 Broad
way New York. new shape, known BY the of the
Paris Hat This most elegant shape, sets snug and easy
and so well pleases the most fashionable and Ladies'
the most bought Hats elsewhere daily brought
this establishment to be altered this beautiful Ha-as
has The shape the above House call and
indge for yourselves lie has still large stock hand and
variety % sun III classes with uncommon reduced prices


II N Boar III md the numher 2l7 Rroadw iYlH- Inn","R& ADVISED, ALL WHO AkE. ABOUT
I'D to purchase TUSCANS LEGHORNS, or SrRAW",Morning herald. [volume] (New York [N.Y.]) 1837-1840
1837-05-26,"Manufactures and keeps constantly hand, Tor sae plain
Paper Boxes Of description, size, and STYLE
orthe following lines of business;


AIRY Goods silks, Laces, &c. B-Shoes. Clancy Ar
ces, D-Stocks, Collars, Bosoms Shirts. E-Curls. F
Buttons GJcwelry and Perumery in all their branches
-Sampes for coffee RICE wheat Ac J-Matches k-Fur>,
especially for muf Musical Instruments M-Drugs apo
thecary stationary Mat Cases hat boxes, and band
boxes, for millinery articles


Orders purpose quantity, quality of paper boxes
received and promptly executed with DESPATCH at the lowest
prices 10 III any article in the neaest
setting up be supplied immediate
"" with boxe. for store use exactly hg the
shelves, aud being a real decoration Of the store.


Country merchants will find every accommodation In regard
obtaining boxes description and shipping them TO all
parts OF America NJ the shortest notice.


he gives notice that he regularly imports
Germany his native country, real Genuine Cologne Wa
which he has just received large quantity TOR whole
sale, superior article in the present market.


Also. Il splendid assortment of German patterns for
samples enhroiderie OF description Tor retailing
segar boxes pocket books and ladies' notice books decorated
with needle work in rich and handsome sly they
seen before.


g. Peuscher returns his sincere thanks 10 his


n and customers their former and trusts by
unwearied pains merit a continuance of the same.


his friends and the public that he has been
awarded diploma from the Last American FAIR held October
1896 Niios Garden New York. for specimen OF paper
boxes they being considered the most substantial and splendid
article the line offered to the inspection OF the public
mv2O I'm","


Paper Box Bazaar.
GEORGE PEUSCHER.",Morning herald. [volume] (New York [N.Y.]) 1837-1840
1837-08-30,"ROAIDING AN, DAY SCHOOL FUfS
- YOUNG LADIES, AT WEST FARMS.-The Misses
NEWTON have removed their school from the city the
pleasant and fourshng village of West Farms westcheer



They have selected this location only consequence
IL proyerbis health but Of il proximity the city, the dis
not exceeding eleven miles The house lar.e airy
aud well adapted for such institution


They prepared young Ladies boarders
day scholars they tser friends the public,
that nothing ha be wanting their part afford every ""a
cts OF instruction and Improvement their pupils, and
qualify them Liberal and accomplished education for the
rcspecta dle walks of life.


Tuition comprises complete English course, suy
which taught the French Italian and Spanish languages
Music, Drawisg, and Dancing If required.


Highly respectable references will of he given pa
rents OF guardians application be made either personally
the village or by letter directed the post Office West Farms","ByySUNs fSbrEsiN.r weesr FsRHs 9CThs E M,.e.",Morning herald. [volume] (New York [N.Y.]) 1837-1840
1837-10-19,"Scraps from the Mountains.
Knowest thou where the bee sips


The sweets of its fowercup bride
Knowest thou where the rose dips


Its green brier in the tide :
Kno W est thou where the robin chaunts
Its wild notes from the tree,
And the cooling ring dove pants


Oh there I'd like to be.
Knowest thou where the moss twines
Refund the lapwing's nested cell
Knowesl thou where the lake shines
Down deep amid the dell Z
And the sunlight gitters through the shade,
And the blossom leaves are fair
With the silver dew-drops on them laid
Oh I'd like TO wander there.
Knowest thou where the cliff swclls
High over stream and bower
Knowest thou where the eagle dwells
In monarch pride and power
Knowest thou where the bending hill
Looks down with darkened brow
And the gosshawks whistle shrill
Oh I'd like to be there now.",,Morning herald. [volume] (New York [N.Y.]) 1837-1840
1837-08-29,"HAnsxrs N ms GLoRv.-Last night Mrs Hamblin
announced her benefit and tina, her Son. Master Will
liam Hambn, would play upon the occasion. After
the performance had commenced, and while Mrs.
Hamblin was on the stage, Thomas $. Hambln gor


into the back part Of the theatre and seized his son.
The boy cried out"" Oh, don't take me from my mo-
Their"" Mrs. Hambln hearing the voice Of her child,
rushed of the stage and seized him round the waist
A struggle ensucd-cthers assisted her. She got the
boy from Hamblin's grasp, and advancing with him
The stage to the foot lights, made the audience ac-
quainted with the circumstance and appealed to them
to protect her. They rushed en- mdsse on to the
stage, and Hamblin took to fight Immediately with
those who came with him.",,Morning herald. [volume] (New York [N.Y.]) 1837-1840
1837-08-18,"Who'll buy heart sweet Julia cries,


Julia, the blooming, and the fair;
Whose lsvely form, and coal black eyes,


Can banishgrief and sosthe despair.
Gene, bid! my heart is up for sale;


viii Doone bid pray, sirs consider;
It's sound, and kind, and fond, and hale,
And great bargain to the bidder.
III bid, says Rose-and viii pay,


thousand eagles promptly told
That Is no bid, sir, let me say,


True hearts cannot be bought with gold
III bid with marriage faith and plight
heart, says Sam, with love o'erdo wing
Aye, here's bid, that's something like,
And now my heart Is going, going. JUMPER",,Morning herald. [volume] (New York [N.Y.]) 1837-1840
1837-09-11,"JOSEPH G1LLOTT begs to inform the public, that he
"" constantly receiving from his mandatory in Brming-
ham, regular supply OF his approved Metallic Pens
ne ock on hand oners The best assortment In the United
found his
patent Magnum Bonum Commercial PEN,
""Original Patent Slip Penr


""0rigina Patent Ladies' Penv


Double Damascus BarrelD Lunarsn "" Peruvian New
York Fountain"" and Damascus Penss put up variety
ylevr cards dozen each with rosewood and al
BATH holders 10 boxes OF dozen EACH with holders
rocco eases, shell boxes and morocco cards


"" Albata Everpont, and Pen and Everpont PenclSr


CAUTION TO THE PUBLIC.
From the well meted and universal celebrity Of the above
rens by the whole mercantile community Europe
United States several have endea
vored 10 impose upon the public by spurious imitation
porting 70 be the original Joseph Gss Patent"" but which
are utterly worthless, and entirely destitute of those qualities
requisite TO hne writing which have established such unpa-
Is Mewnl,


The public hereby cautioned 10 b. rtl guard
against these countere; they be readily de. cted by
their unfinished appearance and by the inferior style which
they are sent into the market In their atemp, Impose
the unwary. -
Each oftbe genuine pen enveopea neatly print
ed wrapper, descriptive OF the article II contains
Further To guard against the fraud the public viii please
observe that the genuine bear efhc following marks
always reading from the point Of the penn


Joseph Joseph Joseph


Gillotts Gillotts elliott


Patent Warranted. Maker.
The above be had his Warehouse, No 1e9 Beekman
aeret one door below fearl. New York iyil-sm.",,Morning herald. [volume] (New York [N.Y.]) 1837-1840
1837-06-12,"Ia TO LET-For one or five years from the first OF
E.M July next the Disllery situated she river inn.
A-nediaiey below Grand street ferry VliarnslurgL
and the three lots occupied thereby with excellent wharf
and every convenience for business The location anira
bly, adapted for the storage business; web thar III the
distery as the grain &c direct from the into the
siorehouses -


Also to let and possession given Immediately the very large
building long used house and Ell suited
for extensive dairy.


These buildings have been occupied for years as dis


lery by Messr Coles Berry and the entire plot comprises
40 lots There Is probably spot which energetic man
could render profitable by bringing into active it, n
advantages being eligible for ship building and for
-ther purpose where position Immediately the river
and within ten minutes walk Of the OF the city
sirable.


The propeors disposed 70 into liberal arrange.
ment Apply To X. FAyERwEATHER


je85t ~ Liberty ST., New YORK",,Morning herald. [volume] (New York [N.Y.]) 1837-1840
1837-06-12,"III MRS. BRENNAN would be extremely grateful
who would give information respecting
ded husband John Brennan, alias Neal He left
aud the family way in November last and went TO New
leans with M Barton alias Smith, (cals herself midwifery
WHO'S reported be- very infamous character She absut
A OF rather below middle stature small handsome
nose and mouth dresses well and and wha good looking
with waddDg gate The about years dark
hair light gray looking eyes, meagre about mouth mid
die stature and awkward gashe calls him husband though
sometimes she assumes the Smith
They are said to have lately returned in ship Saratoga


Reade ST., New York, rear of SO.


- The benevolent editors OF New Orleans respectfully
y the Bulletin jel23ts",,Morning herald. [volume] (New York [N.Y.]) 1837-1840
1837-10-12,"MAS. MOyT, THE CELEBRATED FEMALE


w PHYSICIAN, Of Boston, would respectfully give notice
ced practice in this city, Der residence ""a
nearly opposite the National Theatre.


Having collected during her late Europe Herbs
Roots and essential Oils be obtained America she will
be enabled 10 diseases their anpea
The great which has attend. her of
ed The many delicate complaints incident the female
frame, render argument in favor OF the Female Physician
unnecessary.


Mott Piled yes herself relieve the following
diseases -khe umasn Tic Dolofeux (cured without
ofIance ConacoDs Parayzed Limos Palsy, Decline, Con-
SUMPTION Dropsy Humors, lscroiula Salt Rheum, Kings
Evil Cnnker kngworm &c &c tatarrh, Scsld Heads, AT
fectons Of the Eyes, spepsa Debility Spinal affections,
Nervous symptoms White sweings, Worms Asthma, JauA-
dice Liver Complaint Hemorrhods Piles, Female Weakness
es, NC. &c.


In conjunction with her medicines Mott will administer
Rvads and Others Too much cannot be said IN favour
these baths which the vapour from different herbs and
sena oils SUIT the diseases for which they are taken They
perfectly administer the debtacd mpar
ing such strength they only lnxung, but cure
in all chronic complaints and preventive against all conta
gious diseases One trial will the most scepcal OF
Their utility. For uxur, healthy, they calculated
TO promote free peIpraon cleanse soften and purify the
skin.


Mrs Mott having made the diseases Of children particular
branch OF her profess she will be enabled diseases
that have Laed the skill Of talented physician No
mercury mineral OF any kind used


Hours for seeing patients from 10 in the morning until IN
the evening Gentlemen communicate with Mrs. Mott,
only through wife or morter.


Ladies ard gentlemen be accommodated with baths at
any hour OF the day.


Family patent rights for the above baths can obtained
application.


~ Letters from the country post paid vii receive nmedi
ate attention. ol0-3m*",,Morning herald. [volume] (New York [N.Y.]) 1837-1840
1837-09-30,"We have alteration for the better make report
mornings butcher market The monopozers utter
emely at the espoons daily giving their dhono-
rablo transactions They damn the Herald and threaten
geance II persist in the pursuing. They
deny the accuracy of They admit
that the complaints loud and deep the dsaceful
ssae of markets. well oundei but they persist
srng that they blaze that the prices attic
too high at Bulls Head, and that they pay much the
corporation for their pry GEES
getting meeting, do the toresialing OF the cattle


spectators places the fact beyond all doubt that spe
collation. exists they have desire suppress As to the
Corporation, all that the butchers market people
have to for enjoying their present monopoly, the fay
sum OF S4o228 whie by the exorban prices which
they charge, they actually pocket Of the public the
enormous OF four millions Of dollars annually the
butchers imagine that citizens stupid
through their msy pre-x for attempting perpetuae their
nonepo1ng system That the existing market regu.
ations the ground work Of the evil is undeniabe.
that this in shape, afford plea the retailers of
charging frem 20 20 per paid
Cities where wholesale prices vary little from those
New York, is extremely absurd. II these influenced
by other considerations than their interest,""
serious in their complan against the corporation they ought
and have told them repeatedly, the
subject Eut They grumbing cattle dealers
the day and The ofhe heavy they pay for their
stalls, without III ssng step remedy these abuses All
ths caor and grumbng they for tie purpose
screening themselves from the odum whc Justly
them Of the present enormously high price pro-
visions They rest assured, however, that attempts
To gull the community long avail them and whether
they pleas determined lei them bully or
threaten they may ferret and expose imposition
whether it exists Ia Well street. among or coal specua
tors or in the corporation markets.


The wholesale price of Eeefast Monday
was us cents cwt, 81 apound. We present
without hs means OF tanning the retail price, But
net De supposed that III much thai ha charged
here Al Philadelphia good roasting ribs 10 cents
runp steakss pound In New York pay cents
for roasting ribs, and B for suron steaks Such the
rns enjoy consequence Of being Lanessed by
~ originating with, and rerpetua'ed by the ""aLers Of
our city"" Hopes that market VS. win be
~eciared unconstitutional by the Supreme Court State
where appeals have been entered by the
vino have been driven from markets That are
unconstitutional cannot for be doubted we are
apprehcave that appeal to the State Judiciary against
Corporation law which has State leg slave lis ia
will prove aborve We well fruiess It,
eempts Of citizens break down North River
Ssot inofpiosy another
cook the 6eld that could he Uni
ted states Court where the monopoly unanimously
ded unconstitutional by the highest tribunal in country
Sseh convinced would be the sul IL individual
New Jersey other ad dining State, bring
cer ihs city, and offer fsr any Irice
any part thought ill., without regard the market regula
Of Corporal Such right he possesses
sch right guaranteed by the Consui Of TIE country
and II doubted that he would find justice
which has been Instituted for the special protection
all citizens against the encroachnens Of local nfe
ricr jurisdictions We hope the result will be otherwise than
anticipate but we have our fears.",Provision Markets.,Morning herald. [volume] (New York [N.Y.]) 1837-1840
1837-11-25,"FRiDAY EVENING, Nov. ""a
We have had one arrival only from Eurepe-the LorsnS
from Havre She arrived last night with dates the 18th u
The commercial movements in France the inactive
order per last advices 1t long time since packet
from England annousced Our dates from Liverpool
later the lah u-and that Is the principal
England sdvices from would be very acceptable very
numerous commercial readers.


The grocery trade has been during the week. fair consider
ag the aienes Of the and the expectation Of the closing
Of the navigation which viii put stop purchasers from
interior.


Navigation has kept free longer than was at first anc.
pated the weather the whole OF the week has
Consequently produce has rather yielded than other
WISE


political celebration took place Wednesday which i'm.
peded the commercial transactions for three days. Il O. We'd
sesiay the celebration day. and the day before ser
Now for particulars Of the dry goods market This week
has been dull for all classes dry goods
The obbers who quite busy last week have been
y idle this Purchasers from the north and hurryng
out Of the city In expectation the canal csg One
small auction sas have taken place. Goods generay
at auction and at private sale have Domes
tics are held At rather better prices We noticed that
more domestic sheetings hrings cloths been Offer
ed atsucton h than usual which can only
be accounted for by tho fact that during the heavy failures
last spring regular agents Of eastern factories failed
which obliged h manufacturers send their goods Ia auc
onetrs and commission houses IIeetoe re regular
style OF domestic manufactured Foods only to b found
more distributed. which has occasoned cenpeton cons
qnenty reduced the prices.


For The pas, season when Ike merchants doubted",,Morning herald. [volume] (New York [N.Y.]) 1837-1840
1837-11-25,"Chamb, rlain's Commercial School
FRINGE and Mercer sts on plan essentially
radically different from the prevailing this
important art In recording upwards OF COO opera
on domestic and foreign, comprehsndng examples OF
TRANSACTION tba may be exported
ness, without the aid OF printed models
ny anticipation Tor every difficulty likely arise Counting
House Instruction communicated in
uonrules and definitions tendRg the subject and
perplex the learner studiously avoided The calculations
involved In the transactions be recorded performed
ready TO the hand OF the learner-be obliged them
himself and II his previous arh Setcal knowledge should
prove TOR this he will receive particular
adapted To the occasion


Invoices account sales accounts and the corespon
dence connect with the transactions composing
Will be practically exemplhed and Instruction will
be required from the student When number shall
have been sufficiently prepared, they will be examined
gentlemen ENGAGED IN commerce. who have XII y
10 attend examiners and who will
formy to the attachments OF the student which fail 10
command entire confidence.


Parents guardians and gentlemen DESTROYS OF selecting an
rstabh nj In which they need apprehcnd becoming
victims OF impudent quackery respectfully invited
spec and carefully system here pursued before
they decide ~
b Writing French English Grammar, and Architectural
Diawng receive particular attention. eodJtMWASs",H(lOl< . a =: EplNC,Morning herald. [volume] (New York [N.Y.]) 1837-1840
1837-10-24,"MARY HoW1TT.
God might have made the earth bring forth
Enough tor great and small,
: The Oak tree and the Cedar tree,
Without a flower at all.
He might have made enough, enough
For every want OF ours,
For luxury, medicines, and toll,
And yet have made no flowers.
The clouds might give abundant rain,
The nightly dews might fall,
And the herb that keepeth life in man.
Might yet have di unk them all.
Then wherefore, wherefore were they raadey.
And dyed with rainbow light
All fashioned with suprenlest grace,
Up-springing day and night!
Springing in valleys green and low,
And on the mountains high,
And in the silent wilderness,
Where no man passes by
Our outward life requires them not.
Then, wherefore had they birth
To minister delight TO man,
To beauty the earth
To comfort man-to whisper hope,
Whenever his faith is dim,
For whose cnreth for the flowers,
Will care much more for Him.",The Use of Flowers.,Morning herald. [volume] (New York [N.Y.]) 1837-1840
1837-05-27,"BALTIMORE FraEMss-'Tis great pity when coed
fellows get together by the ears; AMI certain sets OF
good fellows seem TO be predisoosed 10 quarrel. We
never knew singing choir in a country church. but
there were constant bickern gs, and title jcalousies-
and we never knew fire department where they did
not find something 10 make muss about.


In Baltimore, few days since there were several
nres evidently caused by incendiar = at which one or
TWO Engine Companies broke the public peace, and
one anothers heads, in the most disgrsceful manner
not only were clubs and bnekbats freely used but
pistols and bowie knives not scarce and several
persons were seriously injured",,Morning herald. [volume] (New York [N.Y.]) 1837-1840
1837-06-08,"""THe Sea The Sea-
The Mail the Mail! the Express Mail
The swift the sure, the never fail.
without bar, without gate
II runneth its route at desperate rate,
II leaps DER the stones, il flies DER the sands,
And carries the tidings Of various lands
Here comes the Mail the Express Mall!
And many a visage will soon grow pale
With the blues down street, and the blues ap town
And bacon and tlour must both come down
III bank should break, or merchant fail,
A clalter and of goes the Express Mail
We love- oh! how we love 10 pirate
On this fierce furious bursting state,
While all the each afternoon
Issuing 10 the self same dismal tune;
And tells how many must surely fall,
And how this pressure will break all
I'VE never the times so bad
And money is not to be had;""
And backwards 20 the protested bills,
As plenty aspufls about Brandre,hs pills,
And back they'll 60, till the we hail
Isbetter than comes by the Express Mail
Exchanged mp, and stocks are down.
And hints and rumors fill the town;
The merchants rave, and the editors scoli,
And bank directors clutch their gold;
And none ever heard such laundering shout
As follows whenever note is thrownout.
Welive indeed on storm and strife
And figs too much for bankerslife
He's no wealth 10 spend, and no time TO rauge,
While his wife and children cry for change,
And Bidde himself, though he may not quail,
Must tremble al every Express Mail. TRIFLE.","

",Morning herald. [volume] (New York [N.Y.]) 1837-1840
1837-06-08,"Considered object commanding uniegned admrs


on awakens natural octude for It's attainment and prcser
vaon and the toilet becomes. department both ofimporance
and utility especially where discernnen presdes IN the
selection Of those sppendages which experience has
For this purpose Lady Monagues Compound Chinese Soap
prefers attention. founded nearly century Of trial com
bnng elegance 81 preparation with the prominent requisites
safety efficacy II has obtained extensive patronage
rereer and sustaner o the complexion and preserving
impaired agreeable 6eribiy ones and transparent qua
lily of the skin


For sale by A. Bnderh 80 Beekman street. corner Of Will
liam; Dr. JAS Hart Bowery and Walker Price 80
cents per cake. my25-5m",APq IN s6 Ex,Morning herald. [volume] (New York [N.Y.]) 1837-1840
1837-07-27,"Some slight deprcdations committed upon the
wardrcbes of of the ladies' and occasionally there
was little confus on in the attempt to keep 50 many
wild spirits in order.


The sail dswn the river delghtful. The pail
crescent moon just rising in the east and glimmer-
ing the waves-the music of the band
echoed back by the rocky shores and all mrth and
pleasure.


The ladies had danced enough, aud insisted upon
having coton on the promenade deck. The band
didn't wish to play for them.


ave must have sett, said lovely girl 10 You
ask the leader, know he won't refuse you.


""Tl tell him that beautifulsdy requests tand am
he will comply"" said !, and / most happy to
say that he took his violin and complied immediate
~ with the most praiseworthy gallanry For several
miles, the joyous dance proceeded The boat was dash
ing along the oamng waters the music playing and the
deck trembling with the tread Of busy feet 1t just
light enough distinguish ones partner, and feel the
effect of bright glances from beautiful eyes Song sue
ceeded the dance, until the very reasonable hour of
two, the boat landed US the foot of Canal street",,Morning herald. [volume] (New York [N.Y.]) 1837-1840
1837-07-27,"M
gated Metallic PEN""
VOSEPH GILLOTTb egs to inform the public, that he
- constantly receiving from bis mandatory in Bnng-
ham, regular supply of his approved Metallic Pens
The stock hand offers i'm the JTnea
States and OF warranted good qualyamongst which may
found his ' =
""Paent Magnum Bonum Commercial PEN


Original Patent Slip Pea""


""Orginal Patent Ladies' PEN""


Double Damascus Barrel"" Lunars,n Peruvian New
York Fountain and Damascus Pens"" up a variety
yiesyz on cards Of dozen each, with al
baa holders IN boxes OF dozen each, with holders
cases. shell boxes and morocco cards


"" Albaa Everpoin and Pen and Everpoint Pencls.o


CAUTION TO THE PUBLIC.


From the well merted celebrity above
Pens attested by the whole
andthe United States makers have endea
voed impose upon the public by spurious imitation pur
porting TO be the original Joseph Gotrs PATENT which
are utterly worthless and entirely destitute Of qualities
requisite to fine writing which have established such unpa-
rallied demand for the original pen every country
is knewn!i -


The public hereby cautioned be upon their guard
against these countercs they he readily detected by
they sent into the market their attempt impose upon
the unwary


Each gross Of the genuine zen euveopea neatly print
ed wrapper, descriptive Of the article il contains.


Further to guard against the au the public will please
observe that the bear Of the following marks
always reading frons s aDst Of tic pen


Joseph Joseph Joseph


Clllotts Gillotts Gillou


Patent. Warranted. Maker
The above he had Warehouse No 1909 Beekman
srhe one door below Pearl, New York. jyIi-3m","n nSyWN g CO.'S ONE Prize

""JOseph GillOtts Celebrated Patent Elon-


gated Metallic Pen.o",Morning herald. [volume] (New York [N.Y.]) 1837-1840
1837-11-01,"TUESDAY, Oct 81.
Butcher Of all descriptions remains the In
last reper and lnere appears Of reduction pr
CO. until the butcher monopoly suppressed sad the lave
against forestsng enforced. An entire change In
poaon place before these desirable objects
obtained Poultry comes more freely, and has somewhat
moderated In price Mutton and lamb tewi sbpndass
In our country markets. where they may be Obtained cheaper
than at the butchers stalls In fish markets cod Is plenty
and reasonable but sreaked has has advanced double
What was last week. Other hsh continues the vegeia
bes were plener and with few exceptions
never dearer this than they at present


The weather having become cooler dressed hogs
abundant and sell from % 80 30 ow Al Philadelphia
on saturday last they ~ $50 snd Baltimore
Friday, $50 CTS the hundred poundsmatng difference
on average betwxt New YORK and Phad phia sio
-twxi New York and Baltimore Of ga acwt Inths
price Of beef similar difference exists bei~xt these places
and this city which usthes the have frcqutnty",,Morning herald. [volume] (New York [N.Y.]) 1837-1840
1837-09-15,"""Joseph GilIott's Celebrated Patent Elon.


gated Metallic Pen.o
Joseph G1LLOTT begs 10 inform the public, that he
Is constantly receiving from his mandatory In Bning
ham, regular supply OF his approved Metallic Pens
The stock hand offers the assortment United
States and OF warranted good quayamougst which may be
found his


""Patent Magnum Bonum Commercial Pes""
""Orginal Patent Slip Pea""


""Orginal Patent Ladies' Pen,


Double Damascus Barrel"" Lunars,"" Peruvian"" ""New
York Fountain and Damascus Pens up in variety
styesyz cards Of dozen EACH with and
bata holders IN boxes of EACH with holders;
rocco cases, shell boxes and morocco cards.


"" Albata Everpoinl, and Pen and Everpent Pencils""


CAUTION To THE PUBLIC.
From III"" well mered and universal celebrity Of the above
Pens attesed by the whole mercantile community Europe
and the United States makers have endea
voed to impose The public by spurious imitation pur
porting 10 be the original Joseph Gsts PATENT but which
utterly worthless, and entirely destitute Of those qualities
requisite 10 fne writing which have established such
rallied demand for the original pen, IN country where
Is knswnl!


The public hereby cautioned 20 b. ru gnard
against these oountensis; they be readily de cied by
they sent into the market In their attempt impose upon
the unwary.


Each gross ofthe genuine pen envelopea in neatly print
ed wrapper, descriptive Of the article II contains
Further guard against the fraud the public will please
observe that the pens bear The following marks
always reading from the point Of the pen,


Joseph Joseph Joseph


Cilous Gnlous elliott


Patent Warranted. Maker.
The above may he had his Warehouse No 100 Beekman
aeret orc door below Pearl New York. iyii-sra.","""Joseph Gillott's Celebrated Patent Elon


gated Metallic Pen.o
hepst IN infnrp he puhIiG hath",Morning herald. [volume] (New York [N.Y.]) 1837-1840
1837-09-15,"SYRUP all OF herbs. Its generally known in this


try that the herb medicines the best and safest be
Ths Indian Specific Syrup will Dyspepsy, Liver Com
plarts, Cholera Cramp Chocs Cholera Morbus, Shornes
of Breast Sraness the Breast Gddness OF the Head Loss
OF Appetite Pain in the Breast Gou Coughs, and Colds.


WORM SYRUP, of herbs for aged persons children-Re-
moving of long length from aged persons, and
may be taken with safety Families invited to call al his
office, No l55 Church ST.


UNIVERSAL SALVE, for the Of wounds and sores
of long standing, and has neverheen known to fail.


CORN SALVE-Cons cured in three applications, by ts
salye


EYE WATER, for weak eyes dimnes This wash is
perfectly safe for weak


TOOTH ACHE DROPS-Pains in the teeth cured in ten
minutes time The tooth does cay after using these
drops.


wash prepared for the Of letter Scuryy Kings Evil
and strains the Body Head Two hundred persons
ring the last year, handed publication
that have been cured these Diseases the above medicines
upon.


Cuppng and Leeching also DONE The proprietor
this his study three years lie will be found
155 Church New York. sl2-lm~",,Morning herald. [volume] (New York [N.Y.]) 1837-1840
1837-06-24,"Considered object commanding unie isned admra
ton, awskens socude for its attainme and pese
vaon and the toilet becomes department both ofmpoance
and utility more especially where dscemeni presdes In the
selection those appepagcs which experience hos sanctioned
For this purpose Lady Montagues Compound Chinese Soap
prefers attention. founded nearly century OF trial.
bnng elegance of preparation with the promne requisites
safety and efficacy II has obtained extensive patronage
reesher and staner OF the complexion and preserving
impaired agreeable nexby, sones and qua
lily Of the skin.


For sale by A. Enderi SO Beekman street OF Will
liam; Dr. Jas H. Hart, Bowery and walker Price 30
cents per","0yEtXS, AND APQ s1I ny ALL1 ,,iy Kx",Morning herald. [volume] (New York [N.Y.]) 1837-1840
1837-11-11,"FRIDAY, Nov. 10.


tits gratifying to observe very supplies Of
anthracite COAL recently arriving wharve has had
of preventing the monopozers from carrying INFO effect
their gna intention Of raising the price Sl2 the
LIST OF November. From the Pottsvle Miners Journal.
learn tha, dealers in Philadelphia
giving orders the miners in Of that city being
already Supplied and the dealers evncsg disposition


large stock accumulate their hands about the close
navg alton This had caused reduction the best Red Ash
Of while for White Ash there demand
Freghs also th- canal, had fallen from s60 slips per
tou appears likewise that the quantity OF coal shipped
market the Delaware and Hudson Coal Company up
2l October, amounted % $50 tons showing Of
1859 last years shipments the date In add
lion this the Legh Company had shipped the end Of
October and the Laakawana, 8c5 749 up
the dse-hus making together ll6s 81 since the
commencement Of the season.


FROM these facts il is evident cry raised last
spring by the coal merchants in this city, OF scarcity
article got up Tor tho unworthy purpose Of decevng the
public Of the market and thus justify them in
fixing price the they did The immense guam
titles arriving every day Of which there
all the papers, at about so per
charged the coal yards, demonstrates the unworthy
motives by which these foestalers actuated We
credit ourselves for haviag all along exposed the designs
these men, and be other ssc than graed
them defeated in their infamous purposes II CHI
zeps alive their interest,"" they viii refrain pur
chasing from the dealers, long coal be had
cheaper from the vessels in the river The following
from the Newark Daily Advertiser fully corroboraes
views have UNIFORMLY given on This subject


Coat TRsDE-The Morris Canal Is bringing down grpat
quantities OF coal During the lat week alene 100 boats be-
Longing the Little Schuylkl and Susquehanna road
Company, cleared from Eason the head Of the Cana
with tons-There hugh black the article
piled the of the Company this
for market One Of the estimated the quantity
Tke company have already brought down,
of this quantity proba.
bly, be Increased TO upward Of before the
There thus prospect in the Of shipping supplies
being exhausted Of another being opened where
the be obaned only miles from Ibis city that
being distance between Newark New York; and the
railway between both places, will render the erpence
por,aton comparatively nlng The railway, in pro.
gress from Elzabetbpori formerly Erabeihswn Poin d.
Potsve, which expected TO b. completed early
SPRING will also have tendency in future keep down the
price focal in this city, Notwithstanding all the attempts
SPECTATORS, foresaer and monopozers contrary,
The folio wing are the present prices


New YosS Nov. i0An hracte from the yards 50 so per
do from the sloop-, 8.12i


PHL Nov 81ed Ash brokea and ned $50
per chaldrop. Egg Coal 7.


BosroS, Nov. T-cannsl sii75; nrrri q per cLadron.",Coal Market.,Morning herald. [volume] (New York [N.Y.]) 1837-1840
1837-06-09,"DNHTS CARBOHYDRATES received, n


splendid assortment OF capes collars pelernes, hemzett
Ac. the newest style and fashionable patterns imported
lhis spring.


Also great variety OF linen cambria handkerchefs and
cuffs extensive stock Of infant embrodores Of de-
scrpon, rocks, robes, ockwa linen cambria caps and
trimmings, sc.


Also chldrens embroidered satin Jane dresses;
raj Scotch and English and collars &c. large
selection English and French thread lace black blond pee
rines; pleadd stock Of black and white lace shaw BLACK
and white lace wells, very rich, &c. &c.


Ladies and gentlemen who wish purchase any OF the above
would find their interest cali and examine the stock which
they will find carefully selected from the best markets
The subscriber from the extensive patronage he has recev
cd and still continues feels hesitation in saying the goods
the cheapest in this city. Wholesale and retail


THOMAS COCHRAN, g. Cattarines st,
a22 and 1871 Bowery three doors above Spring Il,",DARIS MBROIDERIEs.-,Morning herald. [volume] (New York [N.Y.]) 1837-1840
1837-07-31,".JOseph GilIOtt's Celebrated Patent ElOn.


gated Metallic PEN.
Joseph GILLOT'T begs 10 inform the public, that he
constantly receiving from his mandatory, in Binnng
ham, regular supply OF his approved Metallic PENS
The stock hand offers the best assortment in the United
States and OF warranted good quaiyamongst which be
found his


""Patent Magnum Bonum Commercial Pcn,v
"" Original Patent Slip Pen""


""Origina Patent Ladies' Pen,-


Double Damascus Barrel Lunars,"" Peruvian New
sylesv cards of dozen each, and
baa holders in boxes OF dozen each, with holders
roccocases, shell boxes and morocco carols


Albata Everpon, and Pen and Eyerpoint Pencils""


CAUTION TO THE PUBLIC
From the well merted and universal celebrity Of the above
Pens atested by the whole mercantile community Europe
the United States several makers have endea
vored 10 impose the public by spurious imitation pur
porting be the original Joseph Gotrs PATENT but which
utterly worthless and entirely destitute Of those qualities
requisite fine writing which have established such
rallied demand Tor The original IN every country where
is knawn!!


The puslic hereby cautioned be upon their guard
against these countes; they be readily detected by
their unfinished appearance and by the inferior style which
they into the market their attempt impose upon
the


Each gross genuine rem envelopea in neatly print
ed wrapper, descriptive of the article IL contains
Further guard the fraud public viii please
observe that the bear OF the following marks
always reading from the point OF the pen


Joseph Joseph Joseph


tiillotts tsillotts Csnau


Warranted. Maker.
The above be had his Warehouse, No. ie9 Beekman
strhet, door below Pearl, New York. jyll-3m",,Morning herald. [volume] (New York [N.Y.]) 1837-1840
1837-11-01,"A., hsTUK HvOsENtW iurk, f.Ia1y = W U., ~.
evenn, for Providence House Tiny resdence) t9 Broad
way, Of Canal induced inform all who
afflicted with Blindness other diseases the
eyeds, that Monday, and every succeeding week day.
will gladly give opinion all ladies and gentlemen, with
Fee from O'Clock, and at services also
10 such Of the poor without any fee bring certificates from
clergyman.


The editors Of all city daily and weekly papers
pectuly requested copy this letter three times In each
nal with the local small print send the newspapers
witt suck nst ons and the Providence House.
In Broadway. have the honor 10 be.


JOHN WILLIAMS the English Ocust
N. Bile win have objection wait and give his
opinion any aged nfrm ladies gentlemen any part
OF the city, by giving him ""a hours notice, and sending him -
with their address


The upper part OF Providence House et-applyto Dir.
Williams. young couple who work at home and can
be recommended by clergyman, hsvc the oil good
Kitchen rent free. A tail ~ would he preferred.


The city ""a pers will pleasecopy the above o3l.2ts",,Morning herald. [volume] (New York [N.Y.]) 1837-1840
1837-12-06,"WALL srREEr, TUESDAY, Dee. SEP. NJ


THIS market dull, inactive and heavy, caused by the diff


rence bew cen buyer and selerwhch about ic. Advces
om Europe tendency OF the staple there
and the decline that submitted 10 In nearly ell the
Southern nar has Impressed buyers here with the idea that
holders must accept lower prices.


The New Oresns sna these OF Vcksburg Jackson
md Nstche, Miss wranglnr the Mississippi cotton
eropsthe Orleans merchants Brsnden bank
with the bank, who bought largely OF
advance money the planters u the deuen Of the
Orleans merchants No did they feel rs effects than
The Orleans newspapers with csumny heaped upon
calnn Nv. The Misssppsn % the charges
ne bsnk interre gRum busy engaged carr, ing
q her part of business The New Orleans bulletin
nj last hit severe the Bank which refued by
Jackson issis,ippan with schedule OF the donvs OF
Bank. We give H. The New Orleans paper stated that the
Sank paid Isle which weud be ruinous bust
aes. The Missppan states the price paid 10 have been
euIy . I2c-the latter price for only choice lots We
must be- brief The Bask has thus far purchased 81 900
baIe, and only advanced 81 eo13s9sa bales
bound ths bank by executions. she having advanced
money relieve them from sacrifice Of pro
yerty that would necessarily have occurred. Upwards ef
1900 bales the bank by OF
asd sndshe however, made some positive purchase
About already bees shppndto New York and
Liverpool or the express purpose, Is stated in the M


yio~ rsdsemi-s The bank iptends closing her
cotton busnss, srt-r hwng purchased 70 900 bales.


There fair demand Tor cotton In Boon for the week",Cation Trade.,Morning herald. [volume] (New York [N.Y.]) 1837-1840
1837-09-28,"Copy Of letter received through the post Office
Mr. j. Levison, 133 Division New York Dear Si-At
the request OF afrena who has lately been liberated from
fangs Of affection 10y The aid e your inestimabe urte
Drop address lie tenders you his sincere thanks
gratitude for the blessing he has received hand having
been radically cured by magic, using only
phal Of dangerous disease which he had rasby
himself in unguarded hour but wing received
anda lesson he indeed truly grateful the one
and hopes receive saluary benefit or the other my
self who witnessed its effects testify It's merits and
Christian phanhropit most sincerely wish that the public
may Ne made acquainted with its utility.


q! porr thy balm upon wounded world,
And let the banner of disease be furled;


LIES embers re-nlume-whhe vet sparks alive,
And bid the kindling glow OF health revive
Extend thy sm--the SUI rers pangs appcsse,
while groaning meath the demon of Disease
And grateful hearts shall all Thy repay,
when stcrn afiiction's chains are burst away.
Defenceless youth If PASSIONS 6rp control
Has placed thee where dark OF argush ron,
Where sorrow resigns, and storms Of suffering fall
Where mercy's ear neer heeds the piteous call
Then hee 10 him who kisdly holds for thee
Those precious Drops that SCOT nc and the cree.
And when thy Just Affections al DER,
Go, rescued ""cbd Of wrath and more""


Yours respectfully, ZAP
Sold nj No Division st. Price ri bottle This letter
be the Office sl5-1ms",,Morning herald. [volume] (New York [N.Y.]) 1837-1840
1837-06-22,"- YOUNG LADIES, AT WEST FARMs.-rhe Misses
NEWTON have removed their school the city the
pleasant and houhng village Of West Fars. wechester
county.


They have selected this location only in consequence
IT, prsverbial health hut ~ proximity the city the dis
lance not exceeding eleven miles The house large, airy,
and well adapted for such institution.


They prcparedto receive Ladies boardcrs
day scholars and they their friends and the public.


that nothing shall We wanting their part 10 afford every ia
civ Of instruction and improvement their pupils and
quality them by liberal and accomplished education for the
respectable walks ct life.


Tuition comprises complete English course, supcradded
which taught the French, Italian and Spanish lang
Music. Drawing, and Dancns "" required.


Highly respectable references will Of ~. given
rents guardians vi application be made either personally


nxIp DIM.","ySINg Sso,h mp 2r P pAIr sSnSot En,",Morning herald. [volume] (New York [N.Y.]) 1837-1840
1837-08-19,"THE DEVIL disconsolaie on his throne,
And hr thought Of the days when the world was his
When mcn had cas-, off all their yirtnous fears
Asd prayers, psalm-singing, neer ronbed his ears
And he sighd chow can mong'si such virtuous men,
Those bright DAYS of wickedness bring back again;
Guilt has fled and with IL has gone misery's stlng,
Anddisease scarce a soul tony Kingdom doth bring""
But bright thought struck him. order he gave
To bnid ginpaace right grave;
Where splenlur allured strong poons and deep,
they drank nj the BARN the grave went to sleep.
Bat the angel who watches the wreiches of earth
Dxcoyct'a the project ere scarce u had birth
And q cure the foul poison antidote gave
By setting the Tea Plant just close by the grave.
And ns,ructins mankind in the way tn procure
LIS health. giving essence unsulied and pure
liz reioced; as he thu dark bathed hend fly,
And eyultrg reurnd 10 his home IL the shy.


And nov this Elixir of Life, its contest,


The strongesthe purcshe freshesthe cheapest and best
4 found a the New \ orb Tea Company's store,
Greenwich street, at two hundred and seventy.four.


AMI lmpad",,Morning herald. [volume] (New York [N.Y.]) 1837-1840
1837-11-21,"Mas. MOTT, THE CELEBRATED rIAiALE
WI PHYSICIAN OF Boston, would respectfully give notice
Ladies OF New York vicinity that she his
ced practice In this city, her residence No ~ Leonard street.
nearly opposite the National Theatre.


Having collected during late tour in Europe, Herbs
Roots and essential Oils not Ia be Obtained in Area She will
be enabled 10 meet diseases in their formidable appear
The great which has attend her
diseases in this county, Of what be
ed The delicate complaints incident the female
frame render argumen, 10 favor OF the Female Physician
cessary.


Mrs Mott pledges herself relieve the following
diseases ;Rheumam, Tic Doorevx toured without the
olance ContractIops Parayyed Linus Palsy Decline.
SUMPTION Dropsy Humors, (Scrofula Salt Rheum, Kings
Evil Cnnker Ring worm &c &cl Csarrh, Scsd Heads, Az
Nervous symptoms, White sveings WORMS Asthma Jaun-
dc, Liver Complaint Ienorrhods Piles, Female Weakness
e., &c. &c.


In conjunction with her medicines Mrs Mott will administer
her cel braed Patent Medcaed Champoo and LuIung Baths
oiayads and others Tos muck be said IN
these baths, which the vaposr from different herbs and
senia o suit the diseases for which they taken They
perfectly safe In administer the impa
ing to such strength ;bey not only lnxuDg, hut
IN all chronic complaints and preventive against all conta
their utility For uyrr, TO the healthy, they calculated
10 promote Tree perspiraon cleanse soften and purify the
skin.


Mrs Mott having made the diseases fcldren particular
branch OF her she will he anabed to diseases
that have .ai'ed the skill fthe talented physcas No
mercury mineral Of any Kind used.


Hours for seeing patients from 10 IN the morning nut in
the evening. Gentlemen communicate with Mrs. ieit
only through wife or mothcr.


Ladies aud gentlemen be accommodated with baths s


FANNY patent for the above baths can be obtained on
application.


ate attention. oi0-9ms",,Morning herald.
1837-11-21,"PILLs-MRS BIRD ,ncouraged NY the many nattering
encouiums which she has received from her friends


and desirous oi beneng the human family, induced Of


fer 10 the public the above medicine safe and
for all diseases Of ue stomach and complaints arising nd


geson AMI Of bile. These pills have been known
10 fail 10 effect and radical by proper
pcaton and indeed abundaniy ecscous
has been their result that fy their valuable
andbonsfcial properties The proprietor q the receipt does
70 tire patience othe public by detailing long
putting preamble the many important qualifications Of these
pills other In present but mercy 20 enumerae


few of the disorders the body which they have been
known To correct aud perfectly eureBfeus and liver sfec
tons cosvenes asthma ps settled pains dyspepsia chro
mic md ionammatorv rheun,afih hea'ache mpurity Of
the fluids debility the sickness incident 10 females in
delicate health, and fact for every description o dsorderd
health they win be fuad easy cer,sin and infabe
dy Mrs Bird offers her Rennvang Pills To the public in the
confident anc paen that they will be found universally
invaluable family friend Sold only AT Dyiscn street by
MRS BIRD. Advice gratis oZ7-3mt","MKs. BIRDS CELEBRATED APERp-
lVl ENT AND TONIC RENOvATING vEGETABI y",Morning herald.
1837-10-11,"DIAPER BOX BAZAAR-No. I2f Fulton a., 3 doors


from Nasau-Constany on hand for sale plain and fancy
Paper Boxes Of every descriptions and STYLE for line 81
business goods silks sces shoes fancy articles
stocks, cellars besoms and Shirts curl buen jewellery and
perumery In all their branches samples Cor coffee rice
etc, matches fur especially Tor mu, musical Instruments
drugs apohccay and stationary bat and hat boxes and
bandhoxes for millinery articles, &c.


Orders for purpose quantity quality 81 Paper Boxes
tobe manufactured received and promptly executed with des
patch at the lowest prices TO ~ article prescribed In the
neatess nanser.


Regular importation from Germany Of real genuine Cologne
waerfar wholesale, peror acle the
also most splendid asssrtm Mt Il German patterns for
piers and embroidees Of description for reang
boses pocket books and ladies notice books decorated with
secde work In 20 reh and haocae uye they
seen before. a5tms",,Morning herald. [volume] (New York [N.Y.]) 1837-1840
1837-06-17,"Considered object commanding uncgned admra-
ton awaken ocude for its attainment and preer
walton. and the toilet both ofmportance
and utility especially where discermen presde in the
those appcndages which experience has sanctioned
this purpose Lady Montagues Compound Chinese Soap
prefers attention. founded nearly century of trial.
bnng elegance of preparation with the prominent requisites
and efficacy II has obtained extensive patronage
and susaner OF the complexion and preserving
impaired agreeable nexibty sones and transparent qua
ity Of the skin.


For sale by A. gnderh Beekman street. Of Will
liam; DR. Jas H. Hart, Bowery and Walker Price 80
cents per cake. my25-3m","Office, No. 100 Chatham street. m

APq sFs ALtn ,lT Y",Morning herald. [volume] (New York [N.Y.]) 1837-1840
1837-07-08,"Considered sbect commanding un'eigned admira


ton, awaken natural socudc for its attainment and preser
valon and the toilet becomes department both ofmporance
and utility especially where dscenment presdes in the
selection of those appenages which sanctioned
For this purpose Lady ontagnes Compound Chinese Soap,
prefers attention, founded nearly century of trial.
bnng elegance of preparation with the prominent requisites
safety and efficacy. II has obtained extensive patronage
refrcsher and suaner of the and preserving
impaired agreeable hexbly, sones and transparent qua
lily OF the skin


For sale by A. Underh, 81 Beekman street. corner Of Will
liam; Dr. JAS H. Hart Bowery and Walker Price 50
cents per cake. n,y25-3m","OVELY AND ADORED BY ALLAN FIX


IL CELLENT ARTICLE FOR PERSONAL BEAUTY",Morning herald. [volume] (New York [N.Y.]) 1837-1840
1837-07-08,"GEON No ~ Fifth returns thanks 10 his patrons for
their liberal encouragement hitherto and hopes he will merit
continuance the The Equestrian Amateur who has
got his horses lame bv shooting other would 10 wei
to call his place before sposng Of them useless for one
application superior principles of shooting has cured hum
res long standing ameness that deemed
curabe lie offers convince that be sceptca
of his abilities hy good reference ocular demonstration and
let work bear witness.


H. Ills horse shoes received premium nj the last two
Fairs American InsGte Diseased h9rseS received
his Equine nhrmary where they viii he treated on the most
approved principles, established by the European Netcrna
ry schools Remember No. 20 Finn street. the Bowery
with the skeleton ri horse over the gate.


signed JAMES DRYSDALE,",,Morning herald. [volume] (New York [N.Y.]) 1837-1840
1837-05-23,"NO. III FULTON STREET, THREE DOORS FROM NAssAo,


Manufactures and keeps constantly hand Tor safe,
Plain and Fancy Paper Boxes of every Descriptions size ana


style, for the following lines ofbusiness:- -,
AIRY goods, Silks laces, &C.; B-Shoes C-Fancy nru-
Giles; DSocks, collars bosoms, shirts; E-Curls; r-p
tons Gyewellery and perfnmery in all then branches
Samples for Coffee rice, wheat, &c; J-Matcne nj
especially for muis Musical instruments M-Drugs apo
thecary and stationery Na hat boxes, and band
boxes for millinery articles.


Orders for purpose quantity quality OF paper boxes
received and promptly executed with despatch, al the lowest
prices fiji article prescribed, in the neaes manner


Merchants setting up can be supplied mleulaleB
with good strong boxes exactly hltS te
shelves, and being a real decoration of the store.
Country merchants will find accommodation In regard
OF obtaining boxes description and shipping uei 10 al
parts of America at the shortest notice.


In the time he gives notice that he regularly imports
from Germany This native country rea genul Cologne wa
which he received large quantity for wholesale
superior any article in the present market.


Also splendid of German patterns tor sam
piles and embroderes every description for reailng ega
boxes pocket books and ladies' notice books decorated with
needle work, in rich and handsome style as they never
were seen before. -. :,


g. Peusche returns hsinccre thanks to his Numerous friends
and customers for their former patronage and trusts ~
ried pains, to merit a continuance OF the same.


lie also informs his friends and the public, that ne has Deei
awarded diploma from the last American FAIR held Octaoer
1885, Nbo's Garden, New York. for specimen o paper
boxes they being considered the most substantial and snc
article in the line offered the inspection Of the public


my2a-lm","Paper Box Bazaar,
q r q IL q T. II Il u e. III T. IL",Morning herald. [volume] (New York [N.Y.]) 1837-1840
1837-06-28,"Considered object commanding unfeigned admira
uon awakens natural socitude for Its attainment and preser
vaton and the toilet becomes department both omporance
and utility more especially where dscernent presdcs In the
For this purpose Lady Montagues Compound Chinese Soap,
prefers attention, founded nearly century Of trial.
bnng elegance Of preparation with the prominent requisites
safety and efficacy II has obtained extensive patronage
recsher and suner Of the complexion and preserving
impaired agreeable nexbiy sone and transparent
lily OF the skin.


For sale by A. gnderhi 80 Beekman street. corner VIII
lam Dr. Jas H. Hart Bowery and walker Price 50
cents per cake. my253m",,Morning herald. [volume] (New York [N.Y.]) 1837-1840
1837-10-19,"WEDNESDAY, Oct. 10, +. M.
By the Sl,e de Grasse arrived day. have received
letter from Hnvre correspondent as follows =


HAvRE, eth September, 1887.
The market has been quiet since last
the LIST and prices barely supported
The sales have Than 500 baesand the
arrivals being only LOCO bales Our stock estimated the
United States The adyces roN Liverpool have continued
nnaverable. STILL do not any alter for
ideas the probability of having but low prices in
unless the next happens to be reduced in guam
uty, compared to the present one


Thus will be perceived that the Havre market gave way
before the unavorabe Liverpool reached
them When they received, the market must have still
further declined the cotton trade in Havre generally fol-
lows Liverpool Our correspondent holds out that unless the
crop gathering should fall short of last years. the low
prices there would probably continue through years there
fore planters will do well by sending enough Of the
staple forward to pay their expenses for and keep
the balance of the crop sheds Texas
merchants making gements ship cotton direct
to Europe, which will increase the quantity estimated by the
European dealers, and will have a bad tendency.


The Southern Express today brought us further information
in regard the late gales in the vicinity of New Orleans
that the entire crop bordering each side Of
the Mississippi the Red River totally destroy
ed Comparatively speaking this amounts to nothing to the
cotton DEALER the crops the Mississippi, up to the Red
Rive1are principally sugar.


The trade in New Orleans for the week ending
which consisted Of old and new.


This market continues today the reported yesterday
A sale Of choice took place at l3c.",Cotton Market.,Morning herald. [volume] (New York [N.Y.]) 1837-1840
1837-07-14,"""JOseph ssilIOtIs Celebrated Patent ElOn-


gated Metallic Penn
Joseph GILLOTT begs TO inform the public, that lac
- constantly receiving from his manniacorv Birming
ham, regular supply OF his most approved Metallic Pens
The stock hand offers the the United
states and OF warranted good quatyamongt which he
found his


patent Magnum Bonum Commercial PEN""


Original Patent Slip Pes,""


""Origina Patent Ladies' Penn


Double Damascus Barrel"" Lunars,"" Peruvian New
York Fountain aud Damascus Pens put up variety
stylesyz cards of one dozen with and al
bata holders in boxes each with holders ia
rocco cases shell boxes and morocco cards


Abata Everpoin, and Pen and Everpont Pencils""


CAUTION TO THE PUBLIC.
From Ike well merltcd and universal celebrity of the above
Pens aeted by the whole mercantile community Europe
and the United States several makers have ene-
vored TO impose the public by spurious imitation,
porting be the original Joseph Gots Patent"" but which
utterly worthless and entirely destitute OF those qualities
requisite 10 fine writing, which have established
rallied demand Tor the original pen every country where il
i knswn!!


The public hereby cautioned 10 be upon their guard
against these counters; they be readily detected by
their unfinished appearance and by the inferior which
they are sent into the market In their attempt impose upon
the


Each gross ofhe genuine pen developed in neatly print
ed wrapper, descriptive Of the artcleN contains -
Further 10 guard against the fraud the public VIII please TO
always reading from the point Of the pen;


Joseph Joseph Jose,h


Giotts Gilotrs elliott


Patent Warranted. Maker,
The above lie Ind his Warehouse No 100 Besk man
strhet, door below Pearl, New York. iyll-Jm","- Joseph ssilIOtrs Celebrated Patent ElOn-


gated Metallic Penn
haus the pull ha",Morning herald. [volume] (New York [N.Y.]) 1837-1840
1837-07-14,"ID hobby, Real Estate and General Agency Once
Verpanck, formerly known Ncrplanck Point, West
chester county, New York;


B All orders for the pu chase SALE exchsnge of pro.
perry trea or personally left nj the office, NJ Ne III Waa
No Cannc street, In the city Of New York will
every attention the application requires


Conveyancng OF every description executed nj the shortest
notice.


Specifications Plans and Architectural Drawings made
order and the erection obudngs Of every description
intended, Nc.


exchange. Also u Newark and Patterson, New Jersey;
choice Ncrplnnck Those who wish improve.
the latter place tho whole of the purchase money
main mortgage ut per cent, II desired.
sed the Hudson River any other ver advise cs
and Those who think Nerplank j. broke those think


ought to break and those who hope viii advise stay



NIB number ~ mortgages for sale tnot exactly on the
Wall street plant varying from 10 5000 dollars


Building Lots 10 exchange for building materials my 30 2'
- EMOvAL.-C. SHEPARD respectfully informs his
~ friends and that he removed his Book Sla
ucnary and Farcy Goods store from ls9 Broadway 2
Broadway second door above Warren street. opposebe Guy
HALL


He made arrangements eli publications
earliest date Ne viii greatly enlarge his stock
PROMISES Keep consiaHy hand as great variety and
choice collection of Classical Scientific School Mscss
neous works can be found in the city.


He VIII always be- ready supply his with
finest quality Of English and American Stationery among
which ray be found English letter and paper sealing
steel and quill pens penknve. wallets gold penci
paintings &c.


lie viii also Keep hand very extensive
Chhren's Books


New York, May !, 1887 my6-u
IN TRUST CoMPANY.-Persons nay eject insurance.
with this Company their lives the lives Others
either for the whole duration Of e for limited PER-
od The payments Of presiu msy he either made annually.","ID hobby, Real Estate and General Agency Ono.
Verpanck, formerly known Ncrpanck Point, West",Morning herald. [volume] (New York [N.Y.]) 1837-1840
1837-07-11,"For the Morning Herald
Lay OF the LOckcd-Up Lover.
Julia, thoueh not when left thee
Within thy Fathers halls,
thought not then TO call upon thee,
From Sing Sings ssurvy walls.
thought 10 serve but thee through life,
And thy behests await:
Alas hard fortune has decreed
That must the State.
The soft and silken chains ofloye,
Which on Blended knees
Did vow forever still 10 wear,
printing wer'nt 10 these
Thy name loy'd, which of I've carved,
When wandering alone,
No on forest tree grave,
But chisel il stone.
No more al eve roam with thee,
To gaze upon the stars
Those moments now occupy
In grnning through the bars.
Bot hope yet sheds glim'ring light
Upon my darksome way,
And softly says in silver tones,
Your term expires in May"" PEARL.
Sing Sing, July 9th",For the Morning Herad.l,Morning herald. [volume] (New York [N.Y.]) 1837-1840
1837-10-27,"IL agent is confdest that this medicine was generally
known would prove OF the blessings that
happened 10 human family, he has known in


few days. persons that reduced low they could not
without excruciating pain, and thinks that if
and suerings of human nature that II sacred
duty devolvng every situated, from which
sheud seek mseve make public and under
the conviction OF this TRUTH he makes this invaluable medicine
known; knews that the medicine itself will do
popular than all he do Price 81 bottle
Office Division. Be very particular and that every bot
tie has the written name, "". LEVSON. o20-lms",,Morning herald. [volume] (New York [N.Y.]) 1837-1840
1837-10-17,"PtcksEny's Peruvian Steel Cutlery.


THE SUBSCRIBER has just received, and offers Tor
sale for CASH most splendid and extensive stock of this
CELEBRATED CUTLERY the quality and 6nish OF which
cannot be surpassed to which he invites the attention Of
the trade. The stock comprises


PERUVIAN STEEL RAZOR5 with Pearl Ivory, and
Black Horn handles good and ready for
ROSEWOOD AND LEATHER Seven Day Cases, contain
ing Pearl ivory Black Horn Razor for every
DAY of the week


PERUVIAN STEEL DIRKs, in great variety.


PERUVIAN STEEL PEN AND POCKET KNIVES,
with l. 2 s. and blades, warranted.


Cards containing I, dozen Of Drks Penkntes
sorted patterns


Three beautiful Rosewood multum In parvor DRESSING
CASES, the most compact travelling cases made.


Two splendid Rosewood Case, each containing So pie
ces, silver handled TABLE CUTLERY.


Rosewood Writing Desks Dressing Gases Ladies' work
Boxes Military Travelling Gases Dressing Rolls, Ladies Cut
lery Cases, &c nc &c.","Ptcksyny,s Peruvian Steel CueIerx",Morning herald. [volume] (New York [N.Y.]) 1837-1840
1837-11-10,"UOSEpT GII.LpTT begs 10 inform the public TINT be
Is constantly receiving from his mandatory. In Brmng
ham, regular supply oil his approved Metallic Pcn-
The 0ck hand Offers the best In Incd
states, and OF warranted good qEstysmongt whch nay
found bis


""raient Msgnum Bonum Commercial Pen,""
""Orcinal Patent Slip Pes""


""Orginal Patent Ladies' pen,""


eagle Pens""


Double Damascus Barrel"" Lnnars"" Peruvian New
York Fountain, ayd Damascus Pens, pct up w
uyies-vr cards sf each, with
baa holders IN bsscs OF dozen each, with holders
rocco asses, shell boxes and morocco cards.
Albata Everpoint, and Pen and Fvcrpoini Penciis-


CAUTION TO The PUBLIC.
From the well merted and universal celebrity Of the
Pens sattrsed blythe whole mercantile community Eprore
United States several npnciod makers have
porting 10 Ne The original Joseph Uets Paiert which
utterly worthless entirely destitute of those qus
requisite 20 fine writing which established an unpa
rallied demand Tor the original pen every country where
Is knewn!!


The public hereby cautioned To h. I'll Z puaro
against these countcrfsis they may he readily ted by
their unfinished appearance, and by the inferior style which
hey sent INTO the market In their attempt impose upor
the unwary.


Each gross ofthc genuine pen enyeoped neatly prin
""a wrapper, descriptive of the srcie II contains
Further To guard slainst the fraud, tie pubic will please
observe that the genuine bear ofihc o.w-r
Iiways reading from the point 81 the pen


Jos,ph Joseph Joseph


tilors giIotts Cilou


Patent Warranted. Mpher
The above may be his Warehouse No 100 Beehman
asret ose door below Pearl, New Yort. ole-3m'","SJoso7h Ciiiotfs Celebrated Patent Eiop-


gated Metallic Penn",Morning herald. [volume] (New York [N.Y.]) 1837-1840
1837-07-11,"ESTABLISHED EMIGRANT PACKET OFFICES


eaon ai Storage passengers TO and rom Great britain
near Beekrnan 81, anil 81 South st. New York.


Residents IN The United States Canada wishing 10 sead
opportunities, via Liverpool


The propreors having made additional arrangements for
the despatch vessels beg 10 state 10 their mn


friends and the public, that selecting this line they will avoid
the unnecessary detention and
and may assured that all the agents il the United
DOM well this side of he Atlantic .l use the best efo
render despatch and comfort 10 all passengers
engaged here, aud their friends who embark
with them; ana in all where the passengers
their money will be refunded to the from when


ships will be despatched from Liverpool for the dreren,
ports followsor New York, weekly for Boston Phla
delphia and Baltimore three times each month""; for New Or
leans and Mobile twice each months for Quebec three times
each month


Persons wishing passage toverpool and London be
accommodated by the regular line packets Tor Liverpool,
weekly for London the ls l9h and goth of each month


These wishing remit money their friends can be &C
commodaed with drafts amount payable throughout
Great Britain and Ireland Agents also the different ports


who will esey assistance in forwarding the passengers TO
Liverpool.


For further information relative establishment, apply


Eessrs Sherlock Abingdon No Waterloo Road and No.
81 Chapel ST. Liverpool,
AIessrs John Dickson Co, Waring st. Belfast,


Mr.. NJ Sherlock, No; 2 Eden Quay, Dublin.
James Beew, Drogheda.
Patrick McAIuen, Castle ST, Newry.
J. Callaghan, Lawrence Town. near Balinasloe
Edward Sherlock, Castlepoard
| Thos. Higgins, Balymahon.
JAS Dugan, Arcih, near Colerane.
! Michacl McGlnty Drumlish county iongierd
John Brady, Baly; Jas Duff, county Cavan
1 VIM. Scraggs, Cork.
Jas. Cochran, Sligo
! Daniel Hughes, Waterford.
| Hugh 81 eld, Clones, county Monaghan.
SCOTLAND.
Mr.. Anderson, No. Is Turner's Court, Glasgow


David Foster AMMAN.
d. McDougald Inverness.


'>0'~ '''>'""' HERDMAN L KEENAr.","HEKDMAN T. X EENAN'S
~ d Ill Iii",Morning herald. [volume] (New York [N.Y.]) 1837-1840
1837-10-10,"These will no doubt be sold at great sacrifice, and
literary friends therefore, who have cash to spare
may look out for bargains. Philadelphia usually fur
nishes one third Of the books sold here's but on the
present occasions that city does net furnish one fourth
The Harpers have sent some very valuable books,
although they not publishing any thing present
New Hampshire sends great number of small nov
els, including about five thousand volumes of Marry
ats novels.


There are many valuable inferences TO be drawn
from the above facts which we have not space to
speak Of today but shall recm to the subject at
very early opportunity.","Total,",Morning herald. [volume] (New York [N.Y.]) 1837-1840
1837-07-19,"IN conformity with law passed by the Legislature If
this State the 2lst day OF April last, entitled ""An Act
guae powers and duties OF Puuc Administrators and
rogates relative the property and effects of Foreigners""


Notice hereby given that and after this date the pre-
pcry and effects all subjects of His Majesty who may die
their this city, nteae such property and effects
arriving this State placed under the Of this office ana
under Of the public administrator, heretofore The
consequence thereof that notices here
ioore the pubic administrator may be sent 10 this Once
where Information and effects o subjects Of
his Majesty 9 all times be furnished without any fee a.
charge whatever


ah officer, and others the quarantine, respect
fully requested make their communications To this ocey
where penses connected herewith will be paid","Ills BRITANnic MAJEsTy's CossyLATE,}


Now York Iltb Nav lely",Morning herald. [volume] (New York [N.Y.]) 1837-1840
1837-05-29,"1T IN conformity with law passed by tile Legislature Of
this State the 2st day April last, entitled IAN Act tore
gulae the and duties OF Public Administrators and
rogates, relative To the property and effects Of foreigners
Notice hereby given that and after this date the
perry and effects all subjects Of His Majesty who die
their this city ntesate such property and effects
arriving In this placed under the this office and
not under that Of the public administrator heretofore. The
undersigned consequence thereof that notices here
tofore the public administrator he sent TO this Office
where information and effects Of subjects Of
his Majesty shall all times he furnished without any fee
charge whatever.


The II, officer and Others nj the quarantine, respect
fully requested make their communications 10 this Office
where all expenses connected herewith will be paid


tuvl < 9fayy","His BRITANNIA MAJEsTY's CONSULATE,


Nnuu Work IIfh MaN IQf1",Morning herald. [volume] (New York [N.Y.]) 1837-1840
1837-05-29,"REMOVAL.-c. SHEPARD respectfully informs his
H friends and patrons that he has removed his Book Sta
tonary and Fascy Goods Store from 1879 Broadway 262
broadway Warren vpposte the City
Hai)


lie has made arrangements oreceving all publications
the earliest date He will greatly enlarge his Stock and he
promises 10 keep constantly hand variety and
choice collection Of Classical Scientific, School and Mscea
neous Works can be found In the city.


lie viii always be ready supply his customers with the
finest quality sf English and American Stationery amoag
which lie found English letter and paper sealing
steel and quill pens penknive wallets gold and silver pencils
Newman Reeves and Oborns water colors engravngs oil
paintings &c.


He will also keep hand very extensive assortment Of
Chllren's Books.


New York, Nav L. my6-n","sHEPARD rr,seclfnIly informs hi",Morning herald. [volume] (New York [N.Y.]) 1837-1840
1837-05-29,"~ BLINDS-The subscriber respectfully informs the ada
Of the fine arts that lie has just received tor sale ana
blinds nc quality anil beauty heretofore unknown The
raatera Of which fey made being clear as glass, all
passing objects be easily dscerncd from the but still
those from the outside into the Neither have
they the unpleasant smell which the printed bliads have


The patterns drawn with the pccctsn rs they
be in France Italy ANY Orders he executed
after the latest fashions ng in those countries and In
the modern styles ot the American Plastic Ornaments
These Blinds particularly adapted 10 parlor and sitting
rooms IN Rnw built houses the city and country.


GEO. PEUSCHER, I2i Fulton u,
a1yi three oorx from Mass",a MERICAN TRANsPARENT WINDOW,Morning herald. [volume] (New York [N.Y.]) 1837-1840
1837-05-31,"How can choose betwee the Two


Margaret.
A no for all your courtly danes,
Who brightly glance through bower aho nun
They cannot fan my spirits fame
My Meg is fairer than them all
Each look of hers umes my heart
With passions most ecsta'ic s'o""
wba, dearer lows can wealth impart
What richer transport splendor know
I'd never seek for ought above
The pleasures ofan humble state
IfMeg would but return my love,
II Meg would be my constant mate.
,Twere joy enough TO view her eyes,
Lighted by loves unwasting fire
To watch her smiles, TO drink ersighs
To hear her voice, like seraph's Tyre.
To gaze upon her glowing form,
Moulded with more consummate grace
Than Ariadne's, when the warm
Delicious dream suifused her face.
And DER her limbs tremor threw
As from the noontide heat she lay,
And Zephyr kissed the honey dew
From her full-blossomed mouth away",,Morning herald. [volume] (New York [N.Y.]) 1837-1840
1837-11-04,"- RICH LoUTREL in addition to their present
OF Linen Paper, have just received large quantity
of the most Superior Linen Wiring Paper of asizes express
~ adapted for Blank Account Books.


Orders for Banks, Insurance Companies, Public Offices
Merchants and Others either for the City any part ofhe
United States for complete Of sets made from this Pa
per- and ruled any with great accuracy and bound
In elegant and substantial style: will receive prompt
tention II addressed TO


RICH LOUTREL, stationers, New York


Also hand and for SALE large assortment Of Patent
Blank Account Books made superior style OF the above
Paper Those persons who for want of time wait TO
have OF Account Books made ORDER be supplied
from this with complete set Of books, which will
lee warranted to give entire satisfaction L. the most and
particular book.ke


Also hand extensive foreign and domestic
saonary consisting sf variety Of ioocap and letter
paper lead pencils aers, senliag ink stands ele
CANT bronze and ebony lie memorandum books back
CANNON and chesboard copying machnes Of various kinds
and all the requisite articles FOR their Notsra presses
and other article usually sold by tatoners which they
efer for sale at prices which must suit purchases either
wholesale orretail RICH L LOUTREL,


staoners and Blank Book manufacturers No 81 william
street, enc door below Cedar. M 2ws","a TTENTION!- TT CODY, VictuaIIcr, OF No. 2

SUPERIOm LINEN WRITING PAPER,


- RICH n IOITTREI in Addition tn their present",Morning herald. [volume] (New York [N.Y.]) 1837-1840
1837-06-24,"~ JOSEPH T. SPENC Err having completed the srraa,
ments attendant opening his Hat Warehouse pre-
red TO furaish superb article of the style general
among the genee community, and possessing increas
vane OF capacity for Heightened service stands
price, namely, five dollars


As guide 10 those who may favor hi1a with p~srons
he would present the olown. rules, which will invariably
vern hrs business


Firstly The hats sold his willbe of he 81
value uugh differing IN shape and general appearance


Secondly. The very moderate price demanded not wzrra
ing system Of credit all sales he subjected
nents.


lie has also added his stock a choice selection OF Umbre
Canes, Gloves, Handkerchief, Toilet Brushes, nc.


The sales room, which Is fitted up Ia style
with the growing and renemcs, OF tile city,
the Of Wall and New streets being part hui",,Morning herald. [volume] (New York [N.Y.]) 1837-1840
1837-05-29,"~ ELTikS.-Messrs- W. }. 4 H. HARRINGTON beg
leave TO inform their friends public that they have ef
iected an engagement with senor Attos uprivaed
Band, lately arrived from Naples, who will go through their
astonishing performances, previous to the
the evening for this week onywith the additional
OF three pieces 10 the Moving Dorama and
Grand Hydro Oxygen Microscope and the nimtable Italian
Fantoccnn.


BY the above powerful Microscope, living aquatic
magnhed millions OF times larger than nature showing with
distmcnes the aniHacue contained other uis
BY its aid the circulation and the
parts OF the smallest Insect distinctly be Among the
objects will he dsseeon OF mnued parts insects
foot and teeth OF fly the sting Of bee &c. &c Also the
most delicate seeds and transverse cut,isgs eft wood.


The Disqualification OF the various Chemical Salts beau
ufnl beyond the power OF description.


The last will consist large and magnificent collec


ton Of Living Aquatic Insects They will be all living in
their native ubagueous and grooes engaged in
swift pursuit. sezng and proving upon each other Others
sporting with all the freedom OF imaginary safety


Doors open att oclock--perfomances commence at 8.


Boxes 81 cents--Upper Seats 25 cents. myl6",INONSTAN'r siICCESsicN ~ SrTRt. ST1HE Mn.,Morning herald. [volume] (New York [N.Y.]) 1837-1840
1837-08-24,"ERS.-The New York Granite Company respectfully III
your attention SAMPLES of Granite from their Quarres
which may be at their office, No. 3 Beekman St


This Granite is OF uperor quality being pure, and


free from fore substances Its competent blend
ed in such perfect proportions render less desructbe
less liable decay from exposure while
rave experiments have proved tina, splits and dresses with
than other the market


1t OF beautiful color, being darker than the aowe and
lighter than the Quincy and taking into connection its sodi
durability, and comparative cheapness. viii be found
well worthy the attention Of capitalists and builders


Having several thousand quarred, the Company
prepared orders any the shortest
notice. will for its delivery ut lower prices than
other stone, of inferior quality, be obained for


Orders addressed to the Company, box H. Mechanics Elk
change their office No. Beekman ST. will meet prompt
attention. aul8-lms EDWARD DOYLE, Agent","V,O SOUTHERN CAPITALISTS & BUILD.",Morning herald. [volume] (New York [N.Y.]) 1837-1840
1837-08-23,"NTyE HUNDRED DOLLARS REWARD.-SPECIFIC MIX


TUkE for VI Gonsuhoea, Gees Structures anaa
sous complaints Of the organs Of generation.


ofal remedies yetdscovs red for the &
the rnost certain.


makess speedy and cure without the
diet, drink, change apprator busine


long ouecfsh ndations 10 deceive the pub
lie. IL the medic ITSELF sha
isrit Our object to neif where be had that ths
proprietor challenges single oil recent GoDaboea To b
brought in which the will eceta rapid under
forfeiture Of $500.


This disease that ely pervades all ranks Of socs
y-hgh low nch and poor matrimonial and single They
with remedy by which they Themselves
without the least ossbe Further
disease be contracted fa of the tue taken
right gong bed when exposed.


bottles, with full
bottle One bottieasts hich generally Many
cured in two days.


For sale by Ninof GAMBLE 1913 Broadway. corner boy Ct
Dr. Guon of Grand and Bowery, Secum,
Broadway and Duanegt b. sands, 1901 FELTON, 81
OF William New York; Joncs Hutchinson, Of Chasnut
and Seventh PhilsS elphia.",,Morning herald. [volume] (New York [N.Y.]) 1837-1840
1837-07-12,"Considered eect commanding unfegned adnra-
ton awakens socude for its attainment and
vaon and the toilet becomes ofmpotance
and utility especially where dscernmen presdes In the
selection of those which has
For this Lady Montagues Compound Chinese Soap
prefers attention. founded nearly century OF trial.
bnng elegance OF preparation with the prominent requisites
safety and efficacy. Ii has obtained extensive patronage
reesher and suaner OF the complexion and preserving
impaired agreeable nexbiy soness and transparent qua
lily Of the skin


For sale by A. Underh 80 Beekman street corner OF will
liam; DR. JAS H. Hart, Bowery and Walker Price SO
cents per cake. my25-3m
SPICE BITTEKS.-These bitters nave long
- celebrated for their peculiar virtue, in terrifying and
somacb they appetite and help
digestion and purify the blood distractions,
and found very useful In removing the aundce they
duce the BREATH removing all scorbutc and
savory bechng and great preventive against feyers
They useful In all OF the but
particularly the spring. by bracng the fbres, and pre-
venting dsagreeabe stessness and weakness arising
frequently from relaxation the approach Of weather
Prepared and sold, wholesale and retail, by


NATHAN b. GRAHAM,


ml1-u 30 Nassau St, Of Fulton",Il OYELY AND ADORED BY ALL:.AN e,Morning herald. [volume] (New York [N.Y.]) 1837-1840
1837-09-01,"III IN conformity with law passed by the Legislature
this State the day Of April last entitled ""An Act ~
gulae duties Of Public Administrators and
rogars relative property and effects Of Foreigners""


Notice hereby given that and after this date the pro
pery subjects of His Majesty who may die
their this city, nestatr such property and cecu
arriving In this State placed under the e this ONCE
under public administrator, heretofore. Tt
In thereof requests that notices herr
tofore ke this ONCE
effects ~ subjectso
HIS Majesty shall all times be furnished without sny Zee
charge whatever.


The Officer quarantine rcspec,
fully requested sake their Communications 10 this ONCE
where aIlcxpepses conncctcd herewith WI be paid.",,Morning herald. [volume] (New York [N.Y.]) 1837-1840
1837-10-07,"THRILLING INCIDENT Mr.. Catlin when in the
Mandan Village, painted young chief named White
Eyebrows"" gallant fellow, remarkable for his hair
which was long and sken II i worn by the Maudans
and Crows remarkably long with the latter tribe reach
ing ke ground and III trailing upon H.
This young chiefs hair grey at the roots dark
from thence till near the points, which Of yellow.
ish color About three years after this circumstance
Catn French trader, who Immediately recognised
him. The trader was journeying with his cart They
conversed for time. At length the trader asked
him if he remembered the young chief White Eye
brows""


Certainly said Mr. Cotlin. have his portrait in
my portmau,eau""


And have his scalp in my cart"" said the trader
who then proceeded the Of the young
chiefs death II follows;


white Eyebrows, withtwenty Of the Mandans came
to the traders station for the purpose Of traffcking
While there alarge party Of Sioux Indians for the
same purpose. ght was the immediate consequence
in which all the Mandans perished but one man, who
managed 10 effect his escape White Eyebrows fought
well but was slain His enemies scalped him, and con.
,nued 10 dance after the event. their dance for six
days After this, they did their business with the
der and departed giving 70 him the scalp The trader
gaze il 10 Mr. Catlin (who instantly recognized t for
ten dollars Mr. Catlin exhibits il, and prizes i
more upan any other article in his collection""


An exciting anecdote is told Of Miniatures chief
who visited Washington and returned equipped en- mil
itare, American fashion He the Indian, proceeded 10
narrae TO his friends the wonders he had behed-but
they, not creditiOr him. thought him liar, and murder
ed hun IN consequence",,Morning herald.
1837-11-10,"Business has hardly resumed from he inactivity into which
thrown by the excitement Of the election Stocks closed
today firmly, the prices Of yesterday. The suit OF the
election has created any special effect in
ney market. All its Influences anticipated before II
reached termination great change money matters and
the government has been gradually coming to maturity. The
election is only another single step the revolution which
will in money and politics, till reach peace and
guilty. The point which tending, evil
IDENTIFY national bank, and if New York to herself
she for this the GENERALIZATION Of the meRey
market. The commercial affairs and exchanges , country
never be emsnc ated from magn Influences until the de-
sirable result be obtained.


The financial be brought the legis
laure every mans mind. Among these the bank
suspei on-the mortgage awhe usury law-ihe
ing law-the Lake Erie rail oad-and small proh-
bi,on law, ill be of the leading points interest


OF the last little has been said II is certain
have convertible paper ala system which can.
be abandoned ia spite OF the acketles locoocos New
York. the cologne oaer al Wasbngton-we ought TO-
instant repeal the clause prohibiting banks issuing
small bils what Is the consequence OF this prohibition
of worthless trash, issued by baseess co
that only live for week day dirty cellar
round Town. The only Danish shinpsslers from our
circulation 10 give the right issue small
bus For all change under one dollar have silver
in circulation. Our banks certainly de serving OF more
confidence than rotten agencies unknow bands aven
turers round about the country.


The smalnote measure orrht, therefore, be
brst points introduced into the next legislature.


In relation to the banks large have issue of
the Convention 10 be held here the 9th OF the present
month.


Great preparations making for this Convention through
out the country We learn that the Boston, the Baltimore,
and the Richmond banks have all agreed meet this
vocation We have not heard whether banks
will come into the measure but from appearances
probable that they will keep alooE The Of Mr. Bdde
in the great contest for national bank. procure the
ter for Philadelphia, and deprive New York OF lie will
therefore, commit himself any originating
New York till he see his way clearly.


considerable interest is beginning felt whether the
Charleston and other Southern banks will join in the New
York convention. Tie has been taken nv the
prevailed for become obstacle in any
general movement among the banks Of the south and
north, having fer its object the creation Of some system
OF union and exchange Yet might their n,eres,
10 meet the banks be assembled here merely as spec
tors merely amateurs, merely practical men,
IL the same bssness BY skul arrangement amoag The
banks, il is quite easy establish OF exchange a.
low everit done by the United Bsnkand per.
haps eff such for New York. embracing the
southern and northern banks Boston holds the
banks Of New England II should be case the rates
of exchange will fall and tn commercial between the
| north and south may be drawn tighter than ever


Al all eventshe approaching Bank Convention will one
of the important financial assemblies that
brough, together this country II egate comes Tor.
ward with full statistics and knowledge the scencef
delberat. and general comparison Of opinions held like
menand II they open the door Of their deliberations
the public press n,y lead Of the saluary
that took place the currency and financial
| hon Ct any country",M q NIY NJ A * X + II.,Morning herald. [volume] (New York [N.Y.]) 1837-1840
1837-11-30,"We in a very curious condition. number OF ADVERSE
running h,her and hither Stocks are iuc
tuating-specie almost nacvettle business dong-and
debts slowly quida,ng. The exchanges against Boston,
Philadelphia and Baltimore rapidly rising while those
with the south and returning to moderation.


begns be surmssd that variety of Fictitious influences
work in connection with the Bank Convention This
body continues with closed DOORS and the of its
proceedings necessarily garbled and imperfect isvey
evident that begins already exercise influence
The action Of the markets During the last few weeks large
moned interests in Wall have catered into extensive
stock operations the presumption tina, Convention ud
certainly day for the resumption OF specie pay
They went into the market purchasers FOR RISE Its pro-
liable that several millions worth of stocks changed hands
the belief that banks would These stocks of
bought low prices in the redeemabe currency
As the resumption takes place. the prices will uray
and the operstoa by the distinct convention
will yield several hundreds of thousands of dollars the
holders.


The New York Amerc imposed the org this
stock combinaton-hence very socou distinct
being named by the Convention for the resumption Of specie
payments.


Ga the ether hand confaderacy
for fall These the sellers stocks During the last few
days large transactions have taken place these rival
parties 'fthe Convention should decide any question
lift should break up without naming time for general
SUMPTION then stocks will fall again, and the buyers lose the
difference. This class Of SPECTATORS all against the
sumption, an the organs principally the Express the
Courier, and the Commercial.


With this class joined all those Individuals who covered
with engagements Tor specuaops in building lots any thing
else Lsrgs interests the mercantile bedy decidedly
against immediate resumption for the that further
curtaiment would he caused, at least expansion


Such OF the motives and parties which control
public opinion on this matter


In favor Of resumption, there is n addition the specu
lAors many large capitalists Of business and others in
the community who have OF honor and nrg
tyle As matter Of policy also great among the
Wings such asM Webster, for the resumption least
fore the people, because there moral sentiment that viii
compel the banks to resume, sooner or later.


The action OF all the influences the Convention
What viii producet


Is generally known here that the New York backs re
In such eligible situation This the
with the Philadelphia and Boston Banks although
have Wanted much OF the recuperave power and
bty Many begin believe that banks ought
because II they do seize the Of
traction they will find themselves In possession OF
chanc. again II Is also argued that partial rcsump.
ton would be better than IL easy the New
banks place 100000 Of the balances due Phsds
phia and New England banks high OF interest The
suits also against city banks increasing every day
the excitement the subject will increase uples
tiact action Is taken","40 N EsI ~ A AZ X EFT


Wcdnc sday. Nov. 20--G II. M",Morning herald. [volume] (New York [N.Y.]) 1837-1840
1837-11-17,"MysTgRIys-Mr Strut in his Manners and Gus.
toms Of the English"" has given description of the
stage in England when mysteries the only theari


cal Northumberland. i'll, p 100. ""In the early dawn
of literature and when the sacred mysteries the
only theatrical performances what is now called the
stage did then consist OF three several Platforms


ges raised one above another On the uppernost sat
the Pafer Caestis surrounded with his Angels on the
second appeared the Holy Saints. and glori6ed
and the last and lowest occupied by mere who
had not yet passed from this transitory life to the


rsns OF eternity On side Of this lowest platform
was the resemblance Of dark pitchy cavern from
wherce issued appearance Of fire and flames and when
L was necessary the audience treated with hide.
Gus ceilings and noises initiative OF the howlings and
cries Of the wreched souls tormened by the relentless
demons From this yawning the devils themselves
constantly assembled delight and to instruct the spec


tatsrs tie delight because they usually the
greatest testers and bu'cons that then appeared and
20 instruct fsr that they treated the wreched mortas
who were delivered TO them with the utmost cruelty


warning thereby all men carefully avoid the falling
into the such hardened and remorseess spirits.


An anecd te relating TO English mystery presents
curious specimen ofthe manners ofour country which
then could admit Of such representation the smpli.
city. if not the bertinism Of the age great A
play acted in ofthe principal cities Of England


under the direction Of the trading companies
before numerous assembly Of both sexes, wherein
Adam and Eve appeared the stage entirely naked,
performed their whole part in the representation Of
Eden to the scrpents temptation, to the eating OF the
forbidden fruit the perceivng Of and conversng about
their nakedncss and the supplying Of fig leaves TO
cover IT,"" Warrior observes they had the authority Of
scripture for such a representation and they gave
tiers just they found them in third chapter Of Genesis


A SHAVED KISe-when Levis VII, TO obey the in


functions Of his bishops, cropped his hair and shaved
his beard Eleanor, his cansort found him, with this
usual appearance very Ridiculous and very
tenptibe She revenged hsrselfas she thought proper
and The poor shaved king obtained divorce She then
married the Count Of Anjou, afterwards Henry III
She had fer her marriage dover the rich provinces Of",,Morning herald. [volume] (New York [N.Y.]) 1837-1840
1837-07-12,"III IN conformity with law passed by the Legislature of
this State, the 2ist day Of April last entitled AN Act
guate the Public Administrators
ogate relative the property and effects ~ Foreigners
Notice Is hereby given that and after this date the pre-
perry and effects all subjects Of His Majesty who may die
their this city ntestae such property and effects
arriving this placed under the office
under that Of the public Administrator heretofore The
undersigned in thereof requests that notices here.
toore the pubb administrator "" this Office
information and effects ri subjects Of
his Majesty shall all times be furnished without any Zee
charge whatever.


sh officer and others the quarantine respect,
fully make their this ofbce,
where all penses ted herewith will be paid.


qt..,sS","HIS BRIrAssIc MAJEsrY's CONSULATE, 4


New York iIth NAV 1877",Morning herald. [volume] (New York [N.Y.]) 1837-1840
1837-10-14,"Clouds, now softly sailing
Along the deep blue sky, now fixed and still""


miss Milford
The clouds The clouds they beautiful
When they sleep summer shy,
As il the sun TO rest could lull
Their snowy company
And as the wind springs up, they start
And career DER the azure plain,
And before the course of the breeZcs dart
To scatter their balmy rain.
The clouds! The clouds! how changed their forms
With every passing breath;
And now glaEcing surbeam warns.
And now they look cold as death.
oh, often and often have escaped
From the stir Of the busy crowd,
And a thousand fan iful visions shaped
On the face OF passing cloud
The clouds the clouds rouad the sun at night
They come like band of slaves
That are only bright in their masters light,
And each IN his glory layes.
oh, they are lovely, lovely then
When the heaven around them CLOVIS
Now touched with apurple and amber stain,
And now with the hue of the rose.
The clouds the clouds ia the star-lit sky,
How they float on the light winds wings
Now resting an instant, then glancing by
In their tickle wanderings.
Now they hide the deep blue armament,
Now ii shows their folds between,
As "" silver veil were
From the jewelled brow Of queen.
The clouds the clouds they the lid
To the lighining's flashing eye;
And in their ieecy folds is lid
The thBnder's majesty!
Oh, how their warning is proclaimed
By the shrill blasts battle song,
And the tempests deadliest shafts are aimed
From the midst of the dark clouds threng.
The clouds the clouds nay childish days
Are past-my heart is old
But here and there feeling stays
That never grow cold.
And the love OF nature is one Of these,
That Times wave never shrouds
And off and on my soul finds peace
In watching the passing clouds.","The Clouds.
by Mary Ann Brown.",Morning herald. [volume] (New York [N.Y.]) 1837-1840
1837-10-14,"THE SUBsCNIBEKS having entrroa into co.psrl.
i nership under the name Of STRATTON SEYMOUR.
Of The Stove, Copper, Tin and Sheet lion
business aud having purchased the ene sock IN trade be
longing the late firm 81 H. Mott Co.. consisting Nots
Patent Aplracle Coal and Wood Stoves, n NC they
offer their friends and customer, and be public
rally complete assortment OF sad justly cebated Stoves
which, after years of trial. have fully sustained their
still held in the highest estimation by those who
had opportunity ef testing their merits in point OF safety
convenience Cleanliness comort and economy in comparison
other various and novel which have
meantime, be- introduced. Aneng he
well adapted halls stores banbipg ROOMS chur hes
lecture bar steambcats and ships cabins
the saracenc CRATE, TO parour. nurseries and basement
rooms the franklin, 20 bed roems, and the plain and
syndrc work shops
&c. Wood and coal cock Of acknowledged superiority
with from five boilers and four ovens well cal
cuated for families Of from $50 persons together with al
appsDdage affixed either the aforenames
when lured short notice, all Of which will disposed


reasonable for cash. short approved paper heh
pa Water street. ROBERT STRATTON,


CHARLES SEYMOUR


New York, Sept 1st, 1887. o56ps&","u,mE suBscMIRERs having sn..r.o INTO eo.par.",Morning herald. [volume] (New York [N.Y.]) 1837-1840
1837-06-08,"ESTABLISHED EMGRANT PACKET OFFICES
and Ireland via Liverpool weekly 06 south -
near beekman 81, and 81 South St, New York.
Residents IN the United States and Canada wishing 10 seud
ior Their friends residing in Great Britain or Ireland can
ways be accommodated on moderate terms per weekly
The proprietors having made additional arrangements for
the despatch OF extra vessels beg 10 Their
friends and the public, that in selecting line they will avoid
the unnecessary uetenton and
and rest assured that all the agents the United KIM
DOM well as this side of he Atlantic will the hes, e
10 render despatch and comfort all who NAV
engaged here and their friends who may embark in companv
with them; and in all the passengers do MOI roms
their money will be refunded TO the persons from whom was
received


Ships will be despatched from Liverpool Cor the fere,s
dephia and Baltimore three times each New
leans and Mobile twice each month""; for Quebec three times
each month.
Persons wishing passage Liverpool and London,
accommodated by the regular line Of packets for Liverpool
weeky for London the lt 10th and Goth Of each month
These wishing To remit money TO their friends, be
with drafts for any amount payable throughout
who eveiy assistance in forwarding the 70
For further information this
address


Eesrs Sherlock Arlington, No Waterloo Road and No.
10 Chapel St Liverpool,


Messrs. John Dickson Co. warins st, Belfast.
Mr. NJ. Sherlock No. Eden, Quay Dublin.


VIM. Donoghue William ST., Londonderry.


James Bellew Drogheda


Patrick McMullen, Castle St. Ncwry.


j. Calaghsn, Lawrence Town, near Ballnasloe,


Edward Sherlock, Castlepollard


Thos. Higgins, Ballymahon


Jas. Dugan, Articlif, near Coleraine


Michael Mich sI MeeIny Drum nl county Longford


VIM. Scraggs, Cork.


Jas. Cochran, Sligo.


Daniel Hughes Waterford.


Hugh Shields, Clones, county Monaghan.



Mr. Anderson, No. Is Turner'S Court, Glasgow


David Foster, AMMAN


ID. 1cDougald, Inverness


Robt Mcneil Newtown Stewart


HERDMAN KEENAN,,
my30-im log and 81 South 81","HERDMAN g. EENAN's
81 III III ii

ss .-kS-SR
ESTABLISHED EMIGn AMI",Morning herald. [volume] (New York [N.Y.]) 1837-1840
1837-06-08,"ONE DOLLAR, FIFTY, TWENTY-FIVE and Ia
~ CENT NOTES.-The great demand for these notes,
engraved and sold by j. LATHAM has prevented him from
keeping sufficient number supply the orders he has
ceved particularly from distant He has engraved
another set Of plates the elaborate STYLE and will be
able TO supply any quantity for the city for
CURED The prices but little than charged for the
inferior tickets issued for small change.


Agents wanted in the city and towns who have
any number, by applying 10 j. LATHAM, Engrayer, 6O
Greenwich street


Merchants traders &c. leaving the city, will find advan
tsge in purchasing these notes for sale. my24-lms","MILLINERS SUPPLIED AT WI
wi PRICES-TO THE LAHIES=T. MORE",Morning herald. [volume] (New York [N.Y.]) 1837-1840
1837-09-22,"81 Oseph Gil10tts Celebrated Patent Elem


gated Metallic Penn
JOSEPH elliott begs to inform the public, that he
constantly receiving from his mandatory, in biruDg
ham, regular supply 81 his approved Metallic Pens
The stock hand offers the best assortment in the United
States and OF warranted good quaysmongst which be
found his
patent Magnum Bonum Commercial Pen,""


""Orginal Patent Slip Pes,v


""Original Patent Ladies' PEN""


Double Damascus Barrel"" ""Lunars"" Peruvian"" New
York Fountain, and Damascus Pens"" put In variety
sty-v cards ef dozen each, with rosewood and al
baa holders in boxes OF dozen EACH with holders
rocco cases, shell boxes and morocco cards.


""Abata Everpoint, and Pen and Everpoin PenclSn


CAUTION TO THE PUBLIC.


From the well mcred universal celebity Of the above
Pens aesed by the whole mercane community in Euroe
1.-The Unhed States several uncyld makers have endes
vored 10 impose the public spurious imitation pur-
porting be the original Joseph Gefs Patentv but which
utterly worthless and entirely destitute o those qualities
requisite tn fine writing which have established such unpa
rallied demsndfor the original pen in every country where
The public hereby cautioned to b. ri guard
against ese counerets they may be readily he, cted by
their unsed appearance and by the inferior style which
they are sent INTO the Market their attempt impose
the unwary.


Each ofthe genuine pen enveoped in neatly print
ed wrapper, descriptive Of the article il contains.


FURTHER 10 guard against the fraud the public win please 70
observe that the genuine bear the following marks
always reading from the point Of the pen.


Joseph Joseph Joseph


1hlots Glloirs elliott


Patent Warranted. Maker.
The above he had his Warehouse, No. 100 Beekman
aeret. one door below PEARL New York. y1l3ms",,Morning herald. [volume] (New York [N.Y.]) 1837-1840
1837-09-22,"II EVISON'S HUNTEH5S RED DHOP-Ohce
IL No. Division sta consequence of the and
extraordinary this medicine has performed In venereal
its when every thing had been used good
effect where the patient had been given
past having gained for tse celebrity unparalleled
the annals of medcine-uDprinciped vendors al
every three months since r brought out, which
FIVE years counterfeing and trying various
destroy It's popuarty-butn cap the climax, try
10 rob us offs name.


Levison's Hunters Red Drop warranted effect prompt
permanent without dieting, seeming, hin.
from BUSINESS in all of venerea and under all
circumstances


Price 81 per bottle. All genuine win have the Of u
Levison whom can be obtained NIL hours Office No.


Division four doors from Chatham Square, and other
Mace In this CITY. sl5-1m-",,Morning herald. [volume] (New York [N.Y.]) 1837-1840
1837-11-28,"For Cabin secoaG Cabs and passengers FROM


Great Britain and Ireland via Liverpool 81 and LOG South
= Street New York.


The subscribers beg their friends and thepubc,
that in ordero extend their business and give satisfaction
they have heretofore Done OF the the firm will leave here
Tor Liverpool the 10th OF January 1885, and visit the several
places OF Great Britain and Ireland, tie purpose
fagng of standing and respecablity for
the of drafts forwarding passengers who may be
engaged by their friends residing this side Of the Atlantic
Those wishing To- the for their friends remit


them the money for that purpose requested to give this line


trial they depend that exeriiea i'll be used
The part OF the Subscribers and their tie selection of
hr class ships and the puncua payment Of arat &cp as
wei as 70 render despatch and comfort all those who
bark by their line, and all decline
coming the WILDE returned the from whom
II received Persons returning the old country
have their by the uar line If packet ships
ang for Liverpool weekly for London the lohaHd goth
of each menth For further particulars apply address by
letter, post paid, to- HERDMAN & KEENAN,


o4.SmN NJ south","HERDMAN 81 kEENAN,s

IEKUMAN kEENANs
- IL III -",Morning herald. [volume] (New York [N.Y.]) 1837-1840
1837-11-29,"The MctamOra Boat clubs Annuai BAL.
The Second Annual Ball given by the Meamora
Boat Club took place last night at the Concert Hall,
Broadway The whole affair reflects the highest
dit upon all engaged. The decorations were superb
and in exceedingly good taste Upon entering the hall
YOU face the balcony for the musicians this was orna
men,ed with various flags banners &c and two ridents
bearing lights gave great effect the toni ensemble
Under the balcony, which made to form canopy,
wa, the word ""Passac in bold letters raised rich
drapery. Immediately opposite the balcony, over the
entrance was enc Of the Associations boats; TO this,
from the balcony, suspended BY line drawn
across two superb painted and embelished flags, one
representing Metamora in the person OF Forrest-the
other Augusta La Bayadere this was exceedingly
good; the likeness well preserved the hgure was
on blue ground edged with rich trimming between
them was a model Of a Upon the walls were
flags and ensigns, oars, pixies, &C., surrounding the
names OF the Metamora, Gondola, La Bayadere Au-
cus,a Red Rover, Masaniello, Erie, &c &c. The cell
ing was deeked with sreamers of various coors which
had an imposing appearance The music excellent
and the selections choice. The Sonnnmbala and
In Bayadcrc co,llions seemed TO be the favorite.


Among the company, which numerous and Sc
lec we noticed the two dark eyed sisters, whose great
resemblance to each other and whose great beauty at
1racted our attestion last summer in Of those
pleasant and elegant little excursions which made
by the Warren up The good old Hudson. They were
NOW alfred in plain black silk dresses, connos
seur in ladies charms having doubtless told them that
""beauty when unadorned, is adorned the most"" There
was another lady there Of great beauty. Her face was
very expressive and her eye--imagine il. She was
dressed in light dress with pink satin tppet
edged with ermine. In her hair,


That hair under whose Il rk veil,


Tie neck like whhe sail


Al moonlight, twixt wave and wave,


Shone out by glcan.s


was a rose. She had


mo other diamonds than her eyes were made OF,


No other rubies than her own bright lips""


There was another most elegant, tasty lady She
was dressed in yellow satin slip. over which was an
open dress Of black lace Grape. There another
there were many ot.ers many to mention. We must
not omt to state that several young ladies' the even
ing advanced decorated in their partners aquatic
caps, and surely never before was seen


'such jote young watermen-'


One had on the cap OF the Red Rover. Had she been
m that ugly black whskered pirate Mchelrs ""longow,
dark, black, little big schooner the Susqaehanna
would have required no cspiuring-she would have
surrendered at discretion such powerful charms as
doubtless many others have done before.


The evenings amusement seemed TO Afford the high
est enjoyment.


BEvEvoLEScE.-Th.r e is one quality in our western
friends that excies highest admration-it is their
benevolent nature. We laugh oftheir excuses
we condemn them for oihers-but are bound TO adj
init, which we do with the highest pleasure that they
have benevolent nature the time, which forms",,Morning herald. [volume] (New York [N.Y.]) 1837-1840
1837-08-25,"The INDEPENDENTLY the Bank America-have COM
menced IN good earnest curta their discounts The Bank
OF New York and the Pho discount paper freely


The attention Of all the meeting of Congress, in
expectation OF relief from that quarter. thousand different
Meas exist as to the probable doings OF that body.


The resumption ospcce by the banks throughout
the country will occupy the first attention OF Congress The
method bring desirable object is now the alien
crossing theme Something stop the large expectations OF
specie every this Europe Some
thing redeem foreign and domestic exchanges from
the horrible plight they now in That something will only
be found in National Bank, upon the following PLAN


For Congress bank with capital of fifty nil


onlet Secretary othe Treasury
the amount OF twenty millions bearing interest at per cent
and redeemabe This transferred to the bank for
the same amount in its stack


When the government stock becomes Secretary
the Treasury would sell the bank stock in time to reeemt


This government stock can be RENTED Europe, which
will turn the balance of exchange favor This DONE
the further expectation Of specie is ectualy stopped
Now let look the beRets of this The foreign de-
mand for specie ceased Foreign exchanges are brought
down to their original value domestic exchanges will
come regulated importation of specie will continue
All TINS DONE and every solvent bank throughout the Union
can resume specie payments within sixty days.


From the many statements that reached us from the
north south and west great number of the appear
be in situation to resume specie payne the the
banks of the atlantic cities lead the de-
nand for specie is confined to this country


Should such bank be by session
gress this city be the head quarters such Institution
The west has already commenced peionng for it. The de-
ranged state of the country demands that the National
should be located in this city, Although Philadelphia has been
the seat OF that institution New York has been looked
the criterion money market-New York is the city
that circumstances point out for such an institution.


Ii 1t should please the powers Washington charter
bank the plan above mentioned the resumption specie
would be certain and speedy But whoutthe
creation of National bank if the State banks should make
their minds to be honest and gradually and steadily curta
their discounts the general resumption ofpecie payments will
not be distant


New Orleans has the noble example. Will the New York
banks be the last TO folow!


Exchange by the Liverpool and Havre packets closed
their usual high prices The taken exceedingly
small the for the best 10 81 per England
and 585 On France. a.a


The Exchange in market at the present time drawn by
small shipments. gene
rally preferred the bills of the large houses make their
business Only ew houses, however, have the hardood
remit anything but specie Foreign Exchanges at
par present prices for specie but they
higher kan the highest during all the pressure before
banks suspension Domestic Exchanges bad
The for distance continue high When the banks de-
their per cent they make 1t in time BY whch
determination take the advantage of the woul
state OF Exchanges fill their vaults coaking
btan charges under fegned length time required for col
ectisns.


trade fairly commenced and sncreasing every
day spirit pcrceivabe in the transactions Stran-
gers flock the city in large numbers daily Their principal
operations cash auction Sales thereby greatly
inurn The obbng merchants The Messrs Haggerys
succeeded getting large salesthe last
larger than has been knawn here for long time this
Of the year. Austen wlmerdng Co could make
they the whole Of the first Ward up
salethey did succeed As much in favor
business think the cash dry goods Sales for
son least The low price every description of
goods bring these sales induces strangers them,
ony those who buy time for obbers make the
most Of There j. redeemng quality about t-ey who
buy credit those who have paid up regularly through
the past severe times, and perfectly good


The wing from the charter Of the Louisiana
Sank OF New Orleans.


The said corporation shall not any time, suspend
payment money Of the United States Of
notes obligations Of moneys received
ieposte said bank And the said corporation shall any
refuse aforesaid the holder OF
uch note bill Obligation the entitled to
such aforesaid shall DE entitled


receive from the time Of such suspension
efua until the shall be fully paid, the of twelve
,er cenum per anaum.-Chafer, Sec H.


This bank accused Of redeemny large amount Of It's bills
specie for gentleman holding high rank in society,"" while
efused to redeem five dollar bill presented by ales inuen
ia person. such is the fact Ubiquitous proceeding
Fan scarcely be conceived Comment is unnecessary. The
banks from the suspension Of specie payments up
o the frat OF August decreased their circulation nearly
81 100000. and their loans Sl,7eocco.","100000
100000

$4,000",Morning herald. [volume] (New York [N.Y.]) 1837-1840
1837-05-23,"Day ON the mountains-the beautiful day,
And the leap forth in the rride Of his ray,
The channels awakes from his wild forest dream,
And bounds in the gladness and life OF his beams
And the horn of the hunter is soundng-away.
Light, light on the hills, It's the beautiful day
DAY ir the valey--the rivulet rolls
Cioudless and calm as the home of our souls
The harvest is waving, and fountain and flower
Are sparkling and sweet as the radiant hour;
And the song of the reapers, the ark's sunny lay,
Proclaim through the valey-day, beautiful day.
oh, solemn and sad his far setting appears,
When the ray Declines and the flowers in tears;
When the shadows Of evening like death banners wave,
And darkness encloses the world like grave:
Yet the day, like the soul, shall arise from decay
And again light the world with day, beautiful day",The Beautiful Day.,Morning herald. [volume] (New York [N.Y.]) 1837-1840
1837-05-23,"Al the birth of love, the hours,


All together, clustering came
Girded wen with leaves and flowers,
Were their looks and eyes Of flame.
Round the monarchs couch they presses
Anxious, each to win and own,
In his young and budding breast


An unrivalled sway alone!
But so bright and warm each maid'


Blooming, beautiful and TALL
That, no choice the god essay'd'


lie was pleased, and kept them all
,Tis no love, that lives ans CLOVIS


Only with the fow'rs and sum-
And begirt with wintry SHOWS


Finds lis heat and passion done.
sin the same, through all the hours,


Does my constant spirit turn,
To the far and ieeting bow'rs,


where the young and bright eyes burn.
Through the changing season thus,
Whatsoever the hour may be,
Love has sway and sun for us,


i, a heart for him and thee.","

",Morning herald. [volume] (New York [N.Y.]) 1837-1840
1837-05-23,"IL ~ Pearl, STREET.-This spacious establishment Il
enlarged upon its former Site in the centre OF the
Commercial the city, surrounded Ivy than
eco entirely new fire proof and warehouses, occupying
the ground OF the great conagraon This Hotel fronting
upon Pearl and Water street. arranged upon add most
improved with spacious exchange room extensive di
ming parlos large and airy sleeping rooms commoons bath
ing rocms power supply of water the
upper story and for other together with every CON
yesepce REQUIRED TO promote health and comfort OF the
boares constant guard also employed to keep
part OF the premises in order and security.


Alderman Peters, the owner spared expense render
this building both In and style of architecture, equal
superior, to commercial Hotel 1 tins country Tins
furnished complete IN modern Style and reopen
March The proprietors respectfully solicit the
patronage lis old customers and the public generally.


JOHN NJ. FLINT,


WIIITAIJ.","THE MAMMOTH CHEESE FARM + *

",Morning herald. [volume] (New York [N.Y.]) 1837-1840
1837-11-09,"""Josoph Giilotcs Celebrated Patent Elon-


gated Metallic Penn
IOSEPH GILLOTT begs to inform the public, hat be
Is constantly receiving from his mandatory BrmnR.
ham, regular supply OF his most approved Metallic
The stock on hand Offers the best United
States and OF warranted good quay-smonss which may
ound his - -
Patent Msgnum Bonum Commercial Pen.""
""Orginal Patent Slip Pea,""


Original Patent Ladies' Pen,""


""Ea.le Pens""


Donbe Damascus Barrel ""Lunarsu Peruvian sspyev
York Fountain, a,d Damascus Pens,"" a variety
uyiesvx cards Fl dozen each with
bata hoders IN boxes of dozen EACH with hoder
reccocases, shell boxes and morocco cards.


""Aibata Everpont, and Pen and Everpeint Pencils""


CAUTION TO THE PUBLIC.
From the well mercd and universal celebrity Of the
Pens sattesed by the whole mercantile community Europe
and the United States several unpcpd have
vored TO impose the public by spurious imitation pur
porting ta be the original Joseph 3letis Patebn Which
utterly worthless, and entirely destitute Of those qualities
requisite TO fine writing, which have established such unpa
rallied demand Tor the original In country where
u known!


The public hereby cautioned to b. ru guard
against these countcrs; they may be readily
their unfinished appearance, and by the inferior style which
they INTO the MARKET their sitcmpt Impose upon
the


Each OF the genuine envelo- edia atty print
ed wrapper, descriptive Of the article II contains.
Further guard against the fraud the pubic will
observe that the bear the following
always reading from the point OF the pen:


Joseph Joseph Joseph


Gillotrs Gillolts Gillou


Patent Warranted. Mnher
The above may he had his Warehouse No. 100 8~ekman
aerst, door below Pearl New York ol9sms","Joseph Giilott's Celebrated Patent ElOn-


gated Metallic Penn",Morning herald. [volume] (New York [N.Y.]) 1837-1840
1837-07-31,"SATURDAY, July ~


one OF the most important branches OF internal s
'he Coal Trade IL perhaps only inferior in Importance
the aden our southern and northern staples Cotton
and Corn During the last years the Coal trade
W esraordnsry magnitude The rise 81 this trade in domes
TIC point view began with the discovery Of the Anthracite
mines Pennsylvania that period the principal trade
IN coal with England from which imported nearly all
the quantities consumed In large and seapos This
trade has undergone entire revolution Pennsylvania
and Virginia contain the great coal regions For the last
years. trade has been sero uy affected by branch OF
the evils which have swept the whole world Du-
ring the whole period that has elapsed since the coal regions
have been discovered this country has been constant
conflict bet~eenhe elements Of supply and demand which
this Gar from satisfactory adjustment ~ ever
The real condition ot the trade has seen mysfed by gno
avarce, monopoly, and graspng ambition shall be
ourduy hereafter The ntricacies and inrgues of
the coal trade and to take that position course that win be-
ne ultimately the great body Of consumers throughout the
country


Daring the year reprebensbe efforts have
been made by throw obstacles upon tradete
increase the priceo diminish the uppy-snd convert the
protecting duty unwely laid by Congress foreign coan-
extoron upon country They have at
tempted the country the hate mouope-ss
souththe existing msnope Of bread ssuHs
the norhbe banking msnopolss all the couny-or the
local monopolss ofesh provisions do New York.",,Morning herald. [volume] (New York [N.Y.]) 1837-1840
1837-07-13,"SCEOOLEY'S MOUNTAIN MINERAL SPRINGS
- The undersigned proprietor otle Heath House, would
give notice that his establishment reopened for the ecep


on OF company the June The the place
the medicinal qualities Of the water and purity Of the
tain matters e such that deemed
than merely nlude them here 1t already
known many that the establishment new, spacious
and comfortable AM that has become highly ahiona
BILE place OF resort The nducemen visit there the present
season quite equal any former The house is in fine
order, the grounds handsomely and pleasantly arranged
anal the course heretofore pursued in the accommodations fur
nised will he strictly observed the hoped
that this establishment, highly favored by the public hher
TO- will continue only those who have before
visited H. but also Others who seeking pleasant


treat during the hot months of July and August The prices
for board will be strict accordance With the value
and the state ohe times The
ercsc exclusive right the mineral but would
public well be used
all these who may be pleased to visit the place


je26-2aw3ws f. MARSH.",,Morning herald. [volume] (New York [N.Y.]) 1837-1840
1837-06-01,"ING observation-disclosures. Tor weakness IN the
sde back lmsalso for rheumatism liver
complaint and dyspepsa-for coughs, colds, ashma, dhcu
in breathing oppression of the stomach Nc They win
give immediate anil soothing relief-and for
~ ease certainty decidedly superior


needles such persons whose business avecations require
that they should stand III much those o sedenary ha
bits generally who be troubled with pains IN the side or
advised of these beautiful they
different all Others and from those
objections which reasonably urged against pasers
nerav The has had the pleasure Of selling them
daily for years Ia this cityan of The thousands
who them he hns not heard Of solitary complaint
They paironie extensively hy the medical profession
and there probably intelligent physician in the United
states or Europe would hesitate To sanction them with
his influence, when made acquainted with their COM
position.


hand which will lie punished


forgery Person. about buying them will remember ask for
RADEat''s STRENGTHENING PLASTER, and see that
they get directions Tins signed They put In boxes
with srge and attractive show bs-wl keep without injury
In any cmateand will be forwarded part the Uni
ted British provinces order, and abera discount
made 10 those who buy tn sell again


In conclusion have only add that


which the sautry effects have been produced by the
ihemhat they recommended with the entire
confidence 10 all who thus afflicted.


sold Wholesale anil retail nj the Bowery Medicine STORE
No. rs Bowcry, New York, by or,,


~. w. bAD6ht.",,Morning herald. [volume] (New York [N.Y.]) 1837-1840
1837-05-22,"NO. III FULTON STREET, THREE DOORS FROM NAssAo,


Manufacture and keeps constantly on hand Tor sale,
Plain and Fancy Paper Boxes Of description SIZE ana


STYLE for the following lines of business


A-Dry goods silks, laces, &C.. B-Shoes C-Fancy aru
Giles; D-Stocks collars, booms, shirts E-Curls F-Bu
tons Gyewelery and pertumey in all their branches H
Samples for coffee, rice, wheat, &C.; J-Maches k-Furs
especially for mufs; Musical instruments; MDrugs, apo
thecary and stationery; NHat hat boxes, and band
boxes for millinery articles


Orders for purpose, quantity quality OF paper boxes
received and promptly executed with DESPATCH al the lowest
prices, TO fit article prescribed in the neaest manner


Merchants setting new stores can be supplied
with good and strong boxes exactly ttnS ue
shelves, and being a real decoration OF the store.


Country merchants will find every accommodation IN regard
of obtaining boxes of any description and shipping them to all
parts of America at the shortest notice.


In the time he gives notice that he guary imports
from Germany This native country rea genui Cologne Wa
ter OF which he has received large quantity for wholesale
superior to any article in the present market


Also splendid OF Geru patterns tor sam
piles and embrodees every description for reang
boxes pocket books and ladies' notice books decorated with
needle work, rich and handsome style they
before.


g. Peuscer hssncere thanks his friends
and customers for their former and trusts b unwea
ried pains, TO merit a continuance Of the same.


lie also informs his friends and the public that he has been
awarded diploma from the last American FAIR held October,
1886, at Nblos Garden, New York. specimen OF paper
boxes they being considered the substantial and splendid
article in the line offered to the inspection OF the public


my20-lm",,Morning herald. [volume] (New York [N.Y.]) 1837-1840
1837-10-24,"TFrom Correspondent WsiHre-No LNLI


WAsHISoTos, Oct. 20, 1887.


The entire quietude which prevails here at present
after the excitement OF the last session. leaves room tor
meditation and reflection The last was believe the
shortest session known since the origin OF our
government aHd during which so little real good was
done for the country. II is that but few leading
measures were proposed by the Executive, and these
were intended relieve the government than the
people Two Of them the obnoxious, were re
iected obviously injurious the prosperity OF the
nation The condition Of the country was such as TO re-
quire relief and il was fondly hoped that Congress
would be- and had been for that purpose but
the Message Of the President destroyed that hope and
left the nation nothing expect but what the wisdom
and rmness Of Congress might effect II was soon dis
covered that parties had made their appear
ance and several changes had taken place. The con-
servave party had started up since the preceding ses-
sion but the old attachments OF those who formed II
would allow them to take firm and decided stand
and neither wings tories could depend upon them
Locefocosm was, believe, for the first time openly
avowed and the nullifers became divided by the adj
hesion Of Calhoun the Van Buren, party All the nee
sures Of the administration therefore could not be made
succeed in consequence Of these divisions and though
the old party drilling resored ts by the leaders OF
the dominant faction, it did avail and the result has
been fortunate the country and perhaps 60 ~hst ~
absurdly and Iudcrously called the democratic party
itself


In retracing the events of this short session. il graft


flying observe the great accession Of talent in the
House and the general decorum and proprey observed
in debate and in the transaction Of Legislative business
Some fiery scntillatons broke out occasionally but
they brief and mceorlc and the discussions were
conducted the whole with great temper and decorum
None of the scenes OF last winter exhibited, and
even Wise less stormy and vtuperatve than usual
Many Of the speeches delivered were marked by great
ability ana eloquence and the whole session passed of
with satisfaction those who merely to hear and
be gratifed and these than nj any
previous session within my knowledge.


The Senate has lost, while the House has gained in
talent During the late administration that body ranked
deservcdly high, and was regarded one unequalled
in ability perhaps in the world Political changes and
other causes have thrown who figured Mt that
time and smaller men have taken their places A ma.
jorty sometimes found register the edicts Of their
master but they still more ready 10 obey his
bidding While the House cannot be operated upon by
party discipline abandon principle, to disregard
their character and reputation, far TO follow
their leader bndly and without the trouble OF think
ing. A spirit has spread through the land, party
deluson and madness have in degree subsidized the
film has been removed certain extent from the eyes
OF the people. and the necessity Of the times has
PEELED them think for themselves The result far,
has been visible Improvement in the inteectualcalbre
of the Horse, aid higher range Of parliamentary eo-
quence Cushing's speech, for instance Is admirs-
Bile specimen Of analysis, correct reasoning and lucid
arrangement Fletcher's is in the same style. Mem.
fees srgumenative and forcble Lsgsres forensic and
elegant Pickens discussve ornate and ingenious, and
Hoffman's parliamentary, splendid and beautiful


, so much for Congress Among the visitors which the
last session attracted Washington, were number OF
beautiful women whose charms not less attractive
than the eloquence Of the two houses. So splendid
collection Of resident and foreign beauties had never, u
was said been In this city before and the gale","

From our Correspondent MsIi<re-No LvLI


WAsHINGTON Oct 20 1897",Morning herald. [volume] (New York [N.Y.]) 1837-1840
1837-10-04,"DEAR BESSErT,-Why don't you cut that cross jack
eye Of yours occasionally at the navy yard and see
what is going on We had splendid launch this
morning. The John Adams beautiful ship, went oil
splendid style about nine O'clock crowded with the
life Of man. those heavenly creatures the ladies'! Oh
wish you had been there Of the pretii-
est loveliest damses that your eye fixed its gaze
upon But touch upon terrestrial rather aqueous
matters, must inform you that she launched 9
A. NJ, at meridian was masted and 6 p. M. was a.
auno yards crossed rigging set up, and every thing
done in ship shape manner and becoming to the Off.
who had charge of the affair.


The John Adams slid gently off her ways into her
native element, for she has been herefore brought up
handsomely without accident, detriment injury, and
Immediately after laying along the dock, the work
commenced


Such an occurrence Of launching. mastng, sparring
and rigging has occurred this yard since the days
when the Fairfield sloop sf was launched, and il
is hardly necessary say, especially to those who know
it, that the gallant and noble who conducted tina
launch was the head this occasi


r. s. Do come over and visit the navy yard, arc
all anxious see you. Yours, &c. SALT WATER.",,Morning herald. [volume] (New York [N.Y.]) 1837-1840
1837-08-31,"WeOneS0ay, aug. 30, n. W.


Our accounts from England the LIST slight
important The money Atlantic give con-
nuedsgns ofease and comparative health The specie basis
OF the Bank OF England gradually increasing the
of the month increased from currency
SIS 0oot nearly &26 oc0 Yet there great
want OF confidence in many quarters throughout England
which of elfw slowly affect the general operations Of the
commercial machine.


Tbenteerence of the Bank far aid ed the remaining
American trade merely protect their manufacture
ing interests and probably have certain effect upon the
elections crisis in the manufacturing districts Of
general election might have popularity efhe whg
the Bank England steps into the gap and
gives Its support TO those houses intimately connected with that
banc industry The nvesgaiion the subject baking
andcnency which proposed the House Commons has
not been thoroughly carried That the
Parliament viii take up this subject in with
joint stock banks and the Bank Of England there be
doubt Six ago, the bank received recbarer
for only limited period-about twelve years
That period drawing its close when recharer
will be asked Of the government For past there
has been great difference of opinion among British
respecting the right principles which paper currency ought
to be conducted Private banks joint stock banand sin
gle large bank have each Its several parties.


The Parliament WILL therefore have before them, at
precisely the same point OF time the general subj
which Congress about The action of sch will
have great AMI material effect the other The money
marketo London Liverpool, New York and New Orleans
ways affected for better Tor by the
All these points sympahse with each other the
10 ofmomentum ordinary per cent in extra
ordinary periods We 10 in ordinary times
the whole trade othe Emitted States with England bears
proportion to the whole trade Of England with the
world as 10 does to 100 In and higher degree
fore will the legislative action OF the countries the cur
reney sympathse and affect each others conduct.


During the last few days. considerable activity has again
begun In the specie market Today large
ing into the street. principally from European emgrans and
South America. We parcel of $4,000, in British
gold brought In by couple OF farmers who have recently
arrived to make this country their home. The principal supply
Of gold and silver received Walls from abroad
not from the interior The banks far We asceraned
retain all in their possession in order be ready
action Of Congress- and be able any
Yesterday another arrival Of s6 In specie reached here
from ST. Thomas W. and probably the whole arrival the
week past may be put down thus


From Havre, 9le00a


Tanpco, 10000


St Thomas, 3,7@


Havana, 2O,o00


Emigranis, $4,000","
M d n r; Y M A IL A IL r..",Morning herald. [volume] (New York [N.Y.]) 1837-1840
1837-08-31,"General trade Is as Hat but money good urty
making investments readily enough Among who
doing safe business there scarcity meney The great
cry raised chiefly by those whe OF the terrible
engagements OF 1886 IL supposed the crops other
God send will help this class Of traders hut IL seems quite
doubtful whether the crsps wal, reach their fingers


The contest amorg the debtor creditor goes on
beautifully The Suspension law, the financial arrange
menu entered into under It's provisions have changed


re baking system OF this state, OF its important
FEATURES by the old system setting aside the Safety Fund.-
which was never thing hut bubble ull the public
asleep each hank independent Of all and could
age rs asas according It's judgment and discretion


The INTERVAL exchanges Of the len regulate


themselves according to the natural currents Of trade. In
sequence Of the expansions the country banks the


pecalaons Of those who had the control Of Them they
brought To suspend specie payments am ask the legislature
for further privileges The Suspension Law passed in the
midst Of panic got up Mesra Oicot Marcy, knower
Crosswe Corning and others, many of whom had launched
ne all kinds Of wild specuaons In every par Of the country
One these speculaons called Msumee City, In the west
ny clause In the Suspension Law, made obligstoryon
the city banks receive all country paper 10 payment
Of debts deposit Here the great change In the sys
tenn This clause while II empowered the coeny banks TO
force their paper the city banks did not take away the
of the city banks demand redemption OF % paper
In specie The great weapon egnsy In the hands of the
public by which they could shut up ten days. Safety Fund
bank that refused to redeem In specie, was still LEFT with the
city bsnksor believe the banks put each other IN
Chancery, though the public cannot.


To prevent the city banks from using this power the cred
Tor banks great deal 81 negotiation, agreed pay
per cent for all balances The operation Of this agreement


therefore now producing state Of things which great
ssn and discomfort among all the creditor banks
In the commercial circles The great object
auspepson Law was autose. compel additional
soe paper money, srder tina, the SPECTATORS mgh,hsys","

",Morning herald. [volume] (New York [N.Y.]) 1837-1840
1837-08-07,"For the herald.
TIE Lass Rose IL Fading.
The lass's rose is fading fast,


Upon It's parent stem;
The ravages OF blight at last
It's beauteous charms condemn;
bur hers are blooming fresh and fair
In youths congenial, morning ar.
She weeps whene'er its petals fall
She sheds tender tear,
To see her rose berett OF all


She held to beauty dear;
But fade and fall its petals mnsi,
And lie betrodden in the dust
Sweet emblem of her rosy charms.
They soon, like this, may fade,
And in the sepulchre's cold arms,
Be all neglected laid
Yet fond affection there may shed
A tear upon her silent bed.",,Morning herald. [volume] (New York [N.Y.]) 1837-1840
1837-12-07,"Sand hsr St shall be glorious Isaiah.
The brave may fall in the hour of fight.
And their names he bazoH'd In Fame false light
But honor not thou the soldiers tomb,
II sbathed in blood, and tears, ane gloom.
The kings Of the earth put of their crown,
And they pass with pomp 10 the dark grave down;
But with torches CLEAN, and jewels blaze,
There ningles not one of glory's rays.
The coed man dies, and the widows tear,
And the grateful orphans. fall on his bier;
They make his bed meath the old yew-uee,
Aud oh. his rest shall glorious be",The Good Mans Grave.,Morning herald. [volume] (New York [N.Y.]) 1837-1840
1837-08-04,"NTISs WVVN
lvA her friends and pupils that she has received by the late
arrivals from Londen Paris her supply Of English AMI
Zephyr worted for flowers and embroidery; and superb
Berlin and Vienna patterns together with full assortment OF
Chenies Embroidery SilAs, and white wood articles Tor
transfer Also few splendid Satin and silk embruisefed
Apron. OF the latest fashions charens embroidered and cam
frocks and caps; variety Of paint boxes with Msrrs
best colo aud every material used IN drawing asd fancy
work.


usual given her residence. Tuesday, Thurs


ay, aud Saturday In Drawing worsted work, and Embro
derv iyts-fms","MISS CLAHK, I3I woOsTER sTRt IN. nf,rn7.",Morning herald. [volume] (New York [N.Y.]) 1837-1840
1837-06-23,"Since the suspension of specie payments, more
young gentlemen and ladies have fallen in love
more marriages have been contracted-nere hands
and hearts pledged to holy wedlock-more parsons
get fees-more wedding cake made than for the same
space of time previously, within the memory OF
the Oldest inhabitanL


On Wednesday evening beautiful matrimonial at
fair came off in Houston street. The parlor, that
held the little happy party fitted up as gracefully
as Hymen and Cupid together could have arranged
it, had they been both bred uphosterers. The lights
were brilliant the dresses splendid the cake and VINE
deeious-and all present as full OF happiness as
love--expectation- ebss-friendship, and
mutual kind wishes could make them.


The young and blushing bride, sat in all the purity
and levelness of innocence and white satn-a wreath
of white roses encircng her lovely head, where the
little loves were nesting and playing at DO peep. The
two beautiful BRIDES maids were dressed in pink
satn-how tasty and eegant!-and looked like the
smiling pictures of youth and loneliness


Mr.. G., the young bridegroom, sat in full dress-a
genemans full dress is SO little varied that it IS hard
ly worth deseribng-looking triumphanty happy
his lofty forehead showed mind that could appre-
cate his happy lot, aad bis beaming eye and the
smile that sat on his lip seemed to say-""I am the



off the precious prize from host Of contendng
rivals""


Rarely has more brilliant party been assembled even
At wedding than was seen on this joyous occasion.
There was the beautiful Miss c. who has more ad-
mrers than she can cosnt her fingers-the fingers
they all swear were stolen from the Medlcan Venus
She was dressed with singular taste and neaness,
just enough and just little enough Of decorations


Then there was Miss X. another favorlte belle
with an eye that would warm cynic into passion
Miss NJ whose form one imagines was conferred
upon being of the earth by some odd mistake which
deprived paradise Of one Of its pretest aHgels-and
Miss H belle, in whose enchanlment more than one
proud heart has luttered-but we cannot enumerate.
The gentlemen were gallant spirited, and attentive.
They all read the Herald and Chroncle-and conse-
quently have imbbed sentiments of gaantry and de-
votion to the sex, which make their company pecu-
liarly pleasing the fair. The affair passed off plea
saatly-our package Of cake came to hand-Heatly
enclosed in gilt edged paper-tied round with deli
cate white ribbon-with sweet rose, emblematc of
love, Hymen and happiness.",,Morning herald. [volume] (New York [N.Y.]) 1837-1840
1837-09-22,"MEDIUM NE Nap BEAVER HATS.ToDD FLEU-
~ RY, late Of the well known establishment Leary


- Co., and &. 81 John, would respectfully inform our
friends and the public that have opened Hat establish
ment lsf Broadway and ater ourselves that after
years experience ia the business have arrived
IN the arr OF manufacturing Hats We feel perfectly
that the style OF Medium Nap Beaver Hats with pro-
we'd coorng, which offer for SALE will reader
abishmeat unrivacd and enrol first the list OF and
Hats have been Inspected by some Of the first judges in this
city, who pronounce them 10 be superior offered
for sale In This country the reduced price five dollars
style OF Hat that has long been wanting in the departure
OF taste and which for has employed
vain


rst manufacturers In London and Paris receive
fashions without delay We also oer for sale emporium
OF standard fashion for the splendid Sbsr Nap Silk
Hat OF the latest Pa aa style and fashion, made imitation
Of Beaver Nap.


b. Having had experience for many years the celera
ted house OF G. 81 John feel Ourselves perfectly compe-
tent produce the splendid Chappeau Military cap
on the most reasonable terms and the shortest with
all the necessary alterations that require.


TODD FLEURY, 194 Broadway,


S-lm- opposite Frankhs House.",,Morning herald. [volume] (New York [N.Y.]) 1837-1840
1837-08-05,"FRIDAY, August 4th, 1887.
Wehav very little alteration the make in
report OF this mornings markets Butcher meat still
sivey high, proceeding principally from the specuaters
between the grazers and butchers who purchase
the live stock from the former which they dispose of to the
latter greatly increased prices This practice is not conf
ned to this city extends all through the country par
tcuarly where banks exist from whom facilities obtained
by these spectators TO effect their purp oses


Baltimore paper referring this ube truly says ""The
issue between the butchers and the who take ad
vantage of the times riot the of the people These
Shylecks have eveed too long the pouna of flesh for the
good he butchers the benefit of the Virginia grazer that
would wish to realize fair profit""


specie payments is the only for this evil
Poultry but slowly markets. and is entirely
crossed by huckster avarce is saaed
their gains per Butter fallen
cents but Fisk the advance. Melons also
considerably lower.",,Morning herald. [volume] (New York [N.Y.]) 1837-1840
1837-12-05,"II We are afraid that the charitable meeting at
the Broadway House and the Masonic Hall will end
in abortiens. Theassemblages were too much filled
with bitter party spirit Why will not the distinguish
ed and respectable ladies of New York, get together
in their own way and begin movement calculated
to help poor females in distress next winter? Come
ladies, call up your heavenly Smiles your most hea-
venly feelings, and go 10 work. I will subscribe
another hundred dollars, if the ladies will move and
assume the management of great public charity for
the winter. Come lades-come- purest,
sweetest loveliest come.",,Morning herald. [volume] (New York [N.Y.]) 1837-1840
1837-12-06,"BAs MASSKRs.-We have received several COM
plants from The pretty young ladies attending the Ice
lures of the Mercantile Library. Julia says that the
young clerks stand about the doors, and gaze very
rudely under her bonnet when she leaves the room.


This must not be done. Young gentlemen must
not be gazing under the bonnets Of lovely young la
dies. IT'S bad practice ard more honored IN the
breach than the observance"" Let the young bring
their female acquaintance TO hear these lectures and
then they will be better occupied. When they hang,
loungng about the dosrs, the devil is sure TO push
them into mischief That old rascal was the first fell
low who looked under the bonnet OF our beautiful mo-
ther in Paradise, and thus


brought death into the world and ali orr VOC",,Morning herald. [volume] (New York [N.Y.]) 1837-1840
1837-08-10,"They prove their doctrine orthodox


BY apostolic blows and knocks


still perverse and opposite


As il they worshippsa God for spite.-Hudtbras
Thy Clergy, old Gotham, queer OF souls
As the annals Of time produce its rolls
Since the period of Pauther kind servant and brother
Who taught them to love, and TO bless one another.
But now, in their holy theological school,
Each parsons god, and his brother fool
Ones doctrine is folly and another's capricious,
And each thinks his neghbor too avaricious
As onward they HE to their heavenly abode,
Each one has the nearest aad pleasantest road
And should they almeet in fair Canaan together,
They'll stir up dust and perchance squaly weather.
Here's Dr. Philanthropy who'd prove from GODS word'
That niggers smelling savors to the Lordj
And n would he have them his fair audience embeish
Tho in sooth he that they lock rather heisn
Priests fight for the fahana they tight too Tor gam
And while they make fight, the conclusion PLAIN,
That the words the Scriptures they prove TO be CANNON
can serve the Lord the meanwhile Mammon",,Morning herald. [volume] (New York [N.Y.]) 1837-1840
1837-08-10,"HATSbe greatest choice Of the and best goods IN FAR
The best ssgeswh the lowest prices-nay he found al T.
BENEFITS straw Warehouse, showroom NJ ~ broad-
way, New York new shape, known by the name 81 the
Paris Hat This elegant shape, se snug and easy
and well peases the fashionable and tasty LADIES' hat
the bought Hats elsewhere daily brought tn
this establish altered n this beautiful Has NO one
has the shape errect save The Please call and
ndge for yourselves lie has still large stock gu hands and
variety CLASSES with uncommon reduced prices
1r Hear LIN mimi The number IN Broadway iYle1ms","NEM INTELLiGENCE oFE'ICl

",Morning herald. [volume] (New York [N.Y.]) 1837-1840
1837-12-07,"Brown g. Co.'s One Priced Hat store.
II THE subscribers, since the year 1884, have aimed at
furnishing the public with elegant and substantial
HAT OF The most graceful form at the accommodating
prize OF 81 They can now say that their efforts have
heen crowned with triumphant TIE Hats manuac-
ured by them during the last three moRhs beauty
and finish any heretofore offered, and stand preemlnent
those higher prices fashion able OF
the community.


they have completed their arrangements to sell plain
Caster Hat for $3.50, which in point style and finish, ele
Of form general appearance will compare with those
OF the highest prices All sales for cash. and deviation in
price.


BROWN co.
al63ms ia Chatham Square Mott st.","u. ID r. k y


PREMIUM
DOT N ID = II OE = O Il r
Clinton Hall, No. BeekmaB street,


New YORK. nl6lmf",Morning herald. [volume] (New York [N.Y.]) 1837-1840
1837-12-07,"NO. II


IL THE proprietor OF this well known establishment
heretofore supply his with the delica
eie Oft rived The best The quality
vands andhs poderae charges, evident from
thei altering patronage which he public pleased daily
award Ills efforts shah be, asst hey have hereofoe been
merit its: onnuance and his house that repu
tatenf excellence and wbck has for
oag time maintained. no-lms ID. SWEENY.


Premium Chenille Hats.


III MRS. NJ ID. HODGE, Of the Premium Tuscan and
Straw Hat store, SO Grand ST. having premium awarded
by the Comntiee Of the Grea Tenth Annual Fair OF the
Amsr Institute for her splendid Chenille Hats manuiac
stitch, completed
cesary supply thgse truly elegant Hats suitable 20 the
pee and respectfully invites ladies and merchants
to inspect the same. Hl6-lm.",,Morning herald. [volume] (New York [N.Y.]) 1837-1840
1837-06-03,"II OVELY AND ADORED BY ALLAN En-
- CELlENT ARTICLE FOR Personal BEAUTY
Considered object commanding unfegned


ton, awaken natural socude for its
vaton and the toilet becomes both ofmporance
and utility especially where discernmen presdes the
selection of those appenages which has
For this purpose Lady Montagues Compound Chinese Soap,
bning elegance of preparation with the prominent requisites
safety and efficacy. II has obtained extensive patronage
rereser aud Of the complexion and preserving
impaired agreeable Aexiby sones and transparent qua
lity of the skin


For sale by A. Tnderhi 80 Beekman street. corner Of will
hami DR. Jas Hart Rowery and Walker Price 50
cake. my255m","T OyELY AND ADORED ny ALLAN y,
~ CEIIFNT ARTIC IF FOR Personal RE- ATTY",Morning herald. [volume] (New York [N.Y.]) 1837-1840
1837-06-03,"THIS wholesome preparation manufactured by Martin,


of Dublin Ireland, and extensively recommended by the
Faculty nutritious and agreeable diet for adults
and children in i'll health obvaes all the uncertainty of
king whey from the Bag, and warranted keep
long time. and in any climate.


DIRECTIONS UsE.-A tea-spoonful of the Essence To
every pint Of Milk, then heat blood warm and let IL settle
some time before the fire, when viii form Curs and Whey
Price, 81.


Sold only Propretos Agency for America Hoppers
Pharmacy, No 56 Broadway Franklin street New
York. m2S-Im
DA6EAu's CELEBkATED STRENGTHEN.
breast, ide back lmbao for pou rheumatism liver
complaint and dyspepsaor coughs, colds asmas Difficult
~ in breathing oppression Of the stomach They will
give immediate and soothing recaad for peaannes
~ ease and certainty decidedly superior other
needless Such persons whose business ayocatons require
that they should stand or ~ much, those OF sedennry
bits generally who be troubled with pains IN side
breast advised these they
objections which reasonably
neraly The proprietor has had the pleasure selling them
daily for in this cityand ri The many thousands
who them he has heard solitary complaint
They paironised extensively by medical
probably intelligent physician In the United
States Europe that would hesitate them with
his or influence when made acquainted with their
position.


Printed directions accompany each plaster signed by me In
hand writing, To counterfeit which viii be punished
forgery Persons about buying them will remember ask
thew the directions thus signed They in boxes
with large and attractive show bsw keep without injury
In cmateand viii be forwarded any part Of the Uni
ted states British provinces order and liberal discount
made Ia those who buy 10 sell again.


In conclusion have only add that
ia which the auty effects have been produced by
o themthat they recommended with the entire
confidence 10 all who thus afflicted


Sold wholesale and retail the Bowery Medicine Store
No ss Bowery, New York, by -
my0y N. W. BADEAT.","MANTIN,S ESSENCr. OF NENNEt.",Morning herald. [volume] (New York [N.Y.]) 1837-1840
1837-07-20,"HATsthe greatest choice Of the finest and best goods in f2r
The best slapeswith The lowest prces-naay be found az T.
BENEFITS Straw Warehouse showroom, a 207 Broad
way, New York. shape known by the Of the
Paris Hat This most elegant shape, snug and
and well peases the fashionable and Ladies' at
the most bought Hats elsewhere daily brought
this establishment 10 be altered 10 this beautiful at-as
has the shape the above House Please call and
Judge for yourselves lie hos still large stock hand; and
variety suit all classes with reduced prices


Bear in m the mper2 Brpad way M","re AD,XIsgSP,, Az WH9 SSA lR3ugTI",Morning herald. [volume] (New York [N.Y.]) 1837-1840
1837-07-21,"From the United States Gazette.
The Launch of the Ship Pemnsylvania.
Never did more pleasant day dawn for fete than
opened upon hundreds Of thousands who yesterday
| morning were expecting the launch of the u. States
ship Pennsylvania. The public and private houses Of
the cities and Liberties, were crowded with visiters
ANXIOUS to witness the interesting event-and the cars
double trains of which from New York and arr
we'd about noon, crowded with passengers passing
| on towards the Navy Yard.


The SHIP-The affairs in and around the great ship
had been admirably arranged, that all in read
ness that could be prepared before the day of launch
ing. The ways upon which she 10 slide, had been
laid with massy tnbers and secured with braces pro-
poronate in size and number the purpose for which
they prepared The cradle fitted To the
bends OF the ship with admirable precision; and the
long wedges with which she to be eased from the
numerous shores, which she rested placed in
proper position receive the well dealt blows that
were to send them home their proper positiou-aud
men lay along the cradle ready spring the signal
that call them action. All the shores $50
denonated those large posts placed against the outside
OF the ship keep her from falling either side
were removed, that could be taken away with safety
and ropes were applied TO the others to keep them from
falling upon the workmen, when they should be knock
ed away Within the ratings of the water, and in
the rear of the figure head, fastened chair
for the convenience of the officer who was to chrsten
the ship


THE PEoPLE.-Those who worship the people, could
yesterday their idol in all its gory--boh in mum
bers and appearance. At an early hour, say before
o'clock, persons vending their way from all
points OF the compass, towards the Navy Yard Tho
day had been designated a holyday; and the deter
minaon was evident TO keep it as such Those who
arrived first took possession OF the corners III the
wharves that projected into the river, the Navy
Yard, and sat perched upon cogn of vantage for
upwards Of seven hours, having the benefit Of hot
sum- and the especial advantage of the reflection of its
heat from the water.


Before 10 o'clock, the of people, old and
young, male and female, pouring along the street


ike the of many tides :"" carriages, omnbuses
and sidewalks were crowded; and as lhe people reach
I'll IaN'
filling the wharves crowding the shipping climbing
the roofs of houses and stores, and holding by oists
piles of lumber or any elevated spot that gave
chance OF looking inches his neighbors head
that the time and place for six foot Sta
gngs, with convenient seats had been prepared above
and below the Navy Yard; and these were soon crowd
ed, nj dollar From the stern of the Pennsy
vana, about half hour before launching, looked
along the shores, and by knowing that on a staging
erected bv Messrs Nolen Co., there about 200
persons, could Judge something of the numbers
scattered or rather crowded at all points, and command
ing the best view of the ship the great house
tanning il. We should estimate the number at 100000,
counting the immense host that thronged the Jersey
shore, directly opposite. Some gentlemen gave much
higher estimate one, much lower


The wharf Immediately above the Navy Yard was
thronged that il looked like great OF human
heads moving and fro, with few hundred parasols
to keep off the sun, and occasionally put out eye.


Below the ship temporary staging had been erected
for the convenience of the families of the workmen.-
This well filed; and the long building in which
are made and kept the spars, was filled with ladies'
The roof crowded with male visitors.


THE RvER--The sight of the river from the ship
nexpressiby fine. Ships were anchored in semi
circular position from oil the Navy Yard, in line de
sgnaed by the authorizes and their circles were dou
bled treblcd before o'clock, by every species at
craft from the largest sized ships the smallest cock
boat The number of ships steamers and other vessels
of size, was upwards of two hundred; while boats,
barges skis canoes, &c. &c thronged the arena, in
numbers without number. All the vessels were crowd
ed with company, and the steamboats,, with their pre-
cious reighs, seemed to in the ifinstinct
with life.


their young athletic crews seen sweeping into the
of water, and passing rapidly down, in file, with
their coors flying These, after plying with the rapid
ity and grace of birds Ia the shore and the
crews of some Of them were mustered on projecting
wharves each side oi the ship.


AT ten minutes past o'clock. y. NJ. the striking Of
tie flag upon the ship house and the discharge Of two
cannon gave notice that the launch near, and the
boats within the prescribed circle must depart. At
every boat shot of from the prescribed area and
took stands IN the crowd Of navigation.


At that moment the scene ndescribably elegant.
One could scarcely fail to imagine that he stood


oponthe rivage and behela


\ city the inconslant pillows dancing


For appeared that fleet maesticaL


The LAUNCH.-The noise of heavy hammers and
the occasional trembling of the mighty fabric which
stood. gave notice that the event Tor which many
waiting almost in breathless expectation, at
hand. The gallant Commodore Biddle took his station





well filed bottle We had the cusiosity look the
pieces Of writing accompanying cac-onc certi.
cate that tie of the bottle good old Penn
sylyania Whskey, distilled in ls9 by George kremsr,
Of Union county, and presented tor this OCCASION by T.
Hart Esq. The other a wine bottle somewhat dis.
nguished by the dust and mould Of the crypt the cert
fcatc fully expressing is excellent quality. II bore
IL the word CADwALLADER


Lieutenant Richie, who was the first in command,
marshalled the passengers amounting 10 upwards Of
300 amidshps where ropes stretched across and


the busy toll below went on, dealing ruin to blocks and
siays of every kind-suddenly there n pause. At
length there arose loud hurrah from below. The
PENSsYLyASA settled slightly To her cradle, aud NOV
ed maicscaly forward to the sound Of national music
from lie German band on deck


As soon rs her keel dipped into the water, Comma.
dore Bidde broke the bottles the head Of old Her
cules and wished success the good ship PENNsYLvA
MA Onward she moved not rapidly, the dip of
her ways was but four and half degrees but smoothly
and gracefully into the Delaware, occupying exactly
~. 55.lO0 seconds IN passing out Of the house.
Never was there more beautiful launch Never
did ship slide from her ways with more beauty and
grace and the eve of every board but especial
N every officer plisened with pleasure.


No sooner was The ship floating on the rverthan
there arose loud hurrahs from wharf 10 wharf-irom
multitude to muliituc-from the shores to the ship
png-and from the shipping the hosts on the Jersey
shores The thousands of boats that had fastened be
yond the line Of ships the signal gun now shot out at
every point aud openng springng into view IKE beau
tul summers sun


Upward and downward, ihwarting AMI convolyed""


savos Of artillery spoke the general pleasure, and","From the United States Gazette.
The Launch of t.ae ship Pennsylvania.",Morning herald. [volume] (New York [N.Y.]) 1837-1840
1837-06-16,"NEWTON have removed their school from the city the
pleasant and 6oung village of West Farms, Westcbester
county.


They have selected this location emily in consequence OF
Its proverbia health hut OF proximity the city, the dis
exceeding eleven miles. The house large airy,
and well adapted for such an institution.


They preparedt receive Ladies boarers
day scholars and they their friends and the public
that nothing shall be wanting their 10 afford
cty Of instruction and Improvement their pupils and
qualify them by liberal and accomplished education for the
respectable walks OF life.


Tuition comprises complete English superadded to
which taught the French Italian and Spanish lang
Music. Drawing, and Dancing, u required.


Highly respectable references will Of be- given to
guardians application be made either personally
the village by letter directed to the post Office West Farms


-1n",AMP RAx sSHSo E1 .!s,Morning herald. [volume] (New York [N.Y.]) 1837-1840
1837-08-29,"I.mm..W OF VALU fBLE ESTATE -FOr The purpose
s OF executing the contained ia the Will late
selah Reeve, deceased, the unders will sell public
auction Tuesday the 10Th day Of August inst o'clock
10 the afernoan at the late residence of the said deceased the
Farm ncluding the dwelling house, farm house, barns
bles and out housesl whereon be resided the
DEATH situate wit few hundred yards of the paved streets
in the village of Newburg. The dwelling house large and
commodious with every embellishments IN the gardens
orchard, fruit and srubbery The Farm contains -
Of most valuable land under high state Of cultivation
with the fences, buildings and mproS the order
II oyeroeks the entire village and lay ~ wburgh West
Point, aud the surrounding highlands and commands pros
pect not surpassed by any other upon the river.


The dwelling house, with the orchard, garden, stables
and sufficient quantity land will be sold separate and the
farm house. with the residue Of The land viii be offered
parcels the whole i'll be offered together, cir
and the views Of purchasers may determine
time OF the sale.


The title is indisputable and the win be liberal


CHRISTOPHER REEVE,


JOHN w. BROWN.


Executors and Trustees nc OF Selah Reeve deceased.
Dated, Newburgh ogagge County, August 7th, 1887.
Am",,Morning herald. [volume] (New York [N.Y.]) 1837-1840
1837-05-24,"1.-THE following lines are sort Of semi-parouy ., -.
Ass, Bring Fiouersr will, we trust iorsi'e ""
oatragel


Bring Do4uers rich bowers for the bridal giit
A heritage gathered by toll or by THRIFT
No matter ii features be haggard or pale,
All are equally blooming beneath blond veL
And the touch of the rse-strngs with magic"" p.'
Transforms A base weed a beautiful flower.
Rring Fortune-and srew in that conqueror P""''i
Domestic thrones shaken by termagant wrah
With the spcils of Felicity let her cone baef,
Crushed hearts that ensans uine her chariot ""asM
Let Luxury channt triumphant lay,
And Bacchus his bright purple banner display.
Rring wealth to the wife, in whose stately saloon
Meier gimmered the radiance oil Loves money moon
Her frescoes are rare--and her marbles unique;
But where for that frmness and purity seek,
Which blended impart to the conjuga station
lusre transcending arts fairest creation.
Bring Gold the altar, whose incense should breathe
OF flowers, immaculate Feeling should wreathe.
To Destiny pour polluted lbaton
And blessings invoke with sordid obaton
Away with the Graces-both sportiye and pensi,e,
Their bowers are bartered for fields extensive.
Away with the Syrens--their musical powers
Are lost the Brdegroom-bring douers rich dowers


p","

",Morning herald. [volume] (New York [N.Y.]) 1837-1840
1837-05-24,"~ ENiNG PLASTER-Prepared for pains weakness in
side, back mbs also govt rheumatism, liver
complaint and dyspepsia for coughs, colds asmas difficulty
in breathing oppression Of the stomach &c. They will give
immediate and soothing reeand for peasanness safety
and certainty, decidedly other
dies Such whose business require that
they should stand much those OF sedanlary habits ge
neray who be troubled with pains in the side or breast
advised 70 of these beautiful paster they es
senay different from all Others and free those OBJ
sections which reasonably made ans plasters
rnly The proprietor has had the pleasure selling them dali
Is this city, and of the thousands who
have used them he has not heard OF solitary complaint They
paonsed extensively by the medical prof on and there
Is not probably intelligent physician in the United states
Europe, that would hesitate sanction them with his
influence when made acquainted with their composition


Printed directions accompany each plaster signed by me in
hand writing counterfeit which will be punished
forgery Persons about buying them will remember TO ask for
BADEAU'S STRENGTHENING PLASTER and see that
they the directions thus signed They put up boxes
with large and attractive show Hwll- keep without injury
climate, and will be forwarded part the United
states British provinces per Order and liberal discount
made TO those who buy to sell again.


IN conclusion, have only add
rous IN which the most sautry effects been produced by
using them, that they recommended
confidence 10 all who thus afflicted.


Sold wholesale and retail Medicine No.
go Bowery New York, by N. w. BADEAU.
nv","RADEAy,s cELEnRATED STRENGTH",Morning herald. [volume] (New York [N.Y.]) 1837-1840
1837-05-24,"CUSTOM HOUSE HOTEL corr 4; 4. ROOM
~ begs acknowledge the obligations ne u
under the gentlemen who have literally parone his
establishment and has the pleasure to inform lis friends and
pa-ns that Ne has entered into with


celebrated pie baker for constant supply o the pies
possibly be made IN this city. lie will
be able all supply his customers viii coffee and
chocolate the finest flavor aad rcest quality fiat
hHef that establishment IN the city the public
he and satisfactorily served with such articles
af his mvi63n
COUNTANT-Beng = series of mercantile accounts, IN
which merchant introduced into business and carried
through vcsstude both prosperous adverse
In single partnership with improved merchants
journal The principles drawn from actual experience;
which added tables Of weights aud measures
the commercial world Fifth edition, by Thnmas H. Goodrich
Just received and for sale ~ the trade,
tail very low, by G. SHEPARD, ise Broadway.


al5-2w",,Morning herald. [volume] (New York [N.Y.]) 1837-1840
1837-12-02,"FRIDAY EVENING, Dec. !.


Owing the infinite Importance that would attached To
board Of cotton brokers in this city,
the dealers Of immediate action. We shall continue 70
dwell this important subject until something decisive is
done In England, the merchant or the me-
chanic glance tell how every thing appendng to bis
business stands We have very often REFEREES subject
but other paper has borne therefore
sing lehanded Our statistical


The southern papers continue fan the Jealousy that
shown elfowsrds New York further their
objects have been called and solutions passed indicative Of
commercial jealousy that always the destroyer OF enter
prize in all countries. New York the concentration all
the capital ofhe country and where that Is the OF the
country will follow The above attempts OF the 10 e-
tabsh regular line OF European packets fully proves their
inability export their without the aid The capital
AID commerce Of New York. Some OF the capitalists OF the
suih would and have built ships carry on the
direct trade with Europe. These vessels may make or
two direct Europe and back but the home freight
will be OF such ng that merchant merchants
would continue let their ships runthe consequence will be
that the vessels viii sail from Charleston, Savannah,
may be- with cargo cotton their return they
will to New York with goods
merchsntsand ben proceed Charleston and on ball
last These remarks founded sound data-which
from which gain the facts Their importation lists viii
show.


Another arrival Europe snnouscsd yeserdsyhe
market up the evening Of the 18Th ult
valuable commercial correspondent will be found in the
olumns-we refer readers The suhjoined
Liverpool quotations Of the 18th ult IL that all descrr
ons and qualities here enumerated which put
sbcdf in ooIl efter",,Morning herald. [volume] (New York [N.Y.]) 1837-1840
1837-06-19,"Considered m an object commanding unicgned admra


ton, awaken natural socude for is attainment and preser
vaon and the toilet becomes both ofmportance
and utility especially where discernmen presdes IN the
selection OF those appendages which experience has sanctioned
For this purpose Lady Monagues Compound Chinese Soap,
prefers attention, founded nearly century Of trial, COM
bning elegance preparation with the prominent requisites
safety and efficacy II has obtained extensive patronage
rercsher and susaner Of the complexion and preserving
impaired agreeable fexbity sone and transparent
lity Of the skin


For sale by A. gnderh 80 Hickman Of VII.


liam; DR. JAS H. Hart, Bowery and Walker Price 30
cents per cake. my25-3m",I OyELy AND Ap0RED ny ALL:.ANE x-,Morning herald. [volume] (New York [N.Y.]) 1837-1840
1837-10-26,"WEDNESDAY, Oct %.
Prom statements annually published in London, appears
that the coal consumed there surng the 1886 about
100000 chalrons Es,imang the population mil
lions this would give chaldron of SO bushels each
person.


The pce OF chaIdron coal delivered board vessel
The average price Of freight to Londanis, $40
The sum charged for delivering each chal-


aron from the vessel into the consumers eel


lar in London, is S3.05


Cost, sa55
Upon average yea the citizens London pay $1,000
for chadron focal delivered in their cellars during tina
year round giving profit the coal merchant
81 each chadron. This, perhaps, reasonable allow
the coal merchant for his troabe and would he
dered here with this coal spectators would be
the .rhos round, their brethren in the trade
in London and well known that their weather.
of people in that metropolis than the regular dealers
The article But in this city, 81 ton, besides the overweight
not considered sufficient profit; for when visited
by the colds OF winter the price frequently increased s2
sometimes $l4 toni by which the dealers realize
age profit of $375 and above by the
London merchants without including their gain arising from
their selling shorter weight.


In order divert public attention from these facts the Phi
ladepha spectators say that the high prices Of coal there
occasioned by The ners at Potsvie Now have 1t
Authority abundance of landing
may had from $3.50 325 the chaldron that
pense Of loading does exceed making average
57i per chadron BY our last accounts the price Phla-
delphia $6 Is thus putting into the pockets specu-
lators herea profit S287A chadron for merely snpern
tending its transmission from the place landing which
only miles distant from the city. When arrives in New
York. we have frequently stated made pay 90 So
making advance the original price Pottsvie, of
than s. every chadron. Is possible
traffic which much imposition practed asths! Here
told that the fault Is with the Phadephan There
hey say lays with the MIXERS This exactly
things existing between the butchers and droves Both
camor against each other the e prices expect
ing by mutual recrmaaen throw the odum other
and thus the public the exist
ing Ii shall however be- has hitherto been, con.
slant aim undeceve this cheated and insulted commrny
by detecting and exposing the frauds daily pactsed by specu
Iaturs, ferestallers and nopoizers.",Coal Market.,Morning herald. [volume] (New York [N.Y.]) 1837-1840
1837-10-12,"Sweet Bard OF Columbia tay harp-strings falling
The winds Of misfortune sweeping them DER;
In sackclothand ashes bright Genius sits waing
The strains that once gladdened It's native shore.
Yet longin our bosoms their music linger,
And the minstrel that touched them shall also be there's
For Memory regardlu, shall point with her finger
To the garland that Virtue Cor Fame shall prepare
Tho age is encroachng and ills have beset thee,
Ant penury enbrambled Thy pathway to fame
Yet ne'er shall our hearts neglect and torsetthee-
Our praise and our sympathy well cans, thou clam
Thy aurels and still, losg shall they hoursn
When the the myrtle have csstoh their D'oomi
And long shall Remembrance continue 10 nourish
The towers that nopo blossom gsrnish thy tomb


r. q, r.",,Morning herald. [volume] (New York [N.Y.]) 1837-1840
1837-10-12,"The question is the of premium these nees will
bring in the market The refusal Of the banks here
and elsewhere TO refuse entering into negotiation except
discount, ridiculous piece Of fanfaronade Treasury
bearing per interest,"" issued by the government
the valuable paper money in the country, the
world The credit OF the ea States government equal
than that OF England. Its paper bearing Per
interest win bring higher premium London Change
than other, the bonds OF the u. g Bark
verment or banking security.


There will be difficulty in negotiating these notes. not
wibstaning the opposition few days ago. proposition
made Secretary Woodbury. from Philadelphia for
s5ooooo without interest,"" at % per payable in specie
The Secretary BY the law has the right issue
interest less, and is yet unsettled at the Department in
what form and al what interest to issue them.


This being the there will be, III reore great compe-
tion among capitalists catch these Now happens
that the aggregate deposes, belonging to capitalists lying
idle in the commercial fully equal to $780,
100000 In this city alone these private deposes equal $
0ooooo The refusal banks negotiate OF
these notes, viii leave the field open 10 all the private capital
These capitalists i'll Immediately withdraw their funds
from the banks and invest them In the Treasury The
effect OF this operation win be cripple banks curta
their ability to the extent Of the whole issue But the capital
lists and the solvent merchants win feel the effect Of
bank eurtament ALL II i'll principally fall the specula-
the banks and those who bud their business
accommodation paper The capitalists win first draw
their depotesmake investment in the noesand then
when the merchants into The market resell them
advance.


According relative values oil BANK and
Treasury drafts probable that the government will re.,ye
100, varying lo5-perhaps more they viii
he received payments the
per A. the whole absorbed by the
depotes held by the capitalists It probable these will
the market gain advance, and thus become
highly valuable remittance from the South the North,
from the North England. In this shape they will
into competition with the large Of southern bank


cses deposit circulating exchange currency
from the South TO the North.


The efficiency OF these notes a commercial currency all
give them value beyond the Of any bank
Of the u y. Bank probable therefore, that the capital
will made very handsome profit the first process Of cir
cuaonand that the merchants will make them very useui
second process general results Of the issues will
drive rredeemable bank from the higher ranks
the greatest blow to the rotten banking
system which yet made. The capitalists and the SOL
vent merchants throughout the country will alone receive the
benefits Of these the withdrawal Of the private
ass 10 he invested in should surprised
IA see several banks compelled to shut their doors
A ,nv rate the has already compelled the banks
beo,u to pay specie. We learn that the following banks
10 :, raw their Ave dollar notes In specie


Manhattan Bank, Pbenix Bank,


Tradesmen Bank, Bank OF America.


i.afsyeue Bank, National Bask,


The extension Of the bond system also very beneficial 10
the merchants to the extent of s5ooo,ooe.


The stock market Is looking up


sales at the stock Exchange.",Aln-0N.o COO,Morning herald. [volume] (New York [N.Y.]) 1837-1840
1837-07-21,"NEw Yosx, July so-6o'csck, y NJ


Business rather du today. The only sale Of any
note wss Of sesh well ssesded, and went OF
considering every thing The crop OF wheat has
meuced coming market Yesterday about 1000 bushels
arrived and there is considerable quantity the way
this port We hail lis arrival with pcsssre The holder,
however win mix with the foreign wheat they have already
% hand u will probably take sx months
the foreign grain But soss the holders mix
good English German wheat with the American, would
Ne beresca The prices prssen extremely high
bot ~ the coming crop fully supply the mshet We
may soon expect to present qsotstons greatly dmn
khed.


SEINE Of the ~hess hss been sold st Bshmore AZ ""
per busheL This merely the part Of specuaors
they are eodeavooug keep grain the rates. but",,Morning herald. [volume] (New York [N.Y.]) 1837-1840
1837-11-30,"MRS. MOTIF, THE CELEBRATED nMALE


M PHYSICIAN Of Boston, would respectfully give notice
the Ladies OF New York and vicinity, that she hs
ced practice this city, her residence Leonard street.
nearly opposite the National Theatre.


Having collected during her tate tour 10 Europe Herbs
essential O be obtained In America she will
enabled diseases their formidable appear
The great which has attended her Of
diseases this country OF be
ed. The many delicate complaints incident TO the female
nmc render any argument Ia favor OF The Female Physician
unnecessary


Mrs Mott pledges herself to relieve the following
diseases Tic Dooreux cured without the
fancet) Contracons Psalyzed Limos Palsy Decline, Con-
SUMPTION Dropsy, IIumors (Scrofua, Salt Rheum Kings
Evil, Csnker RDgworM, nc 6c Catarh, Scsld Heads, AZ
Nervous symptoms White s~clngs WORMS, Asthma Jaun-
dice Liver Complaint ilemohcds, Piles Female weakness
nc. &C.


In conjunction with her medicines Mrs Mott will administer
her celebrated Patent Medcaed Champoo and Luxung Baths
avads and Others Tos mach be said in favour Of
eBa OILS suit the diseases for which they taken They
perfectly administer the debiated impa
ing TO such strength they not only uxunr, but
In all complaints, and against all
gieus diseases One trial will convince the most scepcal o
their utility For uxur, the healthy, they calculated
promote free perpiaon cleanse soften and purify the
shin


Mrs hsvsg made diseases children particular
branch OF her she win be enabled diseases
that have ssnled the skill THE most talented physician No
mercury or mineral of any hind used


Hours for seeing patients from 10 In the morning. nn In
the evening. Gentlemen communicate with Mrs Nett,
Only through wife mother.


Ladies and gentlemen can be accommodated with baths al
any hour Of the day.


D Letters from the couny pos, paid wiz receive immed
nte sttentio~. ol0-3ms",,Morning herald. [volume] (New York [N.Y.]) 1837-1840
1837-11-30,"NO 3 DIVISION s.EV.-The time rs not far


OH Ievons Hunters Red Drop will supersede tae
use every thing that known for the venerea not
withdrawing unprnciped scoundels rob of its
popuary bat its people are not so easily deceived


particularly when three OF those that are cured every
that have used thing they heard
If wish further expense get this
first warranted effect prompt end safe the
See that bottle he's The written Signature oil
Jrinh leyson whom be obair Ell privately and
fdenay at Division street Also Hanover street. Boston,
t8 North street, Philadelphia So Hamilton street Albany;
and in New Orleans n2i-ims",,Morning herald. [volume] (New York [N.Y.]) 1837-1840
1837-07-06,"NO III Fulton street, three doors from Nassau,


Manufactures and keeps constantly hand for SALE plain
and fancy Paper Boxes every description size STYLE
forthe following lines of business:


AIRY Goods, Silks, Laces, sc. B-Shoes Clancy Ar
tcles D-Stocks, Collars, Bosoms, Shirts E-Curs F.
Buttons GJewery and Perfumery in all their branches
HSamples for coffee, rice wheat &c. J-Maches k-Furs,
especially for NUTS Musical instruments M-Drugs
thecary and stationary Nat Cases, hat boxes and band
boxes, for millinery articles.


Orders for purpose quantity quality of paper boxes
received and promptly executed with DESPATCH al the lowest
prices to fit article prescribed nhe neaest


Merchants setting new be supplied immediate
y with gosd and strong boxes for exactly fitting the
shelves, aud being a real decoration OF the store.


Country merchants will find every accommodation in regard
70 obtaining boxes description and shipping them all
parts of America at the shortest notice


In the mean time he gives notice that he regularly imports
from Germany his native country real Genuine Cologne Wa
of which he has received large quantity for whole
SALE superior TO any article in the present mar ct.


Also, most splendid assortment Of German patterns for
samples and emkroderes every description for retailing
pocket books ladies' notice books decorated
with needle work rich and handsome style they
were seen before


g. Peucher returns his sincere thanks to his numerous


eRds and customers their former and trusts by
uawearied pains to merit a continuance OF the same.


He also informs his friends and the public that he has been
awarded diploma the American Fair held October,
1885, Nibos Garden New York for specimen Of
they being considered the substantial and splendid
article in the line offered to the inspection Of the public


my20 I'm","Paper Box Bazaar.
GEOR r. H REUTSCHEn.",Morning herald. [volume] (New York [N.Y.]) 1837-1840
1837-07-06,"IL EMOvAL.-C. SHEPARD respectfully informs ms


friends and patrons that he his Book Sla
nonay and Fascy Goods Store 1879 Broadway 262
HalL)


lie has made arrangements orreceving all publications
al the earliest date He will greatly enlarge his stock and he
promises keep constantly hand great variety and
choice collection OF Classical Scientific, School and Mscella
neous works as can be found in the city.


lie viii always be ready supply his customers with the
hnesi quality OF English and American Stationery, among
winch may be found English letter and paper sealing
steel and quill pens penknves wallets gold and silver pencils
Newnan Reeves and Osborns colos engravngs, oil
paintings &c.


He viii also keep hand very extensive assortment of
Chdren's Books.


New York. May l, 1887. my6-fT1",THURSDAY MORNING. JULY 6. 1887.,Morning herald. [volume] (New York [N.Y.]) 1837-1840
1837-07-18,"O. Tell me- thou i-smened bird ofthc night


Why thus eer secluded thou lowest u dwehi
And why thou fit from tn approaching dayhgns


To ysur old hollow tree, in the dark, loneiy ue''
ThyAeeds must be evl-the farmer of sweafsh


When he goes in the morning 10 count Q e. i's ou'
And many a poor songsier with sorrow deciaresh'


When she for her offspring 70 share ei lnei io
Then fly fly away to your old hollow tree
Though dismal and gloomy us hitest lot thee.
Who are thy companions, thou sober-iaced bird


Saw tell me your friends, and I'll tell who you are;
The bat and the nghthawk Pve heard
The panther the fox, and the wolf, and the bear.
Then keep in your cell, when the clear is shining,


Nor quit your lone dwelling beneath is bright rays;
And not ill old Sol in the west is declining,


Fer think Of pursuing your past evil ways;
So fly, fly away 10 your old hollow tree,
Though dismal and gloomy; Ills fues, for thee.
And what is thy note tits unearthy moan,


That haunts the dark hemlocks of some cavern'd hills
All nature detected seems mournui and lone,


As you mock at the song of the sad whppoorwlL
Thou scares the niaidens and bellies OF the village,
When thou jonest tsy wita the nocturnal KIND;
And the plough boy scampcs with fear oer the uase'
Nor scarce dare he yeHure look Ger sefnnd.
Then fly, fly away your old hollow tree,
Though dismal and gloomy, lis ftest for Thee L.","

For the Morsing Herald
Ap0strOphe TO the Owl.",Morning herald. [volume] (New York [N.Y.]) 1837-1840
1837-07-18,"ID H0;.La.Y, Rcn Estate and General Agency Office


at Verpanck formerly known Yerplanck Point, West
chester county, New York;


~ b. All orders for the pui chase sale, exchange Of pro-
perty treaI personally lett the Office, at Ne ii Wals,
No street. the city of New York. viii
every attention the application requires


Conveyancng ofevery description executed at the shortest
aoice.


Specifications, Plans Architectural Drawings to
ORDER and the erection ofbudngs OF description SUPER
intended, &c.


number in the OF New York SALE or
exchange. Also in Newark and Patterson. New Jersey; and
some choice verpanck. Those who wish improve
the latter place, the whole Of the purchase money
main mortgage at 6 per ceDt, If desired


Those wishing delightful place isr residence mot surpas
sed the Hudson River other rver advise call
and Those who 'hnk Vcrpak broke those who think


ought break and those who hope will advise stay
away


N B. number Of mortgages for sale mot exactly on the
Wal! street pIan) varying rom to 5000 dollars.


Building Lots exchange for building materials 80 Pm.
ID YOUNG LADIES, At WEST FARMS-The Misses
NEWTON have renewed their school from the city the
pleasant and dourishDg village of West Farms Westchester
county.


They have selected this location only in consequence
prevebia beath hut Of its proximity city,
not exceeding eleven rallies The house large airy
and we'll adapted for such an institution.


They prepared receive Ladies boaders
day scholars and they their friends and the public,
that nothing shall be wanting their part TO afford every a-
civ OF instruction and Improvement To their pupils and TO
qualify them, by liberal and accomplished education for the
respectable walks If life.


Tuition comprises complete English course superadded 10
which auoht the French Italian, and Spanish
Music Drawing, and Dancing, il required.


Highly respectable references viii of course be- given
The village by letter directed the post Office West Farms.
niylg-2m","ID Hpi.Le.Y, Rcal Estate and General Agency Office
Verplanck formerly known as yerplanck Point West",Morning herald. [volume] (New York [N.Y.]) 1837-1840
1837-06-12,"Considered object commanding uniegned aimira
ton, awakens natural ocude for is attainment and
walton, and the toilet becomes both ofmporance
and utility especially where discernmen presdes In the
selection Of those appcndaCes which experience has sanctioned
For this purpose, Lady Monague Compound Chinese Soap
prefers attention. founded nearly century Of trial.
bnng elegance Of preparation with the prominent requisites
safety and efficacy II has obtained extensive patronage
reeher and sustaner o the complexion and preserving
impaired agreeable Aexbty, sones and transparent qua
lily Of the skin.


For sale by A. Underh 20 Bcekman street, corner Of Will
liam; Dr. Jas H. Hart, aowery and Walker Price so
cents per cake my253m","NATHAN n. GRAHAM,
mil. Nasxa Al aor nj Eult pn

",Morning herald. [volume] (New York [N.Y.]) 1837-1840
1837-07-19,"Yesterday afternoon about half past three o'clock the
spacious off the Castle Garden thronged with
boats TO witness the race between Pioneer and Forget
me-Not A challenge had passed between the bonny
boatmen of Whitehall and those of Fulton market The
Whitehall BOYS put in Pioneer, rather dark counte
nanced animal, with illei Of yellow round her brow.
She sat prettily the waters light as feather
and under the direction Of skful and knowing crew
On the other hand, Forgetme-Not, sable colored and
yet Of just features up to the starting point with
all the grace imaginable. Her oarsmen, with check
shirts and white caps formed striking with
those Of the pioneer in white shirts and black caps.


Hundreds of boats shot here and there-whie inter
minpling with the crowd be seen the LATTE, the
Alert, the Glide, and many of the class propelled
by brave young men,


In regular order set""


Every now and then mischevous sail boat, managed
by mschievous boys, would come laundering down up
on you, and make you uncertain 70 your fate-whcn
on a sudden, up would go the helm and she would glide
away in another direction. 1t seemed more like the
bay Of Venice with its thousand gondoa than the har
Dor OF New York


On the battery hundreds and thousands waiting
to see the sport while the trees seemed white with
boys in linen dress Castle Garden was crowded. The
coup fGii from the harbor was magnificent happear-
ed as ifthc city had poured forth all it, inhabitants TO
witness great which their existence de
pended. The greatest interest manifested. In the
distance were two steamboats, crowded with specte-
tors and they lay to, blowing of their steam thus add
Ing to the ofhc From the mast heads Of
vessels in the neighborhood many sailor watched with
| eager gaze.


| A4oclock the drum beat and the ANTAGONISTS
came slowly to the starting place. BY lot the Forget
me Not had the choice Of position. She took the right
going from the garden. The stake boat stationed
nearly opposite at the distance Of mile and half
| The signal was given. Away over the heaving wave
| went the Pioneer and the ForgetmeNo Now the
Pioneer marches off with firm, steady, aud swift gait
leading the Forretne. Not See heForgetme Not pass
es her rival shout is heard Hahl again the Pioneer Is
ahead and she keeps aheed. Now they approach the
stake boat Look out my boys. Still onward presses the
whtehallcr. With speedy keel, the Forget me Not
ceaves the brine beneath. Yonder they 60 The Pho
the stake full three lengths ahead OF her
enemy, ...... /. .e,U
| Crossing and re-crossing, the accompanying poa,s
kept on continual. A busy scene il was-envened oy
the cleaning Of thousand feathery oars in the setting
sun, and their quick plash in the waters of the noble
Hudson Here they courc booming the wave
The oars ofthe Pioneer made ""a short and high curve
while those Of the FergctmcNot rose just above the
surface to get to their dipping place.


, al must show you the way"" said the confident",,Morning herald. [volume] (New York [N.Y.]) 1837-1840
1837-08-07,"BROOKLYN Heights open the reception of visitors
The Swimming Bath 40 feet long by 20 feet wide sa'u
ated on that part ofhc East River where the water the most
pure between the Fulton asd South Ferries D. persons can
bate at time The Warm Baths the only Baths IN the
state where sea wser used which renders them pecnhary
beneficial 10 invaids chemical soaps provided which rem
dcrs sea water - cleansing water The subscriber
pledges himself that every hing shall he done to maintain the
reputation the baths have acquired the past season


Cold Bahia IA cenfsWsr,u Rsths tic kes
dollar. ava Ins EDWARD GRAY.",,Morning herald. [volume] (New York [N.Y.]) 1837-1840
1837-06-14,"NtW J
"" IN conformity with law passed by the Legislature OF
this State the 2lst day Of April last entitled IAN Act
guae the and duties of Public Administrators and
rogate relative the property and effects of foreigners
Notice is hereby given that and after this date the
pery and effects of all subjects Of His Majesty who may die
their way in this city such property and effects
arriving this State placed under the of this
under that of the public administrator heretofore The
undersigned thereof that notices here
toore the public administrator be this Office
where information the effects of subjects
his Majesty shall all times be furnished without any fee
charge whatever.


The he ah officer quarantine respect
fully requested make their communications 10 this Office
where all expenses connected herewith will be paid.","HIS BRITANNIc MAJEsrY's CONSULATE,",Morning herald. [volume] (New York [N.Y.]) 1837-1840
1837-05-27,"Entrance easy Of access IN Broadway
yHE subscriber having opened Wareroom for the sale OF


Hats Of the very best quality and latest fashions suitable for
The city retail trade would respectfully inform his friends and
the public general they will find the above establish
fresh fashionable article eNceled by
bshmem 10 the city, and at discount each single hat
which will aonsh all who have been accustomed the
usual heavy retail which the proprelor high and
fixtures have been obliged ash, III order
currest expenses &c.


Wholesale orders strictly attended and dealers dis
lance may rely non their orders being filed with punctuay
and despatch


b. In process Of manufacture, and will be ready aay
two, the !"" ne plus ultra moleskin Beaver Hat which
brancy OF finish and richness Of appearance cannot e
passed y. STETART
private sale, and ready inspection Thursday
e 18th inst lot Of fine oil paintings brought from Souh
America, and never before seen In this country.","single Hats for Cash mt Wholesale Prices


No aaa Rrnaduav cnrner az Anthony street ol story",Morning herald. [volume] (New York [N.Y.]) 1837-1840
1837-09-11,"DRAFTED RHEUMATIC ENBRoCATION.-The reader.
OF the Herald are respectfully referred 10 the certificates pub
shed IN another COLUMN Of this paper tcsyn the extra
mic and Innammaory Rheumatism, Lumbago sprains &C.
prepared and sold only No 2e HUDSON agents a. vel
having been appointed elsewhere All persons who give those
certificates their attention. will perceive that they are not like
the fictitious and high sounding made use al by the
advertising quacks III the day, sheer, irnpuds nj rca.
tons, but on the contrary genuine from
Of most undoubtedly respectable citizens Were
II necessary hundred others expressing like strong
and unequivocai evidence Of the merits OF the Embro-
cation could be given besides number OF letters frora
medical gentlemen ofhgh standing in this city, and from
public mention their The proprietor Ell he Embro.
cation WILL however be glad TO exhibit any persons who
may call upon him, be having had permission TO do SOL the
letters and certificates referred among which, may
be improper - state, five six from statesmen
now nj Washngoa who have the specific and,
their letters state have almost instantly experienced It's sngu
larry healing and remedial properties


The success Of the EmbrocaoH has been great since its
Introduction to the public only few weeks SINCE that The
pd and avarce OF several of the advertising SPECTATORS
public gubly tunder the assumed title Of doctor and NJ
have attempted 70 impose upon the community spurious and


Injurious compound the only sducenent which they offer for
actually compelled 70 charge for his preparation they not ha
wing single genuine certificate proof that their invention
las they term ~ has effected any under any cicumssn



not Ne smss the Embrocztion entirely
free from msrcura Ingredient and that notwthstasdn
i application ""a invariably external rs good effects
matter bow the rheumatic sscksl always imsdateiy
felt NJ n. COHEN, 2lo Hudscs ~reet,


siiSts New York",,Morning herald. [volume] (New York [N.Y.]) 1837-1840
1837-09-11,"After week Of agauon produced by the events at WASH
ngon stocks closed yesterday very nearly the prices
which they did on previous week. The Developments
made by Congress have had visible effect upon
Of trade the exchanges any thing influence
sinurious 70 certain great suspended interests


One Of the most features officially disclosed the
Treasury Report the singular export
import of specie since the 18th of May last


We have already stated former day the equality in these
counter the unreasonable
nearly all the specie which existed in the country May last
still remains here highly probable that specie
is in this country this day. than there the 18th
of May when the banks simultaneously and Teacherouy
pended payments under ridiculous caused by
atos and Others who wanted launch
want issues in orderto keep up high prices.


But there is another idea growing
these Official facts.


very certain that the exception of probably
S50oo mere less AL the specie heretofore Europe
either for the payment owned
there least purchase goods this market by
importers with real capital, beginning in the To-
reign trade. #rs
Let explain.


The amount Of American stocks owned Europe immense
The following estimate probably short OF the


Americ&n Stocks owned In Europe


united States Stock SsOeo,0Oe


Unised States Bonds 100000


Morris Canal stock bonds 100000


Louisiana State and Bank Stock 100000


fenasyvania State and Bank Stocks l5,Oe0oO0


Camden 4 Anboy Rail Road 100000


All others 100000


soOoeOooo
On the LIST July half yearly dividends stocks
excepting the bonds fall due in London At average Of
per cent these dividends would nearly
due SPECIE without the dread bills exchange
all payable in July and August Now appears that the Off
cia account actually exporeds S30co0o being only about
100000 the exact required to meet these demands
in Europe The balance probably OUT on Of
the Browns and other solvent houses.


Here them singular of facts revealing beyond
the possibility OF cav that the export of specie Europe
has had nothing do wk the exngushmen of the great
debt caused by oycrmporng from that country during
and 1897


The only fund, therefore, upon which importers could
draw the export Of produceand this export only equal
to the imports for the present From
the revonue the imports Of the year 1887 will be diminished
at least one half, if not MORE


The probable amount of imports for 1857 S2oooooo0


do do exports do 60000,U0o
Balance due, s2ooOo.OOo
fhis balance be made up by freight, profits other
Of liquidation leave the foreign import
port trade for 1881 to balance each other the close
From these facts and the reasoning founded them,
very obvious that the great foreign debt due
Europe the nth of March last there
millions paid and probably will be- The faluresof
five hundred merchants here and hundred
water embracing of the heaviest houses will ludae
each debts without specie produce Bankruptcy
capital remittance pay bad debts with Each day shews
the probability that cents will be paid the
age ofl8Se Why So Because tbeh
valued In prices which since declined only So 10
and 20 per centhey have disappeared in great many in
stances


these data therefore, appears that the bankrupt por
ton of foreign trade reconstruct itself The
heahy trade, begun system gradually widening
circle OF every day. The great import and export OF
specie during the last three months indicates the OF the
new system. This trade Is increasing II beyond the reach
eflecsaton, and requires not the aid Of Congress.


The argument therefore, put forth by the ignorant and
corrupt Wall press that the banks cannot resume specie
payments till the foreign debt be paid is absSrd untrue, AVID
preposterou The banks this able
as they pay specie 1885, They ADLER and stronger
own they then. Many ofthe banks admit may
not be In good condition, but such not ought TO 90
down forever.


We and hope that public excitement viii be al
layed til these faess ignoraHi proud, redeemabe intu
tons be brought back cash payments and TO good MORALS


Sales mt the stoc Exchange.


lsl",,Morning herald. [volume] (New York [N.Y.]) 1837-1840
1837-07-20,"4 Jake the rose thou giv'st TO night,


Though by the morrow's dawn 't""in iaoe
/ bless the gracious star whose light


This evening guides US through me gia''
Though, by the morning, il viii be


A thing alone Of memory.
The coming flowers that ronnd 'flee grow
We love as they were living thihssi
The bird that carols sweety now,


Approach, and 10 his form hath wings
ror Time. who loves no beauty long,


win steal both Establishment and song.
These. fate and fortune shall remove


The winter blight, the summer scar
Iclaim some better pledge of love,


More lasting-nat less sweetly dear.
Seal me thy vow, with lips OF youth,


That blossom for heart ofuuth.
Then shall see tho planet fly.


The roses odor ieet or pail
Lose the birds music from the sky,


And smile at parting with them all.
Thine eyes shall light withs III eclipse,
And songs and flowers are on thy lips.","

",Morning herald. [volume] (New York [N.Y.]) 1837-1840
1837-08-24,"Fighting being thus decided ON, the necessary arr
rangenents were made, the day fixed, yesterday
and Hoboken YVES the spot designated for the fatal
renconJe W
Superfuous Stewart and his second spent Monday
and Tuesday in practising at the bulls eye over at
Williamsburg, and returned late ut night TO New
York, filled
X With dire intent and bloody purposes.
Having procured first rate pair OF ""duelers'-
patent percussion, hair triggers, &C. they were just
upon q start whsn-alas for heroism-both princi-
pal and second SEIZED carried before Mr. Justice
Bloodgood, and being unprepared with ball. were
committed to Brdwel


Pity such heros Ger should lie


Within prisons wall


Wheneither in the field might die


And nobly fighting fall.


The muse bewails their sorry lot


With signs and groans and tears


If either Of them had been shot,


Pray who the devil cares /!",,Morning herald. [volume] (New York [N.Y.]) 1837-1840
1837-06-21,"III IN conformity with law passed by the Legislature
this State the 2lst day OF April last entitled An Act
gulze powers and duties Of Public Administrators and
rogates, relative to the property and effects of Foreigners


Notice hereby given that on and after this date the pro-
perry and effects all subjects of His Majesty who may die
their this city nestae such properly and effects
arriving in this State placed under the of this and
under that of the public administrator heretofore The
Undersigned in consequence thereof that notices here
toore the public administrator be this office
where information the effects of subjects of


his Majesty shall at all times be furnished without any fee
charge whatever.


The health officer and others the quarantine respect.
fully requested make their communications this Office
""""e'N ""eNFN.'N = /.","HIS BRITANNIc MAJEsTy's CONSULATE,


New York llih Nav 1857",Morning herald. [volume] (New York [N.Y.]) 1837-1840
1837-06-10,"NI Road and half miles from the ferry conducted by
Mr. and Mrs GOOLDThis delightful spot commands Of
the most extensive and picturesque views OF in the neigh
borhoed OF New York embracing the cityits noble bay-and
all within the sweep distant horizon On the very summit
this emnence stands Mount Prospect Cottage which will
opened Saturday next June ST. for the accommodation
OF the the conductors aters themselves they need
only refer 10 the past satisfy their friends the
public that the accommodations at this establishment will
be inferior at least 10 any Long Island


Refreshments Of all kinds al all bours.


Dinners lin Mrs Goods particular styel for small Picnic
parties, on being ordered the day previous


The chosest Wines and Liquors usual selected the
well known teof NJ. Goold.


Tea parties at all times he comfortably accommodated


ie2-f","M3pUI1NST P ISsc,IP; COTTAGE. Fai5q =,",Morning herald. [volume] (New York [N.Y.]) 1837-1840
1837-06-10,"TDAHTS EMBROIDERED received, a


splendid assortment Of capes collars peerines shemetis,
Ac the newest style and fashionable patterns imported
this spring.


Also, great variety Of linen cambria handkerchief and
cuffs extensive stock OF infant embroieres of every
scrpon, rocks, robes, ockwas linen cambria caps and
trimmings, &c.


Also cldrens embroidered Jane dresses seye-
raj Scotch and English capes and collars 6c large
selection English and French black pcs-
rnes splendid stock Of black and white lace sawls black
and white lace veils very rich, &c. &c


Ladies and gentlemen who wish purchase the above
would find their call and examine the which
they will find carefully selected from the best markets
The subscriber ro the extensive patronage he has recev
ed and still continues ee hesitation IN saying the goods
the cheapest in this CITY, Wholesale and retail.


THOMAS COCHRAN, 81 Catharines st.,
s22 Inn and 1874 Bowsry three doors above Spring a.","DARTS EMBROIDERIEs.@J,",Morning herald. [volume] (New York [N.Y.]) 1837-1840
1837-10-07,"DIAPER BOX BAZAAK-No. i2l Fulton 81, doors


from Kasau-Constantly on hand for sale plain and fancy
Paper Boxes Of every descrpons and style for line ri
business ordry goods aces shoes fancy articles
stocks collars and shirts cur buttons jewellery and
peruery in all their branches samples for coffee rce wheat
matches, furs especially for mu musical instruments
duH apohecay and stationary hat and hat boxes and
bandhones Cor millinery articles, kc.


ORDERS Tor quality e Paper Boxes
TO be received and promptly executed with des
patch at The lowest prices TO III article prescribed IN the
neatest manner


Regular Importation from Germany ofreal genuine Cologne
wateror hoesae, article
also most splendid assortment 81 German patterns Tor sam
boxes pocket books and ladies notice books decorated with
needle work rich and handsome style they
sesn","naPER BOX BAZAAR-No. i2l Fulton st, . dool",Morning herald. [volume] (New York [N.Y.]) 1837-1840
1837-10-07,"Copy of letter received through the post Office =
MIR. }. Levson lS3 division st. New York-Dear Sir-At
the request OF friend who has lately been liberated from the
angs OF aiieton by the aid OF ncsabe busters Red
Drop address you He tenders his sincere thanks and
gratitude for the blessing be has received your hand having
keen radically cared, by magic were usng only part OF
phia dangerous disease, which he had rasiy expo
sed himself in unguarded hour but wing received
both and lesson is indeed truly grateful the one
and hopes to receive sautary benefit from other my
self who witnessed its effects testify It's
Christian phanthropist most sincerely public
may be made acquainted with its utility.


o. pour thy balm upon wounded world,


And let the banner of disease he fured;


Iife's emoers re-fume-while YET one sparks alive


And bid the kindling glow OF health revive


Extend thy arm-the suff, rers pangs appease


While grooming meath the demon OF Disease


And grateful hearts shall all Thy cares repay,


When stern allictions chains burst away


Defenceess youth If PASSIONS firm control


Has placed thee where dark OF anguish ron,


Where sorrow regns and storms OF suffering fall


Where mercy's ear neer needs the piieous cali


Thsn flee 10 him who kindly holds for thee


Those precious Drops that sootae and set the free.


And when thy just Affections o'er


Go, rescued 'cild OF wrath, and more""


Yours respectfully. ZAP.
sold at NO Division ST. Price 81 per bottle. This letter
can lac the office. sI5-Ims","Two ALL THE WORiI, RE, TT KNOWN


Il HUNTERS RED DROP b,.ssa, - tic INN a., -.",Morning herald. [volume] (New York [N.Y.]) 1837-1840
1837-11-15,"PILLS BIRD, Encouraged by the many hatterng
enconuns which she has received froa her friends


ans DESTROYS o bsneung the human family, y induced Of


the public the above medicine safe and certain
for oil diseases Tie stomach ard complaints arising indi.
reson and OF bile Thse pills have been
fail to effect and radical by
pcaton and indeed sbundantly
and beneficial rites The proprietor q the receipt does
intend patience ofhe public by detailing long
putting preamble the mssy important qualifications Of these
pills other In present but merely


few of the many disorders body which they
known and perfectly eureBReus and liver afec-
TONS cos,eness asthma piles settled pains, dyspepsia chro
mic and iafammaiory rheumatish heaaache nlrurity
the fluids debility the sickness incident to females in
delicate health, and In fact Cor description o sordered
health they will be found easy certain and hfahe
dy. Mrs Bird offers her Renovang Pills TO The public IN the
confident anticipation that they will be found universally


invaluable family friend Sold only at Dvsop street, by
MRS BIRD. Advice gratis o27-3m-","ME-. BiHD,s CELEBMATED APERI",Morning herald. [volume] (New York [N.Y.]) 1837-1840
1837-10-31,"MONDAY EVENING, OsL seth


The Oxford from Liverpool Toronto, from Lozuon, and The
Ibnnyfrom Havrcare in They all bring regular files
OF prices curant The following are the accounts Al Man
chester the export trade quetsome trade brkconh.
dence and prices remain firm The handcom ~eavers at
Psdahsm ana CoIne were well employed-coton trade
improving Trade rapidly improving ~ Barnsley Busi
ness was slowly improving Boltonhe weavers were all
poyed low wages The goods market al Leeds was
vely-nore goes than comes, which has reduc
ed the stock No material change prices for piece goods In
Bradford msrkedemsnd goodnore business was doing In
Huddufed Nothing had transpred in the York wool


market The RochdaIe hanne msketwas about the same as
last repor,ed Every thing dull Hsllaxprospec was
not considered very encouraging The wooden and
socLno trade at Rosendae and Bury had much improved
hands were foil employment Thus much tor great br
ain nos for France Netting doing IN poashes tohee
,as dul Rice had been aeady-not much demand Whale
bose mad declised 81 81 soils.


The dry goods market in this city continues without ma
terai change The Express cargo Of Malaga fruit was offer
ed TO-DAY and considerable portion sold enumerated
bclow.",,Morning herald. [volume] (New York [N.Y.]) 1837-1840
1837-11-06,"BowERy.--Hr. Champlin, gentleman well known
by The patrons Of this establishment, the polite and
accommodating treasurer, takes benefit tomorrow
ecenng, and presents bill for the OCCASION of more
than ordinary attraction "" The Bronze Horse""
who nightly draws full audience by his flight into
the Clouds and the Indian chiefs idol, Miss Nelson,
who, likewise ascends into the upper regions with
other varied and pleasing novelties, hold out strong
inducements to secure Mr.. Champin one ofthe most
crowded houses of tine season. Look out for your
selves and get the best seat you can; if you don't,
you will have the comfort OF standing it out.",,Morning herald. [volume] (New York [N.Y.]) 1837-1840
1837-06-06,"The events of the market here and throughout the
country and insulated that sepa-
rate the real current from the eusve-he condition of
things from the apparent Ever since the suspension place
there has been constant feng and Earring among the
rious conflicting ntereshe government bankers
politicians traders, mechanics and aborers Yesterday stocks
fellaganan money gene
rally On Saturday few failures place. probably
three but the pressure in the market is
Interest high Since the passage ofhe Uury have
heard Of bills selling at ALL Indeed time that shaving
should end. We list of the principal operations dis
counting bills at to per per month""; with their profits
for 1885, ST. during which period the money
high","MO N l. Y M ""A R * EFT.


Tuesday, June O.",Morning herald. [volume] (New York [N.Y.]) 1837-1840
1837-06-06,"Actual profits othe wall shavers for 1886 81 90 Cos


BY this statement will appear that these gentlemen
who have specialized the dreses caused by themselves
viii begin the 1888 they begun 1886 They were prn
cpay large and controlling directors OF the banks and con.


yed gethe funds for the purpose ofbuyng paper at high
rates Of interest, when Others could not get a dollar


The great point at the day is the question whether
the banks enlarge their dscounts In tins city there is
great backwaness In the banks-oters are begin
ming lean With libsraiy IL is called The National
Bank has loaned out $50 900 than period of the
uspensonthe State Bank 500 o0he Phenx elo0 o0oand
several other banks in proportion These reports
IN the street In the absence OF authentic information we must
be content with approximation The Manhattan and Bank
OF America are holding up and rather cartalng The small
banks up town dealing out in all directions soon will do


From the general appearance of things and in other


states, think highly probable that all our monied ns,itu-
o and leading men shaping themselves for issue of
paper the year The Boston and New England
banks are publishing their statements regularly rapidly
acquiring public confidence preparatory step the issue
of paper currency.


We begin doubt whether win ever resume spe
Gle payments We doubt whether they ever mean 10 do So
The only influence since the suspension which has held the
banks IN check, orkep them their oars general
government The state governments here and elsewhere are
decidedly favorable the policy Of large redeemabe paper
From certain facts and deveo we begin to
symptoms OF like policy general government A
matters shaping themselves certain that the 20
vernment win be utterly inolyent long before congress can
meet itseven highly probable that instamen OF
the surplus revenue viii be paid TO the states.


We understand that the President and the Secretary az the
Treasury beginning be favorable issue OF Treasury
notes, the ofa years revenue thirty nuon The
entire breaking up Of the foreign trade and the compee de-
srucon sfthe drive the government 10 this
policy also much pressed upon Mr. Van Buren, bv
his old associates Albany. The suspension law in This ta,e
and the issue Of Treasury Washington 10 the ,te,, ~
thirty millions would furnish those connected with the marty in
power with money to complete their specuaon and come out
with fortunes The adoption Of specie pocyor the re-


sic payfn hauL
recent speculstions in mid career.


Wa persuaded therefore, from what we and hear that
the President and his cabinet adopt the paper SYSTEM in
some new form, and that they will never recommend
either the creation Of Bank or the renewal Of the
present United states Bank Of Philadelphia paper currency
srapdy hSng itself upon and likely that the present
party power and the banks throughout the country,
VIII netr ne abe to resume specie payments The little dis
position ordeerninaton here and there aiiemp resump
uon y mere speck in the atmosphere The policy Of the
banks and all those connected with the baa, governments,
merchants and traders 10 the voyage %
discoseyan fredeemabe paper currency to copceva-
BILE extent The banks the merchants the capitalists the gen
era and governments indebted each other
hundred millions ofsolars high prices and values They
possess thirty millions Of SPECIE and the rest in pc
per- part Of which i not worth rush. They Cannot Il they
would return to paper currency based specieno In ten
ortwenty years


Such being the probable condition. what effect Of
policy on future condition. Al the time uspen-
sion the hanks had loaned which sl5osooooo
was based on their for sl2oooo s3ooeoooo n
specie Take away the check ofconvety on demand and
the hanks will double their months The effect OF
this will reconstruct business paper
repcy Great fortunes will again madeprces will risewe
shall partiesand every thing viii flourish for ""
least one year. Baioot out for The cad","IRIS, far 1895. ,37

Other Wall street loafers,",Morning herald. [volume] (New York [N.Y.]) 1837-1840
1837-06-05,"NEWTON have removed their school from The city 20 tht
pleasant and ouing village of West Farms, Wescheser



They have only in consequence Of
proverbial health but of its proximity to the city, the dis
lance exceeding eleven miles The house large, ary
and well adapted for such institution.


They prepared receive Ladies as boarders
day scholars their friends and the public
that nothing shall wanting their part afford every ia
and improvement their pupils, and to
qualify them liberal and accomplished education, for the
respectable walks oil life


Tuition comprises complete English superadded 10
which taught French Italian, and Spanish uages,
Music Drawing, and Dancing, il required


Highly respectable will of be given
rents guardians if application be made either personally al
the village by letter directed TO the post Office Farms


o,n","DOAiSDING AND DAY SCHOOL F.sn
ID YOUNG LADIES, At WEST FARMS.-The Misses",Morning herald. [volume] (New York [N.Y.]) 1837-1840
1837-06-05,"~ -


ID ING PLAsTER-Prepares for pains weakness in the
breast side, back lmbsalso for rheumatism, liver
complain, and dypepsa-io coughs, colds, ahmas difficult
in breathing, oppression Of the stomach, &C. They will
immediate and soothing rliefand for
~ ease certainty decidedly superior


NEEDLES Such persons whose business require
they should stand sit much, those Of edenary
bits generally who may be troubled with pains the side
breast advised o these beautiful plasersa they
essentially different irem all Others and free those
objections which reasonably urged against plasers
neray The proprietor has had the pleasure Of selling them
daily for IN this cyaDd of the thousands
them he has heard n solitary complaint
They paronsed extensively by the medical profession
and there probably intelligent physician in The United
Europe that would hesitate sanction with
his influence, when made acquainted with their
position


Printed directions accompany each plaster signed by In
hand writing, counterfeit which will be punished
forgery Persons shout buying them will remember ask for
BADEAU'S STRENGTHENING PLASTER, and see that
they the directions thu signed They boxes
with show blls-wi keep without injury
cnateand viii he forwarded part Uni
ted British provinces order and
made 20 those who buy To sell again.


~ conclusion have only add that
in which the saury effects have been produced by the
Of them-at they recommended with the entire
confidence 10 all who thus afflicted.


Sold wholesale aud retail the Bowery Medicine Store,
No &s Bowery, New York, by


mysoy NJ. W. BADEAU","DAOEAT,s CELEBK ATED STRENGTHEN",Morning herald. [volume] (New York [N.Y.]) 1837-1840
1837-10-20,"One Of the remarkable features the rates


their extreme reasonabeness during present condition of
The rates of these southern are
low as they were long time before the revuson and nearly
low they have sometimes been during regime of the
United States Bank The extreme low
of deposte New Orleans and Savannah arises
Of cotton exports this system business
which has started here since the suspension specie
calculated that the export from Savannah and
New Orleans to this city, during the present greater
than ever In former years. and surpasses that Of
1885, by Is cent These have become the Of
domestic exchanges between these On the winding up
OF the United States bank the banks attempted regu
only their destruction the basis of
healthy reaction In both foreign and domestic exchanges
When the late United States Bank equazed exchanges
only through the agency of Cotton cash. cash
Is cotton; the banks being only lsafers md rascals",,Morning herald. [volume] (New York [N.Y.]) 1837-1840
1837-06-01,"DIR. Rrandreth's Pills.
Since Brandreths pills will all ills,
The people all should know II;
That one and all, both great and small
May testify unto il.
They'll cause old govt 10 frsk about,
And quite young and sprightiy;
Likewise the lame TO do the same,
And dance and capsr lightly.
Tue pills at morn will corn,
But should you have them plenty
Why, then, at night, eat rather hgn''
And go 10 bed with truenty;
Should after pain and care remain
And bowels soon be ughtenea,
Then persevere unless you fear
Your purse alone is hghtened.
Consumption dare not enter where
These pills make their appearance,
And DEATHS afraid that Brandreths trade
Is too much interference.
/ once did take, for stomach ache,'
A bex-and so did brother;
His still endured, but they cured
(Ofpurchasing another)
Now, country folks think these boar,
Because they need them never;
Bat just few, methinks would do
To let them live forever
'Tis different here,-they live queer
In this iafectious city
They lick the cream of each extreme
Ofbitter, and pretty.
A Seeding wife vexed my life
The climax of Affections
Naught could appease this fell disease
II ragged without restriction
Some pills bought, and thus thought
To cure her of the evil
The plague did cease, she held her peace,
And fastened to-the die scRUPLE.","

For the Herald

",Morning herald. [volume] (New York [N.Y.]) 1837-1840
1837-05-29,"Considered object commanding unegned admra-
ton. awakens natural soctude for its presr.
walton, and the toilet becomes department both
and utility especially where iscerment presds In the
secon OF those appendages which experience has sanctioned
For this purpose Lady Monagues Compound Chinese Soap
prefers attention, founded nearly century Of trial.
bnng elegance preparation with the prominent
SAFETY and efficacy n has obtained extensive patronage rs


reresher and naner Of the complexion preserving un


impaired a. agreeable Aexbly sotncs and transparent qua
1hy OF the Skin.


For sale by A. tInler ~ eekman street corner of vii
Ham DR. Jas m Hart, corner Bowery and walker Price 10
cents per cake uy259n","THE MAMMOTH CNEE,E rANM c,.I

Ap4 ~ 4, 4",Morning herald. [volume] (New York [N.Y.]) 1837-1840
1837-10-21,"Eyp-much as the ml1tla Hre sdiutei hoe ois""5~N''
bu, one after the other-we entered ST. Georges
Church.


Before the altar and upon the communion table, were
four tapers, which threw over the sPiehuiu eo''0o
dim religious .
The church was about one third lled-two thirds OF
this proportion females


. And all young, and some were oeautiu.
They had congregated to witness ceremony wncn we
hone thew will each in turn be called upon take part
in--for


aMarrsge is honorable withal.""
saith the northumberland comfortable and pleasant WIN
nj saw we, where young hearts beat in unisen-and
where that errant scoundrel Poverty does not stand
sponsor for both parties then, alas for the comfort or
,be Measure There can be no sweets in matrimony,
where the little saualine blessed are forced by
their parents peculiar pecuniay circumstances 70 inha
bit the same apartment with papa and mamma.


Think of this, ye fair daughters Of Eve, and don't
jump out Of the frying pan into the fire.


There was many bright eye in this assemblage that
seemed to saw her heart ready take the venture
though


AS neither bride nor bridegroom, parson nor clerk
appeared, as yet, this important stage-the chiei
scene and incident of earthly careerwe took ra-
Their particular survey, far az were able OF the
groups before us
The pentlemen-we always begin with the worst and



last-the gentlemen looked loaersh two three es-
pecially who large whiskers, looked, in the dim
light like some all street and Broadway balloons.
We did not see Col. Stone and regretted it-ior
there was great deal of animal magnetism carried on
II would have formed pamphlet for the editor OF
she Commercial The ladies were the magnetizers in
this instance-and God knows where they would have
sent him had they operated upon hun.


We noticed two sisters w..o came in blushing like
twin peaches They took their seats but not liking the
distance which they placed from the altar-they
would have liked to have kne it-hey up stairs
where they could command good view OF the cere-
mony.


There was one lady in pew with gentleman who
interested much the first glance they might be ia
ken for brother and siserhey were both somewhat OF
a complexion, and both handsome second glance was
enough to convince us Of the different position ,het they
held in regard each oher-Sisers don't crimson up
70 the eyes when brother address them.


While gazing up this couple, destined, by their stars,
10 become one


The o. the moon,""
the doors thrown widely oPenthe parson fat and
chubby and ting BRIDE bridegroom and bridesmaid ap
pcared about the same time.


The bride was dressed very appropriately She had on
pale lavender silk dress and white satin bonnet She
entered the aisle modesty with her eyes cast downwe
are therefore unable give the important information
their color


The bridesmaid dressed like the Bride, except in
the bonnet which was pink satin and had feather
mounted, 'just the height we like Feather""


The chubby Parson then began, with Dearly below
ed"" and got with right good speed the end, which we
believe 10 be amazement Then the bridegroom drew the
arm of his second self through his and led her from
the church the Parson todaled about the time
The congregation did the thing Cake wine and
kisses in the thoughts Of all good deal Of the for
mer will be in the mouths Of some the latter only goes
10 the lips.


We give all persons full liberty marry who send
n good slice Of cake, MT else Let US be understood


New YORK Oct IL, 1887.
DEAR Mn BESsErr,-This is the first time that
have addressed myself To gentleman, and can
assure you that would de now, il not that
\ know you always interest yourself in the fair
have never, my knowledge had the pleasure Of be-
holding you, but hope soon TO have that pleasure. IL
ven ever attend DIR. Il Mason's Church in Bleecker
street wish you would sit in the middle aisle and in
form through the medium of your enchanting little
Herald, which Of the young gentlemen that sit in
pew lined with black and curls. you think to be
handsomest-they are very modest young gentlemen
and by 80 doing you viii much oblige. ANNETTE.
P.S.-Do give me your answer in the Morning Her
aid.


MILITIA MusrrR FoLK---As if there was not
already tom .fooery and humbug enough in the city,



mp one side Of ihepark and down the other hike


""The king OF Frasce with fsrty thousand men,


Marched up hill aud then marched down again""
Wednesday morning coming across the park, we
encountered most unmalcIous muster of these mill
TIA men, And sh!


""whst sight there my counrymcnw
Row de-dow rowdies beat the drum, Each diff
fercnt instrument played each different tune
every one blew and thUmped on his own hook, and
some Of the spectators hooked not little their
own hook with their hooked fingersl Each musician
and militia man proclaimed his independence by
scornlng TO be IN keeping either in tune time step
with the The volunteer corps corpses,
officer called them, looked grave the grave and
and solemn al though they about to march to
the gsllows, instead Of to glory. But the real row.
dics-the


BLACK, white and grey""
men, whose dresses like Joscphs coat were of many
colors real sons Of Menus and The god did mo-,
desert them although they seemed inclined 10 desert
the ranks.


They were al sorts and szes--thcr dresses Of All
kinds cuts and compilations. We were startled with
a shout which they set up that seemed to


Fright The isle from its proprie,y,""
and which did drown the music, and was more dis
cordanl han drum and FIFE


We looked and laughed and laughed and locked,
gill


Laughter held in both her Sides


There n little man with a large cooked hat,","wedding at 81. Georges.

-Sns Was u's ut0
The ocean to the river of his thoughts, :,
Which terminated all byTo

",Morning herald. [volume] (New York [N.Y.]) 1837-1840
1837-10-21,"MRS. MOTT, THE CELEBRATED SMALE
N1 PHYSICIAN, Of Boston, would respectfully give notice
Ladies of New York vicinity, that she hss
ced practice In this city, her residence No Leonard
nearly opposite the National Theatre.


Having collected. nurng tour IN Europe Herbs
he enabled diseases In their formidable appear
The which has attend her tire acnt Of
diseases In this country guarantee OF whatmay be expect
ed The delicate complaints incident to the female
frame render any argument In favor Of the Female Physician
unnecessary.


Mrs. Mott pledges herself relieve the oowiHg
rheumatism Tic Doloreux without
fancet) Paraiyzed Limos Palsy Decline, Con-
sumption, Dropsy, Hunors (Scrofua, Salt Rheum Kings
Evil Csnker, hing &c Ac Catarrh, scsld Heads, At
Nervous symptoms White swelIngs Worms, Asthma Jaun
dice, Liver Complaint, Heaobcds, Piles Female Weakness
es, nc. nc.


In conjunction with mescse Mott will administer
her brsed Patent Medcaed Champoo and Luxung Baths
avads and Others Toe much cannot be said In favour Of
these bah which the vapour from dfrest herbs and
ens oils suit the diseases for which they taken They
perfectly administer the debitaed mpa
ing to such strength they not only but
In all chronic complaints and preventive against all conta
their utility For uxur, healthy, they calculated
to promote Tree perspiraon, cleanse soften and purify the
shin


Nett having the diseases Of children particular
branch OF her profess she will be enabled diseases
that ssed the skill Of the talented physician.
mercury or mineral Of any Kind used


Hours for seeing patients fou, 10 in the morning. until In
the evening. Gentlemen omrunicate with Mrs Mott
only through wife or moiher.


Ladies aud gentlemen be accommodated with baths
hour OF the day.


Family patent rights for above baths obtained on
application.


Letters IRON the country pos, paid, vii receive immed
ate attcntios. olo-3ns",MES; MoTT. THE cE5EBRATED tnMALI,Morning herald. [volume] (New York [N.Y.]) 1837-1840
1837-06-06,"Considered rs object commanding unegned admra-


on awakens natural olciude for It's and
walton, and the toilet becomes department both omporance
and utility especially where dscernent presdes in the
selection Of those appeDdages which experience has
For this purpose Lady Monagucs Compound Chinese Soap,
prefers attention. founded nearly century OF trial.
bnng elegance Of preparation with the requisites
safety and efficacy "" has obtained extensive patronage


reesher and susainer Of the complexion preserving
impaired agreeable Aexbity sones and transparent qua
lity of the skin IL


For sale by A. Underh 81 Beekman street. corner Of Will
liam, DR. Jas H. Hart Bowery and Walker Price 50
cents per cake. my25-3m","I OyELy AND ADORED ny ALLAN y,
Ia CELIFNT ARTICLE FOR PERSON Al, n EAItTy",Morning herald. [volume] (New York [N.Y.]) 1837-1840
1837-06-06,"10 EMOVAL.-C. SHFFAKD respectfully informs lbs
friends and patrons that he has removed his Book Sla
uonary and Fancy Goods Store from l89 Broadway to 81
Broadway second door above street, oppose the City
HALL


He has made arrangements forrecevng all publications
nj the earliest date He will greatly enlarge his Stock and he
promises TO keep constantly hand great variety. and
choice collection of Classical Scientific School and Mscea
Works can be found in the city.


lie VIII always be ready TO supply his customers with the
hnes quality Of English and American Stationery, among
which may be found English letter and paper sealing
steel and quill pens penknyes wallets gold and silver pencils
paiangs, &c.


Tie will also keep hand very extensive assortment OF
Children's Books.


New York, May I, 1881. myGn",,Morning herald. [volume] (New York [N.Y.]) 1837-1840
1837-12-05,"Compound Extract OF Copabs and Sarssparila the most
faHble remedy ever discovered for all diseases
high estimation and enormous sale this medicine
for The last four years certain criterion
ny has acquired the utmost fame in almost every Of
the faculty Of medicine recommended by emf
ncnt OF the proft ssion


One recommendation this enjoys above all others
It's neat portable ferm potts. the meae In which
may be taken, being both and pleasant rs tssteles
ture with restrict diet confinement from daily busi
ness Travellers, especially would find This medicine highly
useful and ousb be unpro-ided with preparation
possessing the advantages which the combines
the medicine IL pamphlet explanatory Of
different The dse, without any extra charge con-
tanning full and ample directions Il contains mercury.
Price 81. 50 pot.


Prepared 11ern, Chemist London end for sale by
Dckie 43 Broadway, VIM smopson, 81 Fuon corner
Gold; VIM Var Embcrg, 34 PEARL Peck slip; Southland
Deluc PARK; b. Graham, % Nassau street corner Full.","THE GREATEST DISCOVERY or TIKI
u PRESENT DAY, Is universally allowed to be Thornl",Morning herald. [volume] (New York [N.Y.]) 1837-1840
1837-06-15,"III IN conformity with law passed by the Legislature Of
this State the 2lst day of April last entitled An Act tore
guae powers and duties OF Public Administrators and
rogates relative the property and effects of foreigners""


Notice is hereby given that and after this date the pro-
pery and effects all subjects OF His Majesty who die
their way this city ntesate such property and effects
arriving this placed under the this and
the public administrator heretofore. The
Undersigned in thereof requests that notices here
public be this office
where the and effects of subjects OF
his Majesty shall at all times be furnished without any fee
charge whatever


The lac ath officer quarantine respect
fully requested make their communications 10 this Office,
where all expenses connected herewith will be paid","HIS BRITANNIA MAyEsTy's CONSULATE


Nn..r XnrL IIfh Ma,r 1877 Z",Morning herald. [volume] (New York [N.Y.]) 1837-1840
1837-08-09,"The supply grass fed cattle arriving from diff
fsrent states particularly the western decline in the
price of beef yesterdays Bulls Head of from so rs
cwt from last Mondays prices. Within these three
weeks this gives reduction Of about $5o cwt cent
and half the pound. Notwithstanding this, retail
butchers continue their high prices Whatever blame attach
able 10 SPECTATORS and they certainly great share the
butchers cannot hold themselves guess when they thus
st in imposing on the public alderman assistant
has yet had the dnteestedness moving repeal
obnoxious law by which this cruel monopoly maintained 1t
10 hohs 10 them how muc industrious mechanics are
pnched or how high the price of provisions long they
can gsmandze pleasure their weekly meetings and aims
mouse dinners without OF the expense coming OF their
own pockets Let this not be forgotten when next
uon election takes place.


appears from the regulate the public markets.
two persons lately appointed by the Common Council
an annual salary Of $500 express purpose
anng provisions vegetables and other articles exposed
SAFE In our markets. and especially ""to that all the laws and
ordinances relating to the public markets complied with
and TO report all violations corporation
he Ire recent prosecutions of independent butchers who
underse the Others afford good evidence the readiness
these inspectors e aid supporting the corporation monopoly
But although other breaches Of the market laws
rons as selling meat at reduced price, do not find that
these active public officers have step bring
ing the denquents justice. Seldom day passes in
perambulaons through different markets. do
observe the huckters purchasing in large quantities from the
country producers who visit city, and retailing the
articles in the markets increased price, We have
frequently butchers having their stalls in the market
guilty OF the practices although they have known
at the time that they committing breach Of the corpora
ton laws.


place Whole cargoes purchased by and Others
who are in the constant practice Of retailing the boats
hawking through the city advanced price, by which
citizens compelled pay for the article from 20 to SO
cent than they would they pGchae direct
y from the boatrnen.


While practices like these overlooked only throwing
away the public salaries inspectors who
grossly negligent in performing their duty.",,Morning herald. [volume] (New York [N.Y.]) 1837-1840
1837-09-01,"Thurs0ay, august 3ls ., ~ NJ


The excitement and edervescence In the curency and
suae banks appear gss the
Of congress The from Rhode Island tend also
add another throb the general sentiment Yesterday
currently reported in Wall that Rhode Island nad
gone entirety the whgs and that the two members elect
had posted off to Washington to be ground the cleo
Of speaker The political of the country are nos
the present the Observation-Disclosures e great JOY mani
tested by various parties and cqucs OF men, pocsns anc
specuators belong ing 20 the wing side.


The effect of the stock market NOT very
great United States be sensby affected
than any the list This arises from behef thai


large party congress will make effort 70 have that made
the exclusive deposit bank under law o. nat oooy Inc pro-
liabilities OF such an issue are slender Other
stocks are unaffected in any degree by political events


The contest among the Banks relative 10 resumption
OF specie payments ealarges and gets emotteed Every day.
The opposition made In certain Quarters 10 the recent Bank
ar arises from various The
the public finances adopting the State Banks hostile
to the views who entertain the project
old w. s. Bank Any measure which has for its object the
resumption ofspece payments by the State Banks extremely
injurious Of men, hence their decided
position.


Again large SPECTATORS interested in add
tona Of paper currency ua they get rid of their
old engagements.


From the opposition resumption Of specie
payments is Increased and widened among all the credit
newspape Others dependant banks for existence and
support Whatever specialee be produced In this city,
by arrangement between the city and conn
try banks very that the policy of the banks
intend with honor the public and prudence to
themselves curta possible, till they bring their
discounts and circulation just ratio with the foreign and
domestic trade country II incoAcsivabe how much
efide capital exists th ment especially private hands,
in this city present time Yet would be questionable
policy TO upon fresh campaign of enterprise under the
present eranged condition Of the foreign and dome site
changes.


The banks principally engaged at the time,
in holding up extended houses who have struggled
through the revusoa-for happens oddly enough, that
those houses which broke and got extensions, receive
more facilities from the banks, managed, than the
houses that did break all This singular anomaly
arises from the apprehension that IL they were to act
tightly and harshy broken houses they would lose the
whole debt but houses who struggled through yet
alive it possible they live forever The banksat least
many of of the old honorable houses from any ia
cs submit take 10 cent the debts due Them by
the suspended houses


The policy and vcwsof the government begin TO attract the
deepe attention Of Wall In another column have
given some highly important and authentic information respect
ing the views the Of the surplus
revenue there nearly in the hands of the different
banks Struggle will be made in Congress repeal the
giving the amount the Onevery hand excite
meut confusion disorder in trade, currency and bank
ing.


In the mean time attempts force upon the country
basele paper money increasing in quarter The fol
lowing has just appeared",,Morning herald. [volume] (New York [N.Y.]) 1837-1840
1837-06-21,"Considered object commanding unieigned admira
ton awskens natural socudc for its attainment and
vaon and the toilet becomes both ofmportance
and utility especially where dcernmen predes in the
selection OF those appeDages which experience has sanctioned
For this purpose Lady Montague Compound Chinese Soap,
prefers attention, founded nearly century Of trial.
bnng elegance of preparation with the prominent requisites
safety and efficacy II has obained extensive patronage
reessr and usaner Of the complexion and preserving
impaired agreeable nexby, soiness and transparent
liy of the skin.


For sale by A. Enderhl 81 Beekman Of Will
lam DR.. Jas H. Hart corner Bowery and Walker. Price 30
cents per cake my25-3m","I OyELY AND ADQRED ny Allan Elk.
IL CELLENT ARTICLE For Personal BEAUTY",Morning herald. [volume] (New York [N.Y.]) 1837-1840
1837-09-12,"BkAIED RHEUMATIC ACKNOWLEDGEMENTS readers
Of the Herald respectfully referred the certificates pub


hed In another column of this paper tesyng the
ordinary virtues OF Cohens Embrocaon for the of Chro
mic and Inamnatory rheumatism, Lumbago Sprains, &C.,
prepared and sold only No $40 HUDSON
having been appointed elsewhere All who give those
certificates their attention. viii perceive that they like
advertising quacks OF the day, sheer mpudent fabrica-
tons, but the contrary, genuine testimonials rom
of undoubtedly respectable citizens Were
il necessary hundred others expressing like strong
uneqnvocal evidence tire merits OF the Embro-
cation could he given, besides number of letters from
medical gentlemen ofhh standing in this city, and from var-
the country wbo for obvious decline
public mention of their The proprietor of the Embro-
cation will however, I've glad exhibit any persons who
call upon him, Che having had permission do SOL the
letters and certificates referred among which, may
be improper state, five eminent
Washington who have for the specific and,
their letters have almost instantly experienced
larry healing and remedial properties.


The OF the Embrocaton has been since its
introduction the public only few weeks nce that the
pdiy and avarce OF several OF the advertising spectators
public gulby funder the assumed title Of doctor and NJ D.
have attempted impose upon the community spurious and
injurious compound the only nducenent which they offer
its SALE being price far below that which the subscriber
actually compelled charge for his preparations they not ha
Gas they IN has effected under any crcumslan



be amss that the Embrocao entirely
free from mercural Ingredient and that Notwithstanding
Its application IL invariably external It's good effects tno
hos the rheumatic aacksl always immediately
felt NJ. Il. COHEN, 30 Hudson street,


s1f-3tis New York.","STILL ACGUnfuLAT!s,G PkOxEs OF THE
~ ASTONISHING EFFICACY OF COHEN'S CELE
BRATED RHEUMATIC EMBR0CATION.-Ther ender",Morning herald. [volume] (New York [N.Y.]) 1837-1840
