date,text,headline,publisher
1839-05-27,"CO THE Subscribers Sole ProPrisors and Manufactrevs
prepared execute with DESPATCH all orders for their I'm
rvaed Patent Sweed Bean Wndla.s Bedstsads which are
anost universally used being the best article yet
vented-combinins ease convenience and durability.


The akng acted upon by the wndass and swehed beam
made perfectly light and free all liability sagg still eav
ING elasticity the same which renders it particularly
and simple construction the matter Of puttng and taking
down will be found Of but little trouble comparison those
Of other construction whilst the precision with which the
component pas fitted safeguard against the intro
dsction of any Kind of vernin.


From the taken to render each Beded perfect their
qualities for durability will recommend them TO purchaser
who invited 10 call and examine large assortment
aanA.


Also, large assortment Of elegant Furniture Mattresses
Feather Beds, &c. constantly on hand.


j.. &C sOUTHACK, No. l06 Broadway,


iel6y Franklin House","PATENT WINDLAss.
B T. DIST T. A d.",Morning herald. [volume] (New York [N.Y.]) 1837-1840
1839-11-07,"UNDER the Clinton Hall
Ryders ia ned Boot and Shoe store is found,
In il, whoever may call,
Always fnds assortment that's soua nd,
He has boots Of materials the best.
Ready made. and to order likewise,
You have ony to give them the test
Deligheted are all he supplies
Each varied description and kind,
Required BY each seasons change.
Better boots you'll no where ind
Der the phole foicn should you range,
OF shses, too, he's every SORT
The walking and dancing pumps,
Made eqsal the choicest wrought,
And not to be hurt by hump
Known fer and neDr is his name
Each portion Of the Union can tell
Ryders workmanship merits its fame.
because il is always done reH-
Each material is chosen with care
Each article finished complete,
Known never to rip-tnd to wear
Much longer than many you meet
A Diploma has been given him twice.
Nor can his work be surpassed,
Soperfectly finished and nice
The lea ther that leaves his last;
Ryder's name is sprs aiding around
Each city and town OF our land,
Equal to the finest yet found
The articles sent from his stand.
New improvement hes lately made,
Enhancing his cork sele boots,
Where great skill and taste are displayed;
You will find the cork cannot break,
Over its sole leather is wrought
Ryder's new invention will take",,Morning herald. [volume] (New York [N.Y.]) 1837-1840
1839-11-07,"CHAWL Observation-Disclosures UUfNLi, 154
- Broadway, would respectfully call the attention Of the
Ladies their large and well selected stock of Seaonabe
Fancy and staple Dry Goods which they offer at great
bargains being much lower than the cost Of importation
fashionable styles Of Plain and Figured Black and Celor
ed Silks and Satins Moussenes de Lame and Chaes,
Merno and Thbet Cloths Jet and Blue black Bombasines
and Crapes Paris Ebroderes and Laces Tape bordered
Hemshiehed and Embroidered Linen Cambria Handler.
Chiefs Dark and Black Ground French Prints; Silk Veves
Hosiery, Scars, Handkerchie Oentlemens Ladies' and
Misses Kid Gloves Belts &C. Also large and splendid var
ETY. Of Paris and Lyons Broche, Thibet and Cash
Shawls; Scotch and French Plaid and Figured Blanket
Shawls, nc. &c.


B. The Ladies respectfully requested (and they will
much their sdvanag) call and examine We stock
before purchasing elsewhere. o26.2w'",,Morning herald. [volume] (New York [N.Y.]) 1837-1840
1839-11-12,"There has been little business doing today The sale Of
real estate tod given under the head Of money market
the chief transaction the auction way There's demand
for merchandise sey check for the present. the downward
tendency Of prices With the opening spring there will
doubt great demand for goods supply the Of the
rapidly growing west The Of the Wabash and Mau
canal connecting the lake navigation with Wabash river
vii, open the markets in the valley Of the river the
prise Of the New York merchants exclusively The following
table Of the amount Of goods annually received at the
towns the Wabash above the Grand Rapids.","sales NJ the stock Exchange.

state Of Trade.",Morning herald. [volume] (New York [N.Y.]) 1837-1840
1839-07-01,"1 ~ ""
1NOURTH OF JULY-SPLENDID FIRE WORKS.


The subscriber, respectfully to the public,
that received from the mandatory the extern
of Fire Works that be found in the city, to
wit of Gold Fire. Peruvian Cross, Diamond Cross,
Chinese Fam Sun Of brilliant Fire. China Flyers China Flower
Potts. Jack the Boxes Maroen Initiative Cannon, Tour
billions, Mines Italian Seamers, Roman Candles Of all sizes,
Line Pigeons, Csimon Green, and Rejecting Lights,
for exhibitions Rockets Of all Sizes Bengoas, Vertical Tri
angle aud Scroll Wheels Serpns Pin Wheels, Torpedoes,
Pulling Crackers Port Fires tyIg Pigeons Grasshoppers,
Blue Lights, &-an assortment far too to
ticularize.


Also, any quantity and kind Of India Fire Works


Those from other cities, country merchants &c wanting
such articles most particularly invited to call before
chasing elsewhere they may he assured they will find the
reasonable than they will find any other place
The city w. X X. BALLAGH,


icl7.tyiisr 81 Chatham, Of Duane streets.",,Morning herald. [volume] (New York [N.Y.]) 1837-1840
1839-08-17,"NJ OTICE-souiherners and other Strangers visiting the
IN city respectfully informed that the subscriber has just
received and offers for sale the following goods adapted to the
sea.on, and worthy the attention efhouse. keepers-


LAMPsOfa descriptions, consisting Of and two light
Mane and Side Lamps gilt and bronzd with rich cut glass
drops Also, Astral Lamps git bronzed and plated Hexgon
Lsntens with double burners with large assortment
Of Hall Lamps, compete.


PLATED WARE-Elegant cut glass Casters, plated Wait.
with silver edges and handles; Cake Baskets Of pat
terms; Plated Csnoeicks with branches; Shutters and Trays,
Pased Urns Tea Sets Toast Racks Vegetable Dishes &c


CUTLERYFine Balance Handle vsrv Knives aud Forks,
elegantly fitted in rosewood Also, Transparent Ivory
Handle Knye. ony Manufactured Tor silver forks Also.
Beef Slice and Game Carvers Nut Picks fine Pes and Pocket
Knives, Scissors. &c.


JAPANNERY-O Sandwich and Paper Tea Trays, in
Of 10 with Bread Baskets and Knife Trays 10 match.
Also Dressing Cases Tea Canstc and Spice Boxes NC


NANTEL CLOCKs-Rich gilt gilt and bronzed, ebony,
asser white and black Of the latest patterns, warranted to
keep correct time.


gilt and bronzed and all bronxed
Candesbras Of the latest patterns with gures ee
CANT Also, Slide Branches from 10 8 lights


CERAND OLES-Ciilt and brunxed, with and lights,
handsomely ornanented with rich cut glss. prisms.


BRONZED ORNAMENTs---Cssdlesticks Ink Stands,
Watch Stands, Thermometers, Tea Belts. &c.


"" Also just received frum the celebrated house OF Dron


Sons further supply Of Britannia Ware, consisting Of Tea
aud Coffee Sets. Urns, Nc.


Also, further supply Of the celebrated Chinese Razors


Also farther supply Of gentemens Tool Chests very CON-
plete.


All the goods offered unreasonable prices at the
New York General Furnishing Warehouse No IL Maiden
Lane. (aula.y) D y. DELAyAN.",,Morning herald. [volume] (New York [N.Y.]) 1837-1840
1839-08-17,"WINDOW BLIND MANUkACTORf.


HE subscriber respectfully beg to inform the public that


he has constantly hand large and elegant assortment
of every description Of the painted transparent washable win
dow shades consisting Of Italian and other landscapes Daphi
nous Chinese Architectural and Fancy Blinds which he
confidently for their beauty strength and great
rabiiy they have been known with common care to last
from years Tie prices Of the shades including
cords tasses rack pues, and fittings for windows complete
vary from 81 and upwards per pair Blinds painted and fitted
to order, by applying to GEORGE PLAT1 IL Spruce ST.
NIB Couay dealers supplied WIKI blinds and blind fittings
mlq2m~y",,Morning herald. [volume] (New York [N.Y.]) 1837-1840
1839-06-04,"The effect Of the from England has been to cheek
every thing like disposition to operate to any extent
The sales at the stock exchange today have evnced
want Of animation Prices have undergone but very little
change Saturday Sales mostly ON time Phenr bank
reccded per cent? Dry Dock per cent? Mechanes Banking
ASSOCIATION per cent; Farmers Trust per cent? u s. Bank
II per cent vckstarg per cent; Canton per cent The
Delaware Hudson have declared dividend Of 81 per cent
and the stock improved per cent; Harlem Der cent


The following the report Of Treasury notes for the month
Of May, as compared with the month ofl) bnl;-


90, May lsf june lsf","MONEY MARKET.


Monday. Juno 3.--l2 M.",Morning herald. [volume] (New York [N.Y.]) 1837-1840
1839-11-21,"UNDER The Clinton Hall
Ryder's ""a ned Boot and Shoe store is found,
In IL, whoever may call,
Away finds assortment that's sound,
He has boots of materials the best
Ready made and to order likewise,
You have oIAy to give them the test
Delighted are all he supplies
Each varied description and kind.
Required BY each seasons change.
Better boots you'll no where find
Ger the whole town should you range,
OF shses. too, he's every sort
The walking and dancing pumps,
Made equal the choicest rought,
And not to be hurt ty hump
Known far and is his name
Each portion OF the Union can tell
Ryder's workmanship merits its fame.
because it is always done peH-
Each material is chosen with care
Each article finished complete
Known never to rip md to wear
Much longer than many you meet
Diploma has been given him twice.
Nor can his work be surpassed,
Soperfectly flushed and nice
Theleather that leaves his lat;
Ryder's name is spr aiding around
Each CT "" aud town OF our land,
Equal to the finest yet found
The articles seat from his stand.
New improvement he's lately made,
Enhancing his cork sole boots,
Where great skill and taste displayed.
You will find the cork cannot break,
Over its sole leather is wrought
Ryders new invention will take
Keep increasing the the custom he's sought. ole d..",,Morning herald. [volume] (New York [N.Y.]) 1837-1840
1839-11-07,"CAHPETING The subscriber have recently added lar
- rey to their stock aud now offer handsome and erten
Of Carps ting calculated for the Fall trade con.


ng OF superior English Brussels three ply supefhne AMI
fine danask twed striped and figured venan Carpets, IN
match from to A wide figured and plain Decking
and baizes ued and Brussels hearth rugs tailed ambskn,
acant Manila and rope door mats coored and white msnkn
table covers Sc painted heor cloths every variety
oil coors and figures from eighteen feet wide, we'll cal
culated fer tho cabins Of packets large rooms, sc


NB-strangcrs in the city will find u to their advantage
by calling before meking their selections.


J.&J. "". SAD KETT N East Broadway,


n7.iwis- extending though ""a Division street",,Morning herald. [volume] (New York [N.Y.]) 1837-1840
1839-10-07,"DERFECT Railway aud Steam Conductor, Victoria, Ma


tioIa and other Patterns Coal or Wood Cooking Stoves
The subscriber most respectfully invite attention TO their
and seenpd improved king stoves, which for beauty
simplicity quantity aud quality cookng baking &c &C. have
equal and challenge comparison in all points views
and all ask convince any rational that such
facts cca examination Of the above named aud
they win be found unlike any other patterns offered for
sale in this CITY


Persons DESTROYS Of purchasing will ad il 70 their interest
give call previous q purchasing elsewhere will sell
cheap other store in the Also most splendid
article Of parlour wood for sale whole
sale retail, by SALISBURY BARKER, 237 Water st.


sli-lmr between Beekman 81. * Peek slip.","STOVES STOyEs,l sroyEs,l",Morning herald. [volume] (New York [N.Y.]) 1837-1840
1839-06-29,"Wholesale and Retail at No. 106 Nassau street,


door above dnn.


Worms Worms inslbly destroyed by usag shermans
Lozcnge They the greatest discovery made
and only medicine that falls asd PLEASANT that
children NAV them freely popped hnt.


Coshs Colds Asthma tg,n.s. Of the chest sumption,
almost incredible short time by using Shermans
celebrated Cough Lozenges They in
day have cured within the last months
than all The Balssm OF Lverwort HorehouDd sc put 10
geer They have cured great many where hopes
were entertained Of recovery.


adapted bilious where active Cathsrtc
is required They the best medicine and pleasant
20 be eaten . readily a. ordinary confectionery.


Heartburn aud acidy OF the stomach dyspepsia &c cured
by sbermans Soda Lozenges. They heartburn few
Minutes and afford astonishing reiefio dyspeptics.


Nervous Sick Hodaeh immediately cured by Shcrmans
Headache Lorenges They faut. oppression Of the
tending large parties keeping up the spirits aud cheerune
laxative Losenges for persons Of cove habits


the sedanry They Keep the bowels open and after awhile
entirely obyiate this troublesome complaint.


Ioreress Cor correcting the stomach and bowels
Sarsapa,siia Lorenges for purifying the blood, kc


Rhuafisrn Lupbago, pains and weakness in the back
loin. sides neck breast limbs joints, SC cured by sherman
ranted superior all other plaser. and FOR only l2


T,efhne Plaster affords astonishing relief when
warn ON the OF the neck Of children their teeth
Ivsv Cop,planf jaundice female distractions &c cured
by celebrated Roy Hepatne, which has cured more
within the than all other remedies
Their IL with difficulty the proprietor supply the nercas
ing demand Cor this popular medicine.


BAH kinds Of medicine be had made into Lozsnges
and rendered pleasant at LOG Nassau street Also Peppermint
Rose and all other pleasant eating Lozenge the greatest
variety in the world.


ASH for sh,rmans Lorenge.. jeioy",INDICATED LOzENGES.,Morning herald. [volume] (New York [N.Y.]) 1837-1840
1839-06-29,"GENERAL OUTFITTING STORE,
Where Gentleman article for complete


Outfit of the best quality,
No. 353 PEARL STREET, CORNER OF FRANKLIN


SQUARE, N. Y.
Here the public may always procure
Fine goods in the Quitting line,
And what is mpor tant, be sure,
That untiring real will combine,
With skill in preparing each sort
As good as elsewhere be bought.
Here the steamboat and packet ship may
Their rsa4y made linen procure,
And prices most moderate pay
For articles well made and secure.
Here they viii constantly keep
Every article belong ng TO that class
From the counterpart, blanket and sheet
To the towel and cloth for your glass.
Gentlemen also will hsd


Their ready made linen complete,
From fabrics the best Of their Kind,
And made up exceedingly meat.
Shirts, Under Shirts, Draw'rs, Belts aud Hose,
Hsndkerhiefs Bosoms and Stocks,
While the skill that each article shows,
Rrngs customers crowding In nocks
Buthe nsed aot each item rehearse,
The Suspender, the Collar, the Glove
The rantaeon, Strap and the Purse,
Each fine those mentioned above.
Linens, likewise to order made
BY those who are known 10 excel,
And thevery fair price that Is paid
Yields work that is always done we'll
IT'S extremely convenient TO know
Where ample assortment Is found,
And Al once there be able TO 10
Without searching the city all round.
Also nd",&. a. Bradbrook's,Morning herald. [volume] (New York [N.Y.]) 1837-1840
1839-06-03,"TERRENCE sWEENY seaside ofthe great avors and sup


port he has his friends and the public gen
era at his establishment Ne. - Bewery Rew York. takes this
opportunity Of returning his best hank and soliciting conta
Of their cusom the that he will constantly
endeavor afford every satisfaction and attention in his power
for any future support they award hn Also, of
ing that lie has constantly hand excellent assortment Of
English, French and German Toys and great variety Of
Fancy articles also the choicest Jees Pre-
and every foreign and domestic fruit In the
he will continue his fountain for his superior
Soda Water and carbonated Mead usual sFff


NIB Ice Cream prepared to order all seasons and
stantiy hand In the summer. as 1g m3l-3t-",,Morning herald. [volume] (New York [N.Y.]) 1837-1840
1839-04-23,"GENERAL OUTFITTING STORE,
Where Gentleman may procure every article for complete


Outit Of the best quality
No. 3J3 PEARL STREET, CORNER OF FRANKLIN


SQUAE, NJ Y.
Here the public may always procure
FrHe goods in the Quitting line,
And what is important be sure,
That unring zeal will combine,
With skill in preparing each sort
As good as lsewhere can be bought.
Here the steamboat and packet ship may
Their ready made linen procure,
And prices most moderate pay
For articles well made and secure
Mere they will constantly keep
Every article belonging to that class,
From the counterpart, BLANKET and sheet
To the towel and cloth for your glass
Gentlemen also will find


Their ready made linen complete,
From fabrics the best of their kind,
And made up exceedingly neat.
Shirts, Under Shirts, Drawrs, Belts and Hose,
HandkcrE hieE Bosoms and Stocks,
While the skill that each article shows,
Briags customers crowdng IN HOOKS
Buthe need not each item rehearse,
The Suspender the Collar, the Glove,
The Pantaoon, Strap and the Purse,
Each fine those mentioned above
Linens, likewise, to order are made
BY those who are known to excel,
And the very fair price that s paid
Yields work that is always done weh
IT'S extremely convenient to know
Where ample assortment IS found,
And at there be able to 60
Without searching the city all round
Also Vesng and Stock Sans lengths, to suit purchaser
m29-tf",,Morning herald. [volume] (New York [N.Y.]) 1837-1840
1839-04-23,"TAPANNED WARE-Fine India Trays, in setts, Fine
Gothic and Sandwich Trays in sets of patterns and
eolors,


Bread and cake trays walters and plate warmers,
BRONZED WARE-Astra Hall and Mantel Lamps,
Chandeliers and Girandolcs, Card Racks,
Spill Cups, Brackets and Vases.
SILVER WARE-Tabe and Dessert Forks,
Table, Dessert and Tea Spoons,
Tea Sets Casters and Fruit Knives,
Butter Knives and Soup Ladies'
Tea Straners and Pencil Cases.
GERMAN SILVER WARE-Table and Dessert Forks,
Table, Dessert and Tea Spoons,
Ladies and Better Knives,
Salt and Mustard Spoons,
Sugar Tongs and Fish Knives.
All Of the above have been selected by my agent England,
with the greatest care and for sale the reasonable
terms, for cash approved paper.


ID. L. DELAvAN, No. II Maiden Lane,
a22y A few doors below Broadway.",,Morning herald. [volume] (New York [N.Y.]) 1837-1840
1839-05-10,"GO At this msmen when we perhaps the Of q
War with England il becomes the duty every enquire
how far this may personally himself is seeyi-
dent fact that advance English manufactured
goods will be Of the Of such Aud
in article will be heavily felt than English
cloths therefore hardly necessary point out the policy
Of all and sundry providing themselves with sufficient supply
ofrIotng. PHILIPS well known Cash Tailoring Establish
meat loo William, Of John street. presents opporu~
nifty Of obtaining first rate equal to any, and
passed by none, the city fer materials make and price
The astonishing patronage which this establishment has expo
resced is sufficient indication Of public judgment And tho
proprietor having made such arrangements for the ensuing
will he hopes and continuance Of


The system adopted alone peculiar to this establishments
Purchases made direct from manufacturers England,


thereby avoiding accumulated profits Of importers and job
consequently reducing the price Of The article such
ertenta enable him employ but first rate workmen;
whereas those differently situated compelled to employ
feor wokmen, of buying second third
hands. And those establishments which give long credits
result many ayodbe losses, and obliged make


their cash customers suffer sufficient profits for runsing
risks.


The advertiser deems unnecessary his part give list
Of prices pactiscd il is often deceptive He
confidently relies trial. being sskcient merit
nuance Of the avors Of those who may give him call",l NJ T y r L A N T.,Morning herald. [volume] (New York [N.Y.]) 1837-1840
1839-08-24,"CHERMAN'S WORM LOZENGES.--Many diseases


- arise from worms without its being suspected Sometimes
very troublesome cough pains in the joints limbs bleed


ING at the &C. &c cccasoned by worms, and will be
easily by using this Gel brated medicine The following
symptoms indicate the of worms vzheadache
tgc torpor dstubcd dreams sleep broken off by fright and


itching at the pains the torch
voracy tenesnus itching at the towards night
and at length objections Of films and mucus.


Read what Shermans Worm Lozepges have done-Mr.
Johnson Of Wayery Place, says his child has been afflicted
with Cts and the Doctors thought with the BRAIN
Every thing done help the child without effect until
box Of Shernan Worm Lezenges tried which to the
constituent of ALL effected perfect in few days. They
brought away almost incredible number of worms which
brought immediate relief Ask for Shermans Worm Lozsngs
They the only Worm Medicine that fails 10000 @
miles have used them within the last year with uniform
Wholesale and retail at LOG Nassau St, n. Y au2y","WORMS! WORMS!


WORMSl",Morning herald. [volume] (New York [N.Y.]) 1837-1840
1839-06-08,"L,EMALE LovELINEss-sUPERFLUOU HAIR
ladies be In accordasse with their frequently
and with what unpleasant sensations do ladies
beautiful completely unsesed BY that unseemly Disagreement
superauous growth of hair upon the face "" neck


ATKINSONS DEPILATORY has proved itselfin thou
sands instances that sve under the rropretor
vssn be positive and easy remedy for this unfortunate A.
Action.


No cosmetic has been hailed with the univs salts
faction that has accompanied the introduction of ,h nvaua
bic preparation, sinsle application Of which will In
moments entirely remove the hair leaving the skin softer
finer, whittier, and much improvedin its appearance.


II mild and harmless in its nature that can be used
upon infant, without the least dsleterous effect


consequence the Increased demand for articles
proprietor has appointed Aessr GUONs, lSa Broadway
New York. General Agents for the UAted States Of America
for the Depiatory and Mahomeds Turkish Dye.


Cosnry dealers will BE- supplied BY them the reason
able terms. Price two dollars per bottle. n22.tfy","I,EMALE NEUTRALITY-SUSPICIOUS. HAIR",Morning herald. [volume] (New York [N.Y.]) 1837-1840
1839-09-10,"Tim THREE GREAr THEATRES Last NIeur.-
The Park, the National and the Bowery, last night,
were crowded to the ceiling. There has not been
snch night for thearicas since the present has
occupied this island How il was when the Ind ne
mad their theatrical exhibitions, we unable 10 say,
nut presume that they would number 1900 at a
great dance At the Park, Miss Inverarity, Miss
Poole, and Guibelei made a grand hit. The
two ladies' looked most splendid, and sang ex.
ceientiy' AT the National, Charles Ksan was well
received and made some fine points; but he PLAYED
very unsveniy. AT the Bowery, Celeste looked and
felt at home She never played better, and she was
IN high spirits. AT the least calculation there were
10000 persons at all the theatres last night, and thus
""A",,Morning herald. [volume] (New York [N.Y.]) 1837-1840
1839-10-23,"Within the past week there has been decline OF over hall
gallon in Whale oil with only fair business Prices now
range which have been paid for the last
year. These comparatively high rates pay very good
cenase the capital invested but when prices go below ~
cents they did ia 1897 the whale fishery sufficiently
profitable for capitalists continue trade and many ge-
morally withdraw. The present prices tend il the money
market better condition. to Increase the number Of
whale ships rapidly; and vessels will be des
patched to the Pacific and Indian Oceans this year than there
last the before that Prices Of products operate
alike the production oevey description of articles and the
whale fishery affected very materially by high low prices
find that since the revulsion Of 1867 less number OF
whale ships have sailed from New Bedford Nantucket and 80
and right whale oils very low and at period
whale oil down 10 Is 20 gallon Now sales are
FALL and 81 ~ 81 IS gallon for WI ter strained which
higher than have been known for long time Prior to the
winter of 1896 the whale fishery had been common
with svey other branch great rapd AS the
following will show:


VALUE OF OILS IMPORTED. f>


L. lsss' selss 9s7 In 1887 sa,ss7Sss


These the total value Of the oils imported 1888 ncu-
sve This year not inc ued in the table
the official statement but from pretty good authority learn
that the mporaions IN sSs ending with Oct s nm have
oil separately, the import has BEEN in quantity,


In 1884, $4,000 Ibis. In 1897, $4,000 bbls.


1888 i5so GOO do isss i lag GOO 40 20.


Such the true condition Of the oil trade and analysis
will d ow its rami6csto since 1886


The revulsion which broke loose in May 1887, drove the
of aarge feet of whale ships seek other and
profitable business than the whale fishery and large
number Of vessels withdrawn and turned into freghng
ships paying better per cenage May companies m small
places the business entirely and sold all their ships and
materials. New Bedford and Nantucket the only
ports in the fishery and they appear to
monopolze the whole trade of the country There
raj ports which have their whale ships and may
include Poughkeepsie, Warren r. Sagharbo and Staten
Island, the list, but they do nothing compared with the
great trade that carried the two first mention places
In the years 1897 and 1888 hundreds Of who had been
formerly engaged the whaling business Of employ
men and the majority finally into the merchant services
for since those years financial affairs have been such
vent the formation of and understand the
association the Hudson has offered all its ships for SALE and
intends to Withdraw almost entirely from the business IL has
been estimated upon pretty data that where eight
whale ships sailed in 1885 and 1885, than fitted
out aud this the proportion throughout But those vessels
that present in the Pacific and daily arriving New
Bedford and Nantucket have been very fortunate
in short time We speak Of ihose in the Pacific
having been prosperous many Of them have been spoken
and otherwise heard FROM when n.ar full and ready for home
II is in their being fortunate that have estimated
the Of 1892 100000 in value Were il not
for this the receipts would be less and undoubtedly advance
TO poin they The ships which have been
fitted 1ut 1897 mostly for three years and
consequently there ships which have not been sufficient
y lucky to return home before their time up


The high prices in This country have prevented the usual
erporatsn Of oil the north OF Europe This has, great
benefited the had the foreign ship
ment. been large formerly prices would have been al
fecied still more.",The Oil Trade.,Morning herald. [volume] (New York [N.Y.]) 1837-1840
1839-10-23,"DCCTOR GLOVER Is consulted usual at his Unice
~ His practical experience AID his chemical
experiments have enabled him to introduce into his practice
several new articles which prompt curing those disc
to which he devotes his attention.


Dr. apprs strangers thai he has received regular mcd
cal education and has devoted his attention for the last
select branch ohs profession. His Office "" No.
Ann street Private eniranc. third door from the Museum,
through estry with lamp AZ the ONCE door.


b. The Doctor keeps general assortment Of Trusse
aud sSspensory Basdsg which adjusted and applied
above.


Ps His celebrated Elixir may be had at his store Price
dollar. o23.lm",,Morning herald. [volume] (New York [N.Y.]) 1837-1840
1839-11-25,"Corner Of Fulton AND Broadway, Entrance IRON Fuon
CLIREHUCH, HAIR CUTTER, has just completed arran-
~ ger. with Of the 6rst houses London from wbenes
receive the first specimens Of every shsn TO be adopt
cd for the that they will appear New Yofk smu
taneously with those Of London aud Paris.


Nest the advantage Of having 6ne head Of hair the


Importance OF having well and this branch Of his art
Cehugh stands yreeminent His system Of cutting
hair III, aesderaum by which It's ururisncs
beauty rendered truly ornamental The des and erecu
ten differ enrelp from the usual practice - ,ircuttins
adopted here also the expedition and genene with While,
the operation 10 performed The first artists in London anu
acknowledged m utility and adopt II In their prac


ce. By the beau monde Il has been denominaed sciei
and whether for the Pulpit, the Bar the Senate or ,h
Stage its elegant and classic arrang viii add dignity
grace 10 the whole contour Of IA fete Humane.


The patronage already extended 10 hm since the modst
ton u his sysea and the faeng encomums pronounced b.
All who under the magic Of his touch
induces him invite all gentlemen who either study persona
appearance or the aurements fashion, to place their hair
charge that trial will prove his Superiority
over all other competitors.


Private Rooms for HAIR Cstt'ng' aud hitting en- wigs SIS","GALLERY OF YAsHIoN, FOR
HAIR CUTTING. &c",Morning herald. [volume] (New York [N.Y.]) 1837-1840
1839-08-24,"~ CLIKEHUGH, invites all wearcrs and connoisseurs 70
inspect his newly invented venatng and perpetual fitting
Wigs which, for elegance, lshtne and durability may be
placed among the first productions Of modern art In their
nuacure they differ from all others made here The hair
being sng inserted and equally distributed to appear


just issuing from the skin In their form they more
OF the brow than the natural hair does and having metal
lie spring, all disagreeabe pressure is obviad They
particularly to those residing climate
they can be made emily weight and thin goss





For this invention, and the advantages connected with the
euercan nstt awarded the first premium, and competent
professional udss have pronounced very Of
perfection.


Hair Cutting Rooms 2O7 Broadway, Of Fulton street


aul6-lm","NEW INVENTED


PREMIUM
WIGS AND SCALPS.",Morning herald. [volume] (New York [N.Y.]) 1837-1840
1839-08-24,"90 SECONl WARD HOTEL.-Next 10 the corner (
Fulton street. IN Nassau street This we'll known esabsmek
having undergone thorough edtng in complete order
for the accommodation Of those who may honor It with their
patronage.


There this house. besides lower story il thrown
entirely open public bar ROOM large room uvou the -
cond story feet BY u.s. well suited for the a
public meetings. together with several smaller adapted 10
the Of clubs referees for the transaction Of private
business. .n


Clubs and private parties accommodated with
may be furnished with dinners supper composed evey


species Of game delcacy which the markets afford shoA
notice [jeil-yl EDMUND JONES, Proprietor.
II NCKERBOCKER HALL No. 10 Park Row.-The sub
N scriber having opened the above house the EURO
PEAN rLAN, would respectfully inform their friends and The
public that they ready accommodate them style
not to be surpassed by similar house in this city Ts
house will always be furnished with every and all
the lsxures Of unrvaled market There hundrs
lodging rooms which airy newly furnished pose
order The Ordinary being the first Aoor spacious ssa
convenient and we'll furnished and the tables shall always DC
supplied with all the variety the market affords upb
experienced cooks.


The marked which has attended estabhmsutsc<
this kind sufficient evidence Of their adoption both busss
and traveller. I


Gentlemen visiting the city, will and this desirable n,
central situation being nearly Broadway fronting the Pk
and in Short the beauty and elegance local Ard


anory objects Of attraction and plendor with which New
York abounds EDSALL JONES


IFor the accommodates of Travellers this house will
be open al all hours Of the night. al-6",,Morning herald. [volume] (New York [N.Y.]) 1837-1840
1839-10-07,"Stocks rsed yesterday Stock LSchangs Sales were
about a usual but prices generally showed Improvement
the aes Of previous day. Delaware and Hudson i'
proved per North Americas Trust and Banking per
cent Mohawk per cent Harlem per cent. Notwth-
standing this stock perhaps OF the
HARDEST DAYS which has known the street The
mercantile community s'raning every nerve to weather
the crisis Large sacrifices submitted the belief that
necessity for will olivia ted by the credits arising


from the receipt crops The process the reduction
Of values however, going rapidly forward and debts which
have speculative values must be set


tied specie vauehence the large property which fan
ced they me before the test Of realisation Those
repaed worth million find their property really
worth but half that Those who estimated
900 realise than The debts Of
large dealers who stopped 1885, renewed for two
years thirty months and again falling due without
possibility OF renewal Therefore the process which should have
gone through with in 1897 has, by boeng been pro-


aced until this time when the accumulation Of credits
which has been going through long period Of universal
peace is now falling into ruins by its weight.


The fmsey ties. which banded about in Wall


street under the ofock operations, gradually going
out of exance They rail- occasionally, and that when the
market ct the tghtes and why? Simply because the law of
supply and demand governs every which traffic
sied that Of"" fancy stocks There class Of men
whose business it is speculate stocks II those
gage deliver certain day large amount Of stock at





stocks and whatever the situation the MONEY market
the real value of the stocks they will be bought and delivered
according contract These purchases slight ADVANCE
which usually followed by greater depression the sue
ceeding day. This traffic becoming changed II accom-
panied BY too great risks falling markets. the failure Of


stock brokers svnce Of real capital to continue in
at time when state stocks and other undoubed securities
bearing interest,"" forced the market The quantity Of
this description every successive arrival from
and do mill a are
withdrawn from the market and cancelled the balance must
nevbly take the place Of the fancy stocks Some Of these
latter rail road overburdsncd with debt that
sale and change Of propreorshp low prices must be
made involving loss Of the loans hem before they be
made profitable One OF the best Of these companies the
Harlem rail road II must eventually be the great thorough
fare for the whole ade Of the West with New York city


Its business already large and would pay
for the interest its debt The wing statement of
il, business for series ofytars:-",MONEY mARKRr.,Morning herald. [volume] (New York [N.Y.]) 1837-1840
1839-04-16,"Yesterday we issued and sold, from Office, Il
Ann street, (Ncw Wall street,) nearly FIFTEEN
THOUSAND EXTRA HERALDS, price at the
counter, two cents piece, containing the important
news brought by the Great Western. Sogreat was
the rush to the foreign of this Extra, that
many persons gave the newsboys g. II, and 70 cents
for single copy. Another Extra was published,
but swept the field. We received the news at
eight o'clock, and began working them off at eleven,
and the press did not till late in the afternoon
The Extra Herald was distributed all over Wall
street before IL O'clock or about that time. None
of the Wall street papers issued cxtra-they
asleep-or drunkor both, till ten O'Clock, and then
they required two hours to open their eyes and get
rid OF the fumes Of the wine and segars Of the pre-
vious night. le",,Morning herald. [volume] (New York [N.Y.]) 1837-1840
1839-11-02,"CTcVES! STOVES! STOVES The Subscvibers
- woud call the ntion Of the public their large and
elegant assortment Of Stoves. which follows:


The Peoples Improved Cooking Stove for wood coal
the improved Cook for wood coaI Psrles
Frankn splendid paterns small Frankins for cooking viii
coa Canal Stoves James Improved cooS stoves nine plate
reasoaabe terms Cor cash. their
go Water door east Of Peck Slip and 00 Cherry
four westof Caharne Fancy Base
suitable fov Offices stores barroos steamboats, e ogsths


with large assortment Of ""copper"" tin, and sheet iron
constantly on hand stove pipe.


ol9 I'm. A. X M SOMERVILLE",,Morning herald.
1839-10-23,"Ger. 2.-The grand jury into court with
long presentment on the state of the City Prison -
The gst the whole matter that the Jury thoup hit
that the tombs the debtors side, had been fitted
up for the reception Of sick and intoxicated
and that better Accommodations should be provided
for the debtors They also strongly rcprobated the
state Of the cells, particularly Il regards ventla
tioa, and hoped that the Common Council would
make such would prevent the rats hav.
ing free egress and mulatng the persons Of prison
ers.


Edward Bennett was put to the bar, charged with
grand larceny, in stealing set OF window curtains
from Masonic Lodge. The jury found him guilty


Abraham Lunyea was convicted Of assault and
battery.


Ann Smith, negro loaferess, was put 10 the bar
charged with stealing lot Of clothing from the house
OF her mistress. The case was very clear, and the
jury convicted Ann without leaving their seats.


Francis Ash was convicted Of petty larceny, and
adjudged to the six months.


Richard Hayes, negro, was convicted Of stealing
a she shirt.


William Peck convicted Of assault and battery.


The trial Of the indictment against Wolf l. jacob,
tailor Of Fulton street. for receiving goods knowing
them to be stolen, was specially fixed for Wednes.
day morning, and the Court adjourned.",,Morning herald. [volume] (New York [N.Y.]) 1837-1840
1839-06-26,"Wholesale and Retail at No. log Nassau street, one


door ADORE 4nn


Worms, Worms, nfaby destroyed by using ehermans
Worm Lozeuges They the greatest discovery made
and the only medicine that fails and pleasant that
children may them freely a common peppermint


Coughs Colds Asthma ghtness Of the chest consumption
sc. cured almost incredible short time by using Sherman
celebrated Cough Lozenge They in
day. They have cured within the last SIX months
than all the Baam's Of Lverwort Herehound &c put TO
gehe They have cured great where hopes
entertained of recovery.


Bilious ComptantsSheman Cathartic Lozenges are par
tcuary adapted TO bilious where active Cahartc
required They the best medicine in and pleasant
TO be eaten a readily as ordinary confectionery


Heartburn and acdy of the stomach, dyspepsia Sc cured
by Shemans Soda LozeDges They heartburn few
minutes and afford astonishing relief to dyspeptics.


Nervous Sick Headdch immediately cured by Shermans
Headache Lozenges They Paintings oppression Of the
tending large parties keeping the spirits and cheerune


LAXATIVE Losenses for OF costive habits common
the sedanar They keep the bowels and after awhile
entirely obyiate this troublesome complaint


Charcoal Lozenges for correcting the stomach and bowels


SGsapdriAa Lozengss for purifying the blood &c.


Rhetmafisu Lumbago pains and weakness in the back,
oins, sides. neck breast limbs JOINTS &c. cured by Sheman
ranted superior to all other pasrs and for only 2


Skermons 1eefhins Plaster affords astonishing relief when
the back of the neck children cutting their teeth


Liver Complaint jaundce, female DISTINCTIONS &C. cured
by Shermaa celebrated Roy Hepane which has cured
wthn the last than all other remedies oge
ther wt difficulty the proprietor supply the increas
ing demand for this popular medicine.


NBA kinds Of medicine be had made into Lozence
and rendered pleasant loo Nassau street. Also Peppermint
Rose, and all other pleasant eating Lozenges the greatest
variety in the world.


Ask for Shermans Lozcnges jel9-y",INDICATED L0zENGES,Morning herald. [volume] (New York [N.Y.]) 1837-1840
1839-11-22,"Clerk the Attorney the the Student the Cen
eras Of Fashion and Fortunes and the Public general Of
ssw fork expressly adapted to all the mercantile pur
OF life and business the city; letter.
ss Of Exchange Invoices Sale, orders Notes. receipts.
cunts current me Journal Eay and the Ledger, aud ro
lively acquired by from the ages srr1Y


IN r~ELvE EASY LESSONS OF ONE HOUR EACH.
:RaMPEp or CONFIRMED, the Pupils writing may be-


ACADEMY No us BRoApwv, New YeRx


TIE LADIES meet daily IL and clock these Hour, are
devoted entirely to LADIES, and taught neat delicate
d.gant style of writing. 80
TnE GENTLEMEN are taught style Bold, Free and Men
- Merchants and Strangers visiting New York can IN
Pm W. = "" ''0' ''' 70
~ Further Lessons, above the twelve Unnecessary will b.
1ven by Mr. B without additional expense o22 Inn
nR. WIN. EVANS CELEBRATED MEDICINES are
~ composed Of vegetable substances, which specific
action upon the hea' give impulse strength
rial .yem-ths b'ssd quckened and squazsd
ton through all the vessels whether Of the skim sua
ted internally the exemtes all The secretons Of
the body are drawn from the blood there in
crease every secren and quckened action Of the absorb
ant and exhaent dscharging vessels AM morbd aetsn
which may have taken place corrected are
removed the blood purified ind the body hsa
state: n#el MMt.


These medicines after much and research
ing brought by the proprietor present STATE Of per-
ec,ou saperesde the the nnmea6e other medicines
and we'll adapted to the FRAME that the of hem
and preserving the Vital stream n pure and hshv ,s.
caussst to last many longer Than otherwise would
and the mind to become composed and tranquil that old age





who have elected their constitutions had them injured BY
medicines administered by gnoance n misery and
adherence: t@ '4
They compounded that streng henng equaliz
the action Of the Lear liver and other vscera they expe
the bad acrd morbid AFTER which renders the blood IN
pure the circulation through the excretoy ducts
the passage OF the bowels that BY the brisk slight
which may Ne regulated by the doses always remember
ing that while the excavations from the bowels kept up the
excreons from all the other vessels Of the body will also b
going the proportion, by which the blood
varatly becomes purified


Steady the ofthe medicines Will undoubt
eddy effect the acute obstinate diseased


eteacy OF the desease the medicines being admirably
adapted 10 the censttuon that they se taken at all times
In all cases ofhypecondracism low spirits papitaons Of
the heart rrtabty, weakness -four abus
seminal weakness ndigeson loss ofappette aslency heart
burn general debility bodily weakness chlorosis, green
sickness faulcnt historical anfings, histories, headaches
hccup sickness, gout rheumatism asthma tie
victims to that excucatlng disorder gout will End
lief from their suerngs by Of Dr. VIM Evan Pins
Nausea vomiting, pains in the ide, limbs head stomach
back dmnes confusion Of sight noises in the inside, alter
ungs Of heat and chlness remors, watchng, agta
tion anxiety bad Dreams pans will every be relieved
by occasional dose Of DR.. Evans medicines


Ope OF the dangerous sPochs 10 females at the change
oflfe; and is then they reqse medicine which will in
ygoate their crclaons aud thus strengthen their couu
tioss may enable them TO withstand ths shock.


When the system has been largely upon
overaned nothing better correct and nvgorate
| dropping constitution than tntse medicines.


| DIR. EUans' Medical Office, 100 Chatham street.
Ner York, ,chere the Doctor may be consulted.


Be particular ia seeing that the Labels contain following
notice Entered according to Of Congress- by Wn
Evans the 1889 the Clerks Office Of Southern
District Court Of New York.""",,Morning herald. [volume] (New York [N.Y.]) 1837-1840
1839-11-22,"UNDER the Clinton Hall
Ryder's Ia ned Boot end Shoe store is found,
In it, whoever may CALL
Always finds assortment that's sound,
He has boots Of materials the best
Ready made. and to order likewise,
You have oldy to give them the test
Delighted are all he supplies fe
Each varied description and kind,
Required by each seasons change.
Better boots You'll no where fad
Ger the whole torn should you range:
OF shees, too, he's every SORT
The walking and dancing pumps,
Made equal the choicest rought
And not to be hurt by httnp-
Known fan and n<pr is his
Each portion Of the Union tell
Ryders Workmanship merits its fame.
Because il is always done rel-
Each material is chosen with core
Each article finished complete,
Known never to rip md to
Much longer than many you meet
A Diploma has been given him twice
Nor can his work be surpassed,
Soperfcctly finished and nice -
The leather that leaves his last;
Ryder's name is spr sadng around
Each city arl town OF our land,
Equal to the finest yet found
The articles sent from his stand.
New improvement he's lately made,
Enhancing his cork sole boots,
Where great skill and taste displayed
You will find the cork cannot break,
Over its sole leather is wrought
Ryder's invention will take
Keepsncreasing the the custom he's sought. ole dl*",,Morning herald. [volume] (New York [N.Y.]) 1837-1840
1839-04-27,"GENERAL OUTFITTING STORE,
Where Gentleman may article for complete


OMIT Of the best quality,
No. 3J3 PEARL STREET, CORNER OF FRANKLIN


sQUAE, N. Y.
Here the public may aiway procure
Fine goods in the Quitting line,
And what Is impoI tant, be sure


That untiring zeal will combiae,
With skill in preparing each sort
As good as elsewhere can be bought
Here the steamboat and packet ship may
Their ready made linen procure,
And prices most moderate pay
For articles well made and secure.
Mere they will constantly keep
Every article belonging to that class
From the counterpane blanket and sheet
To the towel and cloth for your glass.
Gentlemen also will fad


Their ready made linen complete,
From fabrics the best Of their kind,
And made up exceedingly neat
Shirts, Under Shirts, Drawrs, Pslts and Hose.
Handkerchief Bosoms and Stocks,
While the skill that each article shows,
BrlEgs customers crowding IN locks
But he need net each item Iehearse,
The Suspender the Collar, the Glove,
The Pantaoon, Strap and the Purse,
Each fine those mentioned above
Linens, likewise, to order made
BY those who are known to excel,
And the very fair price that y paid
Yields work that is always done well.
IT'S extremely convenient to know
Where ample assortment is found,
And at once there be able to go
Without searching the city all round
Also vesng and Stock satins lengths to suit purchaser
m29-tf .s#",,Morning herald. [volume] (New York [N.Y.]) 1837-1840
1839-04-27,"GO TIL ESubscrber Sole Proprietors and Manufacturers
prepared with despatch orders for their I'm
rvaed Patent Swelled Beam Winda.s Bedstead which
almost universally used being the best article yet
veuted-combinng ease, convenience and durability.


The sackng acted upon by the windla and weled beam
made perfectly light and free from all liability to still lerv
ing elasticity in the which renders it particularly
simple in construction the matter Of putting up and taking
down will be found Of but little trouble in comparison with those
efany other construction, whilst the precision with which the
component pap fitted safeguard against the intro
duciion Of any kind Of vermin


From the taken render each Bedsead perfect the
qualities for durability will recommend them purchasers
who invited to half and cyanide large assortment
aand
Also large assortment Of elegant Frrniture Mattresses
Feather Beds, fac constantly on hand.


J.W. &C SOUTHACK, No. 1876 Broadway,
;elk lin","PATKNT WINDLAss.
B T. DIST T. A y.",Morning herald. [volume] (New York [N.Y.]) 1837-1840
1839-11-06,"PHILADELPHIA, BALTIMORE, AND EASTERN


NOTES, taken at par for Portable Desks Dressng
Cases. Fancy Boxes work jewels odours &e rich Purses
and Card Cases Fancy Note Papers and Envelopes
Boxes Walking Canes Ladies' Work Tables and great var
ETY. OF utility and fancy suitable for presently psr
bic articles for travellers fine Peyfumery Brushes kodg
Cutlery Chinese and Indian Gosds &c comPrsng all the ne
and style, arrang ment quality ard
nh forming the most and desirable assortment
osnd the city OF which most happy to show
and sell a Reasonable prices W


TIFFANY YOUNG, $50 Broadway,
OILS lms. t directly opposite The City Hall","nHIL ADELPHIA, BALTIMORE, AND EASTERN",Morning herald. [volume] (New York [N.Y.]) 1837-1840
1839-04-24,"Dr. SherganDear Sr-I you many thanks for your in
valuable Cough Lozeage had suffered severely for two
with distressing cough attended with PAIN in the side
&C. pronounced by several physicians to be in acon6rm
ed consumption and 10 he past heard o. your cee-
brated Cough LoIesgss and and purchased born
cough relieved and IL. better every and
two months perfectly cured had previously tried
all the different aams Of Hcrehound Lvcrwort, and pcur
"" aud all the different cough medicines that knew
heard Of and none afforded an, relief until fortunately
sorted your Lozspge To them through the blessing of
God life and restoration TO health Use this for the
benefit eea who alike afflicted, that they know where
remedy be had that will cure when all others fail


Yours, SC.


MARY DOUGLAS Waverly Place.
Reader the above from hsnres Of letter that have been
received from those have been cared by Shemsns Cough
Lorenge Have ysu consumption troublesome or even
slight cough directly TO LOG Nassau door above Ann,
1.-THE oaly Meaed Loxenge warehouse in Amcrica) and get
box o Dr. Shermans celebrated Cough Loresges and they
will cure you


See saat ""A. Sherman NJ d. the wraprer-sueh
the only genuine Cough Lozenge Don't make mistake and
get any other for your life and health at stake Several
thousand boxes have been sold within the last few MONTHS
curing where all other medicines failed.
"". o. Dr. sherman Is In daily attendance.


Remember the NUMBER 100 Nassau street. here can he had
the greatest variety the world wholesale and retail a2sy",COUGH LOZENGES.,Morning herald. [volume] (New York [N.Y.]) 1837-1840
1839-09-24,"The supply Of cattle to day quite large and prices Of
beeves receded fifty cents hundred weight There were eight
hundred Market which three hundred and fifty remained
unsod Of the total arrivals hundred from the SOUTH
and the balance six hundred from this State and Connecticut


there also hundred stall cattle Prices ranged from


$0 and very few brought the latter price The
price 50 SO As said last week. the market becoming
glued and the comparatively small sales this week explain
ed with the fact that many butchers during the last two weeks
purchased sufficient quantity last for the consumption for
two weeks to II the arrivals continue large prices will
inevitably fall to low poiat II is the same with sheep
and lambs with beeves; the market plently supplied
and prices cannot therefore, remain high Within few weeks
past beef and mutton beth declined cents pound
retail and do not willing TO buy largely
n formerly At tie Bull, Head this morning there two
Thousand nine hund and twenty sheep and lambs Of which
sodthe lambs at ST. and the sheep 50 $3.50


Twenty and calves driven market day. and
sold at $50 $ss.","S2Ol.279 80

Cattle Market.",Morning herald. [volume] (New York [N.Y.]) 1837-1840
1839-09-24,"Medical AND TRUSS OFFICE, No. Ann street,
wi under the Aarerican Museum New York


U- DR.. g. &. Everett appr.es the public that he con
tnnes his successful treatment o diseases by safe and eca
cious remedie. He relies mainly upon vegetable Prepa
rasns FOR the cure o thoe diseases 10 which he attends


DIR. Everett. new and valuable TRUSS Tor Hernia,
Rupture combines the joint operation Of two springs upon the
rapture and thereby gives equab force and retains the
intestine under all possible infection, attitudes OF the boz
dyand thus superior 10 all other Instruments Of the Fnd
as gives security when applied Tie also keeps other
approved Patent Trses, which skilfay applied india
rubber silk, and linen uspensory Bandages polapsus
ami Bandages Russia Belts for weakness IN The IONS and
back the truly celebrated Abdominal supporters Improved
BY Dr. j. Knight for the cure o. Failing OF hs Womb,
commended By all the first Surgeons the United states aud
Europe Numerous persons have been entirely cured oy Them
after having been confined 10 their for years -


90 There tive entrances 10 his ofhee-one from 2S
Broaowsy se door the entrance 20 the American Muse
and from No Ann street. fret door from Broadway


~ b. Letters from persons at Distance being psst paid
will receive immediate attention. seplilm'","MEDICAL AND TRUSS OFFICE No. lam street,",Morning herald. [volume] (New York [N.Y.]) 1837-1840
1839-09-07,"Ny- SECOND WARD HOTEL.-Nen TO the corner
Fulton street. Nassau street This well known
having undergone thorough re6ttng complete order
for the accommodation OF those who may honor with their
patronage.


There this house besides the lower story thrown
entirely open public bar ROOM large room upon the -
cond story feet by well suited for the AZ
public meetings. together with several smaller adapted 10
the Of clubs referees for the transaction Of private
business.


Clubs and private parties accommodated as ana
may be furnished with dinners upPer composed Of eve
species Of decacy which the markets afford shose
notice. [jeii-yl EDMUND JONES, Proprietor.",,Morning herald.
1839-11-09,"Ryder's ""a ned Boot and shoe Store 10 found,
In IL, whoever may call,
Always finds al assortment that's sound,
He has boots Of materials the best
Ready made. and to order Likewise,
You have ony to give them the test
Deligheted are all he supplies,
Zach varied Descriptions ana kmo,
Required BY each seasons chAnss'
R~,,sr hoots you'll no where find
Os.r 10 whois forn should you range;
or shses. too, he's every SORT
The walking and dancing pumps,
Made equal the choicest wrought,
And NOT to be hurt ty fhusnp-
Known fcy and nssr is his name
Each norton of the Union can tell
Rydsrss workmanship merits its fame.
Because Il 10 always done yell
Each material il chosen with cove
Each article finished complete,
Known never to rip md to wear
Much longer than many you meet
A Diploma has been given him twice.
Nor can his work be surpassed,
Soperfectly finished and nice
The leather that leaves his last;
Ryder's name is spreading around
Each city and town Of our land,
Equal to the finest yet found
The article. sent from his stand.
New Improvement hes lately made,
Enhancing his cork sele boots,
Where great skill and taste are displayed,
You will find the cork cannot break,
Over its sole leather is wrought
Ryders new invention will take
Keen inc rea,np the the custom he's sought ole","UNDER tks Clinton Hall


Ryder's ""a ned Boot and shoe store 10 found,",Morning herald. [volume] (New York [N.Y.]) 1837-1840
1839-11-09,"Syrup have proved from the authenticated Of five
thousand persons the only known remedy for acute aud chro
lie in the world also for white dwellings gout
sprain bruises numsness and stces, Of the joints
weakness Of the back knee JOINTS from rapid growth of the
body In dyspepsia emacation whether from cough liver
plant Diseases female Irregularities scrofua fits
any other diseases.


Buneu W eeabesyrup has been found the greatest siren
theser and PURIFIER discovered In truth il has cheerea
the friends Of thousands Who but for It's sole agency wsud
have that from whence return Prepared
and for sale by j. L. Burnett WHarwi III Bowery Aise
for sale by BIS d. Sands 70 and 100 Fulton and at
the fumery 81 Canal street. Mrs. Booth, 81 Fulton
street, Brooklyn and Thomson North I'd street Williams
hui o21-3m","ID HEUMATIsM. RHEUMATISM. RHEUMATISM.
IN -BURNETTs Rheumatic Mixtsre and Vegetable",Morning herald. [volume] (New York [N.Y.]) 1837-1840
1839-12-28,"Prices for al descriptions yet too high compared with
the prices Of aour and other articles Of daily consumption So
long the monopoly which the butchers enjoy exists
long will main cvtravegant prices There psn
OF beef mutton park &C. and the reducoos taken Of
sson recede TO reasonable point In breasu the business


free to any one and when there net scarcity prices
regulated the supply that naturally nsws into market So


would be other provisions but when great monopoly
granted 10 Of prices must Of course, rule hgh.
Eons hare ecesy been made 10 have the present market
laws totally repealed hut far without Whether
they will be fer the present. Questionable That meats can
be afo ded Cor less rooney than paid do not
tain doubt n The laws abrogatsd complaints would
cease, and the supply OF cattle very Fast None bit
drcvers sell teeve butcher for they credit
and whe afrmer drives 10 market drove Of cattle he must
either sabmit great loss drive them back home lie
sells for cash. and The regular drove have therefore The al
vantage.",,Morning herald. [volume] (New York [N.Y.]) 1837-1840
1839-07-24,".Jcseph Gotts patent elongated metallic pens the best
article OF the kind that have used. We bach the
quill time ago after trying almost every variety Of
ac pen the market satisfied that pens equal TO
those produced Goose Col but having Nr
Gott have again enlisted every good democrat should
under the metallic er.""-Boson Morning Pest


The itself worthy its rich contens and the whole
credit upon the saved penmen
such world Of trouble in cutting goose ss, and nbbng
points little used


awe safely speak Of these pens sxceles deserv
ing high mnendation Pad L. s. Gas.


good steel pen lasts longer than qa and when IL is
past service have only threw and III in another
70 the holder and there you are armed and equipped FOR crb
bling II made Of the best steel and properly tempered .
the eSs with Giotthey quite elastic the best Hol
land Russia quls and the either
heir point their elasticity BY In short 20 Tor the",OPINIONS OF THE PRESS,Morning herald. [volume] (New York [N.Y.]) 1837-1840
1839-09-18,"~ THE Subscrbers Sole Proprietors and Manufacturers,
with despatch all orders for their I'm
rvaed Patent sw-led Beam Winia.s Bcdsteads which
now almost universally used being tho best article yet
yentsd-c- -mp,nns ease, convenience and durability.


The sackns acted upon by the wnda and wslled beam IL
made perfectly light and free from all liability sagg still leav
ing an elasticity in the which renders particularly easy
simple in constructions the matter putting and taking
will be found Of but little trouble in comparison with hoss
any other construction whilst the precision with which the
component parts fitted safeguard against the intro
duction Of any kind Of vermn.


From the taken to render each Bedsead perfect their
Qualities FOR durability will recommend them TO purchasers
Who invited To cali and examine args assortment
sand.


Also large assortment Of elegant Furniture, Marasse
Feather Beds, &c. constantly ON hand.


NV. c soUTHACK, No. 1876 Broadway,
ielsv FRANKLIN House","A. PASTORS
HAIR OIL.

PATENT WBNDLAss.
e f. DIST T. A ID.",Morning herald.
1839-07-27,"Where Gentleman may Proeurs every arscie Tor complete


Outit OF the best quality,
No asa PEARL STREET, CORNER OF FRANKLIN


SQUARE, N. "".
Here the public ma, always procure
Fine goods in the Outhtting line.
And what y impeT tsnt, he sure,
That un'iring al will sombine,
With skill m preparing each sort
As good a. elsewhere can be bought.
Here the steamboat and packet ship msJ
Thsr ready made linen procure,
And prices most moderate pay
For articles well made aud secure
Mere they viii constantly keep
Every article belong ~ to that class,
From the eounterpane blasLe OF and sheet
To the towel and cloth Cor ycar g.ss.
Gentlemen also win 6sd


Their ready maas linen complete,
From fabrics the bes, ef their kind,
And made up exceedingly neat
Shirts, Under Shirts. Draw'r., Belts and Hose
handkerchief, Bosoms and Stocks,
whAs the skill that zach article shows
Brngs customer, ero~ding in hocks
Buthe need not each itcu, rehearse,
The saspesder, the Cellar, the Glove
The rantaloou Strap and the Purse,
Zach fns ~ those mentioned above
Linens, likewise, to order are made
BY those who are known To exeei
And the very fair price that pasd
Yields work that IL always done well.
'TSs extremely convenient to kHow
Where an ample assortment V found,
And al there be able to GO
Without searching the city AL round.
Also vestng and Stock satn lengths TO suit purchaser
my2o-3m",,Morning herald. [volume] (New York [N.Y.]) 1837-1840
1839-04-27,"Rock HALL-This being the season Of the year
Tor riding onthe third avenac could not do better
than recommend the public 10 that worthy retreat
called Rock Hall between 18th and 6oth streets, de-
cidedly the best house Of on the road
There you can enjoy the refreshing brcezes Of the
summer sir-gct the coolest brandy and water, the
most refreshing mint jup and the best segar-all Of
which are dealt out by a lovely widow, the worthy
hostess Of the house, whose appearance is enough
captivatc the heart and set the soul fire. Protect
the widow! Rascally man can protect himself.",,Morning herald. [volume] (New York [N.Y.]) 1837-1840
1839-08-08,"MORE WORK FOR CRIMINAL Scorr.-Isdian trsu-
blss exist in every part Of the western and south
western cssntry. fresh disturbance has broken
out in the west between the Sioux and Chippewa
tribes. From letter dated at Fort Smelling, July TO-
we learn that these two tribes have had fights on
two different points on the St Croix, and also above
the Falls Of ST. Anthony. The Sioux in one battle
killed one hundred and thirty-three men, women,
and childres Of the Ram River Band. In another
fight the Sioux chief, Big Thunder, with his party,
killed thirtysix Of the Chippewa tribe beside some
women and children, notwithstanding the Chippewa.
huddled around the whites. II is expected that the
two tribes will have great fight in short time
unless General Scott proceeds there inmsdiately
and settles the difficulty. The Sioux were at the
last accounts concentrating under Bad Hail, and the
Chippewas under Enthusiastically.",,Morning herald. [volume] (New York [N.Y.]) 1837-1840
1839-08-12,"CHERMAN'S WORN LOZENGES.--Many diseases
- arise from without il, being suspected Sometimes


very troublesome cough pains IN the joints limbs bleed
ing the Sc SC by worms and will be
easily using this eel brated medicine The following
symptoms indicate the presence Of worms vzheadache
tg orpor dstu bed dreams sleep broken off by fright and
screaming, commissions fevershness thirst pad hse bad
the mouth offensive breath, cough difficult breathing,
itching the pains in the stomach .queamshns
voracy eannes itching the towards night
and at length objections Of films and mucus.


Read what Shermsn's Worm Lozenges have done-Mr.
Johuson Of Waverly Place, his child has been afflicted
with FITS and the Doctors thought with the BRAIN
Every thing done help the child without effect, until
box Of Sherman Worm LoIenges tried which to tie
constituent of ALL effected aperfect in few days They
brought almost incredible number OF which
brought immediate relief Ask for Sherman Worm Lozsnges
They the oay Worm Medicine that fails 10000 fs-
miles have used them within last with uniform
wholesale and retail at loo Ma ST.. N. y au2y","WORMS! WORMS /!


WORMSl",Morning herald. [volume] (New York [N.Y.]) 1837-1840
1839-08-12,"LATEST AND MOST IMPROVED PATENT TRUSS.
SeAmu-- THE attention OF those afflicted with Hernia
~ called 70 new iruss latel, patented in tho
eSll city Of New York. u. superiority over every
S@a.=S other instrument viii be evident . mere
inspection, for unlike every other Truss the rupture pad
pressed upon by double spring which fixed
the TO the lower part o the rapture


as keeping the pad closely applied ever, tho
body adjusting and adapting itself under all
the person aud TO The part which j. applied Pos
essing double SPRING and consequently double degree
elasticity IL rendered and the carer.
The above Truss has taken the place Of all Others the
nanent ret Ition and OF hernia rupture II aGest
the only Truss IN the city ~ New York. tho
country The above Truss and applied by
Surgeon Who has devoted particular attention subject
& hernia, and the construction aud scs Of Truss-s at
lis oice No Ann street. Broadway tho
American Museum where they may he had wholesale


~","ID n. GIL "" Il .s,S",Morning herald. [volume] (New York [N.Y.]) 1837-1840
1839-05-03,"~ CLIREHUGH Wig Maker and Hair Cater, corner
Of Fulton street asd Broadway having completed large
and assortment Of his celebrated Wigs and Tospee. he
invites All wearers inpec ton OF them. They the
most unique article Of the Mud Invented and are 10 be had
al 70 other establishment in this country


For elegance htness and durability they rank among
the arst productions &C modern ingenuity.


In their manufacture, they differ from all others hitherto
made the hair being ngy Inserted, ssd equally divided
appear just issuing from the skin They cover no sore Of
the brow than the hair does and being without any
taic spsing all dsageeabie pressure entirely sbviacd


They rrust be 70 he understood or appreciated


w.","PREMIUM WIGS AND


SCALPS.",Morning herald. [volume] (New York [N.Y.]) 1837-1840
1839-09-16,"II MCkERBOCkER HALL No. 10 Park Kow-The suA
N scrbers having opened the above house the EURO
PEAN PLAN would respe cuiy inform their friends the
public that they ready Accommodate them astys
not to be surpassed by any similar house this oi,y T
house will always be furnished with every and all
the lsxures Of unrvaned market There hundr
lodging which airy newly furnished and perfect
order. The Ordinary being the first oer spacious
convenient and well farnbed and thu tables shall always


supplied with all the variety the market affords served by
experienced cooks


The marked which has attended Embellishments u
this kind is sufficient evidence their adoption both
and travellers


Gentlemen visiting the city will find this most desirable and
cenra! situation being nearly Broadway fronting the PART;
and in short the beauty and elegance Of local Aud
transtory objects Of attraction and pendor with which New
York abounds. EDSALL JONES.


I-For the accommodation Of Travellers, this house Will
be open al all hours Of the night ai-n",,Morning herald. [volume] (New York [N.Y.]) 1837-1840
1839-12-09,"OF THE Subscribers, Sole Propricors and Manufacturers,
prepared TO with despatch all orders for their Un
ivaed Patent Sweed Beam Winia.s Bedsteads which
almost universally used being the best article yet in
understanding ease convenience and durability


The sackas, acted upon by the wndas and sweed beam
aade perfectly light and free from all liability to sagg s leav
elasticity the which renders particularly easy,
nd simple Constructions the matter putting up and tns
iown will be found Of but little trouble comparison with tess
any other construction whilst the precision with which the
component parts fitted acts safeguard against TIE intro:
lnctos Of any hind OF vcrmn.


From the taken render each Bedsad perfect hss
isatcs for durability will them TO purchaser
invited to cali and examine large assortment
and.


Also large assortment OF elegant Furniture, Mattrassss
Feather Beds, sc. constantly hand.


NV. C s0uTHACK, No lo6 Broadway,
iclbv Frnnkip Houss","PATENT WINDLAss.
b T T. A ID.",Morning herald. [volume] (New York [N.Y.]) 1837-1840
1839-07-27,"Joseph Qops patent elongated metallic The best
article OF the kind that used We back Ia the
quill time ago after trying ssost every variety Of
tallic pen the market satisfied that pens equal to
those produced Goose Co.: but having Mr
Giot have enlisted every good democrat should
under the metallic hanner.n-Bosfon Morning Post


The itself is WORTHY its rich cosens and the whole
reflects credit upon establishment saved penmes
such world Of trouble in cutting goose sal, and nbbng
points little used.


ing high eomnendzton Phil q. s. GGs.


""A good steel pen lasts longer than quill, and when il
past service you have only threw away and Ct in another
the holder and there you armed aud equipped for crb
bling made of the best steel and properly tempered,
The with Gllot they quite elastic the best Ho
Land Russia qs have the advantage losing either
heir point their elasticity By In short 10 Ter the",,Morning herald. [volume] (New York [N.Y.]) 1837-1840
1839-06-04,"V THE Subcribers, Sole ProPrstors ana
prepared exccuc with dcpach all orders for their Un
Yvaed Patent Sweed Beam Wndas Bedstsads, which
almost universally used being the best article yet
understanding ease, convenience and durability.


The saekag, acted upon BY the wndass and sweed beam
made perfectly light and free from ali liability sagg st eav
ing elasticity the same which renders particularly easy
and simple in constructions the matter Of putting up and taking
down will be found Of but little oubn comparison with those
Of other construction whilst the precision with which the
component fitted, acts safeguard against the intro
dsction Of any kind Of vermn.


From the taken to render each Bedsead perfect their
qualities for durability will them purchasers
who invited TO call and examine large assortment
aand.


Also large assortment Of elegant Furnre Mattresses
Feather Beds &C. constantly on hand.


J.W 6 SOUTHACK, No. lo6 Broadway,
je16y Franklin Houss","PATENT wTNDLHSs.
3 r. DIST t. A ID.",Morning herald. [volume] (New York [N.Y.]) 1837-1840
1839-10-28,"UNDER The Clinton Hall .#w.Mt@
Ryders famed Boot and Shoe store is found
In il, whoever may call,


Always finds assortment that's sound,
He has boots Of materials the best.
Ready made. and 10 order likewise,
You have only to give them the test
Delighted all he supplies
Each varied description and kind,
e Required by each seasons change.
Better boots you'll NO where find
Ger the rhole torn should you range;
sN OF shoes, too, he's every sort
The walking and dancing pumps,
Made equal the choicest wrought
And not to be hurt by hump
Known far and neSr is his
Each portion Of the Union tell
Ryderss work manshp merifs its fame
Because it is always done reii-
Each material is chosen with core
Each article fnished complete,
Known never to vip-and TO wear
Much longer than many you meet
Diploma has been given him twice.
Nor can his work be surpassed,
Soperfectly finished and nice
The leather that leaves his last;
Ryder's name is spreading around
Each city and town Of our land,
Equal to the finest yet found
The articles sent from his stand.
New Improvement he's lately made,
Enhancing his cork sole boots,
Where great skill and taste displayed
You will find the cork cannot break,
~ Over its sole leather is wrought
Ryder's invention will take
Keer h. ssor hsfs olO a",,Morning herald. [volume] (New York [N.Y.]) 1837-1840
1839-05-30,"THIS medicine dservedy ranks with the important
discoveries in physc and gives immediate relief in the
obstinate Its effect to quiet heal Strengthen
perfectly regulate the stomach and bowels and also assist
digestion Children eethng greatly benefited by the
Of this medicine keeps the bowels perfect order and it
has found excellent remedy sickness Persons
goirg climates should provide themselves with bottle
medicine that they may avoid the fear Of the above
complaints


Drug Store 1873 Broadway, New York. la Bowerv; 100
Fulton street; and No. 303 Broadway.


NIB Every family, where there children, should have


Of Cordial hand See directions the bottle
certificates, sc. nyl6.lm-","MRS. Il. KyDDER,S
CHOLERA MORBUS, DYSEN1ERY AND DIARRIiQIA",Morning herald. [volume] (New York [N.Y.]) 1837-1840
1839-08-19,"Ornamental letter and other type in proportion.


These the prices credit Of six months but we wish
at this time encourage shor credit cash perchae, and
will therefore discount Of five per for city accep
tances ninety days. aud ten per cent, for cash


We rcenty added to former extensive assortment
seventy five different kinds and sizes Of ornamental letter.
embracing extra condensed extended outline kee
shaded modern thin faced black &c 100 new
flowers and great variety forming altogether
the extensive and elegant assortment OF Printing Types
in the United States and absolutely an uhriv allied one


aul6-3,* GEO. BRUCE Co.",,Morning herald. [volume] (New York [N.Y.]) 1837-1840
1839-10-14,"T STONES IMPROVED WATER FILTERS-Manu
u featured and sold by the Inventor and original manHac.
turer 390 Broadway YThese Filters have been hghy ap
proved Of Europe and America for upwards 30 years.
accounted superior to hitherto constructed they
combine the properties Of purifying well clarifying the
most impure and turbd water removing all deeterous acr
rendering perecty wholesome and thereby preventing many
diseases which arise from the Of impure water.


B-Those persons having Filters by those profess
ing bat understanding the business have them reenish
ed and fitted the subscribers plan and warranted act
perfectly J. STONE, Plumber and Engineer,


SLIM 800 Broadway","A. PASTORS
HAIR OIL.",Morning herald. [volume] (New York [N.Y.]) 1837-1840
1839-11-07,"DR. VIM EVANS CELEBRATED MEDICINES ars
II composed OF vegetable substances which exert specifics
action the heart give impulse strength to the q
rial ystemhe bleed quckened and equaized its crcu
tion through all the vessels whether Of the skim the paris ua
the body drawn from blood there is consequent
crease Of every secretion and qnckened action Of the absorb
ant and eHhaen or asehagns vessels Anr morbid aetis.
which have taken corrected
removed the blood purified nd the body heath
state


These medicines much anxious trial research
ing been brought by the proprietor to the present state
fecon upercede the ofhe nnmera6e other medicines
and well adapted the that hem By
maintaining the body the due performance sfs functions
and preserving the vital pure and healthy
il to last many years longer than il otherwise would
and the mind to become composed and anqn that old aga
when arrives, will appear blessing and not as many
who have neglected their constitutions had them injured by
medicines administered by gnorance o misery and
abhorrence:


They compounded that by strengthening and equals
ing the action Off heart liver and other scera they expel
the bad acrd morbid after, which readers the blood i'm
pure out Of the circulation through the exeetoy ducts nts


which may regulated by the Doses always
ing that while the excavations from the bowels kept the
excreons from all the other vessels Of the body will also b
going on the same proportions by which the blood
varahly becomes purified


Steady perseverance the ofthe medicines will undoubt
eddy effect cure in the acute obstinate diseased
but in such the dose may augmented according the
nveteracy Of the deseae the medicines being admirably
adapted the constitution they may taken all times


In all ofhypecondrac,m low spirits palpatons Of
the heart nervous irritabiy weakness -four albus
burn general debility, bodily weakness choros or green
sickness fatulcnt historical Paintings herics headaches
hiccup sickness, nightmare gout heumasm asthma, tie
douloureux, cramp spasmodc affections and those who
victims to that most excruciatng disorder gout will End


lief from their suerings by Of Dr. VIM. Evans Pills


Nausea vomiting pains in the side limbs head stomach
back dimness confusion Of sight inside alter
fushngs heat and chness tremors watchng aga


ton, anxiety bad Dreams pams will every be relieved
by occasional dose Of Dr. Evans medicines
ssOne of the dangerous epochs 10 females at the change
oflfe and is then they require medicine which will
vgorate their ccuatons and TINS strengthen their contu
tons may enable them TO Withstand the shock. ss.g


When the has been largely drawn
oversan nothing better and invigorae the
dropping constitution than these medicines.


DR.. Exams Medical Office, 100 Chatham street,
Nesc York, tchere the Doctor may be cOnsuItsd.


Be particular seeing that the labels contain the following
notice. Entered according Of Congress, by WIN
Evans the year 1882 the Clerks Once Of the Southern
District Court of New York;",,Morning herald. [volume] (New York [N.Y.]) 1837-1840
1839-05-20,"Or Compound EsscntinI Oil Of Almonds,
LOR destroying dandru and preventing the hair from
ing sst turning grey prepared by ANTONIO PASTOR,
Hair Cutter, los Greenwich street, New York.


This nimitable Oil has been the product Of twenty
years experience and for the last sixteen the city Of
New York where have been practising the Hair Cutting bu
siness, and the public may rely it. that A. PASTORS CON-
POUND OIL the wholeeAest and best OIL for the hair
makes grow thick and long prevents its falling off turning
grey hair has begun to turn grey such nourher
hair will restore it 10 its natural color;
hair becoming shaded and hair olready
shaded which great Disagreement TO young ladies' and
short tfne il will restore TO ITS natural color clear
ssur and keep the head and HAIR clean promotes eyebrows
and whskers liberal discount made to wholesale Psrcha
a. PASTOR,


loo Greenwich street, N. Y.
Price, so cents per bottle, highly perfumed myl5lm1","A. PASTOR'S
HAIR OIL.",Morning herald. [volume] (New York [N.Y.]) 1837-1840
1839-09-10,"The market at the Upper Bulls Head is peint of
changing Prices waveriny between decline and
remaining where they From the state Of demand
The number of bees Offering should infer that
uon VIII take place next week It, however, wholly depends
on The action Of the drovers. About hundred in
market this morning and fair number disposed Of


There are very few aud calves arriving now. Only
thrtyhve to-day Of these twenty sold
ranging from $40 $4s.


Three thousand five hundred eep and lambs offered
and all but four hundred sold at 81 81 for Sheep and
$3.50 Tor lambs. Neither Of the markets active.",Cattle Murlxef-,Morning herald. [volume] (New York [N.Y.]) 1837-1840
1839-12-17,"The subscriber offers for sale at the vaults
Broadway and Chambers street. choce collection VI Wines
Sc selected for city sales by competent and experienced
sparkling Champagne Wines Of Lambert Cor and various
other choice brznes.


Old Madeira London Pale, Brown, and Gold Sherry and
Port Wines, Of choice vuages, wood aud glass; Of
which have been bottled for years expressly for private
Choice Brandy o,ard, Dapuy CO."" and other brands
Holland Gin, superior flavor Old Jamaica Rum Irish and
Scotch Whiskey,. Real Mountain Dew""


London Porter aud Brows Stout Burton and Scotch Aes,
BY the ca-k or dozen.


EDWARD T. ROBINSON,
Commission Wine Merchant, Granite Buildings,
Of Broadway and Chambers street, entrance in Chambers
street d2-Im~","OLD AND CHOIC. E
WINES RRANDTES.&C",Morning herald. [volume] (New York [N.Y.]) 1837-1840
1839-10-17,"@DOO sPECIrrC.-Ths great Specific OF Doctor
Jerome Leroy Of Paris the eectual and rapid
known for certain Sisease


Those who wish 10 avoid gsaek nssfvpms and them
selves with little trouble without liability exposure will
find this medicine we'll suited 20 their requires
change Of DIET and does not affect the BREATH which pre-
vents the possibility Of discovery while using H.


Besides this mpsrant advantages never the parts
subject 10 the troubesome weakness that often after
other medicine and taken the 6r stage Of
disease will arrest the dssharge and all unpleasant
ofhe disease in obstinate gees female complaints weak
Of these organs u without doubt the sfecua


edy discovered and hiss cured many obstinate aer
every other medicine had failed Of this ksd 81 more
than years. standing recently cured weeks BY
spec6 after upwards Of hundred dollars had been spent
Medical advice and Medicines without effect In fact u
challenge any be produced that will cure under
forfeit or $500.


Each bottle has full description OF the sseses and all the
directions for both the English and French
anguagcsPscK 81 Borrlr darge Beetles Of double sse,
81 SOY


90 For sale only at the agents oasee, Ne. IS NASSAU
srasrr four doors from FULTON street up stsi once open
| until O'Clock in the morning. sl7.3n'
HUNTERS RED DRor-Tne superiority Of Hunters
Red Drop, FOR the eGsetus OF ~ diseases
every other medicine hitherto discovered becomes every
apparent from s extraordinary demand and universal
success IN all parts Of the Union, veil Europe. II
sought for vis t. obtain remedy, that while il erAdcates
every psrtic - virus from the system, IA powise i'm
pairs the constitution Possessing tonic powers agrees with
the most delicate stomach, strengthens the digestive organs
increases the appetite, and improves the general health
Equally adapted both may used under all
with perfect safety single bottle always sufficient
even IN Hves.ae cases. when used a. drccted requires no
restriction IN diet whassvsr and from its condemned form and
mode Of using H. particularly adapted 10 the traveller
well all others who wish 10 avoid exposure Prize 81 per
bottle Sold csy the ONCE No A6s Pearl door north
Of Chsihsms Any thing sold under the elsewhere in
the city bse eousserfs, of this medicine Albany ocs
No. g, Beaver st. oi7",,Morning herald. [volume] (New York [N.Y.]) 1837-1840
1839-10-17,"DHILADELPHIA BALTIMORE, AND EASTERN


NOTES, taken at par for Portable Desks Dressing
Cases Fancy Doves for work Jewels odour Sci rich Purses
and Card Cases. Fancy Note Papers and Envelopes Musical
Boxes Walking Canes Ladies Work Tables and great vsr
Of articles Of utility and fancy suitable Tor presents port
Bile articles for Travellers fine Perfumery Brushes Rodgers
Cutlery, Chinese and Indian Goods &c comprising all the
finish, and forming the extensive and desirable
10 be osnd in the city all Of which most ppy 10 show,
and sell At reasonable prices.


TIFFANY q YOUNG $50 Brosdwsy,


OILS lmis' directly opposite the City Hall.",,Morning herald. [volume] (New York [N.Y.]) 1837-1840
1839-12-19,"Ship Oxford, Rathtene Liverpool Goodhue Co; brig
nngto, NCi Bounty, Tottsn Newbern, Nc, Temperance
segee Salem; Alexander Cope savannsh New jersey Ba-
ker, Dsrien; Chaire Bright 81 Marks via Key West.


Arrived.


schr Compliance, Sparrow, days from Boston, mdz 10
schr Psquot, Baker, days from Boston, with mdr to


smiled.


Heca Trinidad de Cuba; Mohegsn West Indies and others,
Memorauda.


Letters for Erope.-The Oxford, Rathbone, Tor LIVER
pool will sell to-day, Her letter bags viii close at
Gpn's Exchange News Rooms, at half pas, o'clock.


MARINE Correspondence Of the Herald


RAccooy BEACH, Fire Island, Dec. 49, 1889.
form YOU that the Il the ,hp AR ihus Capt xsa
nard have been Captain Cartwright aud SELF
York. being deplorabe condition. being in want
OF provisions almost pershiug with the cold We have
loaded lighters with railroad and merchandise and
good shall The ship is not silees
bat lays in fair situation for getting off blew very hard
,osp. ashore near the Light house Yours rav and


A. ]. skrDDr, Agent for Underwriters.
TEXAN brig of Colorado Com w Moore, exchanged
salutes with the navy yard, on Tuesday morning.


GREAT STORM AT THE EASTWARD
On Sunday, Of The destructive passed over
coast known Annmense Of damage
done to the chipping 'sS may ,ns M The los. some
20 sill higher We the par received:


Boston, during the gale 'ehr Harweh, dragged against



cons buwark Sc The had her cuwater knocked on her
aschor torn away, and was badly chafed.


ehis Pr-pouii, from Cadr broke adr tore out her tim
Der heads, and drove up the docx


Ship Forum parted her moo.ngs and drove the doek
stove IN her sierra, earned :sopmos aud sustained
Ship Sterling broke adr and much eAaf.d by falling
across the doc


schr Hesperus anchor the stream parted chains and
drove against ship WIN Badger parted as aud
the dock schr carried away bowsp
her bow. The ship BADLY ehaed and stove end OF lib
Of HE
Brig Adelaide for Trinidad living ou,de Of ship Areo.
carried away her bowsprt ssd chsf.d ship badly.


Hamburg brig Erdwina. for Baltimore has ehaed of all
her sheahine fore and s split several panks and carried
schr Mary Jsse, from Portland, drove from her anchorage
In the stream and brought up alongside ship Junior


Brig Gertrude from Mansana drove the dock between
Central and India ~harves, stove stern and carried away
bowspriL


Barque Verona, from Philadelphia aud brig Josephine FER
Charleston at anchor the streams dragged both anchors and
brought no in some dock


ship Condor Calcutta dragged her anchors from
Birds island and brought up the fats apparently without
damage


pieces, snuely hauled 10 the yards


Rarque Niagara and brig Juniper. Fosters wharf,
! red away stern davits aud considerably ehaed.
| Brig Ajax, carried away bowsprit


Brig Cyprus considerably chaed-schr Clsnda lost fore
and bowsyt filed and sunkssop Heprbeih filled and
schr Tkonas from Portland dragged from the and
drove against unea wharf, and started several plank in her
Brig Bansn I'm Masnra dragged her anchors and drove
Eastern Packet Pier whar-boh anchors shesdsteve
| bsa ,stancheons, &c.


Fesr, are Cor ship Martha Washington for Mo
bile and brig Camsrian, for Trinidad, which sailed saur
da ship Charles Henry returned ssd anchored below Sat-
urdsy evening.


shin was sees ashore Moon Island Probably either the
Reeuu Charles Henry Henry the only vessels known to
| have becu below.


Atthe Cbarestown Navy Yard tho sloop q Concord
her fastening and Grove against the Columbus ""a
| dsmsging boi n vessels.


Brig Maria Theresa parted her fss aud foul of bark
Norfolk for Mobile, staoard bow carried away both
topesantmsst, broke kndsss, Sc The Norfolk had her
rboaad quarter stove broke boom SC The Mara Theresa
also run nj Of b sch Sarah Of Newcastle but sustain
| ed butslight damage .


ship suna,rs Salem, from Leghorp Marthaa Vine
yard out Friday aud mad all her light sails set until
O'Clock Sunday morning. when she first felt The ale Before
she spoken by salen pilot boat which could not
put pilot board account Of the renendous sea- ana
the ship iellowed the boat into port.


Gentleman from Barnstabe states that ~ blew haro 81 thss
place from till ""a o'clock Sunday Ansrwms the WIND
ulej d moderate breeze and shfedto and sW and 30
contucd through the afternoon and night Yesterday
| the wind vsered 10 the NJ bat moderate.


Schooner Frank wiley from New nvsn Tor Boston, and
abont twenty sail OF shooners mostly bound TO Boston, seve
raj New York packets Them were IN HJsnns on
Saturday morning


A. great many vessels went 10 Friday sni ssiur-
ia, last from the various ports in this vicinity many Of when
bohnd ports along the coast IL feared that the dr a..
have bees Tee from cape Cod are
looked Cor with gres anxiety.


Cant Bear,e ef schooner vcher. ashore Al yanns wrs",,Morning herald. [volume] (New York [N.Y.]) 1837-1840
1839-11-21,"Corner Of Fulton and Broadway Entrance from Fulton
(NLlREHUGH, HAIR CUTTER has just completed srran
~ with Of the first housss IN London from whenes
he viii receive the specimens Of fashion be adopt
the season. that they will appear in New York stimuli
taneously with those Of London and Paris


Next TO The advantage Of having fine head Of hair tn,
Importance Of having well cut and in this branch Of his
Clirehugh stands preeminen His system Of cuttin
hair aesderaium by which its uxurance and
beauty rendered truly ornamental The des; and


ten differ entirep from the usual practice euttin
adopted here also the expedition and genteness with whie
the o,eraticn performed The frs artists in London
Paris acknowledged its utility and adopt in their prae
tee By the beau monde il has been denominsted senf
art and whether for the Pulpit the Bar, the Senate the
Stage its elegant and classic will add dignity
grace Q the whole contour Of Ia fete Humane.


patronage already extended TO him since the ntrodut
zion ofhs sysm and the Aatterng encomiums pronounced
all who under the magic Of his touch
induces him invite all gentlemen who either study personal
appearance or the fashion, place their hair
charge assured that trial will prove his superiority
over all other competitors.


Private Rooms for Hair Cutting, and fitting Wigs. sl9","GALLERY WF FASHION, FOR
HAIR CUTTING. SC.",Morning herald. [volume] (New York [N.Y.]) 1837-1840
1839-10-02,"IHE 1EeArrA.-TAs great regatta came OF yes
toy, aid drew crswd Of youth and bsssty to
wdssess t. The first race was TO hste been between
tse Water Witch, the Hope, and Sleepy Davy. bat
rs the hitter had picked crew, the others refused
70 race with her. The Davy then went round Bed
low Island forthe prize, and the Water Witch went
with her and beat her. The second race was be-
sween the Gaz@lle, Gondoa, Cleopatra, and Hacyon.
ms was beautiful race; the Gazelle came in six
seconds ahead OF the Gondola and the Cleopatra the
same distance behind the Gondos; the Hslcyon WIS


lar, isr away The third race was between the
The struggle was between the two FIRST, the Anne
peat by I'D seconds, and took the prize; it was a
beautiful race, and done in ""a minutes Better row.
ing never was seen; bat our New Workers can't
compete with the brawuy ctlested and sinewy armed
bsys that row in the Highlands fse~ - cradle to
the grave. #*& 3 -",,Morning herald. [volume] (New York [N.Y.]) 1837-1840
1839-10-19,"UNDER the Clinton Hall


Ryder's famed Boot aud Shoe store 10 found,
In it. whoever may call,


Always finds assortment that's souad,
He has boots Of materials the best.


Ready made, and to order likewise,


You have only to give them the test


Deigheted are all he supplies


Each varied description and hind,


Required by each seasons change.


Better boots you'll no where find


Der the whote fown should you range,
or shoes, too, he's every sort


The walking and dancing pumps,


Made equal the choicest wrought,


And mot to be hurt BY fhunap-


Known far and nsyr is his name


Each portion Of the Union tell


Ryders work knanship merits its fame.


Because il is always done Well-


Each material is chosen with care


Each article finished complete,


Known never TO rtp-ind to


Much longer than many you meet


Diploma has been given him twice.


Nor can his work be surpassed,


50 perfectly finished and nice


The eleather that leaves his la,t;


Ryders name is spreading around


Each city and town OF our land,


Equal to the finest yet found
The articles seat from his stand.


New Improvement hes lately made,


Enhancing his csrk ssie boots


Where great skill and taste dispayed


You will find the cork cannot break,


Over its sole leather is wrought


Ryderl invention will take


Keep increasing the the custom he's sought.
- YDER's IMPROVED CORK SOLE BOOTs.-Ihave
which renders them durable than a.y ether yet brought
The ncasement of he cork being sole leather instead
Of upper leather they cannot break Off The old has
will Owing to the dryness Of the cork it
abstracts all the nourshmen from that article and break
off, which cannot be the with these. They
and lighter and must have the preference all others
ol9.tdl URIAH RYDER, No Beeknan street.
DREMiUM RAILWAY STOVES, lsa9-This valuable
improvement for the Of Coal Wood, combiains
all 'he qualities of Baking Boiling, Roasting. &C. without
the heat to increase the o simple
its construction that doubt its superiority after
giving it examination.
For sale only at ll3 Fulton street, by FISK DENsON.
Also, Wilson's Patent Grecan Paror Crate for the Of
both Coal and Wood at the time.
good assortment Of Hail. Parlor Store Office, and Cham.
Der Stoves Of all sizes for SALE wholesale and retail the
most reasonable terms
Stove and Hardware Merchants furnished with Atwoods
Patent Revolving Griorons. the shortest notice.
oI7 M ins.",,Morning herald.
1839-11-13,"Margaret Maybe, a horid hard featured elderly
lady put to the bar, charged with assauiting one
Matilda Van Wrinkle. IL appeared that the parties
occupied the same house, and that little speck Of
war had existed for some time between their res
pective families and retaners. One fine sum-
mcr's morning, Mistress Margaret invaded the
garrett Of her foe, and whipped all her children.


The little olive branches ""all screached terrific
screacbes,"" and Matilda came TO the rescue, armed
with &c rain nameess utensi loaded 10 its xxle,
and this she full at the Mistress
Msrgaret. The din that arose was fearful. Wo-
mans wall and the barking Of pug puppy dog the
ret Of Mistress Margaret, gave note of what TO
ensue In the twinklng of bed post Mistress Mar
xarct got held Of tow bag, which she threw around
the head Of her foe, and would have tumbed Matil-
da mead and heels the stair case, but for the
timely arrival Of that delicate ladys lord and master,
who took possession Of the fortress and ""swors the
most abusefust oath which ever heard in all
those parts"" i


Future operations were then suspended, and the
two beligerents resorted TO the strong arm Of the
law for satifaction.


The jury found Mistress Margaret guilty, which
her counsel said was . hard case.


Henry Hawkins, q negro, was put TO the bar,
charged with burglary in The third degree.


The prisoner rose and told the court that he
wished 10 withdraw his plea Of act guilty, and 10
plead guilty TO the charge, but added that ks wished
Ia have known that Il was the first tine he haa
ever beer MP for any offence",,Morning herald. [volume] (New York [N.Y.]) 1837-1840
1839-11-13,"Fxrx BAsxs.-We are collecting vast quantity
OF useful and interesting matter, developing the
working Of the Free Banking law in this state, and
the beautiful boys who are engaged in circulating
the "" red dog money"" About two years ago Michi-
can was overrun with free banks, which from their
wicked notion, acquired the name Of "" wild cats""
Since the passing Of the free banking law by the
whis legislature, all the wild cat"" bankers from
Michigan have come into New York, and are now
engaged in fleeing the community under the name
of !"" red dogs"" Several Of these banks here and
there may be managed BY honest men, but the larger
proportion are Of very questionable reputation, while


portion are regular swindling shops Some Of their
doing. we have already developed, and more we
shall in few days. Apropos-the locofoco papers,
see the New Era crack up the /"" red dog"" money
as the best in circulation. How 10 thisi",,Morning herald. [volume] (New York [N.Y.]) 1837-1840
1839-06-22,"OPINIONS o
Joseph Gott patent elongated metallic pens are the bes,
article of the kind that have used We back the
quill time ago after irving almost every variety Of
talc pen the market satisfied that pens equal
those produced by Goose Cos but having Mr.
Gottx have again enlisted good democrat, should
under the metallic STANDARDIZATION Morning Post.


The itself is worthy its rich contents and whole
reflects credit the establishment that has saved penmen
such world Of trouble in cutting goose qa and nibbng
points little used.


ave may safely speak Of these pens sXeeent deerv
ing high eommendstion. Pail u. s. Ga<.


good steel pen lasts longer than quill and when il is
past service have only threw away and al another
10 the holder and there armed and equipped Cor erb
bling If made Of the best steel and properly tempered
the with Gots, they quite elastic the best Hol
lasa 1sssa qu and have the Of losing either
heir point their elasticity by In short 20 for the",OPINIONS OF THE PRESS,Morning herald. [volume] (New York [N.Y.]) 1837-1840
1839-11-18,"Corner Of Fulton AND Broadway, entrance fro Fulton)


NLIREHUGH, HAIR CUTTER, has just completed arran-
he win receive the first specimens Of every fashion adopt
ed for the season. that they will appear New York stimuli
taneously with those Of London and P.ris.


NEXT TO the advantage of having fine head Of hair the
importance OF having wei cut and this branch Of his arr
Crehush stands pre-emiuen His system OF cutting
beauty rendered truly ornamental The des and sxsc
ten differ en,rclp from the usual practice cutting
adopted here also the expedition geneaess with wheS
The operation performed. The first artists In London and
Paris have acknowledged its utility and adopt in thsir psac
Gee BY the beau monde IL has been denoninated scienNe
Stage its elegant and classic add dignity and
grace to the whole contour OF la fefe Humane


The patronage already extended him the ntrodue
ton Of his ystem and the nateng BY
all Who have under the magic Of his touch
induces him TO invite all gentlemen who either study personal
the auremens OF fashion, place their hair
der his charge assured that trial will prove his superiority
over all other competitors.


Private Rooms for HAIR Cutting, and fitting Wigs. SIC
ID HEUMATisM. RHEUMATISM! RHEUMATIsM.
N -BURNETTs Rheumatic Mistsre and Vegetable
Syrup have sved from the authenticated ave


thousand persons the only known remedy for and chro
mic Rheumatism the worlds also for white dwellings, govt


prans bruises uumbnss and seess Of the joints Iumbago,
weakes the ba,k knee JOINTS from too rapid growth Of the
plant mercuriaI Diseases female Irregularities croula 6
any other disease. .Nf sM#& 81 =


getabe Syrup has been found freaest stren-
thercr and puryer discovered In truth has ceered
the friends q thousands Who but for m sole agency wsud
have that from whence Prepared
and for sale by L. Burnett an w Herw N Bowey Alse
for sale BY b. d. Sands 10 and 100 Fulton street. and al
tine fumery 81 Canal street Mrs Booth 60 Fulton
street, Brooklyn, and Thomson, North ID street Williams
burrh. s22-sm","GALLERY OF Fashion, FOR
HAIR CUTTING. SC.",Morning herald. [volume] (New York [N.Y.]) 1837-1840
1839-11-30,"VTNU LADIES AND GENTLEMEN-VEKY IMPOH


tan-The fashion OF the day. Whoever desires 10
prove their health and may apply almost any
the Fancy Stores Others but al the apohecare they
beng more apt TO counterfeit Ask for Dr. FONTAlNE'S
CUTANEOUS BALSOM, which is very fatte,ng and
sure by ITS TO get also husband = wife, lover,
friend, admrer We know this be positive trans


ation Of its virtues and the call for il great its eee
bry The mandatory cannot supply sufficient quantity
10 meet the demand Orders from all the
and ready cash paid by those who retail it,
mable and useful article for the purposes which
was designed bread for food and noarhment Every
body warrants IT TO effect radical rr Fontane'
CUTANEOUS BALSOM Isl aluable Wash for every hin d
Of Pmpes Erupiions Of the face neck which
are generally subject and i'll restore beauty the
preserve its bloom and health II i also fashion able
and popular article with both sexes who freely clear
and expand their skin, and thus juvenile appear
ance by preventing wrinkles on tie forehead and face II
changes with time and in its use the brownh
rough or dusky complexion into fair soft and delicate


Sold in many places all through the Union but look out
for counerfeer ard rogues may be had also wholesale
and RETAIL al DR.. FoNTAINES Office, sign Of the Good
Samaritan, Murray street. two doors from Broadway",mo LADIES AND COMPLEMENTARY IMPop,Morning herald. [volume] (New York [N.Y.]) 1837-1840
1839-11-30,"UNDER the Clinton Hall
Ryders IA ned Boot and Shoe store 10 found,
In 1t, whoever may call, t.A
Always finds assortment that's sound,
He has boots Of materials the hest
Ready made. and to order likewise,
You have oihy to give them the test
Delighted are all he supplies
Each varied description and kind,
Required BY each seasons change.
Better boots you'll no where find
Der the whole toUs should you range;
or shoes, too, he's every srrt-
The walking and dancing pamps,
Made equal the choicest drought,
And not to be hurt by a hump
Known far and nspr is his
Each portion Of the Union can tell
Ryders workmanship merits its fame.
Because il is always done srei-
Each material is chosen with care
Each article finished complete,
Known never to rip--.nd to wear
Much longer than many you meet
A Diploma has been .iven him twice
Nor can his work be surpassed,
Soperfectly finished and nice
The leather that leaves his la.t;
Ryaers Same is spre aiding around
Each city and town Of land,
Equal to the finest yet found
The articles seat from his stand.
New Improvement he's lately made,
Enhancing his cork sole boots,
Where great skill and taste are displayed,
You will find the cork cannot break,
Over its sole leather is wrought
Ryder's invention will take
49, 49, Inn","UNDER the Clinton Hall


Ryder's IA ned Boot and Shoe xore 10 found,",Morning herald. [volume] (New York [N.Y.]) 1837-1840
1839-12-31,"The subscriber offers for sale the wine vaults
Broadway and Chambers street. choice collection u Wines
&c selected city sales ny competent and experienced
Judges from the best vinages of Europe among which
other choice brancs.


Old Madeira, London Pale, Brown, and Gold Sherry. and
Port Wines Of choice vinages wood and glass; II
which have bottled for years expressly for private
Choice Brandy Otard, Dupry Co."" and other brands
Holland Gin, superior favor Old Jamaica Rum Irish and
Scotch Whiskey, "" Real Mountain Dew""


London Porter and Brows Stout Burton and Scotch Aes
BY the ca 4 or Dozen


EDWARD r. ROBINSON,
Commission Wine Merchant Granite Buildings corner
Of Broadway and Chambers street. entrance in Chambers
street d2lm+","OLD AND CHOICE


WINES BRANDIES.&C",Morning herald. [volume] (New York [N.Y.]) 1837-1840
1839-12-31,"Two MARRIED woMtN-b ksow


that the families OF the married oen increase beyond
the happiness Of those whs give item birth would dictate
In how many nstauees does the hswsrkng father and
especially the mother Of poor family remain slaves through
out their lives uggng at the Of nesssnt labor ong 10
Ive and living but 10 toll when they might have enjoyed
comfor aud comparative aence and IL and toll have
weighed do~n the spirit and at last broken the health Of the
father how often 10 the widow eh ussbe With the most
intentions her iherles csprng from becom
ing degraded objects Of charity progate vo,ares Of vice
10 desirable then- moral for parents 10 increase their
am regardless Of consequence, TO themselves, the well
being ofpring, @hen simple easy healthy and crR
remedy within control The advertiser feeling
the importance Of this SUBJECT and estimating the vast BENEFITS
resulting Thousands by the adoption q prescribed by
her introduced by the celebrated midwife ani female phy
eian Mira Rese the grandmother % the advertserJ aud
who has made tins subject her particular and especial study
Il II not wise and vruou, to prevent evils 10 which
uhet by simple and healthy within coatrol p
Every dspsssiepae vrtuous and enlightened mind, will
hestatngy In the affirmative This, then Is all that
Mrs X. recommends recommended Price Five DO
lars package accompanied With full and particular directions
Fer the Of unable 10 call personally Cir
cnlar"" fully explanatory, win Ne sent free OF expcsse
postage Scsped 10 any part Of the city United States
An letters be post paid and addressed 10 MADAME
RESTELL Femsle Physician. Principal Office leo Green
wch street, New York Office hours from ""a NJ 10 r. NJ.


d4.im.",,Morning herald. [volume] (New York [N.Y.]) 1837-1840
1839-05-24,"90 THE Subscrber Sole ProPrietors and Manufacturer
prepared execute with DESPATCH all orders for their I'm
rvaned Patent Sweled Bean Wnda.s Bedstea which
almost universally used being the best article yet in
vented--combinng ease, convenience and durability.


The sackag acted upon by the wndass and sweed beam
made perfectly light and free from all liability to s eav
and ample the matter Of Pstng and taking
down will be found Of but little trouble in comparison with those
any other construction, whilst the precision with which the
component pags fitted acts safeguard against the intro
auction Of any kind Of vermin


From the taken render each Bedstead perfect the
qualities for durability will recommend them 10 purchasers
who invited TO cali and examine large assortment now
aand


Also, large assortment of elegant Furnure Matasses
Feather Beds, sc. constantly on hand


wv. &C SOUTHACK, Ne. 1876 Broadway,


el5y Franklin House","PATENT WINDLAss.
3 T. DIST t. A ID.",Morning herald. [volume] (New York [N.Y.]) 1837-1840
1839-10-29,"90 The Subscribers, sole PROPRIETOR and
prepared execute with despatch all orders for their
rvahed Patent sw-ed Beam Wndla. Bedsteads which
almost universally used being the best article yet
vented-conn,ning ease convenience and durability


The sacng acted upon by the wndass and swelled beam
made perfectly light and free from ali liability to still leav
ing elasticity the which renders particularly
Ind simple construction the matter oputng and takn,
down viii be found Of but little trouble comparison with thoss
Of other construction whilst the precision with which the
component parts fitted acts safeguard against the intro
ductoa Of any kind of vermn.


From the taken render each Bedsead perfect heiI
qualities for durability will recommend them to purchaser
who invited can and examine large assortment,
aand. @


Also large assortment of elegant Furniture Mattrasse
vsakhsr Beds &c. constantly on hand.


J.W.& c SOUTHACK, No. l06 Broadway,


ielsy Franklil House","PATENT WINDLAss.
3 EDST F. A ID.",Morning herald. [volume] (New York [N.Y.]) 1837-1840
1839-12-03,"S. LNOR THE FACE AND SKiN.""-Churchs Genuine


Vegetable Lotion, recommended by the faculty for all
diseases Of the face and skin II eradicates pmpes freek
les Spots redress ring and all cutaneeus erupons,
gradually realizing delicate clear soft skin transforms even
the most salow complexion INTO radiant wheness renders
harsh and rough skin beautifully so smooth and i'm
part, the face neck and ahestby aud juvenile oom
and ~ due perseverance its application the result will be


besuiifu complexion. This Lotion exceeded by other
in the world. Sue IL 10 say that il has been with
great in the United States and West Indies with
Out single complaint Of its efficacy For sale Church
Dpensary iss Bowery Of Spring st. Price rs
per bote nI6- lmeods",,Morning herald. [volume] (New York [N.Y.]) 1837-1840
1839-10-10,"80 %Ny [Psivsts CersspsnSssssl


E1pseeans from MISUNDERSTANDING er


oPecoo Psyuaenss-Resulss - the EIecraeu.


PHILADELPHIA, Wednesday Morning.


DEAR SIR:-All the banks suspended specie pay
ments this morning. The North American and
Commercial tried to stick it ont, but were obliged
to come into the measure before noon. Although
the measure was not expected so soon, yet il has
not created any great sensation 1t appears that the
Girard Bank has had II in contemplation 30 long
that, Immediately after IT opened this morning, 4
paid out nesciy engraved one dollar biiiss


This measure has been precpitated in consequence
off severe upon the Schuylkill Bank, caused By
of the small papers here. The banks Guild have
suspended yesterday morning. had tnot been for the
election. Had they suspended twenty four hours
sooner, Mr.. Kane, the lecofoce candidate, would
have been mayor Of the city. A it is the whig ma
jority in this city has been reduced about 1900 since
the election oflast year this owing three circum
stances the bad conduct Of the banks and wing Lead
ers the apathy of the electors and the bad accom-.
modations for voting, the facilities not being sufi-
cient to enable all the electors to vote day rs
the law requires. There two whig candidates
for mayor; Swift had but - Votes over Kane but az
he had not majority Of the whole number, the Com
mon Council have to elect mayor, there being mo-
choice by the people; and they being whg of course
will elect Swift. This is the first year that the pso-
pie ever voted for mayor; the choice always being
by the Council before.


The wings have still majority in all the wards
in this city for city officers exclusively, except in
the Upper Delaware Ward and lave carried all their
city ofcers; but the oeofocos have carried all the
county officers.


The effect Of the suspension upon business has
been beneficial. All the Western and Southern mer-
chants in the city are delighted at the movement.
Money fell today from 81 to per cent.


Nothing could have saved many of the Philadel-
phia merchants and banks from utter ruin, but
this movement. Two millions in specie would have
had to leave for New York in three weeks.


The Insurance Offices and Brokers ran the banks
very hard for specie, ON Monday and Tuesday; bat
was not till near midnight last night that the nea-
sure was determined upon by private committee
from the Banks and the Board of Trade","POSTSCRIPT.

",Morning herald. [volume] (New York [N.Y.]) 1837-1840
1839-09-05,"IMPORTANT ARRIVAL FROM TBr Holy LAND
The great Prophet, Rabbi Ben Shildeburger Uziel,
has arrived from the Holy Land. consigned to the
ere Of Major Noah, charged with special mission
rolativsto rebuilding soomon's Temple. He comes
TO collect money TO make arrangements for the sale
ofsll the old clothes, books belonging 10 the pawn.
brokers cfthis city, including all Major Noah mis-
eellaneous effects, old clothes, sc ne. we under
stand that Major Noah returns with him in the british
Qaeen, and that he is busy packing and pricing all
has old rubbish, preparatory to a grand sale. We
shall give inventory Of his goods and an outline Of
bis plans for rebuilding the Temple, with drawing.
81 the same, in a'day or two. We shall have grca,
times - the Holy Land this winter


RELIGIOUS MovEMESrs.-I The Catholics are NOV.
ing Tor coege-thc Methodists for camp meetings
and converts--the Mormons for the milleniun
Where are we All goingl",,Morning herald. [volume] (New York [N.Y.]) 1837-1840
1839-09-18,"In buildings there but little doing, owing principally to
the high of northern aud western timber and lumber
which not caused BY any scarcity in the supply for the
stock on hand and arry greater but
by the operations OF few spectators appears that every
cla OF materials plenty the having been provided
for great building season. which COMMONLY prophecied
last fall and there has been but slack Saving
the large buildings under contract at low rates,
there comparatively nothing doing and there great
stock of eastern timber and lumber hand the yards Ito
nothing OF the quantity awaiting pnrchaser than has been
Known for past In Bangor alone the surveyors report
is g. feet from LIST April to lst January inclusive and
other places in proportion yet in the face Of these facts the
northern and western holders striving to maintain prices
particularly OF mber higher than last years. following the
principle Of the flour and cotton SPECTATORS naturally II
they had taken lessons from them. These operations
not all their capital bat the banks indirectly
used to forward their plans exchanging
per with each other aud obtaining discounts, full share
Of which has passed through the Butchers and Drovers'
and the Lafayette Banks One of the largest Dealers Is con-
neced with both nsun and being faithful representative
of the interests OF the clique Of SPECTATORS enables them TO
these institutions b, pracug little skill, and perhaps
without the banks knowing for what order that for
a short may hold they call it, This prevents
capitalists os building prices fall ProPo,als have already
been issued and estimates received for several large buildings
and the cost prevents cir erection. IL the time, the
Eastern dealers actively engaged in tng their timber
and lumber to the wants the market and the Of build
ngs well that if prices do not fall the spectators
must hold till Spring. and then suffer mach greater loss
in prices.","Sales nj the stock Exchange.

Slare of EraGle.",Morning herald. [volume] (New York [N.Y.]) 1837-1840
1839-09-14,"WINDOW BLIND MANDATORY.


THE subscriber respectfully bess inform the public that


he has constantly hand large and elegant assortment
,every description OF the painted transparent washable
dow shades consisting Of Italian ard other landscapes Daphi
oous Chinese Architectural and Fancy Blinds which he
confidently recommend for their beauty strength and &
raby, they have been known with to last
from fourteen The prices Of the shades, including
cords tasse rack pules and fittings for windows compes
Tsry from 81 and upwards per pair Blinds painted and tsed
to order, BY applying 10 GEORGE PLATT, ~ Spruce ST.
D. Country dealers supplied with blinds and blind 6tnga
mI9-2m'y",,Morning herald. [volume] (New York [N.Y.]) 1837-1840
1839-07-20,"Or Compound Esseasiml Oil of Almonds
IOR destroying aandruH and the heir coml
ING cut turning grey prepared by ANTONIO PASTOR
Hair Cutter, los Greenwich street, New York.


This inirnabe Oil has been the product Of twenty cur
years experience and for the years the city Of
New York. where have been practising the Hair Cutting bu-
and the public may rely it, that A. PASTORS CON-
POUND OIL the wholexome and best OIL for the hair
makes grow thick and long, falling or turning
grey, and hair has begun grey
the har that by IL will restore il its uatnral colors
also prevents iron becoming shaded olre ady
shaded which great Disagreement young ladies' asd
used for short will restore IL color clear
the su and keep the head and hair clean promotes
and whkers. Albsrsi discount made to wholesale purcha-
err. A. PASTOR,


EST. ""A. t.ly los Greenwich street, Ny


Price 50 cents per bottle, highly periuned ie2iIm'","A. PASTORS
HAIR OIL,",Morning herald. [volume] (New York [N.Y.]) 1837-1840
1839-08-07,"CHERMAN'S WORM LCZENGES.--Many diseases


- arise from without its being suspected. Sometimes


very troublesome cough pains in the joints limbs bleed
ing the &C. &c occasoned by worms and will be
easily ny using this Gel ebrated medicine The following
symptoms Indicate the presence Of worms vzheadache


go torpor disturbed dreams sleep broken off by fright aad
screaming commissions ievershness 'hTst pad hue bad
mouth offensive breath, cough difficult breathing,
itching the nose pains tn. stomach
voracy eanne itching at the towards light
aud at length objections Of din and mucus.


Read what Shsraans Worm Lozenges have done-Mr.
Jhasoa Of Waverly Place, says his child has been afflicted
with fits and the Doctors thought with water the brain.
Every thing done help the child without effect until
box OF Shernas Worm Lozenges tried which to the
constituent OF all effected perfect in few days. They
brought almost incredible number Of worms which
brought me late relief Ask for Sherman Wors Lozsnges.
They the oy Worm Medicine that fails 10000 ia
miles have ssed them within the last with uniform
Wholesale and retail at 100 Nassau St. n. Y. au2y","WORMS! WORMS I!


WORMS!",Morning herald. [volume] (New York [N.Y.]) 1837-1840
1839-08-07,"GENERAL OUTFITTIN0 STORE,
Where Gentleman may procure every article for complete


Outit Of the best quality,
Nc. S4J PEARL STREET. CORNER OF FRANKLIN


SQUARE, NY.
Here the public may always procure
Fine goods in the Quitting line.
And villa, ismportant, be sure,
That untirnx zeal will combine,
With skill in preparing each sort
As good as elsewhere can he bought
Here the steamboat aadpacket ship msy
Their ready made linen procure,
And prices most moderate pay
For articles we'll made and secure.
Mere they will constantly keep
Every article belongag to that class,
From the counterpart, blanket and sheet
To the towel and cloth for your gass.
Gentlemen also will fed
Their ready made linen complete,
From fabrics the best Of their Kind,
Aud made up exceedingly neat.
Shirts, Under Shirts, Drawrs Belts and Hose,
Handkerchief Bosoms and Stocks,
While the skill that each article shown
Brings customers erowding in nocks.
Buthe need not each item rehearse,
The Suspender, the Collar, the Glove
The Paniaeon, Strap and the Purse,
i.aoa zine those mentioned above.
Linens. like wise, to order made
b, those who are known to excel
And the very fair price that rs pad
Yields work that is always done we'll
IT'S extremely convenient to know
Where ample assortment Is found,
And at once there be able to
Without searching the city all round
Aho VestnQ and Stock Satins lenct~ suit",,Morning herald. [volume] (New York [N.Y.]) 1837-1840
1839-06-07,"THIS medicine deservedy ranks with the important


discoveries in pkysic, and gives immediate relief in the
most obstinate Its effect is quiet heal ghen
and perfect regulate the and bowels and also assist
digestion Children teethng greatly benefited by the
of this medicine as II keeps the bowels perfect order
has been found excellent remedy sickness Persons
goirg climates should provide themselves with bottle
Of this medicine, that they may avoid the fear Of above
complaints.


For sale by Fay, Agent, at Mlnors Franklin House
Fulton street; and No. 800 Broadway.


NIB Every family, where there children should have
abotte Of this Cordial at hand See directions the bottle
certihsates NC. myl6-lm-","MRS. X. KIDDER,S
CHOLERA MORBUS, DYsENTERY AND DIARRHOEA",Morning herald. [volume] (New York [N.Y.]) 1837-1840
1839-06-07,"GENERAL OUTTITTIN6 STORE,
Where Gentleman procsre every article Tor complete


Quit OF the best quality,
No $50 PEARL STREET, CORNER OF FRANKLIN


SQUARE, NY.
Here the public may always procure
Fine goods in the outsttirs line,
And what isimportant, be sure,
That untirinc real Win combine,
With skill in preparing each .ort
As good az elsewhere ean be bought.
Here the steamboat and packet ship may
Their ready made linen procure
And prices moderate pay
For articles we'll made and secure.
Here they win constantly keep
Every article beiossng TO that class,
From The counterpart, blanket and sheet
To the towel and cloth for your glass.
CeutIesea also viii fad


Their ready made linen complete,
From fabrics thc beet Of their hind
And made up exceedingly neat.
Shirts, Under Shirts Draw'r,, Belts and Hose,
Hsndkcrshiefs, Bosoms and Stocks,
whsle the skill that each article shows,
Brisgs customers erow,hng in aocks
Bsthe need aot each item rehearse,
The Ssspcndcr, the Collar, the Glove,
The fanalson, Strap and Me Purse,
Each hss ~ those mentioned above
Linens, likewise,to order made
By those who knows 10 excel,
Asd the very fair price that paid
Yields work that 10 always done well
IT'S extremely convenient 10 know
Where a ample assortment Is fousd,
AID at there be able to 20
Withost searching the city all round
A.e, vessng and Stock sass IN lengths TO suit purehase",q. a. Brndbreetx's,Morning herald. [volume] (New York [N.Y.]) 1837-1840
1839-07-18,"Or Compound Essential Oil Of Almonds
LOR destroying aandruH and preventing the hair from
ing sut turning grey, prepared by ANTONIO PASTOR.
Hair Cutter, 1875 Greenwich street, New York.


This nimitable Oil has been the product Of
OF experience and for the last sixteen years
New York. where have been practising the Hair Cutting bu-
siness and the public may rely it, that A. COM,
POUND OIL the whosomest and best OIL for the hair
makes grow thick and long, its falling turning
and hair has begun to grey such noursher
to the har that by will restore il its natural color;
also hair becoming shaded and n hair orcady
shaded, which great Disagreement young ladies'
used for short time, il will restore to color clear
the ssu and keep the head and cean promotes
and whskers Aberal discount made wholesale purcha-
ers. A. PASTOR,


IS Greenwich street N. Y
Price, 90 cents bottle, highly pcrfumed. le2l-lms","A. PASTORS
HAIR. OIL.",Morning herald. [volume] (New York [N.Y.]) 1837-1840
1839-07-18,"UNEMALE LOvELINEsS-sUPERFLU HAIR


Nature doubtless originally intended the appearance Of
and with what unpleasant sensations do ladies'
beautiful completely unsexea by that unseemly dfgure
supe riuous growth Of hair upon the face neck


ATKINSON'S DEPlLATORY has proved itself in thou
sands Of that under the
yasn positive and easy remedy for this unfortunate At
Fiction.


No has been hailed with the anvs atis
faction that has accompanied the ntroduetonof nvaua
bic preparation single application Of which viii in few
moments entirely remove the hair leaving the skin softer
finer, whittier, and much improved in its appearance.


II is mild and harmless its that il be used
upon infant, without the least dsleterious effect


In consequence Of the increased demand for the articles the
proprietor has appointed Mess GUIONS ls9 Broadway
New York General Agents for the United States Of
for the Depilatory and Nahomed's Turkish Dye.


Cosnry dealers will be supplied by them the
able terms. Price two dollars per bottle. n22ny",,Morning herald. [volume] (New York [N.Y.]) 1837-1840
1839-12-06,": ,ENERAL PASSAGE OFFICE, AIS PFC. sLif.-
NJ For Cabin Cabin and Secrage passengers 70 and
England Ireland Scotland and Wales by the Lon
don Liverpool Hull and Bristol The Subscribers beg TO IN
form their friend. and the public they continue 10 make
for bringing passengers from all parts OF
Great Britain aud ireland the reasonable first
class American packet shps which will leave Liver
pool every week throughout the spring or tsao


They state that they have packets sailing regularly
from London Hull and Bristol aodng to those persons
aiding United and the Canada who wish send
for their kds from any part Of the Old Country oPror
tunv doing such only b. met with at this once,
then agent Liverp OIL who has long and favcrab
known connected with the New York Packets, will
that eguy observed the punctual ssilne u
the ships belonging this line which has secured to them the
preference and a. deenon shall TO per-
Liverpool whose passage has been settled for wth the
subscribers.


10 all where sent fer decline coming the passage
money reurned 10 the parties from whom IL was received
Further particular made known application f BY letter
post paid which will receive prompt atten,ion) to


W. L. TAFSCOTT, ~ Peck slip,


pg0 i'm. nert door 10 ISL South street. New York.",,Morning herald.
1839-06-15,"This establishment has recently undergone thorough inn
provement and is successful operation. IL has rs feet
Chambers street. and extends through Rade opposite
Elm street. giving to the fine hall Of l56 feet
tge for air and the beautiful perspective extending the length
Of Elm street. and exhibiting lively picture moving piano.
rame view Of popuous city, which have excited the adm
ton Of all who have it. The whole Of the
Bath tasteful rich, and and is said to bear
favorable comparison with the best establishments Of the kind
in Europe. The front Chambers three stories high,
and has much architectural beauty The interior gives about
so room, Tor Bathing and connected with the ladies' bathing
apartments (Which entirely distinct from those for gentle.
men, neatly furnished paror for their accommodation


NB-The public requested 10 call during the week pre-
voas 10 Saturday night and Sunday and they will end il
more to their convenience AID comfort


je6.2wis. CHARLES q. STOPPANI, Proprietor.","ARC ABE BATH,
NO. 30 CHAMBERS STREET.",Morning herald. [volume] (New York [N.Y.]) 1837-1840
1839-05-07,"90 This Spanish proverb applies most excellently to some
Of the New York HAIR OIL manufacturers who making
great noise BY er grand compositions, when they have bald
heads themselves BIT PASTORS OIL isnot only good for
every hair destroy dnaref and prevent hair from
turning grew also excellent Oil to keep his air
cauato any the world This Boosting not intended for
city New York where for the last sixteen years have
baen Using the hair emitting business but am selling


great quantity Of oil for the country want TO put them ON
their guard against bald head fools that making every
badys hair grow except their A. PASTORS OIL has
been the produce ""a years experience For sale wholesale
and re ta At las Greenwich ST. ~. Y. A. PASTOR.


pr;~. IN cont hottie highly perfurned. alSlln",,Morning herald. [volume] (New York [N.Y.]) 1837-1840
1839-10-14,"The explosion this side Of the banking
simultaneous with the disastrous which reached
from England by the Liverpool have ectualy checked all
operations Of trade The state OF affairs
leads to look forward great and radical change
prices trade, and the manner Of doing business The
old channels Of trade, formed by that credit syste
associations formed before any regular trade go forward


Every branch Of business therefore dull
ing the progress of events while the imports from abroad
accommodating stocks Of merchandise immensely These i'm
ports indication that the prevailing opinion Europe
that notwithstanding prices falling this market
their latest dates yet they sufficiently high proportion
To the prices that sde 10 afford margin for cramped


chants to realise at less sacrifice than would be incurred
forcing sales there Our markets therefore must decline still


further in prices, and below European before
recovery Of affairs will be accelerated the Of


CorroS-Holders have shown some disposition to give
way the arrival Of the Liverpool and purchases have
been made to fair extent chiefly
fading prices At the South the crop state ofor
wardness eemiag frsayiuto New Orleans aad prices
well sustained Moss The rivers continue low; is


stated thu quantities feotton have accumulated the differ
ep handbags waiting opportunity for shipment The banks
Of Mobile have declared their readiness purchase bills
drawn against actual shipments Of cotton Th will fac
the Of acceleratng the ens Of CROP Al
Charleston there but little change the general
Of business At Savannah the sales have been mostly Of
crop. At Columbia the market exceedingly dull There
apparently plenty money buy cotton the
state OF the rivers would allow ofits shipment.


The following table Of the stocks Sales prices and
marks The different ports Cor the weeks the date","

",Morning herald. [volume] (New York [N.Y.]) 1837-1840
1839-07-25,"Gs n. Br0dbrOOt,s
GENERAL OUTFITTING STORE,
Where Geemsn may every article for complete
No. 3S3 PEARL STREET, CORNER OF FRANKLIN


SQUARE, N. ""
Here the public may always procure
Fine goods in the Outhtting lin<.
And what Is important, be sure,
That untirng real win combine,
With skill in preparing each sort
As good elsewhere can be bought
Here the steamboat and packet ship may
Their ready made linen procure,
And prices moderate pay
For articles we'll made and secure.
Here they will constantly keep
Every article beloag ing 10 that class,
From the counterpart, blank ct and sheet
To the towel and cloth for your glass.
Gentlemen also viii fad


Their ready made linen complete,
From fabrics the best Of their Kind,
And made up exceedingly neat.
Shirts, Under Shirts, Drawrs Belts snd Hose.
Handkerchief, Bosoms and Stocks,
While the skill that each article shows
Brings customers crowdng IN Aocks
But he need each item rehearse,
The suspesder, the Collar, the Glove
The rantaeon, Strap and the Purse,
Each fine those mentioned above.
Linens, likewise, to order made
BY those who known 10 excel
And the very fair price that s pad
Yield. work that IL always dons WE'LL
IT'S extremely convenient to know
Where IN ample assortment ~ found,
And al there be able to 70
Without searching the city all round.
A vesng and Stock Sans lengths 10 suit purchaser
nylo-3m",,Morning herald. [volume] (New York [N.Y.]) 1837-1840
1839-07-25,"NHE subscriber returns his grateful thanks 10 HE friends


and the public for the support he has experienced for the
last years. begs inform them that he has opened
extensive Hotel for the accommodation Of travellers from
every section Of the UAoa.


The Battery Hotel situated Battery Place. fronting the
Bay Of New York. OF the desirable and commanding
situations the city, and regards location unrvaed
The landings hut short dsanct ON the Hotel where
arrive daily the from PHILADELPHIA, froyidence
Stonpr1u Albany Passengers have therefore, every a
cli starting any Of the great Northern Eastern, West
erD, or Southern routes


The arrangements Of the House calculated to al
ford ton all. The parlors spacious, and fur
nished style The bedrooms Of larger size,
and rendered comfortable than usually obtained in
large Hotels.


The proprietor the public that expense will 10
spared exerton made TO render his establishment
desirable resort for travellers and citizens. jy7l-lm","PETTET'S
BATTERY HAOTHL.",Morning herald. [volume] (New York [N.Y.]) 1837-1840
1839-12-17,". GENERAL PASSAGE OFFICE, ais PECK SLIP
VI For Cabin second Cabin and steerase passengers and
England, Ireland Scotland and Wales the way Lon
dcn Liverpool Hull and Bristol The Subscribers beg 10 In
form their friends and the public that they continue make
arrangements For bringing out passenger from all par
Great Britain aud Iressd the able
ea Americas packet ships "" which will leave Liver
pool every week throughout the spring of is>s


They beg state that they have packets sailing regularly
from London Hull and Bristol aordng those persons
siding In the United States and the Capsda who wish send
FOR their ssds from part Of the Old Country oprcr
tuniiy Of doing such ony be met with 81 this once
and their agent in Who has been long and vorab
hnows connected with the New York Packets will
that the regularity Be observed the puucua selling II
the shps hosgnE this line which has them
preference heretfors and that detention shall per.
Liverpool whose passage hs bees settled Tor with The
subscribers.


In all where those seat decline coming the psssses
money returned 10 the psrses from WHOM u received
Further particulars made known application f by letter
post paid, which will pvomyt sissnticn) %


WI T. TAfsCOTT, ~ Peek slip,


80 I'm nest door 10 fsi South street New Yorh.",",ENERAL PASSAGE OFFICE. ais FEC SLIP",Morning herald. [volume] (New York [N.Y.]) 1837-1840
1839-11-01,"UNDER the Clinton Hall
Ryder. ""a ned Boot and Shoe store /. found,
In IL, whoever may call,
Away finds an assortment that'ssould,
Hc has boots Of materials the hest.
Ready made. and to order likewise,
You have only 20 give them the test
Dcligheted are all Ne supplies
Zach varied description and hind.
Required BY each seasons change.
Better boots you'll no where 6nd
Ger the whote iolrn should you range,
OF shees. too, he's ,very sort
The walking aud dascing pumps,
Made equal the choicest wrought,
And not to be hurt ~ a hump
Known far and nepr Is his n,me-
Each portion Of the Union tell
Ryders work nanship merits its fame
Because Il Is always done ueii--
Each material Is chosen with cdre-
Each article finished complete,
Known never 10 rip, md TO
Much longer than many you meet
Diploma has been siven him twice
Nor can his work be surpassed,
50 perfectly finished and nice
The leather that leaves his lat;
Ryders name Is spr aiding around
Each ci'y and town OF our land,
Equal TO the Jfnea yet found
The articles seat from his stand.
New irgvovsmem kes latel, made,
Enhancing his cork ssie boots
Where great skiH and taste are displayed;
You viii and the ce,h cannot break,
Over its sole leather is wrought
Ryas~s ssw inventios will faks-
kseriHereasisg the the custom he's sought oil o.",,Morning herald. [volume] (New York [N.Y.]) 1837-1840
1839-06-04,"MAGNIFICENT display ef Dry Gsods.---wILLIAM
lNl VANN'S splendid premises 2ol Grand st. open
ed with tremendous stock Of fashionable and useful Dry
Goods To increasing business and afford the
the subscriber has made
additions TO his also fitted magnificent show
up stairs Cor the sale OF rich and fancy goods Every exeron
has been made that experience could suggest money
mand make this rpete with every thing des
rabe and worthy the celebrity which already
Purchasers wish but for few articles that they
find here in abundance.


$4,000 worth Of gosds purchased the adrsn
ageous terms been added 10 the former large stock
forming assortment such seldom be The PAR
cusr attention Of ladies directed 10 the quantity
Of silks, hav chae printed musns, and cambrcs, and an
endless variety Of mousln de lanes offered Cor the FIRST time
this morning. Only call and you will not 20 away dissp
pointed.


specting this collection Of goods before making their
purchases elsewhere they al find many articles
here that otherwise take up great deal Of their time
to 6nd besides having the choice Of ~ snimited quantity
domesics, w tho piece PACKAGE qsie cheap last
year The selection Of the low priced calicoes will be found
quite superior in variety and choice upwards q 70 case,
quality of beaehcd and unseached sheetng- and musns,


from GA per yard 10 the best imported long cloths also,
number Of cases OF yard wide unsessed long cloths, Is
yard the best article Of the kind offered this
Fer Mhncrs-A quantity Of splendid new and cheap
ribbons and complete assortment OF light SILKS, satins
Forences grapes bonds ace and all other kinds OF MILNE
| ~ goods, gill amply repay visit


Hosiery. Wholesale and RETAIL incredible quantity we'll
assorted 100 dozen white cotton At less than the importers
price the article sold Al D. will be found really good very
rich embroidered white brown and colored cotton hose
Also, beautiful Victoria hose, quite scw.


Families will find here sne quantity Of summer cloths cam
bcs drlngs Irish add Russia diapers and MEMS mole skins
corduroys, ticking tow cloths, table spreads, NC. Va


The proprietor of this establishment would especially invite


his friends and inspect these goods strang
ers informed that second price il made al this
store and no article Is allowed be recommended for qualities
which does not the utmost attenton paid custom
and person store will wish call again.
WIN. vANN, 0el Grand st.,
je4lwf bew en- Allen and Orchard sss.",,Morning herald. [volume] (New York [N.Y.]) 1837-1840
1839-09-17,"Beeves down price full five per cent since last
Sales made this morning $1,000 per cwt very
few however at the latter price There 700 head Of
fresh and 100 stale beeves market Six hundred and fifty
sold One hundred from the South and the bal
from Connecticut and the interior Of this State The
number which has arrived here for the few weeks has
50 large that the markets pretty well supplied and il the
arrivals continue large for few weeks longer there will be
slsi then the present prices cannot be sustained


Two thousand and six hundred sheep and lambs reached the
city this morning and nearly all sold The sheep went
off at - a IS so and the lambs at 81, so 50.


The arrivals Of and calves continue to decrease, only


fifteen having reached here to-day They disposed Of
prices ranging from $35 45They rather in the
interior, but few wanted prices do not advance",Cattle Murket.,Morning herald. [volume] (New York [N.Y.]) 1837-1840
1839-09-17,"DERFECT Railway and Steam Conductor Victoria Ma.


ional and other Patterns, Coal Weed Cooking Stoves
The subscriber most respectfully invite attention TO their
and plenpd improved king stoves which for beauty
simplicity, quantity and quality cooking baking, &c. &c
equal and we challenge comparison in all points of views
aud all ask any rational person that such
facts critical examination Of the named stoves
they will be found unlike other patterns offered for
sale in this city


Persons DESTROYS of purchasing will find their interest
give call previous purchasing elsewhere will sell
cheap other store in the CITY, Also most splendid
article Of parour for coal wood for sale whole
sale retail, by SALISBURY BARKER, 237 Water st.


SLIM. between Beekman 81. & Peck slim.","STOVES! STOVES! STOVES!,!",Morning herald. [volume] (New York [N.Y.]) 1837-1840
1839-09-17,"MEDICAL--IMPORTANT TO FEMALES
MADAME AUGUSTINE from Paris, informs the lsd,er
lvl of New York that she has arrived in this city where
she intends follow her profession FEMALE PHYSICIAN
and in that capacity offers her services, with the fullest
hdence Of being able to give entire satisfaction having studied
under several OF the distinguished professors Of Paris
Madame As address $40 Broadway doors from Canal
street. Attendance from ,cleck am, til pm.
NIB The receive advice gro between the hosrs
Of 10 aud ~ each day % I'm ins.
CAFETY FUND MONEY taken al par FOR the following
- goods;


Grocers articles, Teas, Lamp Oils


Linssed Oils, Olive Oil, Dye Woods,


Dyers' Articles, Paints and Painters Articles


bisachers, Paper Makers


Hatters, and Calico Printers articles


Drugs and Medicines. by


JIG. MORRISON q Son,


Nos. lss lee Greenwich street, between Fulton
sl6-lw and Nesty sts, the north river side",,Morning herald. [volume] (New York [N.Y.]) 1837-1840
1839-08-26,"20 CLIREHUGH, invites all wearers and connoisseurs to
inspect his newly invented ventatng and perpetual fitting
Wigs which, for eltganc- lghess and durability may be
placed among the first productions of modern art In their
nuacure they differ from all others made here The hair
being sing inserted, and equally distributed to appear
just issuing from the skin In their form they more
Of the brow than the natural hair does and having metal
lie spring. all disagreeabe pressure obvated They are
particularly recommended to those residing in warm climate
they be made 'n weight and thin gossa



For this invention and the advantages connected with it, the
Asrcan Institute svarded the first premium and competent
professional judges hsvs them the very OF
perfection.


Hair Cutting Rooms, 2o7 Broadway of Fulton street


aul6-lm","NEW INVENTED


PREMIUM
WIGS AND SCALPS.",Morning herald. [volume] (New York [N.Y.]) 1837-1840
1839-08-26,"WINDOW BLIND MANDATORY.
VNHE subscriber respectfully beg to inform the public that


he a. constantly on hand large and elegant assortment
every description Of the painted transparent washable win
dow shades consisting Of Italian and other landscapes Daph
nous Chinese Architectural and Fancy Blinds whch he
confidently for their beauty strength and great du
raby, they have been knowp with care to last
cords tase rack pues and fittings for windows complete
vary from 81 and upwards per pair Blinds painted and fitted
order, by applying to GEORGE PLATI II Spruce ST.
B. Country dealers suppledwh blinds and blind fittings
ml9-2m+y",WINDOW BLIND MANDATORY,Morning herald. [volume] (New York [N.Y.]) 1837-1840
1839-08-26,"WE chosen the above csupst Of the old the


heading Of this ADVERTISEMENT from 6ru conviction
Of its truth Having hand Of the finest
Segars imported in the United Sste and selected
pressy for this establishment toy agent Havana fee
great confidence recommending them friends and the
public The comprises the CHI ,csst and most pops
the Extra Norcsa la Normas Imperial
Tabuco, mpressa Canones, Premiere Reeniis the finest
to this country and imported expressly for priyas
ue and various Others which all who appreciate the Iur-
AIRY of rood segar invited 10 call and examine.


Remember that Seras S5 Cedar street. receives his Segas
direct from Havana they selected exclusively for him with
the greatest by competent Judge and there IS other
place the city where and Others obtain with
equal certainty the genuine and pure Hayana s. Cedar street


iy26-lm.","We care not what dull plodJers say
A COED SEGAR drives care away.",Morning herald. [volume] (New York [N.Y.]) 1837-1840
1839-07-18,"Before justice Kirkland.


James Russell, Louis Murray, John Jenkins John
L. Thompson. George Lewis, John Roberts, and
George Dover were brought up for examination
charged with making revolt aboard the ship Frank
lin, while lying at the Quarantine station in the Bay
of New York.


1t appeared that the master of the Franklin was
Eben Farewell, who has been tried for
in causing the death Of his black cook and who was
that the accused got into difficulty with him. while
applying for provision. Proof being adduced that a
man named jenkins had committed an assault. and
that John Roberts and James Russell had abetted
him, Roberts and Russell were ordered to find bail
and the others discharged. Jenkins was not in cus-
tody, but warrant was issued for his apprehension",,Morning herald. [volume] (New York [N.Y.]) 1837-1840
1839-04-17,"LNICKERBoCKER HALL, No 10 Park Row.-The ssb-
N .cribe- having opened the above house on the EURO
PEAN PLAN would respectfully inform their friends and The
public that they now ready accommodate them u style
not be surpassed by any similar house in this city Ths
house will always be furnished with every convenience and all
the usuries market There hundred
lodging rooms which airv newly Furnished and perfect
order The Ordinary being the first hoor spacious neat
and we'll furnished and the tasles shall always
supplied with all the variety the market anorss served
experienced cooks.


this sufficient evdesee Of hs adoption to both business
and travellers.


Gentlemen visiting the city, will End this desirable and
as short concentrates the beauty and elegance s local AID
transoy offsets Of attraction and plendor with which New
York abounds EDSALL JONES.


BFor the accommodation Of Travellers this house win
be open al all hours of the nieht al6",,Morning herald. [volume] (New York [N.Y.]) 1837-1840
1839-04-17,"90 TIL Esubscrber, Sole Proprietors and Manufacturer
prepared with aespaich orders for their Un
vaed Patent sweed Beam Windlas Bedsteads, which
almost universally used being the best article
veuted-conbining ease, convenience and durability.


The sacng acted upon by the wndla and sweled beam
made perfectly light and free from all liability TO sagg st rv
elasticity Ia the which renders particularly easy
simple in construction the matter Of putting and taking
down will be found Of but little trouble with thoss
efany other construction, whilst the precision with which the
component fitted acts safeguard against the intro
dneion of any kind Of vermin .s


From the taken render each Bedstesd perfect hsi
qualities for durability will recommend them 10 rurchasers-
who invited TO hall and eramde large assortment
sand


Alo large assortment Of elegant Furniture, Msstrsss
Feather Beds, Hc eonstantly en- hand.


Nv &C sOuTHACk, No. 100 Broadway,
jslsy Franklis House.","PATENT wuNDLAss.
3 f. DIST f. A ID.",Morning herald. [volume] (New York [N.Y.]) 1837-1840
1839-04-22,"The wild stoT IA spirit is abroad,


The hearts Of mer tails quake with fear;
Whole oceans from the clouds are pourd,
List on the blast HAS lowering near.
The stars are hid as with shrosd-
The moon has long since left the sky,
None but the Storm King is akoad,
To view the DIRE adful revery-
Far down beneath the green seas wave,
His palace built Of wrecks is found
And when he eft the awful cave,


The pillows roard with dismal sound.
Hark listen to the sailors prayer,


That midst the oroakings Of the mast,
Ascends ~ accents Of despair


To God, ere lile's brief dream is past
All careless Of the shricks and groans.


lie wrings from many a mortal's breast.
The spirit rushes needless on


Until the oceans bounds are past
The little cot that long had stood


Its owners pride and only home,
Is by the spirits pouring foed,


Quick from its rude foundations torn.
And is there to thwart his will -
None that can stop its mad career;
Yes a voice whispers f"" Peace be still -
And 10 the stars shine soft and clear.","No. 50

II me Storm Spirit.",Morning herald. [volume] (New York [N.Y.]) 1837-1840
1839-10-14,"90 THE Subscribers Sole Proprietors and Manufacturer,
are prepared execute with despatch all orders
rvaed Patent swrIied Beam Winda.s Bedsteads which
almost universally used being the best article yet
ventsd-conn,nng ease, convenience and durability.


The sacag acted upon by the wndlas and sweled beam
made perfectly light and free from all liability to still leav
ing elasticity the which renders il particularly
aud simple constructions the matter ofputtng aud taking
viii be found OF little trouble comparison with those
any other construction whilst the precision with which the
oposen parts fitted q safeguard against the
drS toa Of s1y kind Of vermin


From the taken to render each Bedstead perfect their
qss tics for durability will recommend them TO rurchasers
Who invited; cali and eramne large assortment
aand


Also large assortment or elegant Furniture Naase,
Feather Beds, 81. constantly ON hand.


wv * c SOUTHACK, No. 1875 Broadway,


franklin Honse","PATENT wINDLAss.
IL EDST 70. A ID",Morning herald. [volume] (New York [N.Y.]) 1837-1840
1839-11-16,"SSySsr IA, h a ssdS1 B5SSg aaR shoe aeysn roun-
In It, whoever may call,
Always finds assortment that's I'D,
He has boots Of materials the best
Ready made. and to order likewise,
You have ody TO give them tine test
Delighsted are all he supplies
Each varied description and kind.
Required BY each seasons change.
Better boots you'll no where fad
Ger the vhoie fescn should yeu range;
OF shoes, too he's ivory SORT,
The walking and dascng pumps,
Made equal the choicest wrought,
And not to be hur! ~ hump
Known far and is his
Each portion OF the Union tell
Ryders worknanship merits its fame.
Because il Is always done cell
Each material Is chosen with care
Each article finished complete,
Known never TO rip md 10 wear
Much longer than many you meet
A Diploma has been Liven him twice.
Nor can his work be surpassed,
So perfectly snished and nice
The leather thai leaves his last
Ryaers name Is spr. aiding around
Each city and town or our lard,
Equal 10 the finest yet found
Tie articles sent from his stand.
New improvement he's lately made,
Enhancing his cork sole boots,
wher, great skill and taste displayed;
You will find the cork cannot break,
Over its sole leather is wrought
Ryders new invention will feks-
Keep essing the the custom hes sought ole d.",,Morning herald. [volume] (New York [N.Y.]) 1837-1840
1839-05-16,"GENERAL OUTTITTING STORE.
Where Gentleman may Procure every article for


Outfit Of the best quality,
Ho. S6S PEARL STREET, CORNER OF FRANKLIN


SQUARE, N. Y.
Mere the public may always procure
Ffae goods in the Quitting line,
And what isimpertaat, be sure,
That sntring zeal win combine,
With skill in preparing each sort
As good as elsewhere can be bought
Here the steamboat and packet ship may
Their ready made linen procure,
And prices most moderate pay
Fer articles well made and secure.
Mere they viii constantly keep
Every article belongn to that class,
From ans counterpart, blanA ct and sheet
To the towel and eloih for your glass.
Gentlemen also wall fad


Their ready made linen complete,
From fabrics the best Of their kind,
And made up exceedingly neat
Shirts, Under Shirts, Draw'rs, Belts and Hose,
Handkerchief Bosoms and Stocks
Wilde the skill that each article shows,
Brings customers crowdng in Seeks.
Buthe need not each item reheane,
The SusPender, the Collar, the Glove,
The fantalson Strap and the Purse,
Each kRc these mentioned above.
Linens likewise, to order made
BY those who are known to excel,
And the very fair price that Is paid
Yields work that 10 always done well.
IT'S extremely convenient to know
Where an ample assortment 10 found
And at there be able to 60
Without searching the city all round.
Also Nesting and Stock Satns lengths to suit purchase
n2S-n","q. A. RraAhroolx,u",Morning herald. [volume] (New York [N.Y.]) 1837-1840
1839-04-29,"JAMES NJ SANDERSON, Son and partaer Of the pro-
d preor Of the Merchants HOTEL Philadelphia, respectfully
his friends and the public that he has taken the above
which he intends opening for the reception Of
company, about the 10th ofJane next


This commodou establishment bst entirely OF stone, and
sixty of ground belonging to and for purity
Of arhe medicinal quality Of the waer-.pe.dd
road.-beauu avenaesspacious porticoes, and the
city of reaching all points it stands uneqsalled


Since last many additions and improvements nave
been made, among Others will be found qno grounds tarye
grounds for pigeon shooting, aleys billiard
tables bathing establishments extensive stablng and plen'
fu supply of horses and vehicles -
and have beea made with eminent Pans o.
Philadelphia who will conduct series OF Concerts .


The choicest wines and liquors will be for the table,
and the kitchen department will be under the direction oil an
excellent French cook In short exerens Will be spared 70
render this house the first ofits kind in the country


DO The New York Courier, Star, Express, Herald, wash
ngton Globe and National ntegencer Charleston Courier
Patriot Louisville Journal New Orleans Pcayune, Aehmsnd
Wing and Mobile Commercial Register, will copy once
week for six weeks and end paper containing the adver
tisement TO Merchants Hotel, Philadelphia.


al0law0w","MONDAY MORNING, APRIL 20. 1885,

BRANDYwINE SPRINGS HOTEL,",Morning herald. [volume] (New York [N.Y.]) 1837-1840
1839-04-29,"(1USTOM HOUSE HOTEL-REVIVED.-LOvE
u PETERS would respectfully INFORM their friends and the
public generally that they have taken the house on the corner
Of Pine and known the Custom House Hotel
and celebrated under the management OF orn-ahd


great expense have 6tted IN new and most spenaa
STYLE and in the best Pesssie manner
They intend keep the choicest liquors, VINES ans
that The market produce and their Coffee Room WIN De
furnished with every yarey-sush coffee, chocolate tea
cold meats sewcd oysters &C., liquors and segavs,
all Of the order, and traits in their season The Refractory
below will supplied with oysters every styles and all the
kinds dishes hd appetite may crave, cooked IN me most
proved way. - i.


The Lodging Rooms airy convenient and we'll furnished
and Of the traveller and he catzsn
By as-idus~s attentions hope to please and TO deserve
share Of public patronage. mai-eodsr
II NICKERBOCkER HALL, No. 10 Park Row.-1le sub.
N scrbers having opened the above house on the EURO
PEAN PLAN would respectfully inform their friends and the
public they ready accommodate them N
not TO be by similar house this CITY, THIS
house will always furnished with every convenience and all
the Isxures unrvsled market There hundred
lodging rooms which ary newly furnished and perfect
orer The Ordinary being the fret floor spacious neat
well furnsed and the tables shall always be
supplied with all the variety the market affords, served w BY
experienced cooks - .


The marked success which has attended Embellishments Of
this sufficient evidence Of their adoption TO both bsae
and travellers.


Gentlemen visiting the city, will find this most desirable and
situation being nearly Broadway fronting the Park
and the beauty and elegance OF local aud
transtoy objects Of attraction asd spendor with which New
Yorl abounds EDSALL JONES


NB-For the accommodation Of Travellers, this house win


~ g. 49, ..~At IL",CUsTOM HOUSE HOTEL-REvIvED-LOv,Morning herald. [volume] (New York [N.Y.]) 1837-1840
1839-10-31,"UNDER the Clinton Hall
Ryder. ""a ned Boot and Shoe store i, Iund,
In IL, whoever may call,
Away. finds assortment that's sou,
He has boots Of materials the hest.
Ready made and 10 order likewise,
You have only TO give them the test
Deligh.ted are all Ne supplies
Each varied descvspfion and hind,
Required BY each seasans change.
Better boots you'll, no where find
O'er,he whoie ioww should you rang
or sbses. too, he's every SORT
The walking and dascing pumps,
Made equal the choicest wrought,
Aud not to BE- huri by fhnmp-
Known far and neDr u his name
Each portion Of the Union can tell
Ryders workmanship merits its fan
Because il j. always done seii-
Each material Is chosen with care
Each article finished complete,
Knosn never to rip nd 10 wear
Much longer than many you meet
A Diploma has been sivcn him twl
Nor can his work be surpassed,
50 perfectly finished and nice
The leather that leaves his lat;
Ryasrs na,ns Is spr aiding around
Each q y and town o. our land,
Equal to the finest yet found
The articles seat from his stand
New improvement tes lately msdl
Enhancing his cork sole boots,
Wher. great skill and taste are dityed;
You will find the cork cannot bred
Over it, sole leather Is wrought
Rydcrs new invention will take
Keep increasing the the custom thought dig d.",,Morning herald. [volume] (New York [N.Y.]) 1837-1840
1839-04-03,"WINDOW BLIND MANDATORY.
HE subscriber respectfully beg 10 inform the public that
he has constantly hand large and elegant assortment
OF every description Of the painted washable
dow shades consisting Of Italian aud other landscapes Dsp
NOUS Chinese Architectural and Fancy Blinds which he
confidently for their beauty strength and great
rabfy they have been known with TO last
from fourteen years The prices Of the shades including
cords asse rack puies and fittings for Window complete
vary from 81 and upwards pair Blinds painted and fitted
TO order, BY applying to


GEORGE PLATT, IL suruee st.
NIB. Country dealers supplied with blinds and b'4d fittings
milo 6wsy",,Morning herald. [volume] (New York [N.Y.]) 1837-1840
1839-04-03,"DAssFORD's ROOMS FOR BILLIARDS AND
ID CHESS as Broadway and ""a Ann street entrance joins
the Museum in both streets for the sale Of Billiard Tables
Cloths Balls ks &c. and exercises health Purchasers and
players invited There IA Billiard Tables ready tor


trial with spring. stec India rubber and cloth
sushon and eagle on and wood frames the best assortment
ever offered the public. nysy
ITO COUNTRY MERCHANTS German Silver Tea,


Table Dessert Gravy Spoons Batter Fish, and Dessert
Knives; Table and Dessert Forks soup Ladies' Napkin Rings
Mustard and Salt Spoons Sc Sc together with great variety
Of other articles well adapted the country trade all Of which
of first quality and for sale reasonable terms wholesale
and retail by LEWIS FEUCHTWANGEE,


mis- 2 Courtlandts st.",,Morning herald. [volume] (New York [N.Y.]) 1837-1840
1839-04-18,"The raw material Is extremely high and olen
features comparatively low This season large importation
have been made from abroad and consequently
features have some suffered Perhaps they would
been much affected had the trade opened in the early part
the spring with any degree ofacviy but the inertia which III
existed until the present moment and the unsettled and
ro. condition OF monetary affairs have combined
trenaly the wooon manufacturing interests this spris
however there has an irrroy taken place receny
70 he Kept IN full time Unless they do there must be adecr
in the material The wool growers the most 'ndepc
dent class OF in this country and perhaps they may kes
back their supplies We do not advise them N the
business but they should adopt such method N the presei
stage of affairs foreign importation Will be further increase
and In the end operate very sensibly them",,Morning herald. [volume] (New York [N.Y.]) 1837-1840
1839-04-19,"Sc ""A. br00DrOOhs
GENERAL OUTFITTING STORE,
Where Gentleman procure every article for complete


Outit Of the best quality,
No. 353 PEARL STREET, CORNER OF FRANKLIN


SQUAE, N. ""
Here the public MAY always procure
Fae goods in tho Quitting line,
And what is impor tant, be sure,
That untiring zeal will combine,
With skill in preparing each sort
As good elsewhere can be bought
Here the steamboat and packet ship may
Their ready made linen procure,
And prices most moderate pay
For articles well made and secure
Mere they viii constantly keep
Every article belonging to that class
From the counterpart, blanket and sheet
Te the towel and cloth for your glass
Gentlemen also will fad


Their ready made linen complete,
From fabrics the best OF their kind,
And made up exceedingly neat.
Shirts. Under Shirts Draws, Bslts and Hose,
Handkerchief, Bosoms and Stocks,
While the skill that each article shows,
Brings customers crowiing IN locks
Buthe need not each item rehearse
The Suspender, the Collar the Glove,
The Pantaloon, Strap and the Purse,
Each 6ne ~ those mentioned above.
Linens likewise, to order are made
By those who known to excel,
And the very fair price that is paid
Yields work that u always done weh
IT'S extremely convenient to know
Where a ample assortment is found,
And II there be able to go
Without searching the city all round.
Also vesng and Stock sans in lengths to sutparehaser
n2on",q. A. BradbrOOlx's,Morning herald. [volume] (New York [N.Y.]) 1837-1840
1839-04-19,"KNICKERBOCKER HALL, No 10 Park Row.-The Sab
N scrib er having opened the above house the EURO
PEAN PLAN would respectfully inform their friends and the
public that they now ready omodac in style
not to be by any similar house in this city This
house will always be furnished with every convenience and all
the Hxurie Of unrivaed market There hundred
lodging rooms which airy, newly furnished and perfect
order The Ordinary being the first Hoor spacious neat
convenient and well rnhed aud the tables shall always be
supplied with all the variety the market aord spby
experienced cooks


The marked which has attended establishments Of
this kind sufficient evdense Of their adoption both business
and travellers.


Gentlemen visiting the city, will find ais desirable and
central situation being nearly Broadway fronting the Park
and in Short the beauty and elegance Of local aud
transory objects Of attraction and pendor with which New
York abounds EDSALL < JONES.


B.For the accommodation Of Travellers this house will
be omen al all hours Of the night aI.n",,Morning herald. [volume] (New York [N.Y.]) 1837-1840
1839-05-29,"90 TIL subscrbers Sole Proprietors and Manufacturer
execute with DESPATCH all orders for their Us
rvaed Patent sweed Beam Windas Bedstsads which
almost universally used being tins best article yet IN
ventcd-eombinng ease, enence and durability.


The saekiag acted upon BY the wndss and swcled beam
made perfectly light and free from all liability to ssgg stl eav'
ing elasticity the same which render, particularly easy
and simple in constructions the matter putting up and kns
down will be found OF but little trouble comparison with those
any ton whilst the precision with which the
component pas Sted safeguard against the intro
ducfion of any kind rvermin.


From the taken render each Bedsead perfect their
qualities for durability will recommend them 10 purchasers
who invited 10 cali and examine large assortment
sand


Also, large of elegant Furniture, Matrasse
Feather Beds, &c. constantly on hand


NV. &C s0UTHACK, No. lo6 Broadway,
jeisy Franklin House","

PATENT WINDLAss.
3 r. DIST r. A ID.",Morning herald. [volume] (New York [N.Y.]) 1837-1840
1839-07-26,"VhOfcsde ana hefuu at NO. 1Ob Nassau street. one


door ADORE Ann.


Worms, Worms, infahby destroyed BY usiar sberans
Worm Lozenge They the greatest discovery made
children may eat them freely peppermint


Coughs, Colds, asthma ghtnes Of the chest,
Nc cured almost incredible short time hy using
celebrated Cough Lorenges. They one
day They have cured within the last sr months
than al the Balsams Of Liverwor Horeouud Sc put to
gether They have cured great many cases. where hopes
entertained Of recovery.


Bilious Complaints Cslhartic Lorepge. are par
uculay adapted 10 bilious whore an active
required They the best medicine and 20 pleasant
As 20 be eaten readily ordinary confectionery.


Heartburn and acidity Of the stomach &c cured
by shermans Soda Lozenges They heartburn few
minutes, and afford astonishing relief dyspeptics


Nervous Stek Headneh Immediately cured BY shcrman
Headache Loresges They sntngs oppression OF the
chest &c. They highly refresnr to those a.
tending large parties keeping up the spirits and cheerunes


laxative Lozenges Tor Of eosve habits common
10 the santsy They Keep the bowels open aud after
entirely obviste this troublesome complaint
Charcoal Loserges for correcting the stomach and bowels


Sarsapa,tna Lorenges FOR purifying the blood SC


Rhermaisra Lnrbago pains and weakness in the back
lons Sides neck breast limbs joints &C. by Sherman,
Poor Mans Plaster 100000 Of which are yearly sold war
rantd superior u all other plasers and for only cents.


Sher1ns Tsfhing Platter affords astonishing relief when
the back Of the neck Of children cutting ther teeth


Lfver Complaint jsundce female ol.rucon &c cured
by shrmas celebrated Royal Hepane which cured more
within the last than all other remedies m toge
Their swth difficulty the proprietor supply the
ing demand Cor this popular medicine.


BAH kinds of medicine be had made INTO Lozsuces
and rendered pleasant al O6 Nassau street Also Peppermint
Rose, and all other pleasant eating Lorenge the greatest
variety in the world.


Ash for sheraass Lorcnges. ioIQv",INDICATED LOzENGES.,Morning herald. [volume] (New York [N.Y.]) 1837-1840
1839-07-26,"When nanhood's naughty crest is fallen low""
Oh, woman truth and passion rear the throne
Where thou dost sit triumphant and alone;
Bright shapes Of 6tful fancies throw
Prismatic colors DER thy beaatys glow
Before thousand shrnes thy feelings burn,
As vestals wave their tapers DER the urn.
seeming tickle nature oft imbues
The color Of thy mind with rainbows hues-
Yet when awakened to some daring deed,
When grief and trials come and nations bleed,
When fields Of blood re-echo shrieking cries,
And hopes lone star hath left the shrouded skies;
IT'S then thy mighty heart shall fully prove
The strength Of all thy cons fancy and love!
Who longes, fingers at the bed Of death,
With kisses winning back the feeting BREATH
Who longest at the chill loze tomb shall stay,
Pale sentinel OR cold and paer clay7
Last at the cress and earliest at the grave""
All, woman /. tits thy chosen hour to save,
When manhood's naughty crest 10 fallen low,
Shattered and broken by the stunning blow.",,Morning herald. [volume] (New York [N.Y.]) 1837-1840
1839-06-13,"LvsraArEp.
Ye fairies Of the miIder mood, no more
Seek soft repose yonder shore
And you We elves, beware how you are iound
Desportins OF a wizards chosen ground;
For there his said he stalks ghost at nisni,
With witches two, full clad in awful P,gnr
To hold mysterious converse with the shaaes
OF damned spirits from the realms OF Ha'ds'
Alone two gen sought that shore, TO lave
Their weary limbs beneath the liquid wave;
But ali, il was the wizards waking our,
And forth he rushed his victims 10 devour.
Your lin. were free from eue--your hearts true;
Or that infuria,e fend would then have laid
Two corses PROSTATE at the internal shade
Al dead Of night his doleful clarion sound,
Is heard 10 break upon the still profound
And roll in fearful accents down the glen,
To rouse the witches from their yawning den.
Then through the shades sf n,ght are seen 10 glide
Two grizzly hends incarnate side by side.
Behold them their trystng place, where stand
group Of willows the washed strand,
Trees planted by the wizard we are tcld,
To work machinry Internal, and to mould
His haggard visage thers may you dsscry,
In horror erinning al the wtch,s by;
And down his grizzly beard profuse,
Il to flow the rich narcotic juice.
Behold, hags there, either side,
Though only to him allied:
But mark the old one-horror, what face
In each dark line, fiery 6ena you trace:
TIVE garing eye-balis sunk in sockets deep,
Yosd deem some corse had started from his sleep.
Full oft this bag is with clenched hand
With eyebrows knt--with every muscle strained
And ready at the wizards awful nod,
To lay her victim hfeless on the sod.


Then high their inc antations sound,


Till conjured spirits stalk around


Till Haides' darkest demons there,


With horrid wailing fill the air.


Then starts the roe buck from the glen
Away-awsy, bounds DER the plain


The owet shrieks with boding wall,


And frightened flies the haunted vale
The gaunt wolf screams along the glen
The FOX is startled from his den-


The panther prowls ia sulien mood


The wild hyena shrieks aloud
The sckall hears the horrid fray,


And whets his hungry fsngs for prey.
Then loud King Wizard blew his shell,


The fairies quail beneath his ire;


He lifts his like hend in hell


And thunders out isrth, boidest liar.
Up starts old mother bag alone,


And shrisks cut loud and shrill
""Il tell tale, twill make earth groan-


IT will shake the deepest heil.'


1.-Two genii dwell in yonier grove,


OF virtuous mould made;


To call on them the wrath OF Jove,


My hellish prayers were SAID.


Down on their guiltless heads was seen


The fire Of Heaven to ram.


IL would have done you good. ween,


To hear their gfoans Of pain.


saw them wriihe in FIRE ant smoke,


heard them weep and wall;


And saw the gnasty looks, that spoke


The horrors OF the SPELL.


/ took them BY their CORY hair,


And dragged them DER the pyre-
Heavens I! what goody sighi was there,


To them roast on fire.


danced around that horrid ground,


And shouted many yell


Till tn genii to the fiery fame


And broke the glorious SPELL""
Then the shr shrek Of triumph wild DER the plain,
Till the dark mountains quake, the rocks fall in twain;
Till the voice OF King Wizard fell low TO the ground
Like thunder roild high, and like thunder rod round
Like a eathch the mandate OF King Wizard fell,
q Back &c nds to your shades-to the fortunes of he""
Down, down through the dark winding chasms afar,
The iegions fell trumbng TO realms of despair


SOLUTION.
You ask kiad reader who these COLLINS are,
hrna he tnfn urnea shnrelY","

n WITCH scErK-yILAAoB eossrIro MORAL kEFosh y


",Morning herald. [volume] (New York [N.Y.]) 1837-1840
1839-05-11,"HNICKERBOCkER HALL. No 10 Park Row.-The sub
N scribe having opened the above house on the EURO
PEAN PLAN, would respectfully inform their friends and the
Psbc that they ready TO accommodate them in style
not TO be surresea By any similar house in this city THIS
house will always be furnished with every convenience and All
the lsxues Of unrvaled market There hundred
lodging rooms which airy newly furnished and in perfect
order The Ordinary being the first hoo spacious neat
and we'll furnished and the tables shall always be
supplied with all the variety the market affords served b
experienced cooks


The marked success which has attended establishments Of
this sufficient evidence Of their adoption 10 both business
men and travellers.


Genemen visiting the city, wl Anl ts most desirable 60
central tuaion being nearly Broadway fronting the Park
short the beauty ana elegance Of local ssd


antery objects Of attraction and plendor with whisn New
York abounds. EDSALL < JONks.


n B-Fer the seeomnsdaoa Of Travellers this house viii
be open all hours Of the night al-u",,Morning herald. [volume] (New York [N.Y.]) 1837-1840
1839-05-22,"Gods steps are on the mighty DEEP,
His voice 10 in the storm
Has glance doth burs along the sky,
And clouds cosesal HE fora.
He guides the dark wing Of the rlasse,
On its dread viswlsss way,
AID sends forth DER the dessrf-ssaas'
The Asrse Simeon 10 slay.
The Earthquake, and the torrent ROD
or The VolcaaoS FIRE,
Bear to the homes Of gsilty men
The message Of his ire.
HUT God hath Ministers Of Coed,
The besstifsl-the strong;
FOR He delights TO bless, and sends,
or gifts, cosntless throns.
The roaming winds His servants are,
Sounding DER earth and sea,
With voices deep that evernsre
Keep holy jubilee.
And self refreshing rains Of spring.
That fall like Asrcy's tears,
Are gilded with her Bow, while Earth
A face Of gladness wears.
0sds love is whispered u the Breeze,
His smile is on the fswen,
And birds unconscious chant His praise,
Within their sunny bowers.","

",Morning herald. [volume] (New York [N.Y.]) 1837-1840
1839-05-22,"Now softly smiles Then wake my fair
On vale and plain, Within the dell,
The silver moon, That voice whose tones,
With sparkling train. love well.
How swift she glides
Along the waves, The Eow-worms spark,
And through the arch Amid the shade,
Their eddy leaves. Recalls his mate


Ts cheer the glade;
But fairer far For in his sight,
Her smile would be, What scene 30 fair
Didst thou sweet maid Would not be bright,
Its splendor see. Were she not here.
Then wake my fair
And cone away, Then, oh awake
To mark with ne That eye so blue,
The noonbeams play. Ny beacon light


or love SO true;
The nightingale, Awake my fair
With dulcst note, And from your bowr
Attunes to love Arise and bless
Her mellow throat This happy hoar.
How softly sweet
Her lste-like song Til. moonheams ne'er
Beguiles the night so softly fell
To 50 long. The glow-worm charms


The lovely dell
Her lay divine The nightingale
Would charm mine ear, Delights mine
Didst thou sweet maid Ny life, my love,
lis music hear. Most welcome here.


WIN. B. H.",,Morning herald. [volume] (New York [N.Y.]) 1837-1840
1839-05-22,"DISEASES FROM IMPRUDENCE AND SECRET
~ DESTRUCTIVE observation-disclosures obtained
in the irst medical colleges rendered


feet BY twenty Eve years experience the British Army
dies the tests by which mankind should guided when the
aid of practitioner reqursd These the qualification.
ofDR JOHN BAKER IRWIN, and perfectly unex-
amped in the city ofNew York the proof Of the great
~ which attends his treatment Of the obstinate
has had failure The great increase his pro


ona business has compelled him to take another
don 10 his old established Office coat Fulton street He may
be consulted daily privately secretly and con6deay
M Faton street. or Ne IL Beekman street. door below
Nassau.


BE careful to mark, the Doctor connected with other
Office aad upon his extensive practice and experience he
earnestly cautions against ignorant Pretenders and the
any msrswriai preparation. mv7-lm.",nIsEAsEs EROM IMPRUDENCE AND sEGRET,Morning herald. [volume] (New York [N.Y.]) 1837-1840
1839-09-04,"HYsrEPslA AND NEUTRALITY-SUSPICIOUS. Din.
~ Lore1g,s the -ny eecua remedy FOR these toe
prevalent complaints Rep s arc made daily % cures elect
ed through them. when every other remedy failed


MRS. JONES. OF ROCHESTER,, while in this city last
June induced 10 try box although she had given all
hopes Of sdng ANY relief She had suffered from Dys
repsa Cor nearly four years, and times bad fe


III. bur hen not being able TO eat thing without suffering
severely for two three hours asrwd She reduces
in heh aud week she could only about with great d
Guilty She WELL flesh ha returned and she Is IS
hearty and blooming 10 her youthful days Three Doves Of
shsrmsns Dinner Lorenges have done H. IL hev will cure
such cases, what will they not cure


MIR. SPENCER from New London, Coun., printer BY
trade visited this city 10 consult IL celebrated hys
lie had been severely affected years with
Dysp.ps Drs Smith, Rogers aud otners exhausted tier
k without effect At last he tried the Dnner Lzenges and


we'll You that suffering from d. spepsia ned not
despair but the Meacaed LoEcngc Warshaus,,
I06 Nassau st. aud get box Of SHERMAN DINNER LO
FENCES and be cured aug",,Morning herald. [volume] (New York [N.Y.]) 1837-1840
1839-04-04,"WINDOW BLIND MANUFACTUHY.
VTNHE subscriber respectfully bs to inform the public that


he has constaAty hand large and elegant assortment
every description Of the painted transparent washable win
dow shades Consisting Of Italian and other landscapes Daph
nous Chinese Architectural and Fancy Blinds which he
confidently recommend for their beauty strength and great
rabity they have been known with to last
from fourteen years The price. Of the shades including
cords Assc rack paes and fittings Cor Window complete,
vary from 81 and upwards pair Blinds painted and fitted
to order, BY applying TO


GEORGE PLATT, IL Spruce at
NIB Country dealers supplied with blinds and blind fittings
milo 6w'y ftI",WINDOW BLIND MANUFACTORY.,Morning herald. [volume] (New York [N.Y.]) 1837-1840
1839-04-04,"CSBsTOM HOUSE HOTEL--REVIvED-LovE *
~ PEPPERS would respectfully inrm their friends and tbs
OF Pine and Nassau sre known the Custom House Hotel
and once 80 celebrated under the management Of Hornand


great expense, have Eed aud most splendid
style and furnished throughout in the best possible
They intend keep the choicest liquors. wines, and rands
that the market produce and their Coffee Room will be
furnished with every yarieysuch coffee, chocolate
sandwiches cold meats ewed Oysters &C. liquors and segars,
all Of first order and fruits in their The Reectory
kinds o dishes hd appetite may crave cooked in the ap
proved way.


The Lodgisg Rooms airy, convenient and we'll furnished,
and now are command Of the traveller and the citizen
BY asdus attentions hope TO please and to deserve
share Of public patronage. m7l-eodisn",,Morning herald. [volume] (New York [N.Y.]) 1837-1840
1839-07-26,"IL r.
Where Gentleman may procure every article FOE complete
No. asa PEARL STREET, CORNER OF FRANKLIN


SQUARE, NY
Here the public may always procure
Fine goods in the Osthtting line,
And what Is important, be sure,
That untring zeal win combine
With skill IN preparing each sort
As good a. elsewhere can be bought.
Here the steamboat and packet ship may
Their ready made linen procure,
And prices most moderate pay
For articles well made and secure
Here they will constantly keep
Every article belong ng 10 that class,
From the counterpane, blanAe ct and sheet
To the towel and cloth for your glass.
Gentlemen also will fSsd


Their ready made linen complete,
From fabrics the best ~ their kind
And made up exceedingly neat.
Shirts, Under Shirts, Draw'rs, Belts and Hose,
Handkerchief, Bosoms aad Stocks,
Willis the skill that each article shows
Brings customers erowding in hocks.
Buthe need each item rehearse,
The suspenJer, the Collar, the Glove
The rantaleon Strap and the Purse,
Each fns n those mentioned above.
Linen, likewise, to order are made
By those who ar known To- excel
And the very fair price thats paid
Yields work that is always dons we'll
,Ts- extremely convenient TO know
Where ample assortment Is fosnd
And al there be able to 20
Without searching the city all round.
Ae Nesting and Stock Satin lengths TO SUIT purchaser
my2o-3m",,Morning herald. [volume] (New York [N.Y.]) 1837-1840
1839-04-23,"Wilt thou think Of me Sometimes,


When the pillows heave around thee,
And The broad blsc restless sea,


Like mighty zone hath bouId thee7
Whes thy gallant ship flies ON


Der the waves all lie and gladness,
Wilt thou give thought Of me,


Wilt thou hcavs a sigh OF sadness.
When thou thinkest Of thy friends,


And strange forms and faces meet thee;
When the words that reach thine ear
In another language greet thee;
When beside jeyIe. hearth


Thou art sitting sad and lonely,
Think Of one who loves thee we'll,


Think of one who loves thee only.
wilt thou thisk OF me sometimes,


When thos treadst the halls Of pleasure,
And bright eyes beam SMILES on thee


In the dances joyous measure.
Ifthou nearest some old song


have sung in days departed,
Let Il whisper to the soul


Of the true and constant hearted.
II the world looks cold ON thee,


Asd thy JOY IL turn'd 10 sorrow;
If the friends thou thoughtcst true


Smile today, but frown tomorr.w,
Turn thee proudly from them all,


And the bands that held thee sever,
Come back 20 thine own bright home
And the heart that changes never,",,Morning herald. [volume] (New York [N.Y.]) 1837-1840
1839-10-29,"CHAwL NEUTRALITY-SUSPICIOUS. &GUYNET, asa
- Broadway would respectfully call the attention Of the
Ladies their large and well selected stock of Seasvna
Fancy and staple Dry Goods which they offer great
bsrgans heng much lower than the cost OF importation


Their stock comprises large assortment Of the and
fashionable styles Of n and Figured Black and Colar
ed Silks and saiins Moussenes de Lame and Chaes;
Merno and Thbet Cloths; Jet and Blue black Bombasnes
and Grapes Paris Embroders and Laces; Tape bordered
Hem stitched and Embroidered Linen Cambria Hasdter-
chiefs Dark and Black ound French Prints; Silk vevets
Hosiery Scarf, Hsndkerchies 0entleneps Ladies' and
Misses Kid Gloves Belts sc Also large and splendid vsr-
ETY. Of Paris and Lysas Brochc, Thibet, and Cash
shaws; Scotch and French Plaid and Figured Blanket
Shsws he. &C.


NB The Ladies ctfuy requested land they will
end their sdvsntage TO call and ersmine stock
before purchasing elsewhere o762w.",,Morning herald. [volume] (New York [N.Y.]) 1837-1840
1839-08-21,"TIE Widow C---ks
The Virgin bud let other choose,
Give me the flower Of beauty;
The Rose IN all its lovsliest hues,
A Widow IL Cor duty.
No little, awkward, trembling Miss
C'crwhslm'd with givlish shamei
Bst one who knows coAbusial bliss-
Whs owns the genial flame.
Whose burning cheek and am'rous giasce'
And heaviag bosom prove
Shed sccra the slow and cold advance,
But yield at osce to isve.
To lsve where Honor calls TO bliss
Where Passion speaks with truth
Where Pety approves the kiss
Where Health is Joined with youth.
Give me Widow, then, Isay,


With passion, youth and health,
Of middling stature, spirits gay,
Her charms her chiefest wealth.
With such fair Id spend my nights,
From cares and troubles free
Forever tasting loves delights,
At home, in purity 8.",,Morning herald. [volume] (New York [N.Y.]) 1837-1840
1839-06-28,"Il certain delicate discae.-MORGAN's celebrated COM.
POUND BALsMAIC PILLS have enjoyed the patrouag,
Of SIR Ashley, Cooper Bsny Cooper, DR. Eioson Of Lon
don, Dr. Allison L,ston Liars OF Edinburgh also of
scientific physicians Of this fo the fifteen
years and looked upon the great often
tempted but prior 10 the above discovered The,
the only safe aud ecscous remedy use al
stages OF those disorders aud entirely obyaes making
those disgusting, and highly
medicines, Cubebs aud Copavs the dangerous
and uncertainty of the latter too well known require
comment.


The Lancet"" Of Sept ~, 1871, in clinical lecture HE
pupils sufficient guarantee OF tie high character Of Nor
gaD Pills: Gentlemen, dare say have observed the
wonderful OF Surgeon Norgan Compound Balsmao
Pills, which used here Guys Ho-pa exclusive for
thai discharges and the complicated affections Of the
urinary organs indeed Ms researches (which recommend
your nocel GENTS urinary diseases the complete
Peruse and his mode Of reasoning plain that the
mercst tyro amongst you comprehend them""


For sale by appointment by A ID. Sands, 70 and 100
Fulton 81; Syme 90 bowery Walker aud $40 Bowe
Boad; Ring GA Broadway 30 Sixth Avenue. Price 90
and 81 per box


90 Observe the proprietor. seal each boz, which
aone can be genuine. s223m


03- DOCTOR GLOVER is consulted durin; IL, day aud
evening his Office where his attention s confined exclusively
select branch of his profession and 10 the such
diseases have balcd the skill of inexperienced practitioners
ignorant and veuds lie has introduced
into his practice several chemical compounds wnich are
quick in their operation aud dec edy ecacou perctne
the


III. Office Is Ann street The private entrance the fourth
door from the Maseum Lamp At the inner Office door IN
evensg.


NB-Dr O. keeps general assortment Of Trusses which
he adjusts and applies IN difficult Of Herna also supen
Bsndsees. sis-m'",TNFALLIBLE AND AGREEABLE CURE FoR 4,Morning herald.
1839-07-03,"GENERAL OUTFITTING STORE,
Where Gentleman may procure every article for complete


Oulit Of the best quality,
No. 353 PEARL STREET, CORNER OF FRANKLIN


SQUARE, ~ Y.
Here the public may always procure
Fine goods in the Outhttng line,
And what is important be sure,
That untiring real win combine,
With skill in preparing each sort
As good as else where be bought
Here the steamboat and packet ship may
Their ready made linen procure,
And prices most moderate pay
For articles well made and secure.
Here they will constantly keep
Every article belonging to that class,
From the counerpane BLAIR. ct and sheet
To the towel and cloth for your glass.
Gentlemen also viii fsd
Their ready made linen complete,
From fabrics the best Of their kind,
And made up exceedingly neat.
Shirts, Under Shirts, Drawr Belts end Hose.
Handkerchief, Bosoms and Stocks,
while the skill that each article shows,
Brisgs customers crowdng in nocks.
But lie med each item rchearsc,
The Suspender, the Collar, the Glove
The rantaloon, Strap and the Purse,
Each fine as those mentioned above.
Linens likewise, TO order made
BY those who are known to excel,
And the very fair price that j. pafl
Yields work that is always done well.
IT'S extremely convenient to know
Where ample assortment is found,
And nj there be able to go
Without searching the city all round.
Aso Nesting and Stock Sans engths to suit purchasers
my29-3m",q. a. RradbrOOk's,Morning herald. [volume] (New York [N.Y.]) 1837-1840
1839-07-03,"IMPORTANT TO GENTLEMEN FROM THE
sou H--PREMlUM WIGS AND SCALPS.-
SLRERUGH, OF Fulton street and Broadway, tup
stars ha. hand elegant assortment Of his newly
invented ventaing and perpetual fitting Wigs and Scalp
tcuary adapted to those residing climate, being
only weight In their manufacture they differ from
all others made. They of the brow than
the natural hair doe and being almost sng inserted and
equally Distributed appears just issuing from the skin All
metallic spring entirely done away consequently all da
greeable pressure Is obvisted.


For tbs invention, and the ad, snages connected with H. the
American Institute awarded the n premium. and competent
judges have pronounced them the Of perfection.


Private Rooms for Hair Cutting and fitting Wigs je2olw",,Morning herald. [volume] (New York [N.Y.]) 1837-1840
1839-05-01,"0 This Spanish proverb applies most ereelsntly to soae
OF New York HAIR OIL manufacturers who making
great their grand compositions. when they have bald
heads themselves Bot PASTORS OIL not only good for
every bodys hair destroy dsnduf and prevent hair iron
turning grey but also excellent Oil to keep his own AIR
equao the world This Boosting not intended Tor


city Of New York where for the lat sixteen years have
practising the hair cutting business but am selling


great quantity Of oil for the country want 10 put them
their bald head fools that making
bsdys grow except their A. PASTORS OIL has
the produce Of ""a experience For sale wholesale
and retail at 16S Greenwich ST.. y. Y. A. PASTOR


Price SO cent bottle, highly perfunod. slS-lm'","IN BLACKsMITll,s HOUSE WOeD1D


KNuVRa-O",Morning herald. [volume] (New York [N.Y.]) 1837-1840
1839-11-05,"At the opening board this morning. the influence
Of from England caused prices much the
rates SATURDAY This bxoyancy thing
closed heavily The owed its chief influence to the fact
that not bad expected United States Bank i'm
proved per North American Trust and Bsnksg Co
per cent Delaware Hudson, per cent Harlem, per
cent Kenncky, per cent Farmers Trust ePsr cent sto
Hngou large amount Of the Corporation water
stocks been the there being sale
for them.


The effect of the news and has very
apparent from the fact that transactions OF moment have
taken place by which prices Uncurrent money both
red and safety fund today At five per cent dis
count which has the ruling Sales Of Philadelphia
paper have been made sn per cent discount Iasuhern
exchange generally there but little change The Bank Of
Lswsucburg Indiana said 10 have stopped but the State
Bank and branches continue TO pay specie.


The Of Mr. Jaudon preserving the u


Bank agency from immediate bankruptcy has given the
spectators hope that the difficulties OF the institution
are past The general character Of the h. however
dasrou, great planting and mercape interests Of this
country than any heretofore reached When the
Bank Of England in 1897 struck down the leading houses
in the American trade found that the English interest
connected with those powerful that the bank
was forced step forward and give them aid order
that the process Of settlement should not involve too great
sacrsce Precisely in the position stands the o.
Bank She received present aid in order to avert the
psps at critical moment Affairs Of the Bank Of EBg
land VIII would assuredy attend her failure The credit Of
the Institution particle benefited the operation
which 10 one that IL tolerated will have demoralsing
eject OF the community


appears the authentic accounts That the bank
obtained lie loan pledge Of Mississippi Pennsylvania and


Michigan stocks will be rscoected that the Pennsyvan
stock was tshen partly August and partly in October and
paid Cor in Ave dollar bills which paid the work
canal Those notes she refuses 10 redeem
The Mississippi stock paid Tor in post and the Mi
ehxan taken in like She could not make
this loan and specie payments while her post note
operations making money daily With the
whole funds 90 raised she been able meet her abi


es past due while whole stock Of cotton amounting
$1,000 bales by Hamphres and Bade has been morga-
sed present value sustain Mr. Jauden. These
acts understood in England and the credit Of the In
stuoo gone Cor and Conscience in all American Lus-
De.s much quantity Of stock OF the bsnL
back which will be Offered 10 this market In day


The news wAchha probably reached there Of the
loon on this side and the srmness Of the New York and
other banks win doubt have brought matters crisis
Tn the meastme would ask WHARF is the Of
sas Of the bank which have bsea ordered by renns,
MIA a,e authorie. They should have been sss
fore tho public.


The New Orleans banks show symptoms Of speedily return
inc 10 speee payments The following statement Of their
affairs;


Nrw oHLsAss BAsKs 9st October 1889. a. compared with","MONEY MARKE II.


M0mdav. Nov. ""a. y. M.",Morning herald. [volume] (New York [N.Y.]) 1837-1840
1839-11-05,"Prices little rmer to-day but there has been actual
advance Drovers working hard the prices and
they NAV succeed There for any advance what
ever for the country literally urpisd aud the number in
daily occasoned by the high prices that have been
current here Tor past years This stimulation togo
with the suprabndsn harvest has tended and does STILL
raising Of cattle for slaughter very rapidly For
the months receipts beeve alone have averaged
hundred head To the arrivals have not been large
having reached only five hundreds and there but seven
hundred market cattle included. OF these emily hy
renamed unsod Of the day OF the number Of
fered hundred from the south The basice
driven from the interior Of this state None from the
east.


Over twenty hundred sheep and lambs in market
nearly all ,od fraction better prices than paid last
week The sheep fetched 81 81 go and the lambs S 25
S275.


There only fifty and calves offered and forty sold
mand for them.",Cattle Market.,Morning herald. [volume] (New York [N.Y.]) 1837-1840
1839-12-30,"The foIowing seamen were brought up in custody
from the u s. brig Washington, viz: George Davis,
Albert Deanis, Robert Young, William King David
Merrill, John Clarke, John Wilson, VIM. Coyer,
John Smith, John Breen Chas. Swain, and William
Smith. These fellows were part Of the crew OF the
ship Rochester, bound from Liverpool to this port,
and during the voyage they and would have got
command Of the ship but for the determined defence
made by her officers and the stecrage passengers,
who together drove the mutineers below, and iasten
ed them beneath the forcas:le matches. After they
had been there some days. the Washington boarded
the Roches t-r, took off the matncers, and supplied
their places with some fresh hands, who worked her
into port","U. 4. W mr. b ll,S once.",Morning herald. [volume] (New York [N.Y.]) 1837-1840
1839-04-19,"The wonderful which has attended the Of this
medicine has induced the proprieors prepare in another
order make its usefulness universally extensive
They therefore, with much confidence offer fer public approval


ROWAND'S TONIC MIXTURE PILLS,
which are essentially the the liquid hut possessing the
Of portability and safety from breaking ard freezing
complaints o which have been frequently made by the consa
Of the Tonic Mixture.


We have 10000 certificates TO the infsbnity Of this
medicine when properly used including nany members Of Con-
grc and other distinguished persons throughout the Usted
States who have expressed their gratitude for their restoration
to health by its employment. Like the following viz
aMr. R0wasd-sr feel il duty which owe 10 YOU and
the community at large that have been severely az
cted with the Fever and Ague and having procured every
remedy without the least and having heard Of Row
and TOME Mixture induced itand feel
pleasure that in days entirely recovered usual
health, and symptoms Of the complaint has returned


ABBOTT LOvETT,


2i6 Bowery, NY.
For sale by j. o. Fay general agent at Minors Franklin
House Drug Store, No 1913 Broadway ~ VI and ei druggists
generally throughout the city and country. az Inn","100 600 CASES OF FEVER AND AGUE AN


HUI. OOU UALLY CURED by thegensins Rewards",Morning herald. [volume] (New York [N.Y.]) 1837-1840
1839-06-25,"Wholesale and Retail at No. LOG Nassau street. one


door Adore finn.


Worms Wors nfalliby destroyed by usiag Sherman
Worm Lozenge They the greatest discovery made
and the only medicine that falls and pleasant that
children eat them freely a common peppermint


Coughs Colds Asthma ghtness Of the chest consumption
&C. cared almost incredible short time by using Shermans
celebrated Cougf Lozenge They common IN one
day. They have cured within the last months
than all the Basams Of Lerwor Horehound &c put TO
gether They have cured great where hopes
entertained Of recovery.


Bilious Compianfs-Sherman Cathartic Lozenges par
tculary adapted TO bilious where active Cathsrtc
required They the best medicine and pleasant
to bs eaten as readily ordinary confectionery.


Heartburn and acdity of the somach dyspepsia &c cured
by Shermans Soda Lozenges They heartburn few
minutes. and afford astonishing relief TO dyspeptics


Nervous Sick HeGdach Immediately cured by Shcrmans
Headache Lozenge They Paintings oppression of the
chest dro Sc. They highly refreshing TO those at
tending large parties keeping the spirits and cheeulness
laxative Losenses for persons Of cot,e habits
to the sedanay They keep the bowels and after awhile
entirely obviae this troublesome complaint.


Charcoal LoSeges for the stomach and bowels


Sarsopariila Lozenges for purifying the blood, &c.


Rheumatism, Lumbago, pains and weakness in the back,
ons sides neck breast limbs joints &C. cured by Shernans
aned superior to all other pasers and for only l2 cents


Shermans Teefhns Plaster afford, astonishing relief when
the back Of the neck of children cutting their teeth


Liver Complaint aundice female DISTINCTIONS &C. cured
by ShermaHs celebrated Royal Hepane which has cured
within the last than all other remedies put tege
ther tiswh difficulty the proprietor supply the increas-
ing demand for this popular medicine.


n B-A kinds Of medicine be had made into Lozenges
and rendered pleasant LOG Nassau Also Peppermint,
Rose and all other pleasant eating Lozenges, the greatest
variety in the world.


Ask for sherman's Lozenges. jel9-y",INDICATED LOzENGES.,Morning herald. [volume] (New York [N.Y.]) 1837-1840
1839-12-17,"OTICEsoutherners aud other Strangers visiting the
~ city, respectfully informed that the subscriber has
Just received and offers for sale the following Goo adaped
for the and worthy the attention


LAMPS-Of all descriptions, consisting OF one and two
lights manel and side Lamps gilt and brouzed with rich cut
glass drops and Also Astral Lamps gilt broszed plated
Hexgon Lanterns with double burners with large
assortment Of Hall Lamps complete.


Plated WARE-ElegaRt Glass Castors. plated Walters
with silver edges and handles Cake Baskets Of patterns
plated urLs Tea Sets Toast Racks Vegetable Dishes


CUTLERY-Fine balance handle Ivory Knives and Forks
elegant hes in rosewood also transparent yory han
die Knives (ony, Manufactured for Silver Forks also
Slice and Carvers Nut Crack Pen and Pocket Knives
Scissors, sc =


JAPANERY-Gothic, Sandwich and Paper Tea Trays In
acts 10 O. with Bread Baskets and Knife Trays 10
also Dressing Cases Tea Cancrs Sugar and Spice boxes Sc


MANTEL CLOCKS-Rch gilt, gt and bronze ebouy


abaster white and black Of the latest pattern warranted 10
keep correct time.


CANDELABRAS-Gilt,g gilt and bronzcd Candelabras Of
the latest patterns, some with figures, very elegant also
Branches, from II lights
GERANDOLkS-Git and brolsed with and S lights,
handser1elv ornamcnted with rich cut glass prsms.
BRONZED ORNAMENTS-Cs sticks, Thcrmome.
tiers, lnkstands, Tea Bells, &C.


Also, just received from the celebrated house Dixon and
sor full supply Of Britannia are consisting Of Tea and
Coffee Sets, Urns &c.


Also, full supply or the celebrated Chinese Razors.


Ai'o further supply Of geDemens tool chests very
plete.


All the above Goods offered reasonable prices at the
New York General Furnishing Warehouse, No. Al Maiden
lane. DANIEL l.. DELAVAN.
dist",,Morning herald. [volume] (New York [N.Y.]) 1837-1840
1839-11-15,"Tins as near be mad. FER present. and
It exhibits the quantity in store There great deal
which remains day and is then shipped
We BY the above that andng the immense
dueon Of breadslu in this coantr, the stocks only
about fifth as they last year. This however
can explained When the seed Of the crop
sown prices grain high that they scied


great measure bounty and herce the great produc
ton this year. When il what immense breadth
Of had cultivated prices begun recede
home they were comparatively at avery low point At this
advices from England OF short crop there


.',- ..ev isselly,.ee .rved ,h.s ss erop Of Euvp
goed again that Il bad and aan thai England had
Sufficient quantity and with what they could easily
obtain from the continent could get along These
fieng advces together with the financial difficulties OF this
co1nry affected the markets throughout the Used States,
pr and FELL orders received and rescnded far
mers forward their produce and kept back unti
nearly for the canals close and leaving onya months
consumption in each port The farmers in western
New York and Michigan, would gladly push their pro
MARKET but il s late and the entire winters
ply will centre al New Orleans from Ohio and the
states thence diverge along entire seaboard II sup
posed by May prices win rule very high throughout the
ensuing Of the light stocks the
may be the case, but upoa examisatcn IL will
be that breadsus canret long remain high There
yet large aranty Of -four exported 10 England and
France prices reach paint sufficiently low To admit Of H. So
barrels have been purchased in this country
for shipment to Europe Before proceed amy further
will CIV the annexed:","$1,000

",Morning herald. [volume] (New York [N.Y.]) 1837-1840
1839-10-21,"@ TCVES! STOVES! STOVES The Subscribers
~ wond call the att ntion IF the public TO their large aad
elegant assortment of Stoves. which follows


The Peoples Improved Cooking Stove for wood or coal
the improved Union Cook Stove for wood coal; Paor
Frankn splendid patern small Fanklns for cooking with
coa Canal Stoves COOS stoves nine plaesx
plate ndes and box stoves which they offer wholesale
retail fable for cash, their
200 Water street. door east Of Peek Slip and LOG Cherry
four doors west Of Caharne Market Fancy Base Stove
suitable for Offices stores baroos amboats &c together
with large Of copper, tin, and sheet iron
constantly on hand stove pipe.


zll A",,Morning herald. [volume] (New York [N.Y.]) 1837-1840
1839-05-30,"GENERAL OUTFITTING STORE,
Where Gentleman procure every article for complete


Outfit of the best quality,
No. 3J3 PEARL STREET, CORNER OF FRANKLIN


SQUARE, N. u
Here the public may always procure
Fine goods in the Out6tting line,
And what isimportant, be sure,
That uHtiring real viii combine,
With sk in preparing each sort
As good as elsewhere can be bought.
Here the steamboat and packet ship may
Their ready made linen procure,
And prices moderate pay
For articles well made aad secure.
Here they will constantly keep
Every article belong 'ng TO that class,
From the counterpart, blanket and sheet
To the towel and cloth for your glass.
Gentlemen also will fad


Their ready made linen complete,
From fabrics the best OF their kind
And made up exceedingly leat.
Shirts, Under Shirts Draw'rs, Belts and Hose,
Hanakerchiefs, Bosoms and Stocks,
While the skill that each article shows,
Brings customers crowding in nocks
Buthc need not each item reheare,
The Suspender the Collar, the Glove,
Tbs Pantalson, Strap AND The Purse,
Each fms those mentioned above
Linens, likewise, 10 order made
b, those who known to exsel,
And the very fair price that paid
YIELDS work that is always dons we'll
IT'S extremely convenient To know
Where ample assortment Is found,
Aad al there be able to 20
Wi,host searching the city all round
Also, Yeng and stock Satis lengths to suit purchase
mlg-tf",,Morning herald. [volume] (New York [N.Y.]) 1837-1840
1839-05-20,"These Lozsnges made from superior article Of the BIZ
carbonate Of Soda fro the recipe Of Drcet and
mended by him aud large number Of medical the most
ehecus remedy for Indigestion Dyspepsia, Heartburn Water
brash and Acidy Of the stomach aud Bowels One
ken before dinner produce healthy Appetite promote dge
ton and restore its original tone The action they produce
prompt and complete that any person suffering from ndgc
ton hould not hesitate making trial Of remedy Of such
knowedged escaey and high recommendation Years OF
tcnsve in England among all classes Of this superior ar
Gle, guarantees its great value


psRx PLtcp, March IL 1880.
Dear Doctor owe masy thank, for the benefit
eevcd from your Soda Lorcng have bees troubled with
dyspepsia fer several years heartburn wates and all the
attendant symptoms had become quite enaciacd and life
was IN fact bsrhcn to had employed Dr. Mott and
veral Of the most distinguished physicians without any bat
Temporary relief had abandoned all hopes ofeer being
better until was induced by friend TO make trial Of
Soda Lozensss. Thanks 10 God new being, aud
my friends hardly know ! eat beefsicsk any
hearty food and u Is digestea with ease and comfort


PRISCILLA BENJAMIN
Sold Wholesale and retail at the Medca.cd Lozeage Ware
house, 100 Nassau st. my70-y","IIEARTBURN AND ACIpITY OF THE STOMACH


Ill CURED ny SuERMAN,s SODA LOZENNES-",Morning herald. [volume] (New York [N.Y.]) 1837-1840
1839-05-20,"SHAKESPEARE HOUSE.


CHARLES RIETTY, ~ ANN STREET, has the honor to
recommend TO the patronage Of the public his establishment
which he will sndeayor unite usefulness with pleasure
His customers will always fad rich assortment Of the best Of
Liquors. excellent Refreshments and Reshes, Soda Water,
Ices, SC. &c.


The dessert will Of pastries and fruit Of the greatest
variety His segas WILL he has doubt please the amaeu
smoker.


B.-Fsmilies supplied with ice nys-lmis
pAsSFORD's ROOMS FOR BILLIARDS AND
- CHESS, ais Broadway, and Ann street. entrance joins
the Museum in both streets for the sale of Billiard Tables
Cloths Balls &C. &c. and exercises for health Purchasers and
players invited There 10 Billiard Tables ready Cor
Trial. ROOM with spring. steel India rubber and cloth
cushions, and eagle and wood france the bet assortment
ever offered the public. mysl.y",,Morning herald. [volume] (New York [N.Y.]) 1837-1840
1839-11-07,"THIRD AND LAST DAY.


At the close Of the polls on Tuesday night the
wings were very much disAeartened; the heavy rain
that fell during the afternoon Of Tuesday, damped
their spirits, besides damping their brooches, and
kept many Of their voters from the polls For
tunateiy fer their cause, perhaps, the weather
cleared up, and yesterday presented as beautiful
morning as ever came ont Of the heavens. Both
parties then turned out with all their strength and
vehenence. Money was expended, bills were print
ed, liquors were drank, were uttered, shout
ings were heard, carriages ratified men and boys
batted, and the voting, and polling, and lying and riot
ing were about As brisk well could be through
cut the city, the whole Of the day.


Whichever party loses, it will not be the fault Of
those who belong to it for never did men work
harder, or try more to carry election than both
sides did yesterday. Every imaginable means was
put in reqaistion that could be thought Of. Almost
every Custom House officer tide waiter, government
runner, and office holder in the city was on duty, and
doing his utmost to carry the election favor Of the
locofoco party. Fellows from Philadelphia Albany,
| New Jersey, Connecticut, and even from Boston,
came on to assist both wings and ocofecos Never
did men work harder, fight fercer than the parti-
zan leaders both sides did yesterdays and the re-
suit we give elsewhere.
| FIRST WARD.-Here there was an immense deal
of rowing and squabbling Two pretty keen kind
of characters, each side, did the talk and the
excitement. Oliver Charles, the dock master, is a
red hot locofsco and James Kellogg, the ward clerk
is red hot whg; and between the two they kept up
| pretty severe cross firing.
why don't you attend to your duty!'
why don't you attend to yoursl
| 'None Of your business
sNone of yours


'Wat till the elections over and I'll give you the
| d-dest licking you ever had in your life'
well, you needn't trouble yourself much about
that small matter; for if you don't take care Iwon
wait till the elections over; but I'll give you id
licking now


Inspector-Ordcr, gentlemen.
Let's go on polling
Il challenge his vote
81 havn't offered to vote yet
i don't care, challengen.'
L sGilances",,Morning herald. [volume] (New York [N.Y.]) 1837-1840
1839-07-01,"INES urten ilpToap, seeing me picture of Vdshs'


tons ria, at Mount Ternon.


wM. JAY, BATH, ENGLAND.
There d0elt the Man, the flo S'r of human kiad,
Whose vsage mild bespoke his noble mind.
There dwelt the soldier, who his sword ne'er drew
But in righteous cause, to Freedom true.
There dwelt the Hero, who neer fought for fame,
Yet gained more glory than CH,ars name
There dwet the Statesman, who devoid Of art,
Gave soundest counsels from an upright heart
And o. Columbia, by thy sons caress'd,
There dwelt the Father of the realms he blessd,
Who wish felt 10 make his mighty praise,
Like other Chiefs, the means himself to rais-;
But there. retiring breathed in pure renown,
And felt grandeur that disdained a Crown","LINES tcten iElpromptt seeing picture f Wdsms


for,s tiLla at 1fyitnt reyuon.",Morning herald.
1839-10-08,"MONDAY, Oct. - Common DisturJers. In tho
course the morning information was brought to the
Magistrates that a desperate roy was IN the course
of tment at celler in Water street kept by one
Joe Waters. As this fellow known for des-
parate vagabond, several marshals were ordered 70
proceed TO this haunt slaves hanl and quell the
disturbance. When they got to the place they und
some difficulty in forcing entrance, bit, having
made their way through the barbados, they found
an officer named William Beechey, whe lives IN
Chatham square, at close quarters, with three men
who were aided by three oafers IN petticoats Of the
lowest order. The arrival Of the reinforcement Of
course trraed the scales and decided the fate of the
war. Six were arrested and brought before the
Magistrates. They gave their names as Pat Kelly,
Joe Waters Jack Diamonl Ellen Waters, Hannah
Chamberlain and Jula HAYS.


Beechey deposed that he'was called to queil the
row and went into the cellar for that purpose, when
he was welcomed by.Kelly with a poke from spade,
whilst a. the same time Joe waters let hy at him
right aud LETT and the gentle Julia Hays saluted him
with bowl Of greasy water, not sufhcientiy not 10
scaid but quite nasty enough to make him sick The
magistrate sent the whole crew To the cells.",Police apiltcp.,Morning herald. [volume] (New York [N.Y.]) 1837-1840
1839-10-08,"STONES IMPROVED WATER FlLTERS--Manu
u featured and sold BY the Inventor and original mannac
turer 800 Broadway XThce FILTERS have been highly
proved Of in Europs and America for spwars of 80
accounted superior TO any hitherto constructed they
combine the properties Of purifying well clarifying the
impure and tarbd water removing all deeerious after
rendering perfectly Wholesome and thereby preventing many
diseases which arise from the Of impure


"" BTose persons having Filters made by those profess.
ing bat landing the business have them replenh
and fitted upon the subcrber plan and warranted 10 act
perfectly. J. STONE, Plumber and Engineer,


sl7-lm. 800 Brosdy ay",,Morning herald. [volume] (New York [N.Y.]) 1837-1840
1839-09-21,"Corner Of Fulton and Broadway Entrance from Fulton
CLIREHUGH, HAIR CUTTER, has just completed arran.
~ gem ns with o the first houses in London from whence
he will receive the first specimens OF fashion 10 be
ed for the that they will appear New York stimuli
taneousy with those Of Londen and Paris.


Next TO the advantage OF having fine head Of hair the
importance OF having VIII aud this branch Of his
Clrehueh stands reeuintn. HIS system Of cutting
gentle hair ocJefaium BY which its uxuriance
be - .ptpterulv Ornamental urt. sisexecv


ef0 entir ,l.frpm the practice cut'lsg
adopted here also the expedition and yenteness nth wh-h
the operation Is performed The fret artists In Londos
Paris have Acknowledged lis utility and adop, in their prac
tce BY The beau monde II has been snominaed scientific
art and whether for the Put the Bar the Senate the
Stage its elegant and classic arrangements viii add dgaity
grace to the whole contour Of Ia fefs Humane.


The patronage already extended 10 him sncc the inrojuc
ton of his SYSTEM, and III. facrng encooums BY
all Who have hanged coun under the Of his oueh
induces him 10 invite all gentlemen who either study
appearance the luements Of fashion, To place their hair
der his charge, assured that trial will prove his superiority
all other competitor


Private Rooms for Hair Cutting AMI fitting Wig. SIS","GALLERY OF FASHION, FOR
HAIR CUTTING. SC.",Morning herald. [volume] (New York [N.Y.]) 1837-1840
1839-04-26,"Ionic NiNture, or Vegetable Vebriuge.


The wonderful which has attended the of this
medicine has induced the Propretors 10 prepare in another
form, order TO make its usefulness
They therefore, with much confidence offer fer public


ROWAND's TONIC MIXTURE FILLS,
which essentially the the liquid hut possessing the
advantage portability and safety from breaking and freezing
complaints Of which have been frequently made by the
Of the Tonic Mixture


We have 10000 certificates 10 prove the nfaibty Of this
medicine when properly used including many members Of
and other distinguished persons throughout the United
states who have expressed their gratitude for their restoration
to health by its employ ment. Like the following viz
MIR. Rowand-Sr feel il daty which you, and
the community large TO state that have been severely
hcted with the Fever Agu and having every
remedy without the least and having heard Of Row
and Tonic Mixture was induced it-and feel
pleasure 70 state that in two days entirely recovered
health and symptoms Of the compliant las returned


ABBOTT LOyETT,


2l6 Bowery, Ny.
For ,ae by j. o. Fay general agent, at Minors Franklin
House Drug Store No 100 Broadway, "" and ef druggist,
generally throughout the cty and country az Inn","1OO OOO CASES OF FEVER AND AGUE AN
xOOsOVO UALLY CURED by thsgrnsine Rewaadis",Morning herald. [volume] (New York [N.Y.]) 1837-1840
1839-11-11,"UNDER the Clinton Hall
Ryder's IA ned Boot and Shoe store Is found
In il, whoever may call,
Always finds an assortment that's sound,
He has boots Of materials the best.
Ready made and to order likewise,
You have ony to give them the test
Delighted are all he supplies
Each varied description and kind
Required by each seasen's change.
Better boots you'll no where and
Ger the whole tosOn should you range;
or shoes, too, he's every SORT
The walking and dancing psmps,
Made equal the choicest wrought,
And not to be hurt by fhump-
Known for and nesr is his name
Each norton Of the Union tell
Ryder's workmanship merits its fAne
Because il is always done Ueli-
Each material is chosen with core
Each article finished complete,
Known never to rip-and to wear
Much longer than many you meet
A Diploma has been given him twice.
Nor can his work be surpassed,
So perfectly finished and nice
The leather that leaves his last;
Ryder's mama is spreading around
Each city and town of our land,
Equal 10 the finest yet found
The articles sent from his stand.
New impvovement he's lately made,
Enhancing his cork sole boots,
Where great skill and tsste are displayed
You will find the cork cannot break,
Over its sole leather is wrought
RyderS new invention will take
Wen the the custom he's seuCht olQ d.",UNDER the Clinton Hall,Morning herald. [volume] (New York [N.Y.]) 1837-1840
1839-11-11,"~ THE subserib~rs Sole Prepretors and Manufacturers
ere prepared with DESPATCH all orders for their I'm
rvaed Patent sw-ed Beam Wnda-s Bedsesds, which
vnted-coupnins ease convenience and durability.


The sackng acted upon by the wndass and sweed beam
ade perfectly light and free from ali Liability 70 still esv
ns an essticy which renders il particularly
end ple the matter Of putting and tskni
dawn Win found Of little trouble comparison with thoss
other construction whilst tie precision with which h'
component parts fitted acts safeguard against the intro
suctios az any kind Of vermin.


From the care taken render each Bedstead perfect the
qualities for durability will them TO Purchasers
who ara ea large sssertnsnt now
aand.


Also larr. assortment Of elegant Furniture Msttrasse
Feather Bsds, &c. constantly On hand


NV. q SOUTHACK, No. lo6 Broadway
;elby Granklin House","PATENT WINDLAse.
r r. DIST f. A ID.",Morning herald. [volume] (New York [N.Y.]) 1837-1840
1839-11-11,"ID HEUMATIsM! RHEUMATISM! RHEUMATISM.
N -BURNETTS Rheumatic Mixture and Vegetable
Syrup have prsved from the Of 1--WE
thousand the only known remedy for acute and chro
mic Rheumatism in the world; also for white dwellings, govt
sprans bruises numbness and scess Of the joints umbago,
weakness Of the back knee from too rapid growth Of the
body In dyspepsia emacation whether from cough liver
plant mercuria Diseases female Irregularities scrofua f
any other diseases.


getabeSyr has been found the greatest siren.
thener and pufer discovered In TRUTH has cheered
the friends Of thousands who but for its sole agency wsud
have that from whence return Prepared
and for sale by L. Burnett WHsrwl ii Bowery Alss
for sale by A. d. Sands 70 and 100 Fulton street. and
the pcumery store 81 Canal street. Mrs. Booth 90 Fulton
street. Brooklyn and Thomson North ID street Williams
burgh. o223m",% HEUMATIsM! RHEUMATISM! RHEUMATISM.,Morning herald. [volume] (New York [N.Y.]) 1837-1840
1839-12-05,"The markets wait the Liverpsos news, and rcights have
become dull There Is little doing in cotton from
10 400 bales have been sold fair prices the stock nor
1000 bales only Prices do alter bu there good sup
ply OF cotton The way from the south, the receipt Of
which prices will probably recede. Feur continues exceed
ingly dull, and prices nearly nominal


Naval sToRK-The market for all descriptions Of thi,
article exceedingly dull the supplies small without
change in At Boston the market equally dull
wit. out alteration in prices


Provisions This market has been like most others exceed
INCL, dull There demand except FOR immediate use. At
Boston there has been steady demand for beef and p
&C firm Perk exhibits change.",,Morning herald. [volume] (New York [N.Y.]) 1837-1840
1839-12-05,"NOTICE notwithstanding mandatory, together
IN with all its valuable machinery stccks Tools and clocks
unn She'd wholly and totally destroyed BY the late fire
the of Grand and Elizabeth streets and insurance.
wholly destitute and shah be pleased the
faces of both those home and abroad
the Of the Bowery and Division street
where shall bestow efforts enlevors
ply them with the best ofclock have large
Of finished clocks time pieces and regulators hand and
renewing manufacturing apparatus with all possible dis
patch, aud possible efficient and eectua
Some Of Turret clock necessarily he de-
lay short time but trust they will bear with under
existing circumstances Clocks of every description carefully
and thoroughly repaired and warranted.


SMITH BROTHERS,


n30 6wd&tw' ~ Bowcry.",,Morning herald. [volume] (New York [N.Y.]) 1837-1840
1839-04-04,"Laugh, lady, laugh,
There's no avail in weeping,
Grief was mover made
To be 10 beauty's keeping.
Tears OF stream
Where pleasure lies decayine;
Smiles, like rays of light,
Ger many waters playing.


Laugh, lady, laugh.
Sing, lady, sing,
There IS charm IN singing.
When melody its spells
Upon the air is hinging;-
Sweet sounds have often won
More than the fairest faces,
And harps haveeve been
The plaything Of the graces.


Sing, lady, sisg
Love, lady, love;
There's always JOY N loving;
But sigh not when You find
That man is fond of rowing;
For when the summer bee
Takes wing through bsauiys bowers
lie knows not which 20 choose,
Among so many flowers.


Love, lady, love,",,Morning herald. [volume] (New York [N.Y.]) 1837-1840
1839-04-29,"Letter Press executed in superior style favorable terms
Just received assortment Of Plain and Ornamental Tvps
expressly Cor Gard and Circular printing Specimens can be
examined and all orders prompty attended to- Wedding Wis.,
isg and Commercial Cards engraved in superior STYLE and
rintcd with the utmost neaness Persons furnishing heir
own Card Plates have he@ printed the latest and most
fashionable style Of Cards short notice just
civcd superior lot Of Porcelain Cards expressly for Visiting
Wedding Cards, which for whtenc brancy Of pol
ian cannot he cscelied.


SILVER PLATED DOOR PLATES, the silver plate sf
which Is uncomnony thick, with the improved Bronze Edges
Bra"" Door and Number Plates, Seals, sc. sc.


VALENTINES
Fashionable Card Engraving and Printing Establishment
sss-lm' so Jehn street, corner OF William.
IVORY TABLE CUTLERY AT C0ST.-The sales Of
Balance handle ivory table and dessert Knives Carver
Scwh and withou Jerks will be continued this day aud to-
forenoon, when he remaining stock will be packed
and removed. JOHN GRAvELEY. Cutlery Store.
s2aNN No. Astor House, broadway","TO DRY GOODS JOBBERs, STORE KEEPERS. MAN


IrrArTURERS &c",Morning herald. [volume] (New York [N.Y.]) 1837-1840
1839-07-03,"The Trisnphal Rssry Of Mis Democratic


Majesty, Martin Van Barren fnse New = er6.


Lovely Weman turned Lscefece fer half .


day aad tho whelc Of . Night.


Yesterday was a great day! a very great day in.
deed! great day for democracy, and drinkoc rasy,
and aristocracy, and mobocracy, and funocracy and
all the branches Of that facetious family. There
much in the proceedings that was amusing much
that was instructive-much that was pleasing
that was imposing-much that was nonsensisal-and
much that was really ridiculous. Still it was, in ev-
cry sense of the word triumphal entry and il would
be worse than foolish to deny the fact. 1t was an
extraordinary scene, the most so since the visit Of
General Jackson to this city and the description we
gave oil it yesterday, in advance correspondsd pre-
eisely with the realities, as they occurred during
the day.


1t was high day for the President, who was al
most killed with kindness, and dust, and rough
grasps, and sweat, and bad smells! 1t was high
day for the wings, who laughed in their sleeve, and
looked wise and silly, and sensible and savage, by
turns; and lost opportunity to curse and rail at
the Undertook cabbage seller! 1t was high day
for the locoocos, who were washed, and shaved Tor
once and comfortably clad with clean shirts and Sc
cond-hand boots and breeches, and who drank and
shouted, and sweated, and sworc, and roared, and
ran, and yelled, ano kicked up their heels. and
threw up their greasy caps like so many mad devils
let loose from Pandemonium! 1t was high day for
the lovely young girls and beautiful women OF this
glorious city, who ALL yesterday for four hours,
locofocos, to man; and who smiled, and bent their
beautiful necks, and looked bewtching from the
windows and waved white handkerchicfs and did
all manner of delightful things before bedtime, and
great many afterwards. It~was high day for the
loa H. h.. N all
tions to gets peep at his Republican Hghness, that
they might abuse him the next day for his bad looks,
and want of condescension to them! 1t high
day for the thieves and pickpockets; for, by SEINE
most unaccountable means, almost every locofoso
had money in his greasy breeches pocket on this
occasion, besides having clean shirt his back
1t was high day for the liquor sellers and distil-
lers, majority Of whom were wings, and who drank
his Democratic Majestys health so often with their
customers, that they injured their own! 1t was
high day for the angels who rejoice sinner
that repenteth and who watch the souls and bodies
of beautiful, angelic woman, and BLACKBOARD man!
And above all it was high day (thsugh not
holiday for the devil, ""Aud Clo6ts"" himself, who
superintended the whole programme of operations
IN propria PERSONA and who distributed judicious
number Of young devils throughout the procession,
to increase the noise and confusion, keep mischief
afoat, give spice to the party, and play the devil
with the vacillaing seus and clean shirts of every
sinner in the squad In short the whole affair was
conceived, concocted, and carried out upon the real
republican principle that


a.-Variety's the spice Of life,


That gives IL all its htvor.'


Early in the morning about 50 or 80 Of the Young
Mems Committee some of them possessing good
sense, and some Of them great asses-hired, begged
and borrowed horses enough, including those they
owned, to mount every of them; and they wash
ed and shaved in hurry, bolted their breakfasts,
and crossed the river to Newark, for the partly
patriotic, partly proud, partly selfish, and, TO
extent, commendable motive, of escort
ing His Republican Highness to Jersey City. This
was done by the young men; and those who acted
from excellent motives, Of course were rewarded by
their own reflections in bed night. and didn't
. curse about their torn pantaloons, dirty shirts,
dirty jackets, and dreadful headaches which they
obtained reward for their cxertions. In the in
terim all the oafers and worthy radesmen and idle
fellows, and good citizens, and ridiculous cox
combs, and ""nice young men'' that make up the
various corps and companies of citizen soldiers in
this city, were busy buttoning up their breeches,
fastening their straps, buckling their armor,
(hogs in armor,) and fixing their fnts and traps to
pass muster in the course of the morning. At 40
early hour any OF them, the rowdes and rag
gamuiins, without either interest principle in the
were desperately hard at work-drink-
ing His Excsllency's health in damnable drains,
in all the ten thousand holes Of the city. All
the amiable and beautiful wives, and sisters and
daughters, OF those who had any hand in the do.
ings Of the day, were bundled out Of bed BY sun
rise, to boil the coffee and cut the bread and
butter for breakfast; and few, we are sorry 10
say, had TO black the boots of the backguards who
were too idle 10 do their own dirty work Some
forty or fifty very sweet and ench ntng girls were
taking our advice, and brushing the dew off the
grass Of the Battery with their fairy feet before the
pesti!ence passed il. In short, this same visit
Of his Serene Republican Majesty, Martin Van Blu
rem, made at least 10000 i'll looking and hand
some women rise two hours before their time, and
stir their stSmps twice fast they had done
before.


The President, always an early riser, rose rather
earlier himself this eventual OCCASION and washed
himself pretty much as he usually does, and dressed
himself as he invariably does, with considerable
care and neatness His forehead was observed to
shine than ordinarily, to have two extra vrin-
kes and the organs 81 irmness and self esteem did
undoubtedly project more than on the preceding
night In his anxiety TO be in the breakfast be-
times he forgot to say his prayers and return thanks
TO Almighty God for n rsod nights rest After",,Morning herald. [volume] (New York [N.Y.]) 1837-1840
1839-09-19,"Corner Of Fulton and Broadway Entrance from Futon
CLIREHUGH, HAIR CUTTER, has just completed srran
~ nj. with Of the first houses London from whence
he will receive the first specimens Of every fashion be adop
ed for the season, that they will appear New York stimuli
taneously with those Of London and Paris


Nett TO the advantage OF having fine head ef hair the
importance OF having well and this branch Of Nj. ART
Clirehugh stands pre-emncnt. His system of cutting
gcntemens hair aesidratum by which its and
beauty rend, red truly ornamental The gn and execu
ton differ entirely from the usual practice Of hair cutting
adopted here. also the expedition and genenes h which
the operation performed The first artists in London and
Paris have acknowledged lis utility and adopt in their pac
tce By the beau monde u has been denonnated sciene
art and whether for the Put the Bar the Senate or the
Stage its elegant and classic will add dignity ana
grace 10 the whole contour 81 10 tefe Humane


The patronage already extended him since the introduce
ton Of ystea and the haerng encomums by
all Who have changed under the Of nj. ton


induces him 10 invite all gentlemen who either study
appearance or the alursments Of fashion, place their hair Inn
der his charge assured that trial will prove his
all other competitors. '


Private Rooms Tor Hair eating and sitting on Wig. sIs","GALLERY OFtFAsHuON, FOR
HAIR CUTTING. Sc.",Morning herald. [volume] (New York [N.Y.]) 1837-1840
1839-12-18,"NJ Office aud other Strangers visiting the
In city, respectfully informed that The subscriber has
just received and offers for sale the following Goods
for The season, and worthy the attention of


LAMPS-Of all descriptions, consisting Of and
lights mantel and side Lamps gilt and bronzed with
glass drops and Also Astral lamps gilt broszed plated
Hexgon Lanterns with double burners large
assortment Of Hall Lamps, complete.


PLATED WARF-Elegant Glass Casters, plated Walters
with silver edges and hand Cake Baskets OF patterns
plated Urls. Tea Sets. Toast Racks Vegetable Dishes &c


tUTLERY-Fne balance handle Ivory Knve. and Forks,
elegant ties rosewood also Ivory
die Knives (onv) Manufactured for Silver Forks also Reef
Sce and Carver Nat Crackers fine Pen and Pocket Knyes
Scissors, SC


JAPANERY-tiothc. Sandwich and Paper Tea Trays, in
acts 10 with Bread Baskets and knifs Trays match
also Dressing Gases Tea Csnsers Sugar and Spice boxes Sc


MANTEL CLOCKS-kich Gilt, Gilt and bronze, ebony,
sabsster white and black of the latest pattern warranted
keep correct time.


CANDELABRAS--Ciilt, gilt and bronxed Candeiabras of
tn. latest patterns with figures very slegalt also
Branches, from 3 10 Sights.


GERAND OLES-Gilt and broLzed, with 8 and lights
Handsomely ornamented with rich cut glass prisms


BRONZED ORNAMENTS-CandIest icks, Thermome
tiers. lnkstands, Tea Bells sc.


Also just received from the ebated house of Dixon and
Son. full supply Of Britannia consisting OF Tea and
Coffee Sets, Urns. SC.


Also, full supply Of the celebrated Chinese Razors.


Also further supply gensmens tool chests very
plete.


All the above Goods offered reasonable prices the
New York General Furnishing Warehouse, No. IL Maiden
lane. DANIEL L. DELAVAN.


dl7-3t",,Morning herald. [volume] (New York [N.Y.]) 1837-1840
1839-11-16,"Corner Of Fulton and Broadway Entrance from Fulton)
~ gements with Of the Loudon from whence
ne viii receive the first specimens Of every fashion adopt
ed for the season 30 that they will appear New York stimuli
taneously with those Of London and Paris. sM.E


Nert 10 the advantage Of having fine head Of hair
importance Of having well branch OF his art


Crehugh stands pre-emnen His system Of cutting
gentemen hair oesderatum BY which its uxursnce sn1
ten differ en,relp from the usual practice cutting
adopted here also the expedition geneness which
the operation 10 performed The first artists Losioa
Paris have acknowledged us utility and adopt in their prse
tce BY the bees monde II has been denorinated scie6s
att and whether for the Pulpit the Bar, the Senate ne
sta ITS elegant and classic arrangements will add dignity and
grace to the whole contour Of Ia fsfe Humane


The patronage already extended him the ntrcdue
all Who have changed under the magic Of


induces him TO invite all gentlemen who either study personal
appearance the aursmen Of fashion, place hair
der ms assured that one trial will prove his srpsrory
over all other competitors.


Private Rooms Tor Hair Cutting. and fitting On wys sic


ID HEUMATIsM! RHEUMATlsMl RHEUMATisM.
~ -BURNETT's Rheumatic Mirsre aud Vegetable
Syrup have prsved from the authenticated cures over


thousand the only known remedy acute and ehro
mic h ustism IN the worlds also FOR white sweisgs, govt
sprain bruises numhness and sees. of POINTS umbsso
weake Of the bach knee from rapid growth o the
body 10 sysPessa smacaon whether from cough liver
plant mercura Diseases female Irregularities scrofus fs


Burpeu syrup has he,s found the srestest siren
ihescr aud puryer discovered In truth has chered
the friends Of thousands Who but for its sole agency wsnd
have TO that bourne from whence Prepared
aud for sale by L. Burnett an WHsrwi N Bowery Alss
Tor sale BY A. B. d. Sands 70 and 100 Fulton street
the umery store, ~ Canal street Mrs. Booth 30 Fulton
street Brooklyn and Thon,en North % street Williams
burgh s22am
DEwARE OF COUNTERFEIT MEDICINES Of auv
ID kind, hut always bear in mind any medicine that 70
counsrfecd of itsef be valuable Remember The only
place IN New York for the sale Of the genuine Hunters Red","GALLERY OF FASHION, ron
HAIR CUTTING. Sc",Morning herald. [volume] (New York [N.Y.]) 1837-1840
1839-09-25,"Yesterday morning the glorious sun rose brighter
than he is won't and his burning beams were reflected
back from thousand casques, glitterng sabres
and waving pennants The elite Of civic chivalry
had all rose earlier than usaA furnished up thei,
arms BACKED their boots, pipe cayed their leather
trappings, vestments, and donned their best
pressibles. Steeds neighed, drums beat, trumpets
changed and dogs barked around the City Hail. whilst
aid de camp after aid de camp, trotted up to the
quarters ofsome distinguished chief other much to
their satisfaction, and greatly to the admiration
of couples Of score of nursery maids, whe were
parading about Broadway and the Park


Soon after o'clock, the ladies and the loafers
moved down to the Battery, whittier they were fol-
lowed by the several corps Of artillery, cavalry and
infantry which were out on the occasion.


The troops having taken up their station in tw o
columns, the Jefferson Guards at the right Of one
line, and the Horse Artillery at the other; the
generals division, the aids de camp, staff officers,
and suttlers became very busy, the former in dress
ing' their men, and making them out their toes
and the latter in dealing out dough nuts and brandy
balls to keep the rays Of the from their consttu
tons. Then Brig. Gen. Morris rode the ground,
and received with military honors. Then came
another pause and another bout at the munching of
raj Sanford, when every man stood to his gun,
whilst the band played gloriously, and all the
little boys shouted, and the loafers quarreed
with the detachment appointed to keep the ground,
and insisted that they had much right to inspect
the lines, as the General himself. The troops hav
ing now put i their most military cast of eounte-
nance, it was deemed necessary TO keep them up
to the point, and therefore they kept under
arms. whilst the artillery mingled its thunder with
the other delightful noises and accompannents Of the
displays.


A few minutes after noon his Small potatoe High.
Re Governor Seward, made his entree the head Of
brilliant cortege Of staff officers, and received
with salu.e Of artillery His Highness then rode
up and down the ranks bare headed whilst the troops
presented arms the bands play yankee doodle, and
the young loafers up in the trees gave out shout
which intended for a cheer. This ceremony
having been z I through, the troops deployed into
line, and took up their march To East Broadway,
where they were again inspected by his High
ness, and then dismissed to their homes-His
Hghness, together with the staff officers, taking up
their march to the Astor House, where they to
execute some maneuvres table loaded with
every delicacy Of the season.


Altogether this parade was q very splendid affair,
and Small Potatoe pressed himse II highly gratied
with the superior discipline and soldier like appear
ance OF the Army of Gotham. The neness Of the day
and the pentfulness Of ladies added much to the in
terest II the review.


About O'Clock his imperial hishness, along with
his suite, General Sanford and Alderman Benson
tered the box Of the Chatham street theatre.
After sitting time they took three cent horn
piece, and went home dripping ""wet,"" to bed",small Potatoes.,Morning herald.
1839-08-23,"~ CLlhEHUGH, Invites all wearers and connoisseur to
inspect his newly invented venatng and perpetual fitting
Wgs which, fer elegance, lghtes and durability be
placed among the first productions of modern art In their
nuacure they from all Others ever made here The
being singly inserted and equally distributed appear
just issuing from the skin In their form they
of the brow than the natural hair does and having metal
lie spring, all disagreeabe pressure obviaed They
particularly recommended to those residing climate,





For this invention, and the advantages connected with it,
AUsrcan Institute awarded the first premium and competent
professional judges hsvs pronounced them the very Of
perfection.


Hair Cutting ROOMS aO7 Broadway Of Fulton street


aul6- I'm.","NEW INVENTED ln


PREMIUM 5a
WIGS AND SCALPS.",Morning herald. [volume] (New York [N.Y.]) 1837-1840
1839-08-23,"WINDOW BLIND MANUFACTORY


subscriber respectfully bess to inform the public thai


he has constantly hand large and elegant assortment
of every description of the painted transparent washable win
dow shades consisting Of Italian and other landscapes Diaph
Chinese Architectural and Fancy Blinds which lac
confidently for their beauty strength and great du
rabilsy they have been known with common care 70 last
frow years Tie pccs Of the shades including
cords asse rack uie and httngs for windows comples
from - and upwards par Blinds painted and ht
TO order by applying to GEORGE PLATT ~ Spruce ST.
b. Country supplied with blinds and blind 6ttins
ml9L2m-y",,Morning herald. [volume] (New York [N.Y.]) 1837-1840
1839-08-22,"% CkIREHHGH, invites all and connoisseurs 70


inspect his newly invented venatng and perpetual fitting
Wigs which, for gance, lghtnes and durability may be
placed among the first productions Of modern art In their
nuacture they differ all made here The hair
being singy inserted and equally distributed to appear
issuing from the skin In their form they no more
Of the brow than the natural hair does and having metal
lie spring, all disagrseabe pressure obvated. They are
particularly recommended to those residing in climate
:.


For this invention and the advantages connected with IT. the
Axssrcan Institute awarded the first premium and competent
professional judge have pronounced them the very acme Of
perfection.


Hair Cutting Rooms ao7 Broadway, Of Fulton street


anl6-lm","NEW INVENTED


PREMIUM
WIGS AND SCALPS.",Morning herald. [volume] (New York [N.Y.]) 1837-1840
1839-07-19,"GENERAL OUTFITTlN0 STORE,
Where Gentleman may procure every article Tor eompie~


Outft OF the best quality,
No. $50 PEARL STREET, CORNER OF FRANKLIN


SQUARE, N. Y
Here the public may always procure
Fine goods in The Quitting Line
And what isimpertant, be sure,


That untiring zeal will combine,


With skill in preparing each sort
As good as elsewhere can be bought
Here the steamboat and packet ship may
Their ready made linen procure,
And prices most moderate pay


For articles well made and secure.
Here they will constantly keep


Every article belonging TO that class,
From the counterpart, blaRk ct and sheet
To the towel and cloth for your glass.
Gentlemen also will find


Their ready made linen complete,
From fabrics the best Of their kind,
And made up exceedingly neat .... ~ t...
Shirts Under Shirts Draw'rs, Belts and Hose,
Handkerchief, Bosoms and Stocks,
While the skill that each article shows
Brings customers crowding in hocks
Buthe need each item Iehearse,
The Suspender, the Collar, the Glove
The fantaleon, Strap and the Purse,
Each fine a. those mentioned above
Linens, likewise, to order made
By those who known to excel
And the very fair price that Is pald


Yields work that is always done weil
IT'S extremely convenient to know
Where an ample assortment Is found,
And at once there be able to 60


Without searching the city all round.
Also vesng and Stock Satin lengths to suit purchaser
my29-3m","FRIDAY MORNING. JULY 10. 1899

",Morning herald. [volume] (New York [N.Y.]) 1837-1840
1839-07-19,"SO Chambers street.
Health preserved and disease prevented By frequent bathing
Of all the enjoyments that brighten path,
None can be named to excel the warm bath;
Lfes current it quickens by cleaning the pores
And our lost animation it most sweetly restores.
That the spirit may always be free and elate,
The skin must be kept in the heathiest state,
And often should feel the enivenug power
OF lukewarm lave and stirring shower


When the weari.d traveller exhausted and worn,
Ger rough rocky miles has been tediously borne,
How will the bath his vigor revive,
And he'll feel every faculty freshly alive!


When, fevered by business, the languishng brain
At will its tone and its GOODNESS regain,
BY the soft soothing influence the warm bath besous,
And the mind feel new energy after repose


To the ladies' compexions what bloom il bestows-
A freshness that rivals the rich summer rose;
And long will that freshness be sweetly displayed,
While revived by the dew OF Stoppahis Arcade
IT'S the healtlest of pleasures and cheapy yields
The choicest refreshment that luxury feels,
And the quieted and the strengthened frame
The exhlarent blessings Of bathing proclaim.
And where shall find each convenience complete,
Soft water, that's always at ampest heat,
White towels abundant, and soap that 10 pure J
At the Arcade Bah-at Stoppanis sure.
These baths fiji the aides Of a splendid saloon,
Where tables with choicest newspapers strewn;
While the richest cordals and wines will dihuse
Pleasant thoughts DER the mind after reading the
And behoding the beautiful panoramic views.
jyl2-eodw*
M Office The Subscriber offers for sale very avOrs
IN Bile terms


pair very made and warranted baroache springs
500 seu :"" !"" bows
900 lbs. Ealeabe coach castings


$50 sett baroache and coach axles, warranted
5000 pair Vermont wood harness


lo006 pair plsted and brass do e-,l. e.
6Osett very fine brass military bits and stirrups
100 do do saddle cloths


10000 yd coach lace ssored together with af asscr
Of saddery and coach hardware and Nswarn mssabs
castings JNo- SUMMERS,
jyo-eodsm- ba 100 Water St","STOPPANPS
A re A ID II II A II H . J.,",Morning herald. [volume] (New York [N.Y.]) 1837-1840
1839-12-20,"DR. D. Brandr.th Sir-About tive and half years since
Vegetable Pills. At first them with contempt on &C.
count Of having been often imposed upon by
""Pun,"" read the notice to nv ws-she had for
years been in delicate state or health asd had used
almost every popular medicine and had the medical
vice without aneni effect Al her requ,t purcha
ed box OF your agent and she took them
printed directons-another beSSd another, till she had
taken sbore he continued 10 feei the good Effects after
disappeared when advised her 20 take pills. had
been going up from TO and that day laid up
with svery distressing headache Ia occur
rence) she took believe pstbe next morning they
freely but what surprise passed
sIarge knot Of hard nesh substance, ard as tough hide
part eparae ON discharge and m that ms she gained
her health rapidly and continued TO take the Pllssevera
large tape worms aso expelled from her. and my infant
child old whom gave your pills. and whose
health very critical passed several large orms from
10 inches length; the child excel health and
my wife has enjoyed good neah las she .a,s the
last IL years as shs enjoys from taking pills. she
has the sole and sttsndsrce Of or persons with
must believe the sole Of her sortcn health
by taking your msdeseaud she continues IL
requires Its effects have been surprising myself for
the OF the Piles having times had them their
worst stages when two doses (oftwo three pills
doe) have entirely removed that horrd disorder from
esteem your med inc -bov any other that have used
IN the lat 30 years and have witnessed others It's
nv family but your. only, ILsre so the terrible ,.e
Of the Counterfeit pills cold BY apotlecay In this vsce
o my neghbor' bought and used em the consequence
ofsuch should have both the maker aud
seller 10 the trt adm for life.


sANL. wooDHULL.


Lockport, N. "", Oct i6,h, 1889.


90 ERYsTrELAs CURED OF SEVEN YEARS,
STANDING, BY BRANDRETH's PILLs.-A lady In
Brooklyn whe for long years knew comforts whoss
face unseemiy bloch who the
ed fall, aud whose misery 10 berse sueA
those ofsenstve misds, similarly affected imagine
Ths pam and misery resulted from dreadful ERYsPELAs
in her face which e ntimes extended her and
bosom Every physican ofkil sppeo to- and remedy
upon remedy used without aordng than
lief. For she thus tormented and
ed for death Gaish her misery At this PERIOD lady who
had derived much benefit from Brandreths Pills similar
thoy had been used about three months perfect
produc.dthus proving again. that purifying the body with
these celebrated P produces without doubt perfectly
healthy OF the fluids, and consequently must Er
peas Tor that unfortunate conplsin altogether depends
upon the Acrm state othe Blsod znd therefore purify
ing the Blood cures the disease.


This Lady 10 since married.


References given Mrs Booth Dr. Brandrehs agent IN
Brooklyn 81 Fulton st. Who will refer 10 highly respectable
lady In johnson street who will give all further particulars


Dr. Bsnareh ofces in New York Prtcipal 2l Broad
way, near the City Hall; also, 27s Bowery.


corner OF Houston s and the Bowery west sd Of the Bow
cry Never forget that druggists universally ces in
felt articles aud especially In Counterfeit Brandeth
Pills They cannot the square, they must breathe m
pure atmosphere they weuld die in one They like
swine they thrive mre. There few hon.
orable exceptions 10 this rule Bot neverhele fever
chase Of druggist when you Brsndre,hs Fills Do not
forget that The genuine Pills viii never fail 10 sustain their
high character and the countees will fail 20 DO injury
Read IN another part Of this paper CoUNTERFEIT Bran
dreth Pills.


Qa Broadway; Q7s Bowery; and iss Hudson ,. being my
Offices the msdeire cauaot fsi 70 he gesmue there


dIo eod2n B. BRANDRETH. NJ. d., aii Broadway.","WoRMs, PILES AND LIVER COMPLAINT CUR.",Morning herald.
1839-11-28,"Nov ""a. Horrible DepraUity ""A very decent
looking eiderly'iemale came before Justice Wyman
to ask the advice and assistance of the magistrate
under the following circumstances. The applicant
stated that her name Rebecca Tilton, living at
rs Lumber street, and that she had daughter,
about fifteen years Of age who had lately left her
home, and taken up her residence with negro,
living at No ll9 Mott street.


The magistrate granted warrant In arrest the
girl, and any other person that might be found in the
same place The officer returned with huge. black
whskered, dandifed negro rugged ont in the first
style OF the fashion as the counter Jumpers, mid
die aged white, ladies wish to be who love their
lords"" and -four rather pretty, but very drabbish
looking, young ladies'"" OF easy virtue


The female who was enceinfe, stated that her name
was Jane Jordan She the wife Of the negro,
was twent, years cid, and had three children
bv him--all dead and buried The girls had all
boarded with her, paid 81 per week, and saw COM
pany."" The daughter ot Mrs Tilton said she had
been staying for eight days with Jane Jordan and
the other unfortunate girls all told similar stories
They were the House of Refuge and the
negro gentleman. Edward Jordan, with his white
| paromour, were held TO bail IN the of $500
After the negro and his seraglio thus disposed
Of, two gentee looking male loafers were paraded
before the magistrates as having been found in the
ablishment. One said his name was George Muir
ray He lived at l0i Green street, and did nothing
particular for living, except engrave music He
had been brought up. and still lived with his grand
mamma. The only reason that he could give for
visiting the uesro's house was, that he wanted 10
see the folks "" The other said his John A.
went 10 make merry call, and pay his respects to
the ladies'. AZ err suitable admonition, both these
nice young men were reprimanded, and dismissed TO
their veral m",POlice Office.,Morning herald. [volume] (New York [N.Y.]) 1837-1840
1839-05-22,"40 THE Subscribers Sole ProPristors and Manufacturers,
are prepared execse with desp~to all orders for their Un
rivaed Patent sweled Bsan Windla Bedstsads which
How universally used being the best article as yet in
vented-combinins ease convenience and durability.


The saekng acted upon by the wndass and sweed beam
made perfectly light and free from all abiy 70 sags n eav
simple the matter OF putting up and taxing
down will be found Of but little trouble In comparison with those
any other construction whilst the precision with which the
component Pas fitted acts safeguard against me 'nro-
asetion Of anyEknd Of vermn.


From the render each Bedead perfect their
saties for durability will them 10 Parshssers
invited call and examine large assortment now on
Sad.


Also large assortment Of elegant Furnsssre, Masuse
p6ather Beds &c. constantly on hand.


NV. & c SOUTHACK, No. loo Broadway,


;.lsx Franklin House","PATENT WINDLASs.
r f. DIST II A u.",Morning herald. [volume] (New York [N.Y.]) 1837-1840
1839-05-22,"TNCKERBOCKER HALL. No. 10 Park Row.-Tke sab
N serbers having opened the above house the EURO
PEAN PLAN would respectfully inform their friends and the
public that they ready to accommodate them in style
be surpassed by any similar house in thi. oty THIS
will always furnished with every and all
the sxuries Of an unrvaed market There hundred
lodging rooms which airy newly Furnished and in perfect
order The Ordinary being the first aoor spacious
convenient well srned and the tables shall always be
supplied with all the variety the market aord, served up ~
experienced cooks.


The marked success which attended establishments Of
Mis- sucest evidence Of their adoption to both business
and travellers.


Gentlemen visiting the city, will find this most desirable and
situation being nearly Broadway, fronting the Park;
and in Short the beauty and elegance Of local AID
,ntory objects Of attraction and sPendor with which New
York abounds. EDSALL JONES.


NBFor the accommodation Of Travellers this house viii
be open at all hours Of the night ai-H",,Morning herald. [volume] (New York [N.Y.]) 1837-1840
1839-06-29,"Qr,- Having interested myself for many years IN
every thing bearing any relation 10 tho pathology of
the pilcusc system, and receiving every day great
number Of visits, have been naturally led TO make
many new observations upon the hair No one per-
haps will read without interest the report of case
very common in this country. For example IL am
often consulted about children who have had the
roots Of their hair more or less destroyed by the
scab, which has been left too long upon the head
Consequently the result is that the matter which


mains below these scabs ulceraesthe roots, weakens
the vitality oil the membranes, aud very often pre-


vents the reproduction Of the hair have occupied
myself such IN tsc treatment of this malady, which
nearly always indicates its first approach by little
places about the size Of two shilling piece and y
vulgarly called ring-worm. Upon some patients
have remarked these dry places without intamma


tion, and they found thus more commonly upos",,Morning herald.
1839-04-04,"GENERAL oUTFITTING STORE,


Outfit of the best quality,
No. 353 PEARL STREET, CORNER OF FRANKLIN


sQUAE, NJ. ""
Here the public may always procure
Fine goods in the Quitting line,
And what isimportant, be sure,
That untirng zeal will combine,
With skill in preparing each sort
As good elsewhere can be bought.
Here the steamboat and packet ship may
Their ready made linen procure,
And prices most moderate pay
For articles well made and secure
Here they will constantly keep
Every article belong g to that class,
From the counterpart, BLANKET and sheet
To the towel and cloth for your glass.
Gentlemen also will fsd


Their ready made linen complete,
From fabrics the best of their kind,
And made up exceedingly neat
Shirts, Under Shirts, Draws, Belts and Hose,
Handkerchief, Bosoms and Stocks
While the skill that each article shows,
Brings customers crowding in nocks
Buthe need not each item rehear.e,
The Suspender, the Collar the Glove,
The Panaloon, Strap and the Purse,
Each fine as those mentioned above.
Linens, likewise, to order made
BY those who are known to excel,
And the very fair price that paid
Yields work that is always done well.
IT'S extremely convenient to know
Where ample sorment is found,
And at there be able to go
Without searching the city all round.
Also vestng and Stock satns lengths to suit purchasers",,Morning herald. [volume] (New York [N.Y.]) 1837-1840
1839-04-04,"JNEMALE LOVELINESS-SUPERFLUO HAIR
Nature doubtless originally intended the appearance OF
ladies TO be in accordance With their but how frequently
and with what unpleasant sensations do LADIES'
beautiful completely unsesea by that unseemy Disagreement
a supt rfuous growth Of hair upon the face neck
"" ATK1NsON'S DEPiLATORY has proved itselfin thou.
sands instances that have under the propretor obser
vaon to be positive and easy remedy FOR this unfortunate az
Fiction.


No cosmetic has been hailed with the unvs cal salts.
faction that has accompanied the introduction Of h nvaua
bic preparation, single application Of which will
moments entirely the hair, leaving the skin softer
finer, whittier, and much improved IN its appearance


II Is mild and harmless in its nature that IL used
upon infant, without the least delesrious effect.


In Of the increased demand for the articles the
proprietor has appointed Messrs GUIONS, lSo Broadway
New York. General Agents for the United States of America
for the Dcpilaory and Mahomeds Turkish Dye


Country dealers will be supplied by them the
able terms Price two dollars per bottle. m12tfy",,Morning herald. [volume] (New York [N.Y.]) 1837-1840
1839-10-31,"Whcr Is tly dwelling, love
Are thy ght smiles aioae ta Angels given,
Ina their pure courts above
Hast thou 10 other home ave that in heaven


Yes--thou art found on earth
Not In the iormless visions Of the nind


And dreams which have their birth
la dieting thoughts that leave NJ trace oehiho


But deep within the breast,
Where life ilself !, thror'd We feel thy power


A dear ana welcomed guest,
Breathisg selt incense ike baimy hover


What makes the blue eye bright,
And gives the lustre TO ~ kindnng ueam


Whence comes the dark eyes iiIh''
Burning aud sparkling Ike the sunshiue's s'eah
What YES the manilius blush.
deeper hue than mornings rosy streak
WHY a. the warm tears gush
Like orient pearl drops down the malden's cheek
Where i thy dwelling, Love =
Ask the bright eve the blush--the rearly tear
They will rot point above,
But 10 The teart--for, Love, ihon dweliest there
Theu art The chain that binds
Spirit 70 kindred sprit--soul TO soul
And even differing minds
Feel the sweet inasence of thy mild control.
Thine is charm for all, -
The young and old--the feeble and the strong
They hear thy joyous call,
And every h ara leaps high with life and song.
Where is thy dwelling, Love
Are thy bright smiles alone 70 Angels given,
In their pure courts above
Mo- FOR thy.ovreign Power makes even earth heaven",,Morning herald.
1839-10-31,"Corner Of Fulton Broadway. (Enance roln Fton.)
(yLIREHUGH, HAIR CUTTER has just completed arran.
"" n with Of the FIRST houses in London from whence
he viii receive the first specimens a. every fashion be adopt
ed for the that they will appear New York stimuli
ianeously nitA those OF London and Paris.


Next TO the advantage Of having fine bead ef hair, is the
titreAugh stanus ~ o,.,;r,
geutemcns hair aesidcraum by whch rs uxurance ane
beauty rendered truly ornamental THE desi and
differ cntrelp from The usual practice III cutting
adopted here also the expedition and genencss with vhci
the operation performed. The frs artists Londos
Paris have acknowledged s utility and adopt IT in their
tce. BY the beau monde has been denominated scisn
er and whether FOR the Pulpit the Bar, the Senate tn
Stage its elegant and classic will add dignity
grace te TIE whole contour of Ia feie Humane


The patronage already extended 10 him since the ntrodn


ofhis SYSTEM. and the stterng encomum pronounced BY
all have under the magic Of his toucf,
induces him all gentlemen who either study personal
appearance or alurement fashion, place their hair
der his charge assured that trial will prove his superiority
all ether competitors.


for HaIrC Cutting. WCr. SIS","GALLERY ar Fashion, F0R
HAIR CUTTING. &c.",Morning herald.
1839-05-28,"CORDIAL


rTyIs medicine deervedy ranks with the most important


dscoverie, in physc and gives immediate relief in the
obstinate Its effect 10 quiet heal strengthen
perfectly regulate the stomach and bowels and alse assist
digestion Children teehing greatly beneftted by the
this nedicne keeps the bowels perfect order and Il
has been found excellent remedy in sickness Persons
roirg to climates should provide themselves with bottle
OF this medicine that they avoid the fear Of the above
complaints


For sale by j. Fay Agent Minors, Franklin House
Drug sore 1893 Broadway, New York; III Bowerv 100
Fulton street; and No. 300 Broadway


NIB. Every family where there Children should have
Of this Cordial at hand See directions the bottle,
certificates SC. myl6-lm'","MRS. X KIDDEK'S
CHOLERA MORBUs, DYsENTERY AND DLARRHG,A",Morning herald. [volume] (New York [N.Y.]) 1837-1840
1839-07-31,"July 3O.-Jshn Reed Eben FarsseH-This
was an action for balance Of seanens wages due TO
the plaintiff for services performed on board the
Franklin of which the defendant was the MASTER
The second count Of the declaration charged the de.
fendant with not furnishing the plaintiff with a suf-
cheney OF wholesome food, and claimed damages
therefor


II appeared from the testimony Of the steward, that
when about three days out Of Liverpool the captain
directed him TO open three barrels IL beef that stood
on the deck, and use them up. Some Of this beef
was produced in Court and il was not very pleasant
to the oliactory organs of his Honor and the Jury
Among the bones the head Of some animal that
neither"" ehcweth the cud divided the hoof and
therefore unclean, according to the Mosaic law
This beet lasted twenty seven days, during which
time the crew fed upon il. The small stores
were also proved to have been very short before the
vessel made the land, in equence of the captain
having caused family who had taken passage in the
steerage, to be supplied with rations by the steward
This testimony was corroborated by the first mate
and three other witnesses.


The defence set up, was, that the provisions were
not bad and that the small stores lasted until they
were all used mp The cooper called who exa-
mined the beef before the vessel left this port
and II was sweet and sound then.


The jury found for the plaintiff, S27 60 being the
sum whichthe plaintiff claimed from the owners.","Marine COura.
Before Judge Hammond",Morning herald. [volume] (New York [N.Y.]) 1837-1840
1839-11-27,"Lssx our ron HUMBUss.--It is oar duty to call
the attention Of the public to all suspicious banking
installations starting into life and speculation. few
DAYS ago the Wall street papers were busy recon-
msnding new free bank, called the Clinton Bank,
which issues notes. bat only takes deposiscs
and receives the bills Of certain country banks This
bank has thus lar, only got splendid sign stuck W
an Wall street, but has published list Of its dircc
tcrs---nor deposited any stocks with the comptroller
~ security Tor It's circulation. IL processes 70
have made an arrangement with certain country
banks and 10 place their paper at par or nearly So
in this city. All these movements are very sus-
picIous and every new bank ought 10 be narrowly
nod before the public give il their confidence
and make dsposites with IT,",,Morning herald. [volume] (New York [N.Y.]) 1837-1840
1839-06-11,"90 THE Subscribers Sole Propriefors and Manufacturer
execute DESPATCH all orders for their I'm
rivaed Patent Sweed Beam Windla.s Bedsteas which
almost universally used being the best article yet
vented-combining ease, convenience and durability.


The sackng acted upon by the wndias and swced beam
made perfectly light and free from ali liability to still eav
ing elasticity the which readers particularly
simple the matter opung up and taking
down will be found Of but little trouble comparison with those
component parts fitted acts safeguard against the intro
duction Of any kind Of vermn.


From the taken render each Bedsead perfect their
qualities durability viii recommend them to purchaser
invited call and examine large assortment
aana.


Alec large assortment Of elegant Furniture Mattrasse'
Feather Beds, Sc constantly on hand.


NV. sOUTHACK, No. ls6 Broadway,
,.rkv lin","PATENT wINDLAss.
r f. DIST f. A ID.",Morning herald. [volume] (New York [N.Y.]) 1837-1840
1839-06-06,"JuNE GA number of loafers and rogues were
brought up and adjudged to the Penitentiary. The
most prominent ones were as follows, viz ; James
Harrison, alias Martin Chids, for stealing sundr y
goods and chattels from Charles Pitt-to get out
stone for the six months.


John Jones, guilty of Assault and Battery-let of
on promising 60 amend his manners.


William Caden, for stealing getting out stone for
three months.


Eliza Williams, negro wench, petty larceny
picking eakun three months


Margaret w lliams, and Eliza, were first fonnd
guilty; then the Judgment oFthe Court suspend
ed and then the pair Of beauties let of, much
to their establishment, and to the apparent cha
grin of the prosecutor.


And the Court adjourned.",Special Sessions.,Morning herald. [volume] (New York [N.Y.]) 1837-1840
1839-08-08,"OHERMAN'S WORM LOZENGES.--Many diseases
- arise from worms without its being suspected Sometimes


very troublesome cough pains in the joints limbs bleed
ing the SC &c occasoned by and will be
easily cured using this ebrated medicine The following
symptoms Indicate the presence Of worms
tgo orpor disturbed dreams sleep broken off by fright and
screaming commissions ievershnes thirst pad hue bad


itching the pains in the stomach,
voracy eanne tenenu itching at the towards night
and at length objections Of films and mucus.


Read what Shsrman's Worm Lozenges have cone-Mr.
Johnson OF Waverly Place, says his child has been afflicted
with FITS and the Doctors thought with the brain.
Every thing done TO help the child without effect, until
box Of Shernan Worm Lozenges tried which 10 the
constituent Of ALL effected perfect in few days. They
brought almost incredible number OF worms, which
brought immediate relief Ask for Shermans Worm Loxsnge
They the only Worm Medicine that fails. 10000 IA
miles have used them within the last with uniform
Wholesale and retail at los Nassau ST.. n Y. au2y","WORMS! WORMS!


WORMSl",Morning herald. [volume] (New York [N.Y.]) 1837-1840
1839-04-30,"GENERAL OUTFITTING STORE,
Where Gentleman NAV procure every article for complete


Oatit Of the best quality, IL
No. 353 PEARL STREET, CORNER OF FRANKLIN


SQUAE, N. Y.
Here the public may alway procure
Fine goods in the Quitting line,
And what important, be sure,
That untring zeal will combine,
With skill in preparing each sort
As good as elsewhere can be bought.
Here the steamboat and packet ship may
Their ready made linen procure,
And prices most moderate pay
For articles we'll made and secure
Here they will constantly keep
Every article belonging to that class
From the counterpane BLANKET and sheet
To the towel and cloth for your glass.
Gentlemen also will fad


Their ready made linen complete,
From fabrics the best Of their KIND,
And made up exceedingly neat
Shirts, Under Shirts, Draw'rs Belts and Hose,
Hanakerhiefs, Bosoms and Stocks,
While the skill that each article shows,
Briggs customers crowding IN hooks
But the need each item rehearse,
The Suspendcr, the Collar, the Glove,
The Pantaloon, Strap and the Purse,
Each fine as those mentioned above.
Linens, likewise, TO order are made
By those who known to excel,
And the very fair price that is pail
Yields work that is always done well
IT'S extremely convenient to know
Where ample assortment IS found,
And at there be able to SO
Wi.host searching the city all round
Also Vestng Sans, lengths, to suit purchaser
n29-G",,Morning herald. [volume] (New York [N.Y.]) 1837-1840
1839-04-30,"N3- SECOND WARD HUTEL.-Next TO the corner OF
Fulton street. in Nassau This we'll known establishment
having undergone thorough refng, in complete order
Cor the accommodation Of those who may honor it with their
patronage.


There this house, besides the lower which thrown
entirely open public bar room, large upon the
cond story feet by we'll suited for the accommodation Of
public meetings. together with several smaller adapted
The referees for the transacen Of other private
business


Clubs and private parties accommodated with rs, and
may furnished with dinners supper composed Of every
species game decacy which the markets afford at short
notice. EDMUND JONES, Prop 'etor.",,Morning herald. [volume] (New York [N.Y.]) 1837-1840
1839-12-20,"This table presents some from the rates ofla
week. from Ave to sin re cent higher than at the
same time last year notwithstanding tina, all reports Of the
canal collectors OF Ohio Pennsylvania, aud New York show
increase in the quantity Of produce brought 70 market
of average last year and the amount Of
rood. sold during past year has been notorousy small


The farmers had large and good prices and they
have purchased lightly and yet the present table Of exchange
show, them In debt 10 the city; result that brought
about by the Encouragement Of the banking system and the
po.noe system through the medium OF which the produce
Of the last year has changed hands, This in rising markets.


place. immense profits In The hands Of the specuto but
does not benefit the farmer In falling markets. the loss falls
upon the operative bank speu ator and suspension pc
Gle payments and suspended debts the result The atten
dant consequence, deprecated currency again throws
heavy loss upon the farmer and the premium into the hands OF


banks through the medium Of which they hope proIong


precarious existence Since the OF the past
crop the public have been 10 ponoes, and heavy
eumen has been fore ed upon the banks the consequence
efwhch the other 10 sustain themselves
The desperate which sometimes rescred pain


fully evident IN the case OF The schuylk Bank operations of


similar nature confined 70 Philadelphia few days",Bank Notes.,Morning herald.
1839-04-18,"I've ~
GENERAL OUTFITTING STORE,
Where Gentleman may procure every article for complete


Out6t Of the best quality,
No. 353 PEARL STREET, CORNER OF FRANKLIN


SQUAE, N. Y.
Here the public may always procure
FiHe goods in the Quitting line,
And what isimportant be sure,
That unring zeal will combine,
With skill in preparing each sort
As good elsewhere can be bought
Here the steamboat and packet ship may
Their ready made linen procure,
And prices most moderate pay


For articles well made and secure.
Here they viii constantly keep
Every article belongn ing to that class,
From the eounterpane, BLANKET and sheet
To the towel and cloth for your glass.
Gentlemen also will find


Their ready made linen complete,
From fabrics the best of their Kind,
And made up exceedingly neat.
Shirts Under Shirts Draw'rs, Belts and Hose,
Handkerchief, Bosoms and Stocks,
While the skill that each article shows,
priAgs customers crowding in neckA
Buthe need not each item rehearse,
The suspender, the Collar, the Glove,
The Psntalson Strap and the Purse,
Each Fms ~ those mentioned above.
Linens, likewise, to order made
BY those who known To excel,
And The very fzr price that y paid
IT'S extremely convenient to know
Where ample assortment 10 fosnd,
And a once there be able 10 60 1861
Without searching the city all round
Also. vesag and Stock sass in sagths TO ssitPsrshssr",,Morning herald. [volume] (New York [N.Y.]) 1837-1840
1839-04-18,"II NICKERBoCKER HALL, No. 10 Park Row.--The sab
N scrbers having opened the above house the EURO
PEAN PLAN would respectfully inform their friends and the
public that they ready accommodate them astye
not to be BY any similar house in this city THIS
house will always be furnished with every convenience and all
The uxuries Of unvacd market There hundred
lodging which ary newly furnished and in perfect
order The Ordinary being the first floor spacious neat
and we'll furnished; and the tables shall always be
supplied with all the variety the market Affords served BY
experienced cooks.


The marked which has attended establishments Of
this kind sufficient evidence Of their adoption both business
and travellers.


Geneen visiting the city win hnd this most desirable and
central situation being nearly Broadway fronting the Park
and In Short the beauty and elegance Of local aud
ranstey offsets Of attraction and spendor with which New
York abounds. EDSALL & JONES.


N. BFor the accommodation Of Travellers, this house will
be Al all hours Of the night. al.tf",,Morning herald. [volume] (New York [N.Y.]) 1837-1840
1839-10-26,"It's that prcesrange esravaganty without
just for with the exception Of Turkeys Apples and
Pears every description Of arc almost plenty dirt
The butchers respng great profits heretofore unequal
led they have only reduced the Of beef because they
compelled TO- Veal selling at - 10 cents pound
and every thing else in proportion which the butchers de-
temned maintain make for the reduction beef
They demand pence for pork and only four days since
three hundred hogs sold from soops the foot Of
Jay street. the North River for six cents per pound Here
aProf Il 6 cent and ths the ratio throughout
The hucker ~ so for beeve at the Upper Bulls
Head which they sell the next morning at and IA cents
a pound. II is the same with veal and WITH lamb.


The butchers independent setthey afford TO be
for they make money They tell the that beevcs
sell at the Bulls Head for $40 $l3 per hundred weight when
they selling $7s They say that cattle Of all kinds
when the cuntry guttedand the, that
the ensuing winter will be much higher hei they
but that be If the only combine and
rtfu to buy at th,i exorbiiant deE ands.


Prices great dea too hghhiehsr by ten TO twen
than they should be- and something ought done
TO reduce them The are entirely excluded from eating
and the butchers will keep them from till resurrection
morning unless they pay the high prices Many family


suffering for the Of such food to sustain strength and
M and IL tbsrsore b~kosves n this city
refuse the prices msnded by the huctste
Let them watch the sales at the wholesale makest them
note how low cattle selling Boston, rhladePha and
Baltimore and they will then how they have been and
still imposed upon and shaved here.",,Morning herald.
1839-05-01,"GENERAL OUTFITTING STORE,
Where Gentleman may procure every article for complies


Ou,ft Of the best quality,
No. S53 PEARL STREET, CORNER OF ERAkkLia


sQUAE, N. Y.
Here the public may always procure
Fine goods in the Quitting line,
And what isimportant, be sure,
That untiring zeal will combine,
With skill in preparing each sort
As good as elsewhere can be bought
Here the steamboat and packet ship may
Their ready made linen procure,
And prices most moderate pay
For articles we'll made and secure
Here they will constantly keep
Every article belonging to that cias,
From the counterpane, blanh ct and sheet
To the towel and cloth for your gtsss.
Gentlemen also will fed


Their ready made linen complete,
From fabrics the best Of their kind,
And made up exceedingly nsat.
Shirts, Under Shirts Draw'rs, Belts and Hose,
Handkerchisfs, Bosoms and Stocks,
While the skill that each article shows,
Brings customers crowding IN locks
Buth need not each item rehearse,
The Suspendsr, the Collar, the Glove,
The Pantaloon, Strap and the Purse
Each fine as those mentioned above.
Linens, ikewse to order made
BY those who are known 10 excel,
And the very fair price that is paid
Yields work that is always done we'll
IT'S extremely convenient to know
Where ample assortment IS found,
And at once there be able to 30
Without searching the city all round
Also vesng and Stock Satins in lengths to suit purchaser",,Morning herald. [volume] (New York [N.Y.]) 1837-1840
1839-08-29,"KNICKERBOCKER HALL No 10 Park Row.-The sub
IA scribers having opened the above house the EURO
PEAN Plan would respectfully inform their friends and the
not to be surpassed by any similar house this city The
house will always be furnished with every convenience and ali
the Hxuries Of unrvaed market There hundred
lodging rooms which airy newly furnished and perfect
order The Ordinary being the first floor, spacious nsd
convenient and we'll furnished; and the tables shall always he
supplied with all the variety the market Affords served upey
experienced cooks.


The marked which has attended estabshmenscf


this kind sufficient evidence Of their adoption both bussH
and travellers.


Gentlemen visiting the city, will find this most desirable -
central situation. beg nearly Broadway fronting the Pasy
and short the beauty and elegance Of local ard
raory objects Of attraction and splendor with which New
York abounds. EDSALL JONES'


"" BFor the accommodated Of Travellers this hoese viii
be open at all honrs af the night al-6",,Morning herald. [volume] (New York [N.Y.]) 1837-1840
1839-08-30,"- For cheapness durability are not surpassed BY any
rs ""aa1,S. sr ohered dhey as,""one al INC requisite
piy and ustc al the reduced price OF S. Their sslei
are Ter cash. which prclude the necessity Of charging The good
examine their Hats al BROWN w ~ co.'s wholesale and r..
ail warehouse No l7s Chatham Square, Of Mott
New York my3l-3nt
- CARLTON HOUSE, BROADWAY, 10 LET.
% This Hotel situated the highest gouno aud in the


most fashionable part Of Broadway; Of Leonard
street. and extending to Benson street by its location and
men IT Is well calculated for the Of fam
HES The private psrlors have from three bed
attached There 100 bed rooms with Ere places The
Kitchen and panes the floor The cooking appara
tus fully equal to any in this country There large
water cserrs and well of good water with force pump, by
which water be ed each story with all other
rangements and fixtures required the the
KIND For terms inquire Of JOSHUA WALKER, South
sharp street. Baltmore at No l2, Liberty street. New
York au. 27f
NTOTICE-southerners and other stranc visiting the
city, respectfully informed that the Just
received and offers for sale the following adapted
season, and worth, the attention cfhouse keepers:-


LAMPS-Ofa descriptions consisting and two light
Manel and Side Lamps gilt and bronzd with rich glass
drops Also Astral Lamps gilt bronzed aud plated Hexgon
Lanterns with double organ burners with large
Of Hall Lamps compete.


PLATED WARE-Elesant glass Castors, plated Wait
with s edges aud handles Cake Baskets Of
terms; Plated with branches Shutters and Trays
Plated Urns Tea Sets Toast Racks Vegetable Dishes &C.
CUTLERY-Fne Balance Handle lvsrv Knives aud Forks
elegantly fitted in rosewood Also, Transparent Ivory
Handle Knives (ony) manufactured for silver forks Also
Beef Slice aud Game Carvers Nut Picks fine Pen and Pocket
Knives, Scissors sc.


JAPANNERY-Ci Sandwich and Paper Tea Trays in
sets Of with Bread Baskets and Knife Trays match
Also, Dressing Cases Tea Caners Sugar and Spice


AANTEL CLOCKS-Rch gilt, gilt and bronzed, ebony,
a5aster white and black Of the latest patterns
keep correct time.


CANDELABRAS-G gilt and bronzed and all bronzcd
andelabra Of latest patterns with Egures very ec
CANT Also, Slide Branches, from to lights.


GERANDOLES-Gilt and bronzed, with 8 and lights
orHamented with rich cut glas- prisms.
BRoNZED ORNAMENTs-Caadlestck Ink Stands
Watch Stands, Thermometers, lea Bells &c.


10 Also Just received from the celebrated house Of iron
Sons further supply Of Britannia Ware, consisting Of Tea
and Coffee Sets Urns sc.


Also further supply Of the celebrated Chinese Razors


Also further supply Of gentlemen. Tool Chests very
plee.


All the above goods offered reasonable prices
New York General Furnishing Warehouse, No II Maiden
Lane. (aul4.y) d 4. DELAVAN.","ONE PRICE HAT STORE.
BROWN n CO.'S HATS.",Morning herald.
1839-08-30,"Ny- SECOND WARD HoTEL.-Next the corner E
havmg undergone thorough reGng complete order
Tor the accommodation OF those who may honor with thsr
patronage.


There this house besides the story which thrown
entirely open public bar large upon the
cond story rs feet by 25 well suited for the a
public meetings. together with several smaller adapted 70
the Of clubs referees for the ranason private
business


Clubs and private parties accommodated with as anS
may he furnished with dinners supPer composed s eveS


species of delcacy which the markets afford short
notice. [jell-yl EDMUND JONES, Proprietor.
KNICKERBOCKER HALL No. ls Park Row.-rhe sub
IN scrbers having opened the above house the EURO
PEAN PLAN, would respectfully inform their friends and the
pubc that they ready aodae them style
not to be surpassed by any similar house in this atty Tins
house will always be furnished with every and all
the uxures Of nrivaed market There hundrsf
lodging rooms which airy newly furnished and in per1
order The Ordinary, being the first oo spacious, ns
convenient and well furnished; and the tables shall always ~
supplied with all the variety the market affords served sphy
experienced cooks.


The marked which has attended estabmentscf
this kind sufficient evidence Of their adoption busna
and travellers


Gentlemen visiting the city, will find this desras. ard
central situation being nearly Broadway fronting the Par
and short the beauty and elegance Of local aa
ransitory Of attraction and plendor with which New
York abounds. EDSALL JONES.


N PFor the accommodation Of Travellers this house will
be open al AL hours Of the night. al-0",,Morning herald.
1839-08-31,"90 SECOND WARD HOTEL.-Next to the corner {
Fulton street, in Nassau street This well known eabshnest
having undergone thorough reting complete Order
for the accommodation OF those who may honor with the
patronage.


There this house besides story which is thrown
entirely open public bar large upon
cond story rs feet by 49, well suited for the q
public meetings. together with several smaller adapted


the clubs referees for the transaction Of privs
business.


Clubs and private parties accommodated with
may be furnished with dinners supPer composed Of every
species game delicacy which the markets afford shos
notice. [jell-yl EDMUND JONES' Prep prietsr.
II MCKERBOCKER HALL. No. 10 Park Row.-The sub
N scribers having opened the above house the EURO
PEAN PLAN, would respectfully inform their friends and The
pubc that they ready Accommodate them astyis
not to be surpassed by any similar house in this city. Tk
house will always be furnished with every convenience and ""A
the sxures Of unrivalled market There hund
lodging rooms which airy newly furnished and in perfect
order The Ordinary being the first floor, pacoas nsak
convenient and web furnished and the tables shall always b
supplied with all the variety the market Affords served b9
experienced cooks.


this kind sufficient evidence Of their adoption both buass
and travellers.


Gentlemen visiting the city, will and this desirable ssd
central situation, being nearly Broadway fronting the Paz
and Short the beauty and elegance e local a
transtoy objects Of attraction and spendor with which New
York abounds. EDSALL JONES.


.H-For the accommodation Of Travellers, this will
be open al all hours Of the night al-6",,Morning herald.
1839-05-23,"OlcurC0s
Seymour, (Br) Martin Liverpoo David (swed) Sporgen
Antwep Rowena Anderson, Lsguaya; Gauz Fernald Pic
tou; Frances Louise Webb, Bath, Me- William Purrngton
drew. NB Cadumus, Tucker Harbehead Mass; New Eng
land Croker, ST. Georges Bermuda Sarah Moody Liver
pools VIM Jones' Beecher, West Indies Phenx swe Nasen
Steten Wredesbero, Ayre, ST. Johns NIB; Victoria, Allen
Boston, Salem Edrdge, do Wn Roscoe, Eeeker do; John
Stanley, Chadwick Newbern, NC Stephen Oney, Croker
Lusey; VIM Wallace, Allyn, Point Petre' Guadalupe.


Arrived.


Ship H. Allen, Wilson, days from Charleston, with cotton
Snip Henry Kneeland Bsrtlng 81 days from Newcastle Eng
with coal, to II Robertson.


Ship Rhode Island Manchester 10 days from New Orleans
with cotton, to J Arnold.


Packet ship Iowa. Pel 80 day, from Have with mdze to c.
Bolton Fox & Living ston--2oo passengers
FIR bark Cole, Al days from Marsees, with wine &C. to
order.


Brig Aoutezuma Rlch days from Palermo with fruit &e
Br brig solon Graves days from Newport England, with
coal, to r Irwin.


brig Ceesti,e Henry 90 days from Rochelle, with brandy
Br brig Susanna Atkins 10 days from St, Johns NIB with
plaster to order.


Brig Sum- Hood 10 days from Havana with sugar, &c., to
order.


sehr Nassau, Allen days from Richmond, with adre, to
schr Alexander Brtton days from from Alexandria, with
schr f. Vincent Judson days from Baltimore with ndze
schr julia Ann Lockwood days from Port au Prince with
mdze to Shedding Ferris.
Abbot Lawrence Atkins days from Boston, with ndr
toBrigham Hammond.


Notice TO uriners.
NAusEr LoHrs-It may not be generally knows to mari
that within the last there have been erected order
Of the three stone towers for light houses
the table land OF Nause back Of Cape Cod
midway between Cape Cod and Chatham lights The object
OF these to shpwreck by warning the mariner
Of his proximity to Nause Beach, place which many
sells have been loand three lighthouses have been erected
hundred and fifty feet apart distinguish them
single light on Cape Cod, or the lights Of chatham


Memoranda.
The British brig Of Rngdovs Capt Stewart
from Hampton Roads on Thsrsdny evening last.
Over three hundred sail Of vessels various decrp ons
loaded at Pictou in 1888 wish coal.


Spoken.
Henry. Of New York. from Liverpool for New Orlsans May
10TH off Tortugas


Emnansel DAM from Antwerp for New York, May II, lat
40, Ion ~, out 40 days.","

Cleared.",Morning herald. [volume] (New York [N.Y.]) 1837-1840
1839-05-27,"EARPETINC. CARrETISG! The subscribers invite
~ the attention Of their friends customers and the public in
general extensive and superior assortment Of Brussels
three ply .uper6ne and fine Csrpetng Also damask twed
and striped Venetian do. Patent painted floor Oil Cloths, all
widths Table Covers door Mats lamp do, hearth Rugs Mat.
ting, &c.&c.


As the season advancing they will sell the above at lower
prices than their we'll price, for goods of the descrp
iton here advertised j. H. have received and will open
this day. several bales Of English Brussels new patterns and
colors, very superior and beautiful article


j. & j. H. SACKETT,


20 East Broadway, and
Division street.",,Morning herald. [volume] (New York [N.Y.]) 1837-1840
1839-09-16,"CHERMANS WORM LOZENGES. Manv diseases
~ from worms without oeiag suspected Sometimes


very troublesome cough paine the joints limbs bleed
ing the Sc &c ocoasoned by and will be
easily by using this celebrated medicine The following
symptoms indicate the presence of worms, zheadache
tgo orpor disturbed dreams sleep broken off by fright and
screaming commissions feverishne thirst paid hue, bad
the mouth offensive BREATH cough difficult breathing
itching the pains the stomach squeamishnes
voracty, eanne tenesmus, itching at the towards night
and at length objections Of Aims and mucus.


Read what Shermsns Worm Lozcnges have done--Mr
Johnson Of Wayery Place his enid has been afflicted
with fits and the Doctors thought with water
Every thing done help the child, without effect until
box Of Sherman Worm Lozenges tried which to the
constituent Of all effected perfect in few days They
brought almost incredible number OF worms, which
brought immediate relief Ask for Sherman Worm Loxenges
They the only Worm Medicine that fails. 10000 f
miles have used them within the last year with uniform
Wholesale and retail at log Nassau ST. ~ Y AMY","WORMS! WORMS I!


WORMS!",Morning herald. [volume] (New York [N.Y.]) 1837-1840
1839-08-07,"J A. o. bENNHTT, Esq.-


Dear Sir-our crop has finished entirely. Two or three
ses will load here this year, and Last sales
Of produce &c. for and 23c fer messes Higher prices
would now be paid, il produce could be obtained


The prospect for the ensuing Brilliant and will unless
have hurricane doubt be abundant The local troubles
Of Custom House officers not yet concluded and from
the ""despacio"" which the affair goes form
opinion yet the result Ane produce has, for
short time been but recent mporatons have
piled, for the present. the market.


The prosperity Of island increasing in greater
proportion than the British Islands decreang There have
loaded in this crop, since the ls Of January this
about forty British vessels with sugar molass and rum for
this Provinces and other English ports besides large contracts
ST. Croix fer rum to suppl, the British army and navy The
deficiency Of their Islands Only yesterday the British
brig Coral of and from Msnege Bay jamaica 81 days. and
bouad st. Crox take cargo OF 10 Halifax, called of
this port, being shot of provisions.","ePaivate Correspondence OF the New York Herald.J


GUYANA, PsRro Rico, 18th July, 1889.",Morning herald. [volume] (New York [N.Y.]) 1837-1840
1839-06-20,"NO. 39O broadway


Manufactures Lift Machine, Force and other Pumps, axed
and Portable Water Closets, Hot Cold Shower and vapor
Baths Garden Engines and syruges Water Filters sc.


NJ BInormaon given relative to Hydraulics, and Levels
taken Tor the conveyance Of water jel7-lm'
JNOURrH OF JULY-SPLENDID FIRE WORKS.
Il The subscribers respectfully to the public
that they have received from the mandatory the extern
variety Of Fire Works that be found in the city,
wit Pyramid Of Gold Fire, Peruvian Cross Diamond Cross
Chinese Fan, Sun Of brilliant Fire. Chisa Flyers China Flower
Potts. Jack in the Boxes Maroens Initiative Cannon Tour
billions Mines Italian Streames Roman Candies Of all sizes,
Line Pigeons Crimson, Green and Rejecting Lights,
for exhbtion Rockets of all sizes Bengoas, Vertical Tri
angle and Scroll Wheels Serpents Pin Wheels Torpedoes,
Pulling Crackers, Port Fires Fyi Pigeons Grasshoppers,
Blue Lights &c.an assortment far too to par
tiCuarize.


Also, any quantity and kind Of India Fire Works


Those from other cities, merchants, &C. wanting
such articles particularly invited to call before pur
chasing elsewhere they may assured they will find the
reasonable than they will find ANY other place in
The city. w. x r. BALLAGH,


iel7-tiylisr Chatham. Of Duane srests.","j. STO N l..
PLUMBER AND ENGINEER,",Morning herald. [volume] (New York [N.Y.]) 1837-1840
1839-06-20,"GUNNER RETREAT.-The subscriber has taken the
- house formerly known the Bergen House. at Bulls Ferry,
miles from this city, where he accommodate single
boaders and families with rooms, frnihed unfinished
To those who would enjoy AIR aud pleasant
embracing hne % the city AID Of the North River this
situation affords peculiar inducements The steamboat Orange,
Scott plies from the foot % Canal street. four times aday
Military companies and boat clubs be well accommodated
with dinners, sc. Charges moderate.


ID. X. BRANNEN.
ball rosm Il in readiness for eoton and other parties,
and the steamboat will make trips for thsr
ton. ie20-2wcod.",,Morning herald. [volume] (New York [N.Y.]) 1837-1840
1839-09-12,"CHBRNAN'S WORM LOZENSEs Manv diseases
- from worms w,thout oessg suspected Sometimes


very troublesome cough pains the joints limbs bleed


ing the &c sc occaoned by worms and will be
easily BY using this celebrated medicine The following
symptoms the presence Of worms, vzheadachs
tgo orpor disturbed dreams sleep broken off BY fright and
screaming convuons feverhness thirst pallid hae bad
taste the mouth offensive BREATH cough difficult breathing


itching the pains the sonach
voracty eanne itching at the towards night
and at length objections Of Aims and mucus.


Read what Shsrmans Worm Lozenges have done--Mr.
Jchnsoa OF Wavery Place. his child has been afflicted
Every thing done help child without effect until
Of Sheman Worm Lozenges tried which to the
constituent Of ALL effected perfect in few days They
brought almost incredible number Of which
brought relief Ask for Sherman Worm LoIenges
They only Worm Medicine that fails 10000 a-
miles used them within the last year with uniform
cess Wholesale and retail at lO6 Ma N "" au2y","WORMS! WORMS I!


WORMS!",Morning herald.
1839-11-08,"UNDER the Clinton Hall
Ryder's ""a ned Boot and Shoe store is found,
In it, whoever may call,
Always finds assortment that's sou ad,
He has boots Of materials the best
Ready made. and to order likewise,
You have omy to give them the test
Dehgheted are all he supplies
Each varied description and kind,
Required by each seasons change.
Better boots you'll no where find
Ger the Whoke tom uld you range;
OF ,hee.. too, hes every sort
The walking and dancing pumps,
Made equal the choicest wrought,
And not TO be hurt BY hump
Known far and neDr is his name
Each norton Of the Union tell
Ryder's workmanship merits its fame.
Because il is always done ,celi--
Each material is chosen with care
Each article finished complete,
Known never to rip md TO wear
Much longer than many you meet
A Diploma has been given him twice.
Nor can his work be surpassed,
50 perfectly finished and nice
The heather that leave his lat;
Ryaers name 10 spr aiding around
Each city and town OF our land,
Equal TO the finest yet found


The articles sent from his stand.
New Improvement ke's latel, made,
Enhancing his cork sole boots,


Where great skill and taste are displayed;
You will find the cork cannot break
Over its sole leather is wrought
Ryder's new invention will take
Keen increasing the the custom he's sought ole dl""","UNDER the Clinton Hall


Ryders ""a ned Boot and Shoe store is found,",Morning herald. [volume] (New York [N.Y.]) 1837-1840
1839-06-27,"GENERAL OUTFITTING STORE,
Where Gentleman procure every article for complete


Ouit of the best quality,
No. $50 PEARL STREET, CORNER OF FRANKLIN


SQUARE, n. Y
Here the public may ALWAYS procure
Fine goods in the Quitting line,
And what is imports be sure,
That untiring zeal will combine,
With skill in preparing each sort
As good as elsewhere can be bought.
Here the steamboat and packet ship may
Their raas made linen procure,
And prices most moderate pay
For articles well made and
Here they viii constantly keep
Every article belong me- 10 that class
From the counterpart, blsnA ct aud sheet
To the towel and oloti Tor your glass
Gentlemen also will hsd


Their ready made linen complete,
From fabrics the best Of their kind,
And made up exceedingly neat.
Shirts, Under Shirts, Draw'rs, Belts and Hose,
Handkerciefs Bosoms and Stocks,
While the skill that each article shows,
Briggs customers crowding in nocks
But he need net each item Iehearse,
The Suspender the Collar, the Glove
The Fantaoon, Strap aud the Purse,
Zach hnc a. those mentioned above
Linens, likewise to order are made
By those who are known to excel,
And the very fair price that Is pail
Yields work that is always done we'll
IT'S extremely convenient TO know
Where ample assortment 10 found,
And al once there be able TO 20
Without searching the city all round
Ase Nesting and Stock satns in lengths suit purchaser.
my3o-3m","q. n. BraabrOOk,s
GENERAL OUTFITTIN STORE.",Morning herald. [volume] (New York [N.Y.]) 1837-1840
1839-05-28,"II NlTEp STATES ARMY.-Wanted for the aih reg,
~ mcnt U. g. Artillery stationed al Governor sano, wv
200 able bodied between the age OIL ana 20
ING above Gee. sohe. high Of sober and industrious habits


good character and respectable standing among their ieow
citizens None need apply but those who determned 70
honestly and faithfully the period q their enlistment
which five years. -


Besides the monthy Of the soldier, he allowed one a
ten per day. and large supply Of comfortable and gentee
eoth q Good quarters and fuel are all times Furnished
,ad best medical attendance provided for the sick SOLDIER
for which there deduetion Of pay The laws provide


enon those Who become disabled In the discharge Of their
aut, Apply at No. Frashort street AisoWsned three
poy. 10 learn Music. my3in'",,Morning herald. [volume] (New York [N.Y.]) 1837-1840
1839-12-20,"Clcarea.


ihos onastn npma, nom "" SSa % s.
Co; Illinois, romp, Phadel, Col Hanson Tooker Jack.
scsve Fla; Shannon (R) Csnn Yarmouth, Ms, Tucker
dsSo.s Is bouiassai we.nn.,sr, Moore, Lo.don,
rswod; Science Harding, Jr. Cedar Key Fla. Nesmh &
Leeds LiA' Hubbard MSs,,. ssurs'' Chairman


Packet ship Fomosa, Crawford from Havre Nov mdE to
Brig Alfred Hammond, Spear d from ouncy Mass. gra.
mite 10 the Exchange Co.


New brig Emily SHERWOOD 10 d. FIN wes'Port Conn bal
last Duahsm Dimon. The is intended for Charleston
sehr Marion Brown day, from Boston, with mdr 20 the
sehr Jasper, Hows., day, from Boston, with mdr to .
schr Perseverance Bartlett days from Plymouth with
schr Anar,c Tuite day. FRO Havana, with sugar. &c
sehr Crescent -, 10 dc I'm wilriosion, NC, mdr to
sebr Abbott Lawrence Hail. day, from Boston, mdr to
Stevens.


One ,hip. one bark, one brig;


Alexander Cope savannsh 0rpheus Cole Mobile; Charrs,
Bright ST MARKS; Emile 4 Helen, (Bremen) weydeman.
Port au Prince, and Others.


The sheffield for Licopooi-This ship will not sail till
Monday next.


70, Lcndon-The Westminster Moore sails today. Her
letter bags will close Gpn News Room in the Exchange,
at the usual hour.


The Oxford, Tor Lverpooi, goes today. her er bags
win close at Gipins.


The steamer American Eagle Capt Peek, arrived last
rne from the brig Spy ashore Cow Harbor, with mdz
sundry persons The Spy will be got of without much dam
age.


FuRrHra PapncuLars or ruE GsLr A rHK Eastward.
From the Boston papers we CLEAN The f.llowing;
Brig Columbus Of Cor this port from New York, with
part Of her Cad anchored IN the Cow Yard nesr
fymouh Monday morning; dragged both anchors with hny
fshoms OF chain, and the FATS Capt slemmer Ct
the Columbus arrived In this city last evening"" and reports the
schr Homer from New York for this port high up on the Oats
and full gsed brig, about 200 tons burthen with broad
white streak around her. also ashore the edge OF the Hats
The brig dragged foul Of the Homer carry away the briggs
topgaa mas parted the sch chans aud drove the after
upon the Of the fats where there ony feet water
al high tide. The leaked considerably and had lighter
Alongside Capt has returned 10 Plymouth; he states that
the lowest point his barometer reached was 20 4 25.


Cant Reed OF the Homer, IN letter dated al Plymouth the
l7h received here this morning. she probaby be
of ne al charging part OF her cargo into does
not make water and h when aaoat does leak
mere than she now does shall Immediately reload and make
all despatch for Boston.


Al broyncc town. hermsphrode brig or 10 schr.
were driven ashore the harbor names not
one soep sunk her anchors; chr and sloop
ed


Extract of aeter dated Hyannis i6 received this morn
ing; 30 sail Of rode out the gale. schs Trio
and Cambridge from NYorh. received damsee. Alse
schr susan o and from Philadelphia and chr Blue Rock I'm
Albany by coming in consc with zach ether No
sson was had with the shore for two days. Brig Ida from",,Morning herald.
1839-07-02,"Kahern. Jackson. Derry Turks island Powhatan, Grid
Ter, Gibraltar and Malaga; Rodney, Paine, Tampa Bay


Arrived.


Ship Plato Rees so days from Rotterdam, with mdze to
Ship Monument Chase 10 days from New Orleans cotton
to order.


Ship India West days from Havana, sesar &C. to Pcae
Manzinedo.


Bark Olive Counor II days from Sydney. Ms with coal
Peters Co


Swedish bark Lisctte Aspng, A. days from Goenbug,
iron, Sc. to II Schmidt Son.


Brig MENTOR Stevens II days from Neuvas molasses sc.
Brig Pastoral Parker 10 days from Luguna, with logws.d
Eiedler & Dutial.


Brig Pandor Elwe 10 days from Martinique, molasses, 10
Brig Veto Pearson days from Charleston, with moases,
to Clark


Brig Jones' Fisher, days from Charleston with COTTON Sc
Brig Planter Smith, days from Charleston, with cotton to
Buckley.


Brig Cordeia Sherwood, 5days from Charleston with cot
Brig Castor Ftner. ""a day, from Pctou COAL Mckenzie
& Liston.


schr Mary Ann Hickman days from Virginia with wood
sehr Thomas Benton, -----, days from Richmond,
schr John Dunton, Biysn, days from Norfolk, with
shingles.


sehr Illinois, Tomln, day, from Philadelphia, with coal TO
schr william, Jones. 10 days from Lubee, with plaster to
master


Schr Caroline, Smith, days from Lubec, with plaster to
master.


sehr Sands Wainwright days from Virginia, wood, to
MASTER


schr Mary Elizabeth, Busbce days from virgsa, viii,
| wood to master


schr Control, Sby, days from Virginia, with wood to
master.


schr Cleopatra Beatty days from Virginia, with wood 70
master.


ser Pamiieo Ireland 10 days from Pois Pere molases to
Mitchell * Co.
Sailed.


England Waite, Lverpool Eurie, Funk, Havre; Philsde
phia Morgan London-and Others.
Notice 10 Navigator.


On the morning Of the 27th u the Finance at Philadelphia
passed round Chincoeague shoals Between and
O'clock A NJ could discover light from the topsa yard
At light could the land dtncy and the horizon
clear Thi, has been frequently the
ing close in to shoals There must be defect in
Chincoteague Light, or IT is badly kept
Ilomsorausia


suboned comparative stae@ent Of arrivals tonnage and
port Of Quebec to the gath June inclusive for
the wears 1888 and $780,","Packets 10 Arrive.

Cleared.",Morning herald. [volume] (New York [N.Y.]) 1837-1840
1839-06-14,"90 THE Subscribers, Sole Propretor and Manufacturer
prepared execute with sespac all orders for their I'm
rivaAed Patent Sweed Beam Wnda.s Bedstcads which
almost universally used being the best article
vented-combininy ease, convenience and durability


The sackng acted upon by the wndass and swced beam
made perfectly light and free from all liability sagg still eav-
INC elasticity the which renders it particularly easy
and simple IN constructions the matter ofputng and taking
down will be found Of but little trouble in comparison with those
Of other construction whilst the precision with which
component pss fitted safeguard against the
dsction Of any kind of vermin.


From the taken render each Bedstcad perfect hei
Qualities for rabty will them
who invited 10 cali and examine large
aand.


Also, large assortment Of elegant Furniture Mattraes
Feather Beds, sc. constantly on hand


J. w. c sOUTHACK, Ne 1876 Broadway,
ielsy Frankliu House","PATENT WsNDLAss.
R E DIST e. A ID.",Morning herald. [volume] (New York [N.Y.]) 1837-1840
1839-06-14,"Just smok light Scsarw
THE BEST and extensive assortment Of SEGARS in


this city is to be found SEIXAS' old stand II Cedar
street. where constant supply most approved brands
always be met with The arrangements which 5exas has
made enable him furnish his customers with direct mporta
tons selected from the manufactures BY competent and expe
rienced judges and he prepared at all times to furnish the
public with segars Of exquisite aver and quality either at
Wholesale retail


Among other favore brands he has hand large
supply Of Norreago Regalia from the government manufac
tory superior Vcteraa brand and
Aav.r La Norma rabuca Congress and Cazadora with many
others that cannot be comprised within the limits Of adve
tsenent.


Strangers before purchasing elsewhere would do we'll call
II Cedar street. where they be assured Of obtaining
none but the genuine article


To his old friends and Sexas need only that
he determined to maintain that superiority which his estab
hmen has acquired from the known excellence his stock
Of Segars.


10 addition TO the above enumerated brands he has also
supply Of Cubanas very superior aud favore seg and the
only lot that has been imported for several
should bse time ftey DESTROYS ofenoying this luxury
ny28-lm-","EIREwORKs FIREWORKS !. FIREWORKS {!
n I,II III 4 6 w VIII TEE LA Chatham corner of

ll6 Chatha .A,sorne

ITO daily puff all care away.",Morning herald. [volume] (New York [N.Y.]) 1837-1840
1839-12-02,"And through various learn that wheat IS selling


freely the WABASH aud Upper Mississippi at 81! to so cents
buhe and the interior at IL to ~ cents
In Zesve Ohio hour several Instances has been offered
dollars aud ue cents barrel but purchases
aud the list prices the quotation is 81 20 which
is however, merely nominal In wheeling Virginia, the
price the same; through the winter large supplies will
Ohio Baltimore The way OF Wheeling and TO
New Orean Wheat Of which the western grauaries are
overowinr warded New Nor BY ths route
but cents bushe delivered here. Thsse
facts and the state Of the trade
The only difficulty getting large supplies from the Upper
Mississippi country the low state Of the but
hopes that the winter will swell the streams Also Rich
mond Petersburg Baltimore and Winchester great exerons
making to get large supplies and upwards of one thou
sand barrels daily Carried INTO arpers Ferry In Bait
the stock has Increased wonderfully within the past
month Over twenty Thousand barrels inspected there
las week


Such precise condition he grain trade this country
From these facts what wall be the probable prices during this
winter and next spring.


From above date almost impossible for bread
su advance much during The winter unless BY some unna
tsra Ter the has beea great aud The stocks
in the interior large that fsuppes cannot forward
they will be forced by another for prices will contnne
sufficiently low 10 admit Of increased expense transporta
ton Thea the present eondi ion OF financial affairs
nour grain afford the Of remittance from
pon, another This will tend increase the stocks in the
markets. When sorne opens and navigation alo the markets
will be gu ed that bread tufts will fall much below the
sent prices Nothing can keep themnr


With this fact the question will there be further ship
mens Ensand7 prices Europe contnse high and de-
cline here there be but not without The prices OF ain
ard the duty thereon in England are as follows:-


Aggregate average the ending October 2oh aud


I..N.","KEeEIprsINro NEW ORLEANS.

",Morning herald. [volume] (New York [N.Y.]) 1837-1840
1839-12-12,"@IfI be not ashamed Of my soldiers, sound eurnet
change Il hundred and sy soldiers tire. hsndsd and odd
pounds. press me none bu, god hsu'ehOders yeomens
asked twice the bans such oonnoy Of warm slaves,
""A had lief hear the devil drum such fear re ort
ofa csser worse than a,trucs owl or hurt Wild duck
pressed such and butter with in their
bellies bigger than pos heads and they have bought out
their aud my whole charge consists Of
copora eutena gentlemen Of companies slaves ragged
:, Lazarus in the painted CLOTH where the suoas dogs lex
ed his and such indeed soldiers die.
reyolted iapsers sna osier trade fallen the csuEsrs ef
calm world and long ten times honorable
rooms that have bought their services ths You
would think that had hundred aud fifty attered prodgas
lately from swine keeping from eating draft and huk


mad fellow net ON the wsy and told me had unloadea
ell the gbbe and pressed the dead bodies No eye hath
such IN march throu h Coventry with them
that's fat Nay aud the vass march wide bewxt the les
a II hey gy,e. ind ed had the Of them
cut OF prison There's but shirt and half in all my compa-
nv the half shirt Napkin tackled tsgeher and
thrown over shoulders k healds without .esyes
and the Shirt The truth stolen from hois Saint Al
bsn or the red inn keeper or DaiDy. But that's all
one they'll hnd linen enough ou every hedge


The above motto, which is Falstaf's elegant de-
scription Of his men, with slight alteration.
would do very well to describe that portion Of the
grand army about to fight the Butch in that ssHeI-
cf-a HILL the Hildebarreck. Although no orders
were received from Albany for the troops 10
""march"" in steamboats, yesterday morning; and
although they would ell Of them have been doing
much better by being at home, working at their
business, and earning something towards paying
their tailors' bills, yet the forty fifty Generals,
the hundred and twenty Colonies and Majors, and
the numberless Captains and other officers were
determined 10 have parade 10 show of their good
clothes.


Accordingly, yesterday morning, soon after
breakfast all sorts and kinds Of looking characters
In military attire seen running through the
streets a. though the sheriff was nj their heels
Little fat men, horseback, with high cooked hats
and feathers and big breeches bedizcned with gold
lace, were seen riding up aud down Broadway on
borrowed horses, which acted az though they had
pepper under th cir tails Seine of the valient RI
ders eemed sstonished to find the mseIyes on sucb
spirited horses, and some of the horses dou btIes,
were equally sstonished 10 find themselves under
such ridiculous riders. Somewhere about the
stroke 81 high noon, the soldiers began 10 muster
pretty thick in the park at this period, number
Of pale faced, thin voung gentlemen dressed 10 blue
and gold who looked half dead with fearing they
should fall from their hsrss, rode up and down the
PARK walks, to the great dismay Of the apple women
and little boys, the bodily peril Of several decrepid
men, and amid the hsoting, shouting, and laughing
81 the crowd.


Soon afer this, several Of the conpanses were
ordered to fall is iasscsd Of which, some fell out",,Morning herald. [volume] (New York [N.Y.]) 1837-1840
1839-08-08,"WINDOW BLIND MANDATORY.
THR subscriber respectfully begs to inform the public thai


he has constantly hand large and elegant assortment
every description OF the painted transparent washable win
shades consisting Of Italian and other Landscapes Disph
NOUS Chinese Architectural and Fancy Blinds which he
confidently for their beauty strength and great du
raby they have bees known, with common care TO last
from ten TO fourteen years The prices OF the shades including
cords zses rack pues, and htngs for windows, compets
vary from 81 and upwards pair Blinds painted asd fitted
to order, by applying GEORGE PLATT, ~ Spruce ST.
NIB Country supplied w<h blinds and blind Gngs
mle1psv",WINDOW BLIND MANUFACToRY,Morning herald. [volume] (New York [N.Y.]) 1837-1840
1839-10-18,"90 TIL Subscribers, Sole Proprietors and Manufacturer
prepared execute with despatch all orders for their I'm
rvahed Patent Sw-Iied Beam Wnda-s Bedsesds which
nov almost universally ussa a. being the best article yet IN


The sackag acted upon by the wndass and sweed beam
made perfectly light and free from all liability sagg still
ing elasticity in the same which renders particularly easy
and ample in consucon the matter putting uand taking
down will be found Of but little trouble with those
Of other construction whilst the precision with which the
component parts fed acts safeguard against the intro.
ducton of any kind Of vermin.


From the taken render each Bedsead perfect their
qualities for durability will recommend them purchaser
who invited to cali and examine large assortment
aand.


Aso aiargc assortment Of elegant Furniture, Matasse
Feather Beds, &C. constantly on hand.


wv. SOUTHACK, No. l06 Broadway,


jelty Frankln House","PATENT WlNDLAss.
Is EDSTE A ID.",Morning herald. [volume] (New York [N.Y.]) 1837-1840
1839-12-23,"NJ Notwithstanding msnufac,ory, together
IN with all its valuable machinery stocks too and eleeks
unfinished wholly and totally destroyed the late Ere
the cornsr oforand ard Elizabeth Streets and insurance
not wholly destitute and shall be pleased 20 see the
faces OF customers both those and soad at our
ware room al the cor Of the Bowery and Division street
where shall bestow efforts endeAvos 10 sup
ply them with the best ofclocks have large
Of flushed clocks time pieces and regulators hand and are
renewing our manufacturing apparatus with all possible d
patch, aud possible In efetnt and efciua manner
Some Of our Turret clock customers necessarily be
syed short time. but trust they will bear with under
existing crcustasces Clocks Of description
and thoroughly repaired aud warranted.


SMITH BROTHERS.


n30Swd&ltwN ""a Bowerv.",,Morning herald.
1839-11-19,"Beve. have again declined and the price. range from
A. so 10 - so per The arrivals have been large and the
demand dull; thousand Offered and only hundred
sold There been material change iu either and
calves sheep lambs. There fir supply in market
aud nearly entire number offered disposed of OF hr
only hundred fresh the baisncc stale
been LEFT over from last week


i here that price. ccnyergnr moderate and
fair poHt point where prices should be permitted 81
20 beyond by scacy. which has not been
The cae sr some time The prices that have been paa for
the past wear were ar6cay raised and warranted BY
ether the supply demand. Th. fact Is now pretty
ray known will b. hereafter difficult for the butchers


enhance the value ofthcir above Die price
face OF abundant supplies",Cattle Market.,Morning herald. [volume] (New York [N.Y.]) 1837-1840
1839-11-19,"Nov. ls.-An inquest was held, on the body OF
Joseph Jones, negro % years Of age native Of New
Jersey. 1t appeared that about three weeks last
Wednesday, the deceased took house OF negro
named Tom Baxter in 18th street. In week after
wards Jones determined removing to l4th street,
and offered some money to his landlord for the rent
dispute arose between them, and from words they
proceeded to blows. when the deceased received
heavy fall from Baxter, which injured his stomach
severly. He made a complaint against Baxter 10 the
Upper Police got warrant out and he was arrested
and bailed. The next day Jones sent for DR. Ser
gent, who finding his patient to be laboring under
some internal injuries administered the proper RENE
dies. In a week after Jones and the Doctor
again prescribed for him, but without avail, for
he died on Sunday night


A post. mortem examn alton was perform med by
three medical gentlemen, who reported that Jones
had received some severe injuries, and that mortii-
cation had ensued.


The jury, after patient investigation, found the
following verdict that the deceased came to his
death by violence, inflicted bv Thomas Baxter;"" and
the corener Immediately issued warrant for his
apprehension. This Baxter is said to be most des-
Perate negro rufian and bully, and always goes
armed.",C0r0sser's OMce.,Morning herald. [volume] (New York [N.Y.]) 1837-1840
1839-08-01,"The BLACK kipNAPPERs.-The three negroes
again brought before the Recorder ON the writ
Of Habeas Corpus, and after long dis
charged lttsrned out this enquiry that the slave
Isaac was not taken from the Robert Carter while at
sea, but alter she had came TO anchor in the East
River Testimony was adduced to show that three
nen, armed with cutlasses and pistols boarded the
Schooner after night-fall-drsvc the crew into the
forecastle, and then searched the hold where they
found the slave.


As far as the principle goes, this is much more
hagrant affair than the abduction Of the French nj
rates, and a much blacker case in every point of
view Will net our Police Justices at Court repri-
maRd the parties who said 10 be implicated?","AZ Oh aanabers.

Before the Record e r",Morning herald. [volume] (New York [N.Y.]) 1837-1840
1839-12-30,"GALvEsros, TxxAs, Dec. 10, 1890.
Progress oJ 7sras Standardization Crop


GreH improvement Of the Republic.


Our bay never presented mere animated appear
ance than u does at present There are 10 full rig
ged briggs, 10 schooners, 2 ships (the Ebro and Lee
v1nt,) besides large number Of bay and coastng
craft The Neptune makes her trips regularly
between here and New Orleans. She arrived here
yesterday, making the against head wind, in 40
hours; the New York will be 10 tomorrow, and the
Columbia will leave New Orleans ON the 18th, her
regular day. Every fifth day we have an arrival
from New Orleans.


There ere eight fine steamers constantly plying
between here and Hopston, and one up the Trinity,
named the trinity, oae Of the finest navigable
streams N Texas few years will develops the re
sources OF that extensive portion Of Eastern Texas
,nrongh which The waters ofthe Trinity (rrinidad)
dow. Extensive cnaI beds have already been disco.
sered, and capital only ~ wanting ts have them
worked, and make them y oGabic Twice the mum
Der o. bales a cotton will be produced tins year, to
what there was last.


viii write You again shortly, more at length.",,Morning herald. [volume] (New York [N.Y.]) 1837-1840
1839-04-04,"The picus party was then closed by Brother c.
with the following prayer


Everastingy Landed and nevero-be sufficiently pra
ed and adored beeech thee attention to suppca
tons What tremendous quantity ofrasc ty running about
New York about these dayswhat sin and ignorance
fusion and folly running all the land except among the
Method We afraid that things nave gone too far
for thy apowerfu preventive power; without wonderful
change by general miracle there little hope that
this prayer will be answered. This city great Sodom-
there righteous Lots in but they have nothing do
with lots at last years prices Keep from speculation and
peculaonfrom that which swamped Price and Swartwout
Righteousness. this city like tired horse with heavy
load long journey, good tool to bad workman
sntuned instrument IN music doaters prosper and Israel is
tempted to idolary in the days of oldmen worship the
golden calf Baa All the churches hut swallowed
with heathenh prosperity. Oh cut the in
the days Of their dpravas the day of adversely better than
prosperity and the day Of mans death better than his BIRTH
kill em Lord kill em right off the reel-et be the ter
ribe instrument in thy hand exerminate themso shalt
thou say them ~ Samson did the Hisines with the
Jaw bone Of ass leave not grease spot Of the
heathens, but particularly punish the Episcopaanspour
cut the walls Of thy wrath upon themtake the corks
Of the quart bottles Of thy and empty them their
waters Of thy Indignation drown them the Red Sea did Pha
raoh Let enemies be short lived they have merry life
when lived g. T. 900 years if sensualss poll
cans had any hope ofvng long, the cody would net be
up Broadway like lion up from the swelngs Of Jor
dan Make their days few and hs,r hsao,s .. Pc; dow.
church pious and continue to al it with pretty thou
hast always donc-keep from all quarreng such the
Prsbyterans have got nto and from the which
dsgraced Trinity Church longer ago than yeserdaypar
culary prevent from rolling in the lap Of luxury from
lccntousncss aud sscvousncssufer covet our
neghLors OK wife daughters bless in barn and
bed and Jeesnd sufficient substance our lar
der and cellars and send good husbands for all good girls
and oh may they improve the talent which thou gyest
hemxcrease and multiply thou hast commanded and
bring forth fruit TO thy glory thirty sixty
hundred fodand thy be all the glory for
ever and ever--Amenw


The sweet girls all responded Amen another
squeezing Of itching palms, and pious pressing of
lips took place and the party broke up singing this





Tune"" Near Fly.narket lived dame""


""Whos a,goins long with met


Up 10 Jordan-upt 10 Jordan,


Who's a-going long with me,


Hallelujah over""


Oh. the devil Is mSd and am glad,


Hallelujsh glory!


He's lost the soul he thought he had,


Hallelsjah! glory!


Who will say that this mode Of spending pious
evening, and Of supporting pious pastor is not pre-
ferable to spending II in riotous orgies with rowdy
politicians


Oh. isn't ID much better now, than all the gay parade
or theatres and fancy balls al homes Haquerade7
Ave. AMI much economical when al debts paid
Then give all your olicking asd take the old trade


or good old pisus gentleman,


One Of the oden time",,Morning herald. [volume] (New York [N.Y.]) 1837-1840
1839-04-04,"Tune"" Harrah for the bonnets Of blue""
""On old Jordan's stormy banks stood
And cast forth wishful eye,
Todd Canaan's blooming and happy land,
Where all my possessions lie.
There generous fruit that never can fail,
On tall trees immortal grow,
There the rocs and the hills and the brooks the vale
With new milk and thick honey flow.


sHoRus.
With new milk and thick honey Aow
After this some very rich new milk and very fine
honey were handed round, perfectly in keeping with
the sentiment sung. collection was then taken up
for the pastor, comprising


pairs Of pious breeches patterns,
silk dress for his wife,


pair Of boots, Zone little worn,)
3 pair Of shoes. Zone wants heeling)
hats, las good as new,)


2 coats little the worse for wear


Sundry pair Of stockings
Is lbs. ofsugar,


2 gallons OF molasses,


Several pieces Of baby linen,
l childs chair,


boxes tooth powder,


bottle Cologne


set Of ladies' false curs,
enamel teeth, ready for insertion.",NYMS COP. NJ.,Morning herald. [volume] (New York [N.Y.]) 1837-1840
1839-07-26,"At the Tea Sale the Young Hyson was Withdrawn,
and brought slight Improvement ON the
sales The markets generally renais without alteration
neither holders purchasers being disposed 70
the arrival Of the British Queen The following are the re-
ports of the Coal Trade:


DELAWARE AND HUDsoE CANAL,


Collector Office, Honesdale, July IL, 1887.
Cleared at Honesdale for Rondsut. during one week
ending this day, 1888 boats containing coal oo'O tons
Total amount Of Coal cleared Honesdale for Road
out since 18th day Of May last Soiio TONS
Arrived at Honesdale from Rondout during one
week ending this day. 1856 boats, with general
freirht",,Morning herald. [volume] (New York [N.Y.]) 1837-1840
1839-10-22,"Corner Of Fulton Broadway. Entrance Fultou.)


NLlREHuGH, HAIR CUTTER, has Just completed arran
"" gemsns with e the first houses in Londcn from wkenc.
he viii receive the hrs Of fashion b. adopt
ed FOR the that they viii appear New Yock stimuli
taneously wiih those Of London and Paris.


Next TO the advantage Of having fine head Of hair the
importance Of having well cut aud this branch of his
Cirehush stands preeminen His system of cutting
gertemens hair dedeatu which its uxuriance and
beauty rendered truly ornamental The des and
ten differ eniirep from the usual practice Jir cutting
adopted here also the expedition and genlcness whss
the operation performed. The first artists in Londos aud
Paris have acknowledged It's utility and adopt in their prac
tcc. BY the beau monde IL has been dnominatcd scientific
art and whether for the Pulpit the Bar the Senate the
Sage IL. elegant aud classic sTrang will add agDt,
grace 10 the whole contour Of Ia ftte Humane


The patronage already extended him siace the ntroduc
ton Of his systea and the naterng encoums BY
all ha have chang under the touch
induces him 20 invite all gentlemen who either study personal
appearance the aurmeuts Of fashion, place their
der his charge, assured that trial will prove hs superiority
all other competitors


Private Room. for HAIR Cutting fitting on W,g. sle","GALLERY OF FASHION. FOR
n AIR CUTTING &c",Morning herald. [volume] (New York [N.Y.]) 1837-1840
1839-09-18,"How silent wss her s~rrsw,


II tsld Ne sr dsspair,
He ssce bright eye vas lsagsid,
Her eAssk wss pale with care;
And down Il there ives stealing
A gem, - err stall clear
Oh. who cosld gaze with unconcern,
On the lone srpAans tear!
For she had bees precious gin,


A fathers only child,
And he lifss rugged path had snoothed,
And watched her footsteps Wild;
And listened to her infant tales,


Tales of imagia iced woe,
When scarce her light and gentle heart,
A fathers love could know.
And when maturity arrived,


In Iifes dull wintry day,
A fathers smile was all she wished,
To chase the tear away
But time passed on-the morning star,
That once 80 brightly shone,
FOR ever set, and happiness
Fros that young heart had flown.
In sickness, DER the orphans couch,
Whose watchfsl eye 10 bent?
And to afiietion's weary tale,
What plying ear is lent
Restore her but a fathers love,
Affection as sincere,-
For only love as pure as this,
Could wipe away her tear.
There is tear which often nsws
When friendship hath deceived
When love hath proved but treacherous,
That fendly was Believed
But, reader, wouldst thou seek to learn,
When flows the genuine tear,
Look in the mourning orphans eye,
And thou wilt find il there.",,Morning herald. [volume] (New York [N.Y.]) 1837-1840
1839-08-06,"GENERAL OUTFITTING STORE,
""here Gentleman procsre every artcie Tor complies
Outat OF the best quality,
So. 353 PEARL STREET, CORNER or FRANKLIN


SQUARE, N. Y.
Here the public n,ay always prooare
Fine goods in the Quitting hne.
And what is important, be sure,
That uaring zeal will combine,
With skill in preparing each SORT
As good as elsewhere can be bought
Here the steamboat and packet ship may
Thsir ready made linen procure,
And prices most moderate pay
For articles well made and
Here they will constantly keep
Every article belong ng TO that class,
From thecounterpane, blanA ct and sheet
To the towel and cloth for your glass
Gentlemen also will GsI


Their ready made linen complete,
From fabrics the best Of their kind
And made up exceedingly neat.
Shirts Under Shirts Draw'rs, Belts and Hose
Handkervhefs, Bosoms and Stocks,
While the skill that each article shows
Brings customers crowiing in hocks.
But he need not each item f.hearse,
The Suspender, the Cellar the Glove
The Pantaoon, Strap and the Purse,
Each fine AZ these mentioned above.
Linens, likewise, to order made
By thase who are known 10 excel
And the very fair prlce that Is paid
Yields work that is always done well.
IT'S extremely convenient to know
Where an ample assortment is found,
And al there be able to 20
Without searching the city all round
Ao vesng and Stock Satns lengths TO suit Purehasers
mya9-3m",,Morning herald.
1839-08-06,"WINDOW BLIND MANUFALTUK
rIHS subscriber respect fully bers 10 inform The public that


he ss constantly hand large and elegant assortment
erery description OF the painted Transparent washable
dow shades consisting Of Italian aud other landscapes Dsph
NOUS Chinese Architectural and Fancy Blinds which he
confidently for their beauty strength and great
rabty, they have been known with to ss
from years The prices Of the shades ncsdnt
eer tssses rack, pucs and fitting, for windows, compss
vary from 81 and upwards Blinds painted and h,'-t
10 order, by applying tc GEORGE PLATT ~ Sprsce
NIB. Country dealers supplied with blinds and blind stiiasA
nlq. In",WINDOW BLIND MANUFAcToRY,Morning herald.
1839-08-01,"STONES WATER FILTERS-1hese filters have been
highly approved Of in Europe and America for the last
thirty years accounted hitherto invented
they combine the properties Of purifying well clarifying
the most tarhd water II almost needless 10 advert to the
utility and to be derived from the use OF well con-
Gltered much wholesome and conducive to
health thas either spring river water the former almost nva
ray containing mineral substances solution and the latter
being with deeayed and putd animal and vegetable
natter the Of which frequently occasions the
dreadful Diseases such feve agses liver complaints
SC. Filtered water also Of the great importance Tor
tractsg perfectly the virtues Of tea coffee &C. the truth
# which be easily tested by making the experiment with
altered ard us6ercd Manufactured aud sold only by


J. STONE, Plumber and Engineer,


390 Broadway, y. Y.
PS-Those who have Filters made BY persons not under
standing the business have them repaired and fitted
the subscribers plan and warrantc TO act perfectly y72m",,Morning herald.
1839-05-23,"Or Compound Essential Oil OF Almonds,


OR destroying dandru and preventing the hair from
ing sst or turning grey prepared by ANTONIO PASTOR,
Hair Cutter, l6S Greenwich street, New York.


This ninitable Oil has been the product of twenty
years OF experience and for the last sixteen the city Of
New York. where have been practising the Hair Cutting
siness and the public rely it, that A. PASTORS COM
POUND OIL the wholeenest and best OH for hais
makes it thick and long, its falling off turning
and even hair has begun turn grey such noutshe
to the HAIR that by will restore its eolors
also prevents hair IRON becoming shaded and hair orea
shaded, which great disagreement young ladies' and
used for short H it will restore it to natural color clear
the ssur and keep the head and hair clean eyebrows
and whiskers liberal discount made wholesale psscha
ssrs. A. PASTOR,


loo Greenwich street, NJ T.
Price, 70 cents per bottle highly perfumed. myl5lm~","A. PASTOR'S
HAIR OIL.",Morning herald. [volume] (New York [N.Y.]) 1837-1840
1839-04-05,"Financial affairs have presented no change to-day '""e
general features The anxiety for the arrival OF iae he~'
from the other side continues intense Th operating with s
scarcity money the want Of animation evlneed liz
all departments Of business The languor at the Boardo
continues Sales have been moderate to-day prices
which present but very little change from those Of yesterday
the whole they little less firm at the close Dry Dock
improved per Delaware Hudson, Bank OF Commerce
and State Bank each declined per cent Kentucky PEI
cent? veksburg per cent Harlem improved per cent.


But little doing in domestic exchanges The rates on the
extreme southern and southwestern points continue to IN





ahaI.pe","MONEY MARKET.


Thursdmv. April 40 r. Ne",Morning herald. [volume] (New York [N.Y.]) 1837-1840
1839-04-05,"The high exchange which current last
t.e banks resumed doubt In great measure
ascrbed The heavy balance due from the southern and
the Atlantic cities, but also IN great
degree sudden change which took place in the


tive values Of the the Eastern and middle States
the Southern and Southwestern sections caused by
the opposite policies pursued by the banks the different
tons That the Eastern and middle State institutions
instant contraction preparatory to resumng at the earliest
possible momsnt-he that Of the other named
that Of expansion Thus producing redundant circulation
part the country and scarcity in the other The
resumption IN the York banks however gave such
to public opinion that the banks Of the crop growing States
began necessity Of curtang their loans by this
operation the currency became again esuazed and the
exchange fell to nearly par but that resumption
being premature and unnatural the credit Of the institutions
shaken and exchanges consequence
a real depreciation Of the currency.


The following table Of the leading Of the banks OF the
Union at the Of the year, divided into
sections and compared with the items at the


en years 1897 and 1885, will briefly illustrate the
policy pursued the banks Of the different sections with
gard loans and the action which the baaace
has had on the relative Of loans and circulation
STATEMENT RETURNS


TREASURY pEPARTMANT FOR THE PERIOD NEAREST JArUA-


ny. 1885,",,Morning herald. [volume] (New York [N.Y.]) 1837-1840
1839-04-05,"Lady. FOR thee wake lofticr chord


10 Gods revolted legonary, driven
By the stern thunders of the Almighty Word,
Forlorn and esilcd from the fields Of Hcaves.
Oue, faircst fraiest OF the ruined band,


Hath still a solace on that gloomy shore;
lie bsars tyrc celestial in his hand,


Oh. blue-cycd angel, guard me evermore!
Hell echoed with the shout Of scorn and are,
As, wearied Of its proud and guilty throng,,
III. angel safe apart, and DER his Tyre,


Mingled his tears with his repestant songs.
Heaven took, at last, the morning spirit forth


To this our world, and thus prop,tious bore
The muse % sweet pocsy on earth


O hue.eyed angel guard me evermore!
Coming, he shook IN. pinons, like = bird


Wet with its weary flight through stormy sh'es;
Ca earth, strange, glorious symphenies are heard,
And wondering nations hail him as they rise
Worship was hsraony: no voice divine


Bid Love or glowing Genius cease TO pour
ills rerfumej incense round the solemn shrine:
q blue-eyed angel, guard me evernorel
The clamorous rage Of He'll was vaiRly hurled
Against the Spiri IS he went, alone,
softenisg the fate Of men throughout the world,
And marking tyrants on their guilty throne.
While his soft voice, with charm resistiess, flies,
Weakening 10 love all hearts on every shore,
Clod counts In Heaven the humaa tears he dries:
Obluc-eyed angel guard me evermore
Where now his halo, where his cherub Wings
Iias Heavca reclaimed the exile 20 his resti
Bat LADY, thy sweet voice consoles and sings
In thee the poet angel stands contest
Thy spring with flowers eternal shall be bright,
still Al thy beauty's shrine all hearts adore.
Expand thy pinions for glorious Sight.
q bluc.cyed angel, guard me evermore.","The Exiled Angel.

rsox rus FRENCH or BrRaNsst",Morning herald. [volume] (New York [N.Y.]) 1837-1840
1839-05-31,"IL IEARTBURN AND ACIDTTY OF THE sIOhAeh
III CURED BY sHERMAN's SODA LOZENGEs.-
These Lozengss made from superior article Of the B
earboaa,e s Soda from the recipe d NJ DArce asd recon
ended by him and large suber Of medical men, the most
eaectsa remedy for Indigestion Dyspepsia Heartburn Water
brash and Acdity Of the Stomach and Bowels One
ken before dinner produce healthy appetite promote dges
ton and its original tone. The hy produce
prompt and complete that any suffering from ndees
ton should hesitate making trial Of remedy o such ac
krowedged efficacy and high recommendation Years OF er.
tensve England among all classes Of this superior art
Gle guarantees its great vslce.


PARK PLAcr, March IA, 1889
Dear Doctor- owe yeu many thanks for the benefit re-
ceved from your Soda Lozenges have bees troubled
dyspepsia several years. heartburn, waerbash and all the
attendant symptoms. had become quite e-acaed and life
was In fact burthen 10 had employed DIR. Mott and
vsra Of the distinguished physicians without any
teporary relief had abandoned all hopes ofever being
better un irduced ny friend 10 make trial q your
soda Lozengas Thanks 10 God being, and
nv friends hardly know eat beefsteak any
hearty food, and Il is dgested with and comfort.


PRISCILLA BENJAMIN.
Sold wholesale and rsts a. the Medicsed Lozerge Ware
house. l06 Nassas a. my70y","IIEARTBURN AND AcTpITY OF THEsTOhACH


Ill CURED BY SHERMANss SODA LOZENGEs.-",Morning herald.
1839-07-25,"Ne. 100 kes
The above Pens all under personal
psrinendence Of MR. JOSEPH elliott, who for twenty
has devoted his time in close application and study to
their perfection


practical mechanic himself effort 10 spared that will ""A
the least tend to their improvement; they made rem VIII


OPINIONS 81
@Joseph lot paten; elongated metallic pens the best
article Of the kind That have used We went back to the
quill time after trying almost every variety Of
taic pen the market satisfied pens equal
those produced Goo'e Cos having come accro Mr.
Glos have enlisted every good democrat should
under the metallic er""-Boston Morning Pest


The itself 10 worthy its rich contents and the whole
reflects credit upon the establishment that has saved penmen
such world or trouble in cutting goose sss and nbbng
points a little used.


ave may safely speak Of these pens sxceen deserv
ing high endation Pail u. S. Gas.


good steel pen lasts longer than quill and when il is
past service have only to threw and ct another
the holder and there you and equipped scrb
bling made Of the best Steel and properly tempered,
the ease With they quite elastic the best Ho
Land kussa qu and have the losing either
heir point their elasticity BY In short 70 Ter the",,Morning herald. [volume] (New York [N.Y.]) 1837-1840
1839-08-03,"GENERAL OUTFITTING STORE,
'here Gentleman may every article Tor complies


Ou,it OF the best quality,
70. asa PEARL STREET, CORNER OF FRANKLY


SQUARE, N. Y.
Here the public may always procure
Fine goods in the Quitting liHs,
And what isinPsstan be sure,
That untring zeal will sombne,
With skill in preparing each ssst
As good as elsewhere can be bought
Here the steamboat and packet ship may
Their ready made linen procure,
And prices most moderate pay
For articles we'll made and secure
Here they will constantly keep
Every article belonging TO that class,
From the counterpart, blank ct and sheet
To the towel and cloth for your glass.
Gentlemen also will fad


Their ready made linen complete,
From fabrics the best Of their Kind,
And made ap exceedingly neat
Shirts, Under Shirts, Draw'rs, Belts and Hose,
Handkerchief Bosoms and Stocks,
While the skill that each article shows
Brings customers srowdfpg IN nocks
But he need not each item reh, arse,
The Suspender the Collar the Glove
The Pantaleon, Strap and the Purse,
Each fine a. those mentioned above
Linens, likewise, to order made
BY those who known to excel
And the very fair price that pAd
Yields work that is always done we'll
Tia extremely convenient to know
Where ample assortment 10 found,
And at once there be able to 60
Without searching the city all round
Also vestng and Stock Satns lengths TO suit purchaser
my29-3m",,Morning herald. [volume] (New York [N.Y.]) 1837-1840
1839-08-03,"We not what dull plodders say


A COED SEGAR drives care away.


Old Song
VXTE have chos the above coupe Of the old song as the
w heading Of tns advertisement from drn conviction
Of its truth Having hand assortment 81 se finest
Segars imported in ~. United Stse sand selected
Presy for this toy agent Havana feel
great confidence recommending them TO eur friends and the
public The comprises tbs chcsst and most rops
lar Notwithstanding Noriesa la Normas Imperial
Trabuco mprsssa Caones, Premera Regaia. the finest
this country and imported expressly for private
use; and various others which all who can appreciate the lax
ary Of Good segar are invited TO call and examine.
Remember that Sexa s. CESAR street. his Segar
direct from Havana they selected exclusively for hun with
the greatest competent judge and there is no other
place the city where and Others can Obtain with
equal certainty the gensne and Havna 81 Cedar street
iy26-lm*","We care not what dull plodders say
A COED SEGAR drives care away.",Morning herald. [volume] (New York [N.Y.]) 1837-1840
1839-08-14,"I,EMALE LOyELlNESS-sUPERFLUO HAIR


Nature doubtless originally intended e appearance
ladies be in accordance vita er hn, how equen,
and with what unpleasant sensations do ladies otherwise
beautiful completely unsesed by that unseeny Disagreement
supe rnueus growth Of hair upon the face neck


ATKISSON'S DEPiLATORY has proved it.elfin thou
Instances that Fave under the rrorrstor oher
vssn be positive aud easy remedy for this unfortunate af
fiction


No cosmetic he. been hailed with The unvs cal salts
faction that accompanied the ntrodueionof invaiua
preparstien inle application 81 which viii in
moments entirely remove the hair leaving the ssn softer
finer, whittier, and rauch improvedin its appearance


II i mild harmless ~ nature thai u he used
anon an infant without the least deleerios effect.


In Of the increased demand FOR the articles the
nrourietor has appointed Mcssr GJIONS ise Rroadws,
New York General Agents for the United States Of Amerea
for the Depatory and Mshomeds Turkish Dye.


Country dealers will be supplied by them On the most reason
able terms. Price two dollars per bottle. n2oty",,Morning herald. [volume] (New York [N.Y.]) 1837-1840
1839-06-20,"90 THE Subscribers. Sole Propretors and Manufacturer
prepared execute with despatch all orders for their Tn
rvaed Patent Sweed Beam Windla-s Bedteads which
almost universally used being the best article yet
vented-combining ease, convenience and durability.


The ,ackns acted upon by the wndlas and wcled beam
made perfectly light and free from all liability sagg still eav
elasticity the which renders il particularly
and simple consacon the putting u takn,
down will be found OF but little trouble with thos.
Of other construction whilst the precision with which III,
component Pas fitted acts safeguard against the intro
duciion Of ANY kind Of vermin.


From the taken TO render each Bedsesd perfect the
qualities for durability will recommend them 20 purchaser
Who invited to call aud examine large assortment
aand.


Also large assortment OF elegant Furniture Mstae,
Feather Beds, &c. constantly on hand


wv. 4 sOUTHACK, No. 1876 Broadway,


iSlh franklin","PATENT wINDLAss.
B t. DIS f. A y.",Morning herald. [volume] (New York [N.Y.]) 1837-1840
1839-07-02,"VhOfesdfe ana heidu az NO. no NASSAU street, one


door db0Ue Ann.


Worms Worms, are infhby destroyed by usiag Shermans
Worm Lozenge They the greatest discovery made
and the only medicine that fails aRd pleasant
children may eat them as freely common peppermint.


Coughs Colds asthma tgtness Of the chest SUMPTION
Sc in almost incredible short time using
celebrated Cough Lozeagcs. They in
day They have cured within the last sx months
than all the Basam's Of L,verwort Horehound put to
geher They have cured great many cases. where hopes
were entertained Of recovery.


Bilious Complaints Shermans Caharc Lozenges par
tcuary adapted 20 bilious where active Cathre
is required They the best medicine and pleasant
as to be eaten as readily ordinary confectionery.


Heartburn and acidy Of the stomach dyspepsia Sc cured
by Shermans Soda LozeOges. They heartburn few
minutes, and afford astonishing relief TO d,speptics


Nervous SICK Hadach Immediately cured BY Sherman
Headache Lozenges They Paintings oppression Of the
chest, drowsnes sc. They highly refreshing those
tending large parties keeping the spirits and cheeruness
Ldrare Lozenges for Of cosve habits
70 the sedanary They Keep the bowels and after awhile
entirely obyiae this troublesome complaint.


Charcoal Lozerges for correcting the stomach and bowels


SarsdpariHa Losenges for Purifying the blood, &c.


Rheumatism LuD,bago pains and weakness in the back
lons, sides neck breast limbs joints SC cured by Shernan
Poor Mans Plaster 100000 of which yearly Sold
rantd superior To all other pasters and for only l2


Shcrmdns Tsefhing Plaster affords astonishing relief when
the back OF the neck Of children cutting their teeth
Liver Complaint aundcc, female obstruc tons Sc. cured
by oherman celebrated Roy epatn which has
within the last than all other remedies put
Their lswth difficulty the proprietor supply the ncreas
ing demand for this popular medicine.


NBA kinds Of medicine be had made INTO Lozenges
and rendered pleasant at 100 Nassau Also Peppermint
Rose and all other pleasant eating Lozenges, the greatest
variety in the world.


Ask for Shernan's Lozenges jeIe.y",INDICATED L0zENGES.,Morning herald. [volume] (New York [N.Y.]) 1837-1840
1839-07-02,"CELEBRATED BILIOUS PILLS,
NOR PURIFYING THE BLOOD AND CREATING
IL appetite-Thtse Pills, which emnently useful
for pains head stomach and bowels been before the
public for twenty years and well known that the pro-
preior deems unnecessary publish any Of the thousand
Certificates which be procured Of their efficacy from emi
nent physicians and Others


Dr. bavenports Celebrated Eye Water, which has been
Thoroughly for thirty years be mild safe and speedy
for Il, diseases of the eyes.


Sevsa that alulbc Itch Ointment prepared by Whea
and long he speedy for that oahseme
disease and for all kinds OF inri-. the skin


The above valuable medicines for sale in tins city by
Lawrence Reese Co, Duryee Cocksraf H. II. scheen
& Co, and Others


All orders directed to GEO. DIXON Dedham. Mass will
be promptly attended to. jei06m.
I,EMALE NOTWITHSTANDING HAIR


Nature DOUBTLESS originally intended the appearance Of
ladies be in accordance with their but how frequently
and with what unpleasant sensations do ladies' otherwise
beautiful completely unsexed by that unseemy dshgurement
a superfuous growth Of hair upon the face neck 7


ATKINSON'S DEPlLATORY has proved itself in thou
sands that under the propretors obser
vaen to be positive and easy remedy for this unfortunate al
fiction.


No cosmetic has been hailed with the sal sats
faction that has accompanied the introductono invalua
Bile preparation, application Of which will in few
entirely the hair, leaving the skin softer
finer whittier and much improyedin its appearance.


1t mild and harmless its nature, that il be used
apon infant without the least deleterious effect.


the demand for the articles the
proprietor has appointed Mess GUIONS ls9 Broadway
New York. General AgeR for the United States OF America
for the Depilaory and Mahomed's Turkish Dye.


Country dealers will be supplied BY them the
able terms. Price dollars per bottle. n22t","DOCTOR DAVENPORT's
CELEBRATED BILIOUS PILLS,",Morning herald. [volume] (New York [N.Y.]) 1837-1840
1839-07-02,"GENERAL OUTFITTING STORE,
Where Gentleman may procure every article for complete


Out.t OF the best quality,
No. 353 PEARL STREET, CORNER OF FRANKLIN


SQUARE, N. ""
Here the public ma, always procure
Fine goods in the Quitting line
And what is impor tant, be sure,
That untrng real will combine,
With skill in preparing each sort
As good as elsewhere be bought.
Here the steamboat and packet ship may
Their ready made linen procure
And prices most moderate pay
For articles we'll made and secure.
Here they will constantly keep
Every article belong ng to that class,
From the counterpart, blank ct and sheet
To the towel and cloth for your glass
Gentlemen also will fad
Their ready MAIDS linen complete,
From fabrics the best OF their kind
And made ap exceedingly neat.
Shirts, Under Shirts, Draw'rs, Belts and Hose
Handkerchief, Bosoms and Stocks,
While the skill that each article shows.
Brings customers crowling in nocks.
But he need not each item rehearse
The Suspender, the Collar the Glove
The Pantaloon Strap and the Purse,
Each fine as those mentioned above.
Linens, likewise, to order made
BY those who are known to excel,
And the very fair price that Is paid
Yields work that is always done we'll.
IT'S extremely convenient to know
Where ample assortment is found,
And at once there be able to 90
Without searching the city all round.
Also Vestng and Stock lengths. to suit purchasers
my2o3m",G. a. RrndbrO0I's,Morning herald. [volume] (New York [N.Y.]) 1837-1840
1839-11-15,"UNDER the Clinton Hall
Ryders ""A ned Boet sad shoe store is found,
In H. whoever may call,
Always finds assortment that's souod,
lie has boots Of materials the best
Ready made and 70 order likewise,
You have orSy TO give them the test
Delighted all he supplies
Each varied dsscripffo~ and kind.
Required by each seasons change.
Better boots you'll no where fad
Der the whoie icrn should you range;
or shses, too, he's Every sort
The walking and dancing psmps,
Made eqaAl the choicest wrought,
And not to be hurt ty fAamp-
Known far and NOR IL his n-me-
Each portion Of the Union tell
Ryders workmanship merits its fame.
Because Il !. AWAY. done weii-
Each material 10 chosen with care
Each Article flashed complete
Known never 10 rip Ind 10 wear
Much longer than many you meet
Diploma has been given him twice.
Nor can hrs WORK be surpassed,
sopsrfectly 6n,shed and nice
Thsiesther that leaves his lat;
Ryaers name Is spreading around
Each city and town Of our land, #N
Equal 20 the fssst yet found
The articles seat From his stand.
New ipspvovemsnf he's lately made,
Enhancing his cork sole boots, ""A. +
Where great skiA and taste are displayed;
You viii fns the cork cannot break,
Over sole leather II wrought
Ryders new invention wilf take
Keepincreasing the the custom he's sought OLD d.",,Morning herald. [volume] (New York [N.Y.]) 1837-1840
1839-11-20,"UNDER The Clinton Hall
Ryders ia ned Boot and Shoe store is found
In ii, whoever may call,
Always finds assortment that's sound,
He has boots oil materials the hest
Ready made. and 10 order likewise,
You have ordy to give them the test
Delighted are all he supplies
Each varied description and kind
Required BY each seasons change.
Better boots you'll where find
Ger the whole foWn should you range;
OF shses. too, he's every sort
The walking and dancing pumps
Made eqsal the choicest drought,
And not to be hurt by fhs'np-
Known far and nspr is his nsfne-
Each portion Of the Union tell
Ryders workmanship merits its fame
Because il 10 always done reL-
Each material is chosen with care
Each article flushed complete,
Known never to rip-,nd 10
Much longer than many you meet
Diploma has been ,iven him twice.
Nor his work be surpassed,
Soperectly finished and nice
The leather that leaves his last;
Ryaer's name is prsadng around
Each ci,y and town Of land,
Equal to the 6nesf yet found
The articles sen, Gom his stand.
New Improvement hes lately made,
Enhancing his cork sole boots,
Where great skill and taste displayed;
You will find the cork break,
Over its sole leather is wrought
Ryders new invention will take
Keepincreasng the the custom he's sought. ol9 d.",,Morning herald. [volume] (New York [N.Y.]) 1837-1840
1839-04-25,"GENERAL OUTFITTING STORE,
Where Gentleman every article for complete


Ou,it OF the best quality
No. 1853 PEARL STREET, CORNER OF FRANKLIN


SQUAE, N. Y.
Here the public may always procure
Fine goods in the Quitting line,
And what simportant, be sure
That untiring zeal will combine,
With skill in preparing each sort
As good as elsewhere can be bought.
Here the steamboat and packet ship may
Their ready made linen procure,
And prices most moderate pay
For articles well made and secure.
Mere they will constantly keep
Every article belonging to that class,
From the counterpane blanket and sheet
To the towel and cloth for your glass
Gentlemen also will isl


Their ready made linen complete,
From fabrics the best Of their KIND,
And made up exceedingly neat.
Shirts, Under Shirts, Drawrs Belts and Hose,
Handke rShiefs, Bosoms and Stocks,
While the skill that each article shows,
Brings customers crowding IN locks
Buthe need not each item rehearse,
The Suspender, the Collar, the Glove,
The Pantaleon Strap and the Purse,
Each fine as those mentioned above
Linens, likewise, to order are made
BY those who known TO excel,
And the very fair price that Is paid
Yields work that is always done we'll
IT'S extremely convenient to know
Where ample assortment IS found,
And at once there be able to 60
Without searching the city all round
Ae Nesting and Stock Satin lengths to suit purchaser
m29-tf",&. A. BrnslbrOOIx's,Morning herald. [volume] (New York [N.Y.]) 1837-1840
1839-04-25,"Co This Spanish proverb applies most exceently to
OF The New York HAIR OIL who making
noise By their grand compositions when they bald
heads themselves But PASTORS OIL only good Cor
every bod hair to destroy dandruf and prevent from
turnng grey but also excellent Oil to keep his air
equto any hair the world This Boosting intended for
the city Of New York where for the at sixteen years. have
been practising the hair cutting business but selling


great quantity Of oil for the country, want pat them
their guard against bald head fools that making every
body' hair grow except their A. PASTORS OIL has
been the produce Of ""a years experience For sale wholesale
and retail at l65 Greenwich ST., "". "" A. PASTOR


Price, so cent bottle, highly perftrned. als1n'",,Morning herald. [volume] (New York [N.Y.]) 1837-1840
1839-04-25,"New York, April 10Th, 1889.
Dr. Shenandoah SrI you many thank, for your in
valuable Cough Lozenge had suffered severely for
with distressing cough attended with pain IN the side
Sc pronounced by several physicians TO be in aconrm
ed consumption and be recovery heard OF your eele
braed Cough Lozesges and and purchased boxn two
days cough relieved and felt better and
two months time perfectly cured. had previously tried
all the different Basams of Hoehound Lverwort and pleuri
and all the different cough medicines that knew
heard Of and afforded relief until fortunately
sorted your Lozsrge To them through the blessing of
God life and restoration TO health Use this for the
benefit e who alike afflicted that they may know where
remedy be had that will when all others fail


Yours &c.


MARY DOUGLAS, Wavery Place.
Reader the above from hsndred of letter that have been
received from those wo have been cured by Sheman Cough
Lozenges. Have you consumption troublesome
slight cough directly LOG Nassau door above Ann
(thc o- Moderated Loxenge warehouse in Amcnca and get
box OF Dr. Shrman celebrated Cough Lozenges, and they
will you. .-.4s---.~


See that ""a SHERMAN NJ. D.nn The wrapper-such
the only genuine Cough Lozsnges Don't make mistake and
get any oher for your life and health at stake Several
thousand have been sold within the last few months,
curing where all other medicines failed.


NIB. DIR. Sherman is in daily attendance.


Remember the number l06 Nassau street. here be had
the greatest variety in the world wholesale and retail asy",COUGH LOZENGES.,Morning herald. [volume] (New York [N.Y.]) 1837-1840
1839-06-28,"GUNNER RETREAT.-The subscriber has taken the
- house formerly known the Bergen House, Bulls Ferry
miles from this city, where he Accommodate single
boaders and families with room' furnished or unurn'shed.
To those who would enjoy pare air and pleasant
racing fine view Of the city and Of the North River this
situation affords peculiar inducements The steamboat Orange
Scott plies from the foot Of Canal street. four tunes ady
Military companies aud clubs be we'll
with dinners SC. Charges moderate


ID. X BRANNEN.
ball is in readiness for cotllion aud other parties
and the steamboat will make trips for thsir
tion. je20-2weod'",,Morning herald. [volume] (New York [N.Y.]) 1837-1840
1839-09-28,"CHERMAN'S WORM LOZENGES Manv diseases
~ without Its oeng suspected Sometimes


troublesome cough pains in the joints limbs bleed


at the &c NC occasoned BY worms and will be
easily cured by using this celebrated medicine The following
SYMPTOMS Indicate the presence Of worms vzheadache,
tgo orpor disturbed dreams sleep broken off BY fright and
screaming commissions, evershness, thirst pad hue bad
the mouth offensive breath, cough difficult breathing
itching the pains in the stomach
voracy enesmu itching at the towards night
and at leng ! objections Of Aims and mucus.


Read what shsrman's Worm Lozepges have done-Mr
Johnson OF Maverly Place. child has been afflicted
with FITS and The Doctors thought with brain
Every thing lone TO help the child without effect until
Of sherman Worm Lozenges tried which to the
constituent Of ALL effected perfect in few days They
brought away ain incredible number Of which
brought immediate relief Ask for Shemans Worm LoEsnges
They the oy Worm Medicine that fails 10000 ia
miles used them vii the last year with uniform
Whol@sals and retail at los Nassau N "" au1y","WORMS! WORMS!


WORMS!",Morning herald. [volume] (New York [N.Y.]) 1837-1840
1839-08-06,"INOR THE FACE AND sKlN.-Church's Genuine vege.


table Lson recommended by the faculty for all diseases
OF the face and skin IL eradicaes tan imp frecke spots
redness- ring and all utaneous erupons gradually
axns delicate clear, of skin; the sal
low into rdant whtenes renders harsh and rough


kin beautifully son. smooth and even; impats to the face
neck and healthy and juvenile boom-and by due
perseverance its application the result will be beautiful
complexion This lotion exceeded BY other the world
suce say that has been used with great the
United States and West Indies without single comp of
it, efficacy. For sale Churcs Dispensary ISIS Bowery
Of Ssring 81 Price IS cents bottle y25 eodlm",,Morning herald. [volume] (New York [N.Y.]) 1837-1840
1839-05-28,"CUHUIAE.
TTNHIS medicine deervedy ranks with the most important


discoveries in physc and gives immediate relief in the
obstinate It's effect TO quiet heal strengthen
and perfectly regulate the stomach aud bowels and ass assist
Digestion Children teehing greatly benefited by the
of edicne keeps the bowels perfect order; and it
found excellent remedy in sickness Persons
roirg climates should provide themselves with bottle
this medicine that they may avoid the fear Of the above
complaints


For sale by j. Fay, Agent, at Minors Franklin House
Drug Store No 1893 Broadway, New York; III Bowcry; loo
Fulton street; and No. 800 Broadway.


NIB Every family, where there children, should have
bottle Of this Cordial hand See directions the bottle
certifcates &c. nv l6-lm'","MRS. x. KIDDER,S
CHOLERA MORBUs, DYSENTERY AND DIARRHG,A",Morning herald. [volume] (New York [N.Y.]) 1837-1840
1839-10-11,"Time 10 appearing midst HE marble columns,


Palaces, pillared domes, and costly flames,
A Temple, whose bright history in volumes ~


Il penn'd and hallowd in poetic strains;
But they care not, who trace its lofty seeming


For pen historic TIE poets Tyre
And who shall say in visionary dreaming


Our country's glory ever can expire
Even the mortal dust and buried ashes
OF ancient kingdoms unorgt t. abide;
And the Aurera Borealis flashes


OF their bright deeds, on times remotest tide XIII,
The gods Of Greece are falln, to whom obaues


In bloou was made by sword or flaming ire
But who shall say that our enlightened nation


In power, or wealth. or glory, can expire
Freedom awoke amidst her solemn caves,


And listening ears reyerberatiag thunder
Heard through the mountains and upon the waves


The old world started then with fear and wonder
Greece who had slept amidst the dust OF ages,
And fearless Poland, shook their chains in ire:
And France page turned in her book Of pages, ate
Oh, who shall say our glory can expire
VIVA, II the nations ring their fruitIess changes
And blood stained banners wave from castle walls,
And wars Wild vutsre in the circle ranges,
0lutting on ,ch till each successive falls
We will build up, despite the worlds alarms,


A. fabric, kings shall tremble to admire
With ne ace the euerdon Of our countrys arms,


Oh who shall say her glory can expire
What vision can discern the Babel height


OF tho proud dome which Time il firmly rearing,
Giving to Truth Imagination's flight,


AID vet no summit to hat domc appearingi
Age upon age may swell the worlds career


Death follow life ard son succeed to sire.
But who shall say, though kingdoms disappear,


Our country her glory can expire n.",Oar Country.,Morning herald. [volume] (New York [N.Y.]) 1837-1840
1839-06-25,"The steady this mornings and there has been no
further decline nce Saturday The troubles among the spe-
culators ceased for prices will certainly decline SUI


more before harvest home"" Intelligence from every Sec


ton continues to reach us the favorable appearance OF the
crops The husbandmen glad for their prospects were
yer better The great staples Of the North, South East and
West will be superabundant When the msaiherhg mas come
and gone the paaics will over and the prices eiuaized


Rash aud nornae specuaons produce certainly over
for and from the tendency and appe arance OF
things for much longer period The crops western New
York this than they have before for Ten to
fifteen years.


FROM Buffalo have received the annexed statement which
shows at glance the of the crops 1888 the
previous year. The table exhibits the quantity cleared on the",,Morning herald. [volume] (New York [N.Y.]) 1837-1840
1839-06-22,"| INV


- ANK NOTES 81 slmo every description exchanged at


- par small discount at the Citizens and Strangely
Exchange Office No 70 Wall street. where all kinds Of gold
aud silver bought and sold reasonable ters But tbs
most important Of thing else how the customers Of said
may avoid losing by unierct and doubtful bank notes,
gold and ver and also money he invested large
small sums that will draw per cent interest,"" and be perfectly
safe, aud interest paid quarterly and principal at days
notice. If required.


All information in money matters given gratis Bills of Er
change Foreign aud Bones ic Decota ed for small commits
sion; and Drafts aud Notes the principal commercial places
IN the Union collected reasonable terms Come and


80",LOVE YOUR NEIGHBoR AS YOURSELF.,Morning herald. [volume] (New York [N.Y.]) 1837-1840
1839-12-23,"Lets leave the du to pay their court
In falss and formal phrases,
The dancers TO the r cruel sport


OF tramp ing down the dsisss;
While we reheaf the blither plays


or chIldhood's merry msrsine,
Ere Innocence was spoiled by praise,


Or danped by FASHIONS scorning
When, only yet by wood birds taught,


Sweet music thou wouldst sing;
And, though to earth for ever caught,
Heaven was not gerry far we thought,


While upward we did swing.
Slipped through the hour.glass with its sand,
Are all those memehts sunuy;
Faded that baby fairy land


OF gold. and milk, and hsney;
But Time, that with lis sober rule


Will frolic spirits tether,
Hath only taught US 10 his sch 0ol


How close we cling together.
0 blest. when acting childheod's play


Such happy thoughts can bring!
Then is't not rare, my bright one, say,
From tagging dance and drowsy lay,


To turn aside and swing1","From the Gems Of Beauty, fer lslO.


The swing.",Morning herald.
1839-06-20,"Worms Worms infaby destroyed by usiag shermans
Worm Lozenges They the greatest discovery made,
and the only medicine that and pleasant that
children may them freely peppermint.


Coughs Colds .4sha OF the chest sumption,
&C. almost incredible short time by using Sherman
celebrated Cough Lozenges They
They have cured within the last months
than all the Basams Of Lwerwort, Herchound &c put TO
ger They have cured great many cases. where hopes
were entertained Of recovery.


Bilious Compaiys-Shermans Cahartc Loxenges par
tculay adapted bilious cases, where active CahAc
required They best medicine and pleasant
Heartburn and acdity Of the stomach dyspepsia &c. cured
BY Sherman Soda Loxenges They heartburn few
minutes and afford astonishing relief to dyspeptics


Nervous Sick Headach Immediately cured by Shcrmans
Headache Lozengcs They ntings oppression Of the
chest wness &C. They highly refreshing to those at
tending large parties keeping up the spirits and cheeuilness
Lrafue L0senges for Of cosve habits common
the sana They Keep the bowels open and after awhile
entirely obviate this troublesome complaint.


Charcoal Lozerges correcting the stomach and bowels
Sarsapariiia Lo<enges for purifying the blood. &c.


Rheunafis Lunbago pains and weakness in the bach,
lons sides neck breast limbs JOINTS &C. cured by Sherman
Poor Mans Plaster 100000 Of which yearly sold,
all other pastes and FOR only l1 cents
Sheans Tsehing Plaster affords astonishing relief when
the back Of the neck Of children cutting their teeth
Liper Complaint aundce, female obsructons &c. cured
BY sheras celebrated Ro, Hepane which has cured more
within the last than all other remedies put oge-
Their with difficulty the proprietor supply the increas
ing demand for this popular medicine.


BAN kinds Of medicine be had made INTO Lozenses
and pleasant O6 Nassau street Also Peppermint
Rose and ali other peasan, eating Lozengs, the greatest
variety in the world


Ash for Shermans Lozenges. jelg-y","McdiCased a.Ozemges,
Wholesale and Retail at No. log Nassau street, one
door dbope dnn.",Morning herald. [volume] (New York [N.Y.]) 1837-1840
1839-06-20,"GENERAL OUTFITTING STORE,
There Gentleman every article for complete


Outfit Of the best quality
10. 353 PEARL STREET, CORNER OF FRANKLIN


SQUARE, N. Y.
Here the public may always procure
Fine goods in the Quitting line,
And what simportsnt, be sure,
That untiring zeal will combine,
With skill in preparing each sort
As good as elsewhere be bought.
Here the steamboat and packet ship may
Their ready made linen procure
And prices most moderate pay


For articles well made and secure.
Here they will constantly keep
Every article belong 'ng to that class,
From The Counterpart, blanA ct and sheet
To the towel and cloth for your gisss.
Gentlemen also will find


Their ready made linen complete,
From fabrics the best Of their kind,
And made up exceedingly neat.
Shirts, Under Shirts, Draws, Belts and Hess,
Handkerehicfs, Bosoms and Stocks,
While the skill that each article shows,
Brings customers erowding in hocka
But he need not each item rehearse,
The suspender, the Collar, the Glove,
The Pantheon, Strap and The Purse,
Each fine - those mentioned above.
Linens, likewise, to order made
BY tiose who are knowa 10 excel,
And the very fair price that ""a paid
Yields work that llways doss we'll.
'Tis extremely convenient to Know
Where ample assortment is found,
AID at once there be able to 20
Without searching the city all round
Ass Vcshag and Stock Satns In lengths to suit
n20-1",,Morning herald. [volume] (New York [N.Y.]) 1837-1840
1839-11-21,"Later from Merico. Intelligence fror Metamo.
ras H. the st inst from rampco, to the 10Th nit and
the CITY of Mexico IL the Goth, has been received
Affairs were tranquil and business improving. Gen.
Lennes, the Federal leader, was in prison at Mata.
rnoras. Several deep laid conspirac'es against the
Central government had been discovered and many
persons arrested. The Mexicans still boast Of their
"" glorious victory"" over the Freach Few months
ago. aud how they whipped Admiral Baudin
Debt Paving Nation In the eastern cities, PEG.
pie cant pay their debts I'LL the Great Western
arrives. Az the west, not till the river rises


Diaboiicai Another attempt was made TO burn
Natchez ON the 9th inst.",,Morning herald. [volume] (New York [N.Y.]) 1837-1840
1839-11-21,"To th Perceive th't The loans have deeressd Thls
cons s chiefly stocks and real estate which
lised The shows decrease incident the causes
mentioned above at the time the liabilities derc.te.
aud circulation have increased Th inereases however al
tednt upon the receipt ofproduoe which coming for
ward. We perceive that the circulation increased very
nearly to the Of increase domestic bills which are
based on the produce evident from the following table =
receipts and values compared with tho items for the
period last year. II will b. perceived that although the
prices much this year. yet from the increased quss
the aggregate amount much larger


1882 upt November et 1892 present values and tls


receipt, last year at the then values;",,Morning herald. [volume] (New York [N.Y.]) 1837-1840
1839-09-28,"SEUARS. SEGARS.


""Let the topper delight in the bottle and glass


will seek net sis pleasures TO mar;


But there's nothing that can the enjoyment surpass,


or real Havana Segar.""- The Smokers Song.
OEIXASa at his established and popular stand 81 Cedar st.
- continues from his agent in Havana per every
arrival Segar Of the choicest and approved brands that
the market affords.


His stock hard comprises greater variety than
can be procured at any ether establishment in the city,
GLIDING the celebrated Extra Regaas Noreg Dos Amegos,
Victoria Unon Trarcas and Others which he has hest
aton in averrng superior any hitherto imported
Citizens and strangers requested to call at 50 Cedar
and judge for themselves. s23m-
GfMNASTIC EXCERCISES-W. FULLER respect
"" fully informs his pupils and the public in general that his
Gymnaums 2Os Greene and 80 Ann Streets have during the
thorough painting &C., and
open for the The therein well adap
for Of all and for preserving health and
atng the constitution, decidedly superior all others
Those troubled with dyspepsia rhumatsm, would find the
exercises Of the highly beneficial Aunor class
from to o'clock


Sparring and Fencing taught as usual .23 Wv","SEGARS. SEGAKS.
""Let the topper delight in the bottle and glass",Morning herald. [volume] (New York [N.Y.]) 1837-1840
1839-08-17,"O.. A. Brndb~0oIx,s
GENERAL OUTFITTING STORE,
Where Gentleman may procure every article for complies
lN Outfit Of the best quality,
No. SIS PEARL STREET, CORNER OF FRANKLIN


SQUARE. NY.
Here the public may always procure
Fine goods in the Quitting line.
Had what isimpertant, be sure,
That untiring zeal viii combine,
With skill in preparing each sort
As good az elsewhere can be bought.
Hers the steamboat and packet ship meg
Their rssdy made ,nes procure,
And prices most moderate pay


For articles well made and secure
Here they will constantly keep
Every article belonging to that class
From the counterpart, blank ct and sheet
To the towel ana cloth for your glass.
0entlenea also win fHA


Their ready made linen complete,
From fabrics the best Of their kind,
And made up exceedingly neat.
shirts Under Shirts Draw'rs, Belts and Hose,
Handkerchief, Besoms and Stocks,
Whns the skin that each article shows
Brings customers crowding in hocks
But he need net each item rehearse,
The Suspender, the Collar, the Glove
The Pantaleon, Strap and The Purse,
Zach fms a. those mentioned above
kiuens likewise, to order made
By those who known te exeei
And the very fair price thatn paad
Yields work that is always done well.
'xis extremely convenient to know
Where anyle assortment is found,
And at there be able to 60
Without searching the city all round
Ase vssting and Stock sans in lengths suit purchaser",,Morning herald. [volume] (New York [N.Y.]) 1837-1840
1839-11-14,"UNDER the Clinton Hall
Ryder's ""a ned Boot and Shoe store 10 found
In IL, whoever may call,
Away. huds an assortment that's I'D.
He has boots OF materials the hest
Ready made and to order likewise,
You have otAy TO give them the test
Delighted are all he supplies
Each varied description and kiod,
Required by each seasons change.
Better boots you'll no where find
Der the whole totcn should you range,
OF sheer. tao, he's every s-rt-
The walking aud dancing pumps,
Made eqsal the choicest rought,
And not to be hur. ~ hump
Known far and Is his nsms-
Each portion or the Union tell
Ryders workmanship merits its fame
Because il isawsys done reii--
Each material Is choscn with cove
Each article fnished complete
Known TO rip-,nd 10 wear
Much longer than many you meet
A Diploma has been ,iven him twice.
Nor can his work be surpassed,
ssperectly finished and nice
Theieather that leaves his lat
Ryders name Is spr aiding around
Each 81 y and town OF our land,
Equal 10 the finest yet found
The articles seat from his stand.
New tmyrscenrnf les lately made,
Enhancing his cork sole boots,
Where great skill aud taste displayed,
You will find the cot cannot break,
Over its sole leather Is wrought
Ryders new Invention will take
Keep increasing the the custom he's sought dig d.",,Morning herald. [volume] (New York [N.Y.]) 1837-1840
1839-12-05,"THESE important medical applications enjoyed for


time before they brought to general notice, high
The English metropolis by whom their valuable properties
vel, understood and fully Appreciated twas the stross
presentation OF those gentlemen that the propretor first
solved to enlarge the sphere of usefulness of bodies calculated
these uneSeonahy eject extended amount
Of relief diseases accidents affecting the exterior Of the
frame than any substances previously known, and they
are offered TO the entire population Of the United States with
the full conviction that they will be found the most useful and
valuable preparations submitted 10 public notice.


The Cerae-whch is IF peculiarly delicate the
sight and such and its original plain state equally Do1o
rous and Invested all prepared dC
ren combinations especially to the relief OF the vari
cutaneus and muscular diseases which have been proved
to yield 10 the influence Of its extraordinary power


The leading general properties OF these combinations their
smulsni absorbent and counterrrtan added to powerful
healing qualities, which necessarily exist different degrees
The notifications which they have been
adaptation to their intended The Linmen aud
Cctes thus prepared constitute respectively rapid and eaec
Lumbago, Ganduar swelngs many instances Of scrouou
Sores aud srene,, Yaws, Tunors Relaxed Sore Threats
Hopping Cough Group Sweed Face Gums, Nervous Head
ache Of Deafness external Inflammation ia all its
shapes Bos liberated aud other wounds Spains Cramps
sings Itch Craw craws Knr.wor scaldhead Groeers ch
Chblan Bunioas, Corns, Tender Feet Chgua Crab Ysw
Paralysis Of local character, scatica and TcdousureauH
As class Of society exempt from thc liability 10
other OF these attacks 10 every rank must such
powerful series Of simple but edeeua remedies be highly de-
,irablc.


The Prspretors give their solemn ance, that there
fact stated with respect the powers Of these substances


he inferred from the terms either Of the foregoing
sar the following directions which not fully estab
hed every class Of the private practice Of medic
Of great respecaby the metropos and that each Of
the preparations although eHecua remedial char
the highest degree innocent its entire
uoa and nav consequently, be used with perfect safety


Anxious avoid exaggerated needless tie
PROJECTORS abstain ros all further remark beyond the
sry rather fu detail Of instructions for the Il
remedies the particular which they ap
picabe fully assured that the best recommendation for the
general adoption Of the Cerats and Lnment will derived
the ear evidences Of their efficacy wherever be
had them for relief in any u tho disorders injuries above
enumerated.


The Royal British Cerates made up in all their raodi
cations IN boxes u four at 37t cents sd cents $3.50
and $3.50 cts each and the Lniment bottles of three
ground glass shoppers, 574 cents 80 and
each; the English stamps in all included Ly perns
Il the Honorable Com missioner Of Stamps Louion
and as security 70 purchasers in every part Of the world
their obtaining all times the genuine articles
stamp has engraved The and address of the pro
pistors sharp Company, lb3 Fleet street, counter
fsi which IL felony


The popreior satisfied OF the unbounded utility OF thes.
preparations Ia all classes Of the population have
Cor general especially for fanilie. resident IN n.
country removed from immediate aedcl advice
for schools nd other large esabs great number Of


different assortment embracing every variety of kind
winch kept state readiness all times They


also draw the attention parties resident IN seaport towns G
the fact, that tey have made similar upon
uable SCALE and In boxes adapted the
camille shpPns where the and excellent properties
these applications must Of nesmsbe value cure
Of the several diseases aud which sailors in
peculiar degree exposed Assorted chests cxpr sss,
prepared for plantation stores ia all foreign countries


important 10 observe that the Ceraes and Lninent will
or any length Of time and in all climates.


Prepared only by Sharp, West Co., 153 Fleet Street
DON the sole propreors and sod by them the r.
Medicine vesdcrs and round the metropolis By one
venders every The British Dominon BY estab
lished Agents in all parts Of the Usited States.


yoX ' ''''~''' "" asG Il""","rATRoSIzED BY FAmisY NOBILITY.
SHARP'S ROYAL BRITISH CERATES AND


rINIMENT",Morning herald. [volume] (New York [N.Y.]) 1837-1840
1839-12-05,". ,ENERAL PASSAGE OFFICE, ans Pee SLIP
VI For Cabin second Cabin and Steersee passengers and
England Ireland. Scozn and Wales BY the Of Lon
dom Liverpool Hull aud Bristol The Subscribers beg in.
form their friends and the public that they continue make
for bringing out passengers from all parts Of
Great Britain aud Ireland the most reasonable first
elias. American packet ships of which will leave Liver
pool every week throughout the sFrrg Of 1870


Tkey state that they have packets sailing regularly
from London Hull and Bristol sfodns those
siding the United States aud The Csnsds who wish send
for friends from any part c The Old Country oppor
tniy Of doing uch only be with this Office.
and their ia serp OIL who he's b. long and avorab
known connected with the New York Packets. viii
that the regularity be observed IN the runctuA Il
the ship. belonging this line which has secured Go them
preferences and shall prr-
Liverpool whose passag. has bea settled for with he
subscribers.


In all where those sent Cor decline coming III, passage
money rs,uned 10 the psrte. from whom received


Further particulars made known application f b, letter
post paid, watch will receive prompt attention, TO


W. T. TAPsCoTT ~ Peek slr,


n30 Inn next door 10 ISL South street. New YER.",,Morning herald. [volume] (New York [N.Y.]) 1837-1840
1839-06-03,"90 THE Subscribers Sole Proprietors and Manufac trers
prepared execute with despatch all orders for their IN
rvald Patent Sweed Beam Wndla.s Bedsteads which
NOW almost universally used being tbs best article as yet in
ventedcombinins ease, enience and durability.


The sackns acted upon by the windla and swcled beam
made perfectly light and free from ali Liability sagg, still leav
ing elasticity in the same, which renders ii particularly easy
and simple constructions the matter putting and taking
down will be oand Of little trouble in comparison with those
Of any other construction, whilst the precision with which the
component pa fitted safeguard against the intro
duction Of any Kind Of yermin FT


From the taken render each Bedstead perfect ther
qualities for durability will recommend them to purchasers
who invited to cali aad large assortment
aand.


Aso, large assortment of elegant Furnite Matrasse,
Feather Beds, Sc. constantly hand.


J.. w. &C SOUTHACK, No. 1876 Broadway,


ielkv franklin fIoass","PATENT WINDLAss.
B t. DIST IL A ID.",Morning herald. [volume] (New York [N.Y.]) 1837-1840
1839-05-21,"Or Compound Essential Oil Of AInaonGfv,


OR destroying dandruf and preventing hair corr


ing sst turning grey, prepared by ANTONIO PASTOR,
Hair Cutter, loo Greenwich street, New York.


This ninitable Oil has been the product Of twenty four
years OF experience and for the last sixteen years Of
New York. where have been practising Hair Cutting b
siness, and the public rely it, that A. PASTORS COM
POUND OIL is the wholessnes and best OIL for the hair
makes il thick and long prevents its falling or urnas
grey and even hair has begun grey such
also prevents hair IRON becoming shaded s.d hair oread
shaded which great disagreement young ladies, AID
used for short tne it will natural color clear
the ssur and keep the head cean promotes eyebrows
and whskers liberal discount made wholesale parcha
ssrs. A. PASTOR,


l65 Greenwich street, ~. Y.
Price, 80 cents bottle highly perfuned. my15-lms","A. PASTORS
HAIR OIL,",Morning herald. [volume] (New York [N.Y.]) 1837-1840
1839-10-16,"The Backs still gaining strength and specie flowing
.s the city; has received today from the South
and 5000 overeigns from Canada to Christmas Livingston
Co. At the stock board there demand for certain stock
on Philadelphia account which caused general RISE U .
Bank improved per cent stonngon per ceut Dry Dock
Bank per cent Mechanics Banking Association per cent
Ohio L. and T. per cent North American Trust and Bank
d per cent, KeBtucky per cent Harlem u per cent


We mentioned lately that certain clique who govern Inc
Bank Of Commerce, had with view TO excite panc passed


resolution refuse certified checks Of deposite on the
North Trust and Banking Co.. and also to demand
balances specie One Of the most intelligent OF me dec
tors Mr. Stephen Whitney who absent when 'ne reso


oa passed. has since made motion to scnu Inc
tion whch dsne, and has been restored


The by the Wall papers, in order to


excite the National Bank refused the bills Of the
new banks Dry Dock bank billsis nothing new Inc
National Bank has taken Dry Dock bills regularly since
ths blow up 1897 and taken The bills Of the ne""
banks.


IJnsurrent money remains about the same Eastern .
per cent Red Back per cent, Safety fund redetn
promptly by the State Bank at cent Philadelphia money
at 10 per cent also the bills of the Rhode Island banks they
having of their suspenson been thrown outoy
che Suffolk bank Money decidedly easier IN the street, An""
dealers unrammeled the old concerns oil
already taer clear although at loss Ihs sPseu
making the most desperate attempts by the crcua
ton OF rumours and other endeavours



has been conducted with some regard TO
the signs OF the tines comparatively The banks are
calm as morning"" and do not dream OF suspen
sion The State Bank not only strong ITSELF but has decar
ed its carry through the safely fund banks Other
banks Unexpectedly liberal in dscounng short mer
camille paper today Some few calls for specie have been
the Eas particularly from Rhode Island the banks
which suspended because they we're advised thereto y
persons under the plea that large amount
OF from the South; and by holding OUT
they would lose exchange 10 per cent I'm


edate susp. nsion they drew from New York S3oo
0OO this shows conspiracy the constant accession from
other quarters bias left accumulation IN amount some
Of the weaker already experienced the erhcen aid
Of the government through Mr. Hoyt, to sustain ten Inc
due by New the East much less than usual
arising from the fact which notorious that New YORK dd
no Southern spring. while Philadelphia and Ba
more did large The result that Eastern manu-
fcures which have usually been sold In New York, were
ent Philadelphia and sold by the Jobbers there The Eas
tern deb, was therefore, transferred from this city 10 Phade
Pha.


The following table will show tie comparative movements
f the banks from the time Of up to the commence
meat Of the present year. New York, Mary
land and United States Bank.","m NEY M Ar X 4 II.

",Morning herald. [volume] (New York [N.Y.]) 1837-1840
1839-10-16,"This shows that the regular business oil the three Sec
lions has nearly the but the New York banks nave
b.n lea, with the speculative policy South and
b,,, battered their condition by which is the diff
bstween decreased and decreased liabilities
The have gone behind hand their immed
ate mean. having than their immediate ab'


. The Baltimore banks show the same feature 10 great
r EXTENT but both sound compared with the condition Of
t United States Bank which nsstoa has now become 80
trammelIea with unavailable securities that she can no snger
20 en- Those banks which have followed her policy been
involved In her difficulties.


The New yorh banks have continued the policy evnccd by
the abov. statement their immediate re
source, and decrease immediate liabilities AID the posi-.
ton OF our city banks now compared with their condition
last spring. is fellows, according to the best authority;",,Morning herald. [volume] (New York [N.Y.]) 1837-1840
1839-07-10,"GENERAL OUTFITTING STORE,
Where Gentleman may procure every article coplets


Oulft Of the best quality,
TO- $50 PEARL STREET, CORNER OF FRANKLIN.


SQUARE, NJ
Here the public may always procure
Fine goods in the Outftting line,
And what is important, be sure,
That uniiring zeal will combine,
With skill in preparing each sort
As good as elsewhere can be bought.
Here the steamboat and packet ship may
Their ready made linen procure
And prices most moderate pay
For articles well made and secure.
Here they will constantly keep
Every article belonging to that class.
From the counterpart, blaaA ct and sheet
To the towel and cloth for your glass
Gentlemen also will fad
Their ready made linen complete,
From fabrics the best Of their kind
And made up exceedingly neat.
Shirts, Under Shirts Draw'rs, Belts and Hose
Handkerclriefs, Bosoms and Stocks
While the skill that each article shows
Brings customers crowding in nocks.
But he need net each item rehearse.
The Suspender, the Collar, the Glove
The fantaloon, Strap and the PURSE
Each fine a. those mentioned above.
Linens, likewise, to order are made
By those who are known 10 excel
And the very fair price that IS paid
Yields work that is always done well
IT'S extremely convenient to know
Where ample assortment is found,
And at there be able to go
Without searching the city all round
Also, Vesng and Stock Sans in lengths to suit purchasers
my29-3m",,Morning herald. [volume] (New York [N.Y.]) 1837-1840
1839-07-10,"% THE Subscrbers sole froprietors aud ManuaStureFs
prepared execute with despato all orders for their In
rvaAed Patent Swslled Beam Wndas Bedssads which
almost universally used being the best article in
vented-conbiuing ease, convenience and durability.


The acng acted upon by the wndass and sweed beam
made perfectly light and free from all liability still eav-
ing elasticity in the which renders particularly
and simple constructions the matter putting and taking
down will be found Of little trouble comparison Wit those
other construction whilst the precision with which the
component parts fitted acts safeguard against the intro
daction Of any! Kind of vermin.


From the taken render each Bedsead perfect their
qualities for durability will them 10 rurchasers
who invited 10 cali and examine large assortment now Oh
sand


Also large assortment Of elegant Furniture Mattresses
Feather Beds, Sc. constantly on hand.


w. 4 c SOUTHACK, No 1876 Broadway,


jel5y Frankn House","PATkNr WANDLAsn.
Is f. DSTE A ID.",Morning herald. [volume] (New York [N.Y.]) 1837-1840
1839-07-10,"TSEMALE NEUTRALITY-SUSPICIOUS. HAIR


Nature DOUBTLESS originally intended the appearance Of
ladies TO be in accordance with their but how frequently
and unpleasant sensations do ladies' otherwise
beautiful completely unsexed by that nnseemly Disagreement
asuper iuous growth of hair upon the face neck


ATKINSON'S DEPlLATORY has proved itselfin thou
sands of under the rropretor ober
positive and easy remedy for this unfortunate a
fiction.


No cosmetic been hailed with the sal satin
faction that has accompanied the ntrodueiopof inyaua
bic preparation application of which will in few
moments entirely the hair leaving the skin softer
finer winter and much improved in its appearance


Ii so mild and harmless in its that be used
spon an infant without the least dseterious effect.


of the increased demand for the articles, the
proprietor has appointed Messrs. GulONS lS9 Broadway
New York. General Agents for the United States of America
for the Depilatory and Mahomeds Turkish Dye.


Country will be supplied by them the
able terms. Price two dollars per bottle. n22.uy",,Morning herald. [volume] (New York [N.Y.]) 1837-1840
1839-04-05,"GENERAL OUTFITTING STORE,
Where Gentleman may every article Tor complete


Outfit Of the best quality,
No 3J3 PEARL STREET, CORNER OF FRANKLIN


SQUAE, N. Y.
Here the public may always procure
Fne goods in the Quitting line,
And what is Important be sure,
That untring real will combine
With skill in preparing each sort
As good as elsewhere can be bought.
Here the steamboat and packet ship may
Their ready made linen procure,
And prices most moderate pay
For articles well made and secure
Here they will constantly keep
Every article belonging to that class
From the counterpart, blanket and sheet
To the towel and cloth for your glass.
Gentlemen also will fsd


Their ready made linen complete,
From fabrics the best Of their kind,
And made up exceedingly neat
Shirts, Under Shirts, Draws Belts and Hose,
Handkerchief Bosoms and Stocks,
While the skill that each article shows,
Brags customers crowding IN hocks
Buthe need not each item rehearse,
The Smpender, the Collar, the Glove
The Pantalson, Strap and the Purse,
Each fine as those menticned above.
Linens likewise, to order are made
Ry those who known to excel,
And the very fair price that paid
Yields work that is always done well.
IT'S extremely convenient TO know
. Where ample assortment 10 found,
And at once there be able to go
Without searching the city all round
Also vesng and Stock satns lengths, to suit purchasers",,Morning herald. [volume] (New York [N.Y.]) 1837-1840
1839-04-20,"Last night presented singular display in the shape
ofa procession through principal streets, Of Lo-
cofocos, Democrats, Indonitables, Bait lenders,
fiveponters, rowdies, rgmaroles, rogues PickPoek-
ets gentlemen oafers, tag, rag and bobtail Of this
extraordinary city, in order to celebrate the recent
defeat Of the wings Soon after shutdown, the above
cnriously constituted corps mustered in the
rious wards and marched through the city to Canal
street, which was entirely filled with them. Flags
we're flying, children crying women running, guns
firing, fireworks fzzing, banners streaming, trum-
pets sounding, hHzzaing for half the night. Tar
barrels were piled in the streets and fred horses
startled; carriages and limbs broken, life


eopardized loaers gratifed, ladies frightened, sick
men made sicker, and drunkards filed with liquor
for four mortal hours From such another good
Lord deliver us until dosmsday.


1t was high night and jubilee for Bezebub; and
he gave ost good night for it. Old and young, mar
ried and single, turned out and joined the motley
crew; hundreds hurraed for ""Warian, that couldn't
spell his name and houses were Illuminated and BAN
ners hung therefron that have been wing head-quar
ters for years; even the old Knickerbosker, where
the grsa. Clay was .ns
banner on the topmost wall Oh but il a night
Of nights for the Locofocos; take II for all and ell
they'll look upon its like again Tallow candles
and rushlights were never In such requsition be-
fore and parchment was never effectually thump-
ed as upoa this special occasion. The locofocos is
sued their orders for MIR. Varan and their Aldermen
elect to assemble at Tammany Hall, to shake their
hands and to hear them shsut but as Mr. Parker &C.
cupied all the large rooms with Fancy Ball, the
Mayor elect and his friends stood on the stoop and
thanked the sovereign people for their applause.
They then ran home to be ready to thank them from
their respective dwellings. The mob of might and
majesty marched from one end of the city TO the
other shouting erfu psans the purity of cleo
tons and the perpetuity Of their trumphs their wind
Instruments and drums and flies filling up the inter-
walls to the tunes of Garry Owen"" ""See the Con-
quering Hero comes,'' ''We're the boys as fear
nose,"" Hurrah for the rowdies and rogues,"" and
other sentimental and scientific strains and at this
moment Gone o'clock in the morning Of Saturday,
they still marching and shouting, and firing guns,
and blowing trumpets, and putting off fireworks, and
playing the very devil


""Making night hideous with their boistereus mrth""","Preessaasa - Dus-Rnasss, !


Aarolon. &c.",Morning herald. [volume] (New York [N.Y.]) 1837-1840
1839-08-02,"0Ma ~
GENERAL OuTTITTING STORE,
Where Gentleman may procure every article LOT conpiess


Ouift Of the best quality,
70. asa PEARL STREET, CORNER OF FRANKLIN


SQUARE, N. Y.
Here the public may always procure
Fine goods in the Quitting liza
And what is important, be sure,
That uatirng zeal win combine,
With skill in preparing each se-t
A. good elsewhere can be bought.
Here the steamboat and packet ship may
Their resAy made linen procure,
And prices most moderate pay
For articles well made and secure
Here they will constantly keep
Every article belonging to that class,
From the counterpart, blanast and sheet
To the towel and cloth for your glass.
Gentlemea also will fad


Their ready made linen complete
From fabrics the best Of their kind,
And made up exceedingly neat.
Shirts, Under Shirts, Draw'rs, Belts and Hoe
Handkerchief, Bosoms and Stocks,
While the skill that each article shows
Brings customers crowding IN nOcks
Buthe need not each item reheape,
The Suspender, the Collar, the Glove
The Pantalson Strap and the Purse,
Each fine ~ those mentioned above
Linens, likewise, to order made
By those who known to excel
And the very fair price that paIa
Yields work that is always done we'll
IT'S extremely convenient to know
Where an ample assortment 10 found,
And at there be able to 20
Without searching the city all round
Also Nesting and Stock Satins in lengths 70 suit purchaser
my29-3m",,Morning herald. [volume] (New York [N.Y.]) 1837-1840
1839-08-02,"We care NOT what dull pIodders say


A COED SEGAR drives care away.


Old Song.


WE have chose the above coupt Of the old song the
wv heading Of this advertisement, from Urn conviction
Of its truth Having hand asortnsn 81 ae finest
Segars imported in N. United Sts.e and selected
pressy for this estabhn., toy agent Havana we feel
great confidence recommending them to friends and the
public The comprises tho ch ce and most Pps-
lar the Extra Noriega, La Normas Imperial
Tabuco Imprssa Camones, Premers Regatta the finest
sent to this country and imported expressly Tor private
use and others which all who appreciate the lax
ary of good segar Invited TO call and examine.


Remember that Sexa IS Cedar street. receives his segars
direct from Havana they selected exclusively for M with
greatest competent judge aud there IS other
place the city where and Others can obtain with
equal certainty the gensne and Havns 50 Cedar street
iY26-lm-","We care not what dull plodders say
A COED SEGAR drives care away.",Morning herald. [volume] (New York [N.Y.]) 1837-1840
1839-07-15,"Wholesale and Hefdu at NO. lOp NASSAU sfrfef, one


door above Ann.


Wo,ms Worms insbly destroyed BY us.r shermans
Worm Lorenge They the greatest discovery made
children may eat them as freely common peppermnt


Coughs Colds .4na tghtns 81 the chest, consumption,
&c cured IN almost incredible short time by sheran
ebraed Cough Lorenges They In
day They cured within the last months
than all he Baisam OF Liverwort, Herehound, &c put
geher They have cured great where hopes
were entertained cf recovery.


Bilious Caharc Lorenge. are par.
euary adapted bilious where sciive Cathsrc
u requred They the best medicine aud pleasant
20 be eaten readily ordinary confectionery.


,afbpn and acidy Of the stomach dyspepsia, &c cured
BY sherman Soda Lorenges They cure heartburn in few
minutes. and afford astonishing reefto dyspeptics


Nervous sck Headaeh Immediately cured by sherman
Headache Loyenees They fainngs oppression Of the
chest &c. They highly refreshing those
tending large parties keeping the spirits and cheeulnes


laxative I1xenges for persons OF costve habits
TO the seansry They keep the bowels open aud after awhile
entirely obviae this troublesome complaint.


Charcoal Jorerses for correcting the stomach and bowels
ssrsapar,iia Lorenges FOR purifying the blood. nc.


Rheunosm. Lumbaeo, pains and weakness in the back
on. sides neck breast limbs joints &c cured by sserman
Poor Mans Plaster 100000 of which yearly sold,
superior al other psssr' and for only i2


Skstans Teefhig Plaster affords astonishing relief when
back of the neck OF chsren cutting their teeth
Lire, Conpiaui iaundice female obsructon &c cured
BY Sherman Roy Hepane, which has cured
cases within the than all other remedies put tege
Their It's with difficulty the proprietor can supply the
ing demand for this popular medicine


NB-AIl Kind. o medicine be had made Lozenges
rendered pleasant at 06 Nassau street Also Peppermint
Rose ali other pleasant eating Lozenge the greatest
variety in the world


Ak for Shernass Lazenees jsle-y",INDICATED L0zENGES.,Morning herald. [volume] (New York [N.Y.]) 1837-1840
1839-07-15,"1LATEsT AND MOST IMPROVED PATENT TRUSS
fDUvHE attention OF those afflicted with Hernia called To
- Truss lately patented in The city Of New rorh lie
Superiority every other instrument will be evident on


inspection for unlike syy other Truss the rupture pad
pressed upon BY double spring which fired TO
necessary pressure the lower part Of the rupture pad
fhs keng pad closely applied every attitude % the
BODY adjusting and adapting itself under all circumstances
the person and 20 the part which to be APPLIED Pos
sesssc double spring and consequently double degree Of
elasticity n IL rendered and convenient 10 the
The above taken the place Of all Others for the
ranen retention and Of hernia rupture 10 almost
the only Trs. now in use the city % New York. and the
adjacent country The above Truss adjusted and applied BY
Sturgeon who has devoted particular attention 70 the subject
his .ce Ann street. Broadway two doors from the


r7-y",ID n. az q v 4 RVS,Morning herald. [volume] (New York [N.Y.]) 1837-1840
1839-07-15,"- Chamber street.
Hss preserved and disease prevented By (requst batks
OF ell The spjoyments that brigham path,
Lfeb current Il quckens by cleaning the pores,
And Loaf animation it most sweetly restores e
That the spirit may always be free and eate
The skin msst be kept in the healthisst STATE.
And often should feel the envsnius power
or . lakewarm lave and stirring shower.
When the wearied traveller, exhausted and worn,
Der rough rocky miles has been tediousy borne,
How soon will the raym bath his vigor revive
And he'll feel every faculty freshly alive
When, feversd by business, the iangushing brain
At once will its tone and its GOODNESS regain,
by the soft soothing influence the warm bath bestows,
And the mind feel new energy after repose.
To the ladies' compilations what bloom il bestows-
freshness that rivals the rich summer rose
And long will that freshness be sweetly displayed,
While revived by the dew Of Stoppan's Arcade
IT'S the heathest Of pleasures, and cheaply yields
The choicest refreshment that luxury feels;
And the quoted nerve and the strengthened frame
The exharent blessings Of bathing proclaim.
And where shall we find each convenience complete,
Soft water that's always at amplest heat,
White towels abundant and soap that Is pure
At the Arcade Bath-at Stoppani's sure.
These baths f the sides Of splendid saloon,
Where tables with choicest newspapers are strewn;
While the richest cordials and wines will diffuse
Pleasant thoughts DER the mind after reading the news
And beholdng the beautiful panoramic views
lyl2eodlw+ .Ns","sTOPPANPs
Al q Al x SAT ~ .,",Morning herald. [volume] (New York [N.Y.]) 1837-1840
1839-07-15,"NTIBLOs GARDEN AND NEW sALOON.-wIL
IN LIAM NIBLO respectfully announces that this Estab


lishuent is open for the SEASON


THIS EVENING, JULY. 10, 1889.
Twenyfr appearance Of the extraordinary Rayel Family
The highly talented company unden the direction Of GA
BRIEL RAVEL consists of Gabriel Ravel, Antoine Ravel
Jerome Rave FRANCHISE Ravcl Leon Javel Rave JOSEPH
Rave Fenelon Ravel Monsieur Carlo Monsieur Cheken ba
dame Jerome Madame Antoine Rasel Madame Chekeni Mad
emosele Elise Ravel.


Leader ofhe Orchestra for the Rave FamlySgnor Carlo
The Evenings entertainments will commence at o'clock,
with the astonishing performances of the Rave Family ON the
TIGHT ROPE. ~ Till .4 fE
After which the GLADAToRs.-Gah jerome, and An


tome Ravel
In the ntermon Of half hour between the entertain
men the Military Band will perform avorite selections Of
music


The entertainments conclude with the comic Panomime
Of L'UOMO ROSSO.


During the evenings entertainment two Overures by the
Orchestra


Civil and efficient Officers will be in attendance to
good order and prevent the admission Of improper
No posponemen any te visitors to the Garden can
pass the through the Grand Promenade to the Pro-
menade Saloon, free from damp wet at all tneA


Tcksts 30 cents.


Doors open at 1.-THE entertainments to commence at
O'Clock.


Omnibusses will and from the City Hotel to the Gar
den. during the eveoing lyl0-y",,Morning herald. [volume] (New York [N.Y.]) 1837-1840
1839-04-06,"90 TIL ESubscbers Sole Proprietors and Manufacturer,
are prepared execute with aespatch orders for their Ua
rivaed Patent Sweied Beam Winda.s BedsteaJ. which
almost universally used being the best article as yet IN
yeuted-combning ease, convenience and durability.


The sacng acted upon by the wndass and sweled beam
made perecy light and free from all liability TO sagg, s lerv
ing an elasticity the same which renders il particularly
simple construction the matter Of putting up and taking
down will be found Of but little trouble in with those
any other construction whilst the precision with which the
parts ars fitted acts safeguard against the intro
duction of amy Kind Of vermn.


From the taken reader each Bedsead perfect hei
qualities for durability will recommend them purchasers
who invited to half and eramde large assortmea
sand.


Also large assortment Of elegant Furniture Mattresses
Feather Beds, fRc. constantly on hand


J.w. c sOUTHACK, No. 1876 Broadway,
ill Erenklin TIouxe.","PATENT WINDLAss.
3 ED S II H. A ID.",Morning herald. [volume] (New York [N.Y.]) 1837-1840
1839-09-26,"CHEAP FUELn! 50 rs PER TON.-Superior Peach o.
~ chsrd Coal equal any sold the city, for sale at 16S
Monroe street. between Rutgers and Jeersonpurchasers
would do we'll 10 leave their orders Immediately the
tty on hand is small


Iose who purchase will be supplied during the winter
at the same price. sl7-lmt
TNlCKERBOCKER HALL. No. 10 Park Row.-The sub
IN scribrs having opened the above house the EURO
PEAN fLAN would respectfully inform their friends and s
pubic that they ready them In tyiU
mol TO be surpassed by any similar house this cys TINS
the lssnrie Of unrvalled market There hundvs
lodging rooms which airy newly furnished and pesS
order The Ordinary being the first noor spacious
convenient and well fushed and the tables shall always
supplied with all the variety the market affords served spty
experienced cooks.


The marked success which attended esablshmentsof
this KIND sufficient evidence Of their busnH
and travellers. .l Wv -


Gentlemen visiting the city will this most desirable ~
central situation being nearly Broadway fronting PaAs
and in short concentrates the elegance a and
ransory objects Of attraction and spendor with which New
York abounds EDSALL JONES.


N BFor the accommodates Of Travellers this house viii
De open at all hours Of the night alH


{gs- SECOND WARD HOTEL.-Next to the corner Z
Fulton street, Nassau street This well
having undergone thorough retng complete order
for the accommodation Of those who honor with them
patronage


There this house besides the lower which thrown
entirely public bar q large the
cond story ID feet by 25 well suited for the or
public meetings. together with several smaller adapted
the OF clubs Referees for the transaction Of other psv
business


Clubs and private parties accommodated with roo A. A.
species deicacy which the markets afford hosf
notice. (iell-yl EDMUND JONES' Pr0AretoY,",,Morning herald.
1839-06-17,"90 SECOND WARD HOTEL.-Nex, TO the corner I
Fulton street. in Nassau street This well known establishment
having undergone thorough reng in complete order
for the accommodation Of those who may honor with their
patronage.


There this house besides the lower thrown
entirely open public bar ROOM large upon the
eond story By well suited for the accommodation Of
public meetings. together with several smaller adapted to
the referees for the transaction Of other rva's
business


Clubs and private parties accommodated with and
be furnished with dinners supPers composed Of every
species Of game decacy which the markets afford at short
notice [jell-yl EDMUND JONES, Proprietor
TNCKERBOCkER HALL. No. 10 Park Row-The sub
N scribers havsg opened the above house the EURO
PEAN PLAN would respectfully inform their friends and the
public that they ready accommodate them IN asyie
be surpassed by similar house In this city Thu
house will always be furnished with every and all
IN. lsxsrs Of unrvaled market There hundred
lodging rooms which airy newly Furnished and in perfect
order The Ordinary being the first oor spacious seat
convenient and well funhed and the tables shall always be
supplied with all the variety the market affords, served up BY
experienced cooks.


The marked success which has attended establishments Of
this kind evidence Of their adoption 10 both business
and travellers.


Gentlemen visiting the city, will find this most desirable and
central situation being nearly Broadway fronting the Park
and shsr the beauty and elegance Of local aud
ransory offsets of attraction and Pendor with which New
York abounds. EDSALL JONES.


NB-For the accommodation Of Trsvsllers this house will
n, amen Al ali hour. Of the night al.G",,Morning herald. [volume] (New York [N.Y.]) 1837-1840
1839-08-24,"Several Of oueadng goods dealers actively engaged
in selling goods the Southern merchants in this CITY
There much Southern business doing any period
last .prng, aud has given healthy action to trade IS
anticipated that very fair business will be done the ensuing
fall.


Domestic cotton goods from twelve to- fifteen Per cent
below the prices Of last spring and there large stocks all
the The inactive state of trade throughout June
and July and the working full time of the mills has caused
great accumulation Of domestics Of evry description fair
demand exists but the supplies will equal the
consumption and therefore the prices will not advaace


Prices Of domestic woen goods very low and of
tea high and in the manufactures are not all
working full time. Wool selling at prices ranging fron 80
to go cents and cannot afford these prices
while the goods low they now. Prices Of the
manufactured article must advance.


Foreign wollen merchandise high and the prices Of last
spring well maintained The stocks fair aud the orders
for this fall business large Every packet brings large
supply.


II the grain crops England prove short better demand


will exist for both foreign and domestic woen goods The
imports will be heavier and working people be actively
employed Cotton mills will also increase and great staple
will be homs and then again shall pay England
grain for making the cotton into ine prints revolu
on the point Of taking place commercial relations
with Europe.",Cotton and Wooden NIanufactures.,Morning herald. [volume] (New York [N.Y.]) 1837-1840
1839-05-04,"The southern trade may be said to be over for the
ina Ssn g during the pr.
which trad. has however received gs.. accession from
other quarters and the aggregate sales in tins line VIII esn,
without doubt per cent than last sprisg In cone-
quenc Of the difficulties with the southern banks and hs coz


nued high Of exchange orders have mel oeea
pected from that quarter goods therefore fact
which leads anticipate large fall trade from all
Southern beginning to discover that prompt pay
are the whole the best policy The question NOV
longer with merchant sa man rehf but
Corn Trade,


Russia Poland have stood and do stand
in the grain There country the face Of
the globe produced such quantities those
two Last wear these Unea States osk start and were
nearly able 10 compete with Russia in point of eheapncss-n
TRUTH could have done had not been for the foolish
eroaLng tales sent forth This year. however the productions
from all learn and all admit its TRUTH will be remeR
dous The capabilities of this country for the growth OF
breadsus fully equal to either Russia Poland the only
difference in the labor The condition Of those countries is
such, that draw comparison agrcul-
turs and those of Russia all we shall say that the labor
this shall be able the anticipated large
productions in this country compete very successfully the
En- / md.


There can be no doubt but that Great Britain will require
supple. from other countries hereafter Agricultural skill
does not increase Ireland doe. the industry the people,
sufficiently rapid to keep pace with the augmentation of
sumption throughout the Kingdom and therefore, make up
the deficiency they will be compelled call other nations
for Of two TO three million quarters Of grain,
less every And them again. South America and the West
Indies want increased quantity meet their consumption
which will have to be obtained either Russia and Poland
from the United States.


From these remarks the question which country
best supply Great Britain, South America, and the West
Indes1


To answer will 70 facts In 1885, the growth of
this country immeneso large that the specuaiors have
found il impossible control the longer prices
tumbng down. supposed that the surplus alone
Is sufficient to meet the consumption till after harvest


long tme notwithstanding the experts have increased
hundred thousand barrels and the consumption
DOUBLE if not treble, that quantity To-day Genesce
descriptions declined twenty-five cents barrel and south
ern kinds in the ratio. Flour is pouring in
mnch faster than was anticipated particularly from the SOUTH
that dealers begin grow frightened, and anxious to
sell at still lower II hard obtain S762t fer the
is every mart farmers have commenced push
ing forward their supplies Prices all the country
from 25 to 50 which lower than they have been
for These facts inconestible and plainly
show what the growth of 1888 Now the question
what the prospects Of the forthcoming crop We have
made extensive inquiries the subject and
with whom have conversed unanimous in saving
comes The farmers have sowed seed aud have
paid marked attention 10 its cultivation Grain pays them
beter SAFE and hence their agricultural industry. Ia
and Maine the bountes have had sensible effect
and tend TO increase in those sections rapidly
Michigan last year for the first time able export from fifty
to hundred thousand barrels Of -four and this will
exceed that quantity Ohio and the Western States have and
will produce and every Tie Southern States
have recently turned their attention particularly grain
and will raise large quantities. than enough for their
consumption The gram fields Long Island and throughout
this State appearance and the general
belief is that the increase the production the country
will exceed five hundred thousand barrels.


Frcm the above will leave the conclusion the reade
1t certainly must be palpabe to every",,Morning herald. [volume] (New York [N.Y.]) 1837-1840
1839-11-14,"ID HEUMATISM. RHEUMATISM! RHEUMATISM.
N -BURNETT'S Rheumatic Mixture and Vegetable
Syrup have pDved from the authenticated Of FIVE


thousand the only known remedy for acute aud chro
mic Rheumatism in the world; also for white dwellings, govt
sprans bruises numsne and stee Of the joints umbago
weakness Of the back knee JOINTS from too rapid growth Of the
body In dyspepsia emacaton whether from cough liver
plaint mercura diseases female Irregularities scroula 6
any other diseases


BurneV getsbe Syrup has been found the greatest siren
heser and puryer discovered In TRUTH has chered
the friends Of thousands who, but for its sole agency would
have gone that from whence return Prepared
and for sale by L. Burnett Hsrwi III Bowery Alss
Tor sale by A. D. Sands 10 and 100 Fulton street. and
the pc fumery store 81 Canal street Mrs. Booth 80 Fulton
street Brooklyn and Thomson, North I'd stree, Williams
burgh. o92-3m",d HEUMA TIsM! RHEUMATISM! RHEUMATISM,Morning herald. [volume] (New York [N.Y.]) 1837-1840
1839-11-14,"Corner OF FULTON AM Broadway, Entrance Futon)
NLlREHUGH, HAIR CUTTER, has Just completed arran.
~ gem n,s with Of ,e FIRST houses London
receive the first specimens Of fashion
ed Tor the season. that they will appear New York simu
taneously with those OF London and Paris.


Newt 70 the advantage OF having fine head Of hair is the
Importance Of having well cut and in this branch Of his
ciirehugh stands pre-emnent. His sysem Of cutting
hair a desideratum BY which its luYurance and
beauty rendered truly ornamental The desi and
icn differ entrelp from the usual practice ,I cutting
adopted here also the expedition and genteBes with which
the operation performed The first artists in London and
Paris acknowledged its utility and adopt in their prsc


ce By the beas monde ii has been dnominated scen6
art and whether for the Pulpit the OAR the Senate the
Stage its elegant and classic will add dignity and
grace 10 the whole contour OF Ia fefe Humane


The patronage already extended him since the ntrodue


oil system and the natteng encomiums pronounced BY
all Who under the magic Of his touch
induces him 10 invite all gentlemen who either study personal
appearance the auremen fashion. place their hair
der his charge assured that trial will prove his superiority
all other competitors.","GALLERY OF FAsHION, FOR
HAIR CUTTING. &c",Morning herald. [volume] (New York [N.Y.]) 1837-1840
1839-06-17,"90 SECOND WARD HOTEL.-Next to the corner
Fulton in Nassau street This well known establishment
having undergone thorough reftng complete order
for the accommodation OF those who may honor with their
patronage.


There house. besides the lower story which thrown
entirely open public bar large upon the Sc
eond story By well suited for the accommodation Of
public meetings. together with several smaller adapted
the clubs Referees for the transaction Of other private
business.


Clubs and private parties accommodated with and
may be furnished with dinners suppers composed Of every
species game decacy which the markets afford at short
notice. Ijell-yl EDMUND JONES, Proprietor
TNCKERBOCKER HALL. No. 10 Park Row--The sub
N scrbers having opened the above house ON the EURO
PEAN rLAN would respectfully inform their friends and the
public that they ready To accommodate them IN ayle
to be surpassed by similar house In this city Thu,
will be furnished with every convenience, and all
tn. Isxsres Of unvaled market There hundred
lodging which airy newly furnished and in perfect
order The Ordinary being the first noor spacious neat
convenient and well Tushed and the tables shall always be
supplied with all the variety the market affords, served BY
experienced cooks.


The marked which has attended establishments Of
this kind sufficient evidence Of their adoption 10 both business
and travellers.


Gentlemen visiting city, will find this most desirable and
central situation bcng nearly Broadway fronting the Park
and Short concentrates the beauty and elegance OF local aud
ransoy offsets of attraction and sPendor with which New
York abounds. EDSALL JONES.


NB-For the accommodation Of Trsvsllers this house will
he onen A All hour, Of the night al.n",,Morning herald. [volume] (New York [N.Y.]) 1837-1840
1839-05-23,"TNCKERBOCKER HALL. No. 10 Park Row-The sab
n criber having opened the above house the EURO
PEAN PLAN would respectfully inform their friends and the
public that they ready to accommodate them style
70 be surpassed by similar house in this city THIS
house will always be furnished with every convenience and all
the lsxures market There hundred
lodging rooms which airy, newly Furnished and in perfect
order The Ordinary being the first aoor spacious neat
convenient and well funshed and the tables shall always be
supplied with all the variety the market affords, served up BY
experienced cooks.


The marked success which attended establishments Of


this kind sufficient evidence Of their adoption both Burmese
and travellers.


Gentlemen visiting the city, will find this most desirable and
central situation being nearly Broadway fronting the Park
and in short the beauty and eegs Of local aud
transory objects Of attraction and spendor h which New
York abomds EDSAL j. x JONES'


B-Fer the accommodation Of Travellers this house viii
be open at all hours Of the night alG",,Morning herald. [volume] (New York [N.Y.]) 1837-1840
1839-05-23,"CALAMANDER WORKS, Ne - Canaoa street.-The


this establishment invites the particular at
tsnon Of prepreors ofnsces Of different kinds iron foaa
ders engineers masons builders CHEMISTS nasufacturers and
Others who require great heat the articles made BY him.
consisting principally of Fire Bricks of all descriptions and
shapes warranted equal to the celebrated sosrbrdge bricks
Tiles Of various kinds and green
CRATES Innings for stoves fire ceaent Portable Fsrna-
ses superior any Others Flint Stone Ware for
rastedt resist the action Of acids &c &c large
sortment Of ess articles kept constantly hand and
likewise made order at the shortest notice all Of which
offered for sale the most reasonable terms


~lb-su. N. LIE FOULON, Proprietor.",,Morning herald. [volume] (New York [N.Y.]) 1837-1840
1839-12-24,"The subscriber offers for sale the wine vaults corner Of
Broadway aud Chambers street. choice collection u Wines,
xc selected tor city sales y competent and experienced
udges from the best yntayes Of Europe among which
sparkling Champagne Wines Of Lambert Co. varous
other choice brands.


Old Madeira London Pale, Brown and Gold Sherry and
Port Wines Of choice vntages wood and glass, Of
which have been bottled for expressly for private
Choice Brandy Otard, Dupuy Co.."" and other brands
Holland Gin, superior flavor Old Jamaica Rum Irish and
Scotch Whiskey "" Real Mountain Dew.n


London Porter and Brown Stout Burton and Scotch As.
by the ca-k dozen.


EDWARD r. ROBINSON
Commission Wine Merchant. Granite Buildinps corner","OLD AND CHOICE
WINES RRANDTES &c",Morning herald.
1839-08-15,"TNlCKERBOCxER HALL. No. 10 Park Row.--1he subj
N scrbers having opened the above house the EURO
PEAN PLAN would respectfully inform their friends and The
public that they ready accommodate them in ass
to be surpassed by any similar house in this city n
will always be furnished with every convenience and all
the lsxures Of unrivsed market There hsndro6
lodging rooms which airy newly furnished, and in Perseee
order The Ordinary being the first noo spac'ous nea
supplied with all the variety the market affords, served uPty
experienced cooks.


The marked which has attended estabhmentscI q
this kind suceat evidence Of their adoption to both business
and travellers


Gentlemen visiting the city, wll find this most desirable are
central situation, being nearly Broadway fronting the Par
and short the beauty and elegance Of local and
transtoy objects Of attraction and spendcr with which New
York abounds. EDSALL JONES.


NJ B-For the accommodated Of Travellers, this house will
\. omen al All honrs or the night al-6",,Morning herald.
1839-10-02,"INLETCHER'S HEALING sALvE.-This inv aluable oint.


ment has been we'll known in Edinburgh and its vicinity
under the above appellaon for than hundred years
and there to this stands perfectly uuvaled cooling
soteniny cleansing aud healing ointment for wounds burn
ulcers breast. chideas scsd heads salt rheam and all
ulcers and crofa trainings, has many wonderful
cures IN the irst often when considered and where
surgical operation deemed necessary W. Elder li0 Leo
uard st eet o. White shoe store, ~ Bowery r. Dykes gro
GER 29 Hudson street, and r. alker shoe store Ito
wch are the ony sgcats for the city Price si box
each enclosed IN wrapper with printed directions for
sgned by the proprietor,


oil Inns ANDREW FLETCHER",,Morning herald. [volume] (New York [N.Y.]) 1837-1840
1839-07-08,"UsT RECEIVED FROM INDIA, fOUNGS INDIA
HAIR RESTORER-Ths iny aluable article, consisting
decocon made from tropical herbs has Just been received


for the first time from India where the natives Of the interior
districts in the habit of using neyeriaiing remedy
against the decay OF the haand accident discovered lis
cEc rse 10 the proprietor who has since tested its merit by
the decided All ages and both with
perfect security In ONE TWO applications i stops the


falling off Of the hair W destroying disease couneracts ~
ecaey aud mpa the necessary ygor and strength Tor max
ing the fine mpercepible hair down grow with un~oned
luxariance.


Sold at SMITH DE JONGH, No 39 Pearl street, at 81
per bottle, with dire ctions how use II. y22w+",,Morning herald. [volume] (New York [N.Y.]) 1837-1840
1839-07-08,"GUNNER RETREAT.-The subscriber has taken the
- hosse formerly known the Bergen House. at Bul Ferry,
sx miles from this city, where he accommodate single
boader and families with rooms furnhed or unfunished


who would enjoy pare air and pleasant scenery,
embracing fine view u the city and Of the North River. this
situation affords peculiar inducements The steamboat Orange,
Scott plies from the foot Of Canal street four times adsy


Military companies aud boat clubs be well accommodated
with dinners, SC Charges moderate


ball il in readiness for coion and other parties,
and the steamboat will trip, for their accommoda
ton. Ie2V-2weod-",,Morning herald. [volume] (New York [N.Y.]) 1837-1840
1839-07-08,"II MCKERBOCkER HALL. No. 10 Park Row.-Tfe subj
N .crber having opened the above house ON the EURO
PEAN FLA would ctfully inform their friends and The
public that they now ready them astyls
10 be surpassed by any similar house in this city. IN
house will always be furnished with convenience and all
the lssues unrivalled market There hundred
lodging rooms which airy newly furnished and perfect
order The Ordinary being the first floor spacious neat
convenient and well funished and the tables shall always be


supplied with all the variety the market affords, served By
experienced cooks.


The marked success which has attended establishments Of
this kind sufficient evidence Of tseir adoption to both business
and travellers.


Gentlemen visiting the city, viii find this most desirable and
central situation being nearly Broadway fronting the Paris
and In short the beauty and elegance 81 local aud
ranory objects Of attraction snd splendor with which New
York abounds. EDSALL JONES'


B-For the accommodated Of Travellers, this house will
he omen al all hosr. Of the night. al.6",,Morning herald. [volume] (New York [N.Y.]) 1837-1840
1839-12-18,", GENERAL PASSAGE OFFICE, AIS PECx SLIP
NJ For Cabin second Cabs and Steerge passengers and
RON England Ireland Scotland and wales BY the way Of Lon
dom Liverpool Hull and Bristol The subsbers beg
form their friends aid the public that they continue 10 make
for bringing out passengers from all parts
Great Britain and ireland the able first
class American packet ships cf which will leave Liver
pool every week throughout the spring of 1870.


They bee 10 state that they have packets sailing regularly
froLopdon Hull and Bristol aaordng those persons
siding the United States and The Cansda. who wish send
for their friends from any part Of the Old Country oppcr
tuniy OF doing such only Be met with ~ this cce
and their agent in Lverp OIL who has been long and favob
known connected with the New York Packets will
that the regularity be observed in the puncua sailing q
preference heretofore and that deteston shall per-
Liverpool whose passage has bees settled Tor with the
subscribers.


Ia all cases where those Ger decline coming the passage
money returned the parties from whom II received
Farther particulars made known application ~ BY letter
post paid which will receive prompt sttentios) 10


WI r. TAPsCOTT, ~ Peek slip,
nso I'm nest door 81 81 South street New York.",,Morning herald. [volume] (New York [N.Y.]) 1837-1840
1839-06-28,"JUNE 2.-A Nautical Robbery William Water
man, a seaman, and John Makegg, the second mate
of the brig Ashley were brought up and charged with
breaking open several packages Of dry goods, which
were part Of the cargo Of the brig Ashley, whilst
lying in the port of Charleston.


Jsiias Pike stated that he was the master Of the
vessel, and that the goods in question were part of
consignment which were returned from Charleston
unfit for that market. Having some suspicion
that the packages had been opened caused gene
raj search to be made throughout the vessel and
two prisoners The proof being conclusive, they
were both committed.",,Morning herald.
1839-06-28,"RroT AT CAMDEN, MArsE.-An effort was made
last week to enforce the militia laws at Camden,
when large mob collected, got out a swivel, six
FOUNDER, and armed beside with small arms, not
only resisted the officer in the execution Of his du-
ties, but took his writs from him. tore them up, and
bestowed much personal abuse and injury upon him,
peltingshim with stones eggs, &c They threaten TO
resist every attempt ~ whomsoever made, to sus-
tain the execution Of the military lawand say that
they have large number combined in Camden and
the adjoining towns. for that purpose. Governor
Fairfield was applied TO, for military assistance TO
put down the rioters.",,Morning herald.
1839-05-01,"An immense crowd Of fashionables attended at the
Middle Dutch Church yesterday to hear John GUM
ey Adams deliver an Grafton on the above occasion.
The ladies were remarkably handsome and well
dressed and half filled the body the church. The
galleries and asles crowded almost to sufoca-
ton. About IL o'clock the venerable Ex-Prssi-
dent, accompanied by Gen Scott and staff, and lew
civilians mounted the platform, took seats in semi
circle, and the performances commenced with very
long prayer by the Rev. DIR. Knox. The ladies'
seemed very impatient and DESTROYS of hearing the
""Amen."" The Rev. DIR. touched upon the Maine
War, and although Gen. Scott present, he pray
ed that we might never have occasion for soldiers
again, and that all questions like the Maine war,
night hereafter be settled with the pen and not with
the sword. At the conclusion of the prayer, the
choir sung the following","sssni-C enssnsaial Celekrssisn q WashhnS-


s,u,. InauguFati0D.",Morning herald. [volume] (New York [N.Y.]) 1837-1840
1839-09-24,"90 THE Subscribers Sole Proprictors aud
prepared execute with despatch all orders for their
vaued Patent sw-ed Beam Windlas Bedsteads, which
almost universally used being the best article yet
yented-c- mninns ease, and durability.


The sackag acted upon by the windla and elled beam
made perfectly light and free from all liability 10 saQg still eav
ing elasticity in the same which renders particularly
aud simple in constructions the matter Of putting up aud taking
down viii be found fbut little trouble In comparison with hos
o any other constructions whilst the precision with which th
component paris fitted safeguard against the intro
ducfion of any kind Of vermin.


From the taken render each Bedstead perfect
Qualities for durability will recommend them 10 purchaers
who invited 20 cali and examine large assortment
aand .H.


Also large assortment Of elegant Furniture, Mattrasse
Feather Beds, &c. constantly on hand


J. w C sOUTHACK, No. l06 Broadway,


cisy Frankip House","A. PASTORS
HAIR OIL.

PATENT WINDLAsS.
3 T. DIS II f. A ID.",Morning herald. [volume] (New York [N.Y.]) 1837-1840
1839-06-28,"The market steady this morning. and there has been
further decline snce Saturday The troubles among the sr
cuators have ceased for prices will certainly decline still
before harvest bone"" Intelligence from every
ton continues reach US Of the favorable Of the
crops The husbandmcn glad for their prospects
better The great staples Of the North, SOUTH East aud
West will be REDUNDANT When the ingather,ng has
gone the paaics will be over, the prices
Rash and nordnate specuatons produce certainly


FOR tweve-monh aud from the tendency and app
things longer period The crops New
York look better s than they have before for
fifteen Years.


FROM Buffalo have received the annexed statement which
shows glance the increase OF the crops 1888
previous year. The table exhibits the quantity cleared the
lrial fr,.n thaici fnrih -",Corn Trade.,Morning herald. [volume] (New York [N.Y.]) 1837-1840
1839-06-28,"OF the and bills discounted there due Of the
state SASH 2l3 60 and payable in the state sat
OF the circulation there h. by the banks $3.50 276 49, and
in the hands Of the public 53s g. BY comparing the
above with the made the Sd ut find that the
circulation STA 2s-the specie augmented
S2ls76 e5 the deposts including dividends unpaid have
been increased and the loans and discounts reduced
SAT ST. 65.


The commercial and monetary affairs Of country
before perhaps such interesting and singular
condition they The wild and unhoy transactions
the spectators have been checked in mid by the
uar and healthy Of After the terrible and
rev OF clique Of Spectators mers and
the like, commenced monoPoxing all the grain upon which
they could lay their hands This gradually increased and
banded ill., with the aid OF banking capital they begun the
monopoly Of grain, pork cotton, lead and butter This bust
enlarged much nearly every bank
New York Ohio together with the State AID Exchange
Of this city, engaged in furnishing to carry
the trade year and more, hey up the price OF
every description Of produce height bat the
OF will greater and terrible revul
among them than before known The great dis
rupon commercial world in 1886 and 1897 created
b, extensive trading and TIE action Of the Bank OF Eng
land in throwing disced American bills drawing back
this country her Golfers immense Of bull.
ion


The rcvuson which will certainly visit portion Of the
United States months have passed. will be entirely Of
different from that Of 1885, II will be brought
BY superior and greater power than that which created the
rcs troubles three since and that and win
regulate the mercantile transactions Of the whole world and
place them and solid foundation There black
cloud the horizon that size every day. and
at threatening aspect II hovers this country
lit extends the entire States Of Ohio and New York and
its occasional mu,erings alread, heard


There at this moment upwards Of $500 900 900 in
produce fall descriptions Of the old crop held by these





very high and since bought they have declined fall, Is
per average Thus already the holders have expe
rrpced loss of Had the, let the four grain and
market in regular and BY the aid OF
banking facilities kept locked m their warehouses;, there
would the black speck which plainly vis
bic from Wall street Coenties slip and throughout the south
and Nor would the cotton trade be in such condition
for bread,tus would have been shipped Eng aud
that country regulated and placed in better
position Coin would continent Cor
grain had the prices of breadsss the United been
down 10 their proper level But is the Bank Of
has raised the Of interest,"" thrown discea America
securities and therefore depressed the Market
dernent Of all the Southern banking Institutions Conss.
queny the close business has with ano
Our banks, seeing the imp dsg storm the whole
country eursng vigorously Every branch OF business
Is less ersmp.d in consequence and the prices rro
doce rapidly umbng dewn All signs wild speculation
and unhoy traffic in the great and important staples Of this
country viii disappear be corrected the omnpo,ent
osrrector II will ofcourse take time and fall heavily
and terribly the spectators, but will result benes.
cay TO the country The banks will not suffer much, for
BY they have adopted they will be affected only for
short period The operations and developm, nts merit month
will be highly Interesting.


Monday, Junc 2A-6 r. VI.


There better feeling al the Stock Exchange 10 day
North American Trust and Banking Co. improved per
Canton and Utica Railroad The prices Of Saturday for
other descriptions, fully sustained. The movements n
Wall street do no, indicate any thsg ~portant Monied
men and othsrs awaiting the arrival OF the Liverpool
steamer before operating extensively making any movement
m commercial affairs. The by the Cambridge is but
three days later and has only 10 ncresse the anxiety
for later intelligence from Europe.


The first banking association under the new bank Law
Georgia has bees formed Rucksrsvle in Ebert County
with capital Of S2o0000 70 be increascd 10 larger amount
The Law formed with pretty near the same features
"" the New York General Banking Law The only differ.
H. negroes We lodged with Georrs Comp
trolsr security. The as bonds and mortgages


Proceedings commenced against the Bank Of Wis.
constr. Al sempt have been made out writ
Of injunction and close up It's affairs


The dry goods merchants in this city and country proba
bly, this IN better condition than any other
five except The ronmongers Since the great explosion 10
spring o. 1897 they have gradually and ctuAy
Cd their position, and healthy state The heavy
importation last has cleaned Of and the
houses here comparatively empty and ready for fresh up","Sla,a9s,763",Morning herald. [volume] (New York [N.Y.]) 1837-1840
1839-11-11,"PHILADELPHIA, BALTIMORE, AND EASTERN


NOTES, taken at par for Portable Desks, Dressing
Cases; Fancy Boxes for work Jewels edour he; rich Purses
and Card Cases Fancy Nots Papers and Envelopes; Museh
Boxes Walking Canes LADIES' Work Tables and great var
Of articles Of utility and fancy suitable for presents, psst
bic articles for travellers; fine perumery, Brushes hodgsrb
Cutlery Chinese and Indian Goods &c comprising all The
veles and improvements STYLE men quality 81
6nish forming the and desirable ssorsnt
10 be osnd the city all OF which most hPpy show,
and sell At reasonable prices.


TIFFANY YOUNG, $50 Brosawsy,


OILS lmiss directly opposite the CITY Han","nHILADELPHIA, BALTIMORE, AND EAsTERN",Morning herald. [volume] (New York [N.Y.]) 1837-1840
1839-05-22,"HoBoEEv.-'Ths beautiful place again blooms as
brightly as ever Without the grounds, and walks,
aud shady groves Of Iioboken. New York would not
We endurable ~ the summer season. But we at
any time an The space q twenty minutes change the
scene from the heat and dust q crowded city 20 the
balmy bosom Of the sylvan grove Two boats run
every half hour from the foot d Barclay and one
from Canal streets, and next week boat commences
running from the foot Of Christopher street. The
proprietor % the beautiful grounds and gardens of
Hoboken has ornamented and improved the same this
year in the mos, beautiful manner. No one who en-
spare hour should omit 20 visit this place. The
views sp and dawn the river delightful the air !,
refreshing in the extreme, and the company of the
most fashionable description. Crowds q lovely
ladies are 70 be met with rambrg through the orna-
mented grounds, disputing the palm Of beanty with
the flowers Of the garden",,Morning herald. [volume] (New York [N.Y.]) 1837-1840
1839-07-04,"TNEMALE MISUNDERSTANDING HAIR


Nature doubtless originally intended the appearance Of
ladies be in accordance with their but how frequently
and with what unpleasant sensations do ladies' otherwise
beautiful completely unsxed by that anseemy Disagreement


ATKINSON'S DEPlLATORY has proved itself in thou
sands that have under the rropretors obse
vaen to positive and easy remedy for this unfortunate at
Fiction.


No cosmetic has been hailed with the univs sal sa
faction that has accompanied the inroductonof nvalua
bic PREPARATION application Of which will in few
moments entirely remove the hair leaving the skin softer
finer, whittier, and much mprovedin its appearance.


1t is mild and harmless its nature, that il be used
apon infant without the least dceterious effect


In consequence Of the increased demand for the articles the
proprietor has appointed Nessrs GUIONS, s9 Broadway
New York. General Agents for the United States of America
for the Depiatory and Mahomeds Turkish Dye.


Country dealers will be supplied by them the most
able terms. Price two dollars per bottle. n22tfy",,Morning herald. [volume] (New York [N.Y.]) 1837-1840
1839-07-04,"GENERAL OUTFITTING STORE,
Where Gentleman may procure every article for complete


Ouit of the best quality,
lo 353 PEARL STREET, CORNER OF FRANKLIN


SQUARE, N. Y
Here the public always procure
Fine goods in the Cuftting line
And what Is important, be sure,
That un,iring zeal will combine,
With skill in preparing each sort
As good as elsewhere can be bought
Here the steamboat and packet ship may
Their ready made linen procure
And prices most moderate pay
For articles well made and secure.
Here they viii constantly keep
Every article belonging to that class,
From the Counterpart, blanl e and sheet
To the towel and cloth for your glass
Gentlemen also will fed


Their ready made linen complete,
From fabrics the best Of their kind
And made up exceedingly neat.
Shirts, Under Shirts Draw'rs, Belts and Hose,
Handkerhiefs, Bosoms and Stscks
While the skill that each article shows
Brings customers crowding in focks.
BSthe sed net each item rehearse.
The Suspender, the Collar the Glove
The fantaloon, Strap and the Purse,
Zach fine ~ those mentioned above
Linens, likewise, TO order made
By those who known excel.
And the very fair price ,hsi paid
Yields work that is always done well. r.
IT'S extremely convenient to know
Where ample ment is found
ARd At once there be able TO 70
Without searching the city all round.
As Nesting and Stock satus lengths suit purchasers
my29-3m","&. A. Bradbr0css,s",Morning herald. [volume] (New York [N.Y.]) 1837-1840
1839-07-04,"Or Gem pound E-semfinI Oil Of AImOnds,
NOR destroying aandrf and preventing the hair from
IL ing turning grey, prepared BY ANTONIO PASTOR
Hair Cutter, 49, Greenwich street. New York.


This instabe Oil has been the product OF twenty four
years experience and for the last sixteen years the city
New York. where have been practising the Hair Cutting bu
siness the public may rely IT, that A. PASTORS COM
POUND OIL 10 the whoesomest and best OIL for the hair
makes grow thick and long prevents II, falling of turning
grey and hair has begun TO turn grey such nouher
the ha that by will restore IL to its natural color
also prevents hair becoming shaded and hair 10 orey
shaded which great Disagreement young ladies' II
used short tne will restore natural color clear
the ssu keep the head and HAIR cleans
and whkers liberal discount made TO wholesale purchs
ser A. PASTOR,


65 Greenwich street, "".
Price. so cents per bottle, highly perfumed. jc2i.lm'
MEDICINE CHESTS, Of new and elegant patterns care
lNl fully filled with the best Of Medicines and sccrre pack
ed for families. travellers ships. aud plantations For sale b,


RUSHTON Il AsPlNWALL,


rs wilam-st., 10 Broadway, and 10 Astor House.
ieI5 lm-","A. PASTORS
HAIR. OIL.",Morning herald. [volume] (New York [N.Y.]) 1837-1840
1839-08-27,"W5- SECOND WARD HOTEL-Next 70 the corner
Fulton street. Nassau street This well known
having undergone thorough retting, complete order
for the accommodation Of those who may with their
patronage.


There are in this house besides the lower story
entirely open public bar large upon the
cond story IS feet by 25 well suited for the
public meetings. together with smaller ones adapted to
the of clubs Referees for the transaction of private
business.


Clubs and private parties accommodated with roo A. an
may be furnished with dnners spPer composed OF ever
species Of delicacy which the markets afford sho
notice. [ellyl EDMUND JONES' Proprietor.",,Morning herald.
1839-08-27,"IA NIChFkBOCKFH HALL. Iy Fark HOW.-The
N scribers having opened the above house the EURO
PEAN rLAN would inform their friends
public that they ready accommodate them style
not to be surpassed by any similar house in this city Th
house will always be furnished with every and
the lsxres Of unrvaed market There hundred
lodging which airy newly furnished and in perfect
order The Ordssy being the first floor, spacious nse
supplied with all the variety the market Affords served uphy
experienced cooks.


The MARRIED which has attended
this kind sufficient evidence OF ser adoption both busnso
and travellers.


Gentlemen visiting the CITY, win find this desirable sd
central situation, beng nearly Broadway fronting the Pa
and short the beauty and elegance local s
ransoy objects of attraction and spendor with which New
York abounds. EDSALL u JONES.


N.I-For the accommodated of Travellers, this house will
be al all hours IF the night al-n",,Morning herald.
1839-08-26,"When earth was in its DAVIS Of light,


BY ssgrs tits told,
The ros~s all were virgin white,


The maidens hearts all cold;
LOVE-, then wanderer through the ssr,


Lookd dowa upon its bcwers,
And thought they seemed so wondross hT,
He'd like TO have dwelling there,


Amid its frsits aud flowers.
Long time he roved from sweet to sweet


But nothing pleased the child;
Till. one Nav morn, he chancedts meet


A rose that just had sraiied.
yV;thia lis snowy leaves he crePt,


And said: no more Ill ROAM""
Then. brushing of the de, that wept
Their pearl. upon the flower. he slept,


COMMENTED = h = home.
Not long eiorr maid,


Who s, ,henoontide hour.
Souch eos III fount that rlsyd


Bessie - ,raale flower.
She thought he. self unseen, unheard,


As, with graceiulleap,
The fountains CLASSY breast she stirred;
But, what light shadow passed?-s bird
seem'd startled from its sleep.
The maid, abash'd. look d round, fer then
Fen birds walked maidens' fear
And oh. her BLUSH Of beauty. when


She saw Love smiling near!
With her that hour he went to dwell;


But first her cheeks soft flush,
He gave to me, and babe me tell:
When Love warns maiden hearts, farewell
Hearts ease and maiden blush""",,Morning herald. [volume] (New York [N.Y.]) 1837-1840
1839-08-26,"CHERMAN'S WORM LOZENGES.-Many diseases
~ arise from without its being suspected Sometimes


very trcubesome cough pains ""a the joints or limbs bleed
at the &c sc occaoned by worms and Will be
easily using this celebrated medicine The following
symptoms indicate the presence Of vzheadache
tgo torpor dreams sleep broken of BY fright and
mouth offensive breath, cough difficult breathing


itching the pains the stonach
voraciy eanness chng at the towards night
and at length deiectons Of films and mucus.


Read what Shsrman's Worm Lozenges have done-Mr
Johusoa OF Wavery Place, his child has been afflicted
with fits and the Doctors thought WITH water the brain.
Every thing done TO help the child without effect until
box Of herans Worm Lozenges tried which to the
constituent of all effected perfect few days They
brought almost incredible number Of which
brought immediate relief Ask for she-man Worm Lozsnges
They the only Worm Medicine that fails 70000a
miles used them within the as year with Uniform
cess Wholesale and retail l06 Nassau N. "" auay","WORMS! WORMS E!


WORMSl",Morning herald. [volume] (New York [N.Y.]) 1837-1840
1839-07-22,"Or Compound Esse ntial Oil Of AImSnds


OR destroy dandruf and preventing from com
ing -ut turning grey prepared by ANTONIO PASTOR
Hair Cutter, los Greenwich street, New York.


This nimitable Oil has been the product Of
Of experience and for the last wears in the city
New York, where have been practising the Hair Cutting bu
.ness and the public may rely that PASTORS CON-
FOUND OIL the whoesomest and best OIL for the hair
makes thick and long falling turning
grey and even hair has begun to grey nourishe
also prevents hair IRON becoming shaded hair
shaded which great Disagreement young ladies' aad II
used for short time, IL will ITS paura color clear
the ssu and keep the head and cleans promotes eyebrows
and whiskers liberal discount made wholesale purcha
err. A. PASTOR,


165 Greenwich street. N. Y
rrice o0 cents per bottle, highly perfumed. ie2l-lm","A. PASTORS
HAIR OIL",Morning herald. [volume] (New York [N.Y.]) 1837-1840
1839-07-22,"AND WHOLESALE ONLY AT THE


No. 100 Be<
The above Pens all manufactured under the personal
psrinendence OF MR. JOSEPH elliott, who for twenty
has devoted his time in close application and study
their perfection.


practical mechanic himself eer spared that win in
the least tend to their improvements they made frsm Will


OPINIONS 81
Jcseph Gos patent elongated metallic the best
article Of the kind kat have used We back TO the
quill time after trying almost every variety Of
tallic pen the market satisfied that pens equal to
those produced Goose Co..: but having Mr.
GiloS have again enlisted democrat should
under the metallic characterization Morning Post.
The itself is worthy its rich and the whole
reflects credit upon the establishment that has saved 10
such world Of trouble in cutting goose quilts, and nibbug
points . little used.


ave may safely speak Of these pens sxceeat dsserv-
ing high comnendation r-PhsL u. s. Gax.


good steel pen lasts longer than quill and when il
past service you have ony threw and fl another
to the holder and there armed and equipped scrb
bling II made Of the best STEEL and properly tempered
the With they quite elastic the best Hol
Lad Rsssa quilts and have the Advantage Of losing either
heir point heir elasticity By In short Ter the","JOSEPH GILLOTT'S
p A II Mt STE Ell PEN",Morning herald. [volume] (New York [N.Y.]) 1837-1840
1839-11-06,"CHAWL NEUTRALITY-SUSPICIOUS. GUYNET, asa
Laoies large selected stock of seasonab
Fancy and Staple Dry Goods which they offer at great
bgans, being much lower than the cost Of importation


Their stock comprises large Of the and
most fashionable Of Plain and Figured Black and Color
ed silks end Satins Mcussenes de Lame and Chaes;
Merno and Thbet Cloths; Jet and Blue black Bombazne
and Grapes Paris Embroderes and Laces; Tape bordered
Hem-shehed, and Embroidered Linen Cambria Handker-
chiefs Dark and Black Ground French Pria Silk Vevets
Hosiery, Scar Handk erchef; 0entemen's Ladies' and
Misses Kid Gloves Belts &c Also large and splendid var
ETY. Of Paris and Lyons Broche Tibet and Cash
Shawls; Scotch and French Plaid and Figured Blanket
Shawis, &c. &c.


B. The Ladies respectfully requested land they will
find much their advantage to call and examine stock
before purchasing elsewhere o26-9w.",,Morning herald. [volume] (New York [N.Y.]) 1837-1840
1839-11-04,"Syrup have pcsved from the authenticated Of five
thousand the only known remedy for acute aud chro
mic Rheumatism in the world; also for white welBgs gout
sprans bruises numbaess sce Of the joints umbaso
weakness of the back knee from too rapid growth Of the
body In dyspepsia emacalon whether from cough liver
plant Diseases female Irregularities scrofua t
any other diseases.


geabeSyrup has BEEN found the greatest siren
heaer and puryer discovered In TRUTH has cherea
the friends OF thousands who, but for its sole agency wsud
have gone that from whence Prepared
and for sale by l.. Burnett Herwili III Bowery Also
for sale by A. BIS d. Sands 70 and 100 Fulton street.
the pc fuery store 81 Canal street. Mrs. Booth 50 Fulton
street. Brooklyn and Thomson North ID Williams
burph. o22-3m","ID HEUMATISM. RHEUMATISM! RHEUMATISM.
IN -BURNETT,S Rheumatic Mixture and Vegetable",Morning herald. [volume] (New York [N.Y.]) 1837-1840
1839-10-28,"@ TCvEs! STOVES! STOVES The susscribers


- would call Of the puble their large an4
elee ant assortment OF Stoves, which follows:


The Peoples Improved Cooking Stove for wood coal
the Improved Union Cook Stove for wood coal; Parlor
Frankns splendid patterns; small Frankn for cooking with
coa Canal Stoves Jaes Improved cook Hne plate
plate and bor Wholesale
and retail the most reasosabe erns for cash. their
go Water street. door east Of Peck Slip and 00 Cherry
four doors Catharne Market Fancy Stove
suitable for Offices stores bzrroons steabos togetsr
with large assortment Of copper tin. and sheet iron
constantly on hand stove pipe.


ole I'm. A. 4 NJ. SONERVILLE-",,Morning herald.
1839-05-04,"~ THIS Spanish proverb applies most excelenty to
Of the New York HAIR OIL manufacturers who making
by their grand compositions. when they have bald
head, themselves BIT PASTORS OIL not only good for
every body hair 10 destroy danrs ane prevent hair from
turning grey, but ao excellent Oil to keep his hair
cqua any the world This Boosting not intended for
the city OF New York whers for the last sixteen have
been practising the hair cutting business. but selling


great quantity Of oil for the country want TO put them
their guard against bald head fools that makisg every
body's hair grow except their own. A. PASTORS OIL has
the produce Of - experience For sale wholesale
and retail at les Greenwich ST., N. Y. A. PASTOR


Price so cent bottle highly perfumed. al6.l M",,Morning herald. [volume] (New York [N.Y.]) 1837-1840
1839-07-01,"WhoiesaIe and Retail at No. log Nassau street. one


door above Am.


Worms Worms inallbly destroys by usag Sherman
Worm Lozenge They the greatest discovery made
and the only medicine that falls and pleasant
children them freely common peppermint


Coughs Colds .4sna tightness Of the chest consumption
&c. in an almost incredible short time by ung
celebrated Cough Lozenges They common cases IN
day. They have cured within te last r months
than all the Baam Of Liverwor Horehound, &c put TO
gehe They have cured great where no hopes
entertained Of recovery.


Bilious Conpidinfs-Sheman Cathartic Lozenges are par
tcuary adapted bilious where active Catharc
required They the best medicine in aud so pleasant
TO be eaten readily ordinary confectionery.


Heartburn and acdy Of the stomach, dyspepsia &c cured
by Sherman Soda Lozenges They cure heartburn IN lew
minutes and afford astonishing relief 10 dyspeptics.


Nervous Sick Heddach Immediately cured by Shermans
Headache Lozenges They fainng oppression oil the
chest do~sness &c They highly refreshing to those at
tending large parties keeping the spirits aud cheerfunss
to the eanary They keep the bowels open and after awhile
entirely obviate this troublesome complaint.


ndcoa LoSenges fer correcting the stomach and bowels


Safsapa'taa Lozenges for purifying the blood, &c.


iMsumuism Lumbago, pains and weakness IN the back,
oi sides neck breast limbs joints Sc cured BY Shermans
roor Mans Plaster, 100000 Of which yearly sold war
ranted superior to ali other paers and for only 2 cents


Shermds Iesthine Plaster affords astonishing relief when
wern on the back OF the neck children cutting their teeth


Iarer Compliant jaundce, female &c. cured
ny shermans celebrated Royal Hpan which has cured more
cases witn The last than all other remedies pat toge
Their twh dicuty the proprietor supply the increas-
ing demand for this popular medicine.


N BAH kinds Of medicine be had made into Lozenges
and rendered pleasant at LOG Nassau Peppermint
Rose, and all other pleasant eating Lozenges the greatest
variety in the world.


Ask for Sherman's Lozcnges. iel9-y",INDICATED lOzENGES.,Morning herald. [volume] (New York [N.Y.]) 1837-1840
1839-11-25,"FoR COPYING LETTERS, INVOICES,


DRAWINGS, PLANS, Erc. Eric.
THIS invention viii produce letter with cory al on.
operation or, required letter with two FAC sres
send abroad with single pen tyle which 10 durable
u will last Cor centuries without repair.


This extraordinary apparatus from its simplicity and de.;
patch operation well portability In construction nd
mby adapted 20 solicitors merchants and persons travelling
going abroad they also strongly with the
recently improved Copying and Carbon Paper which quit
free from smelly the clergy, members OF Congress- Lcrsls
ure Bankers. Commission Merchants Brokers' 10 all who
have OCCASION 10 write much and desire keen comics or ssud
duplicates abroad whom will prove great saving oft.
rosble and expense.


wiIseu's Improved Noctagraphs.
BY tins invention pcrssns whs have had the misfortune ia
lose their ssht Others IN the DARK enabled write
either sUge In duplicate without aid OF a.y person
whatever The apparatus 10 very simple
and mode Of operation, that y impossible fail Of
swerng lis purpose with the least possible trouble
writer.


s,o particularly adapted 70 N. circumstances Of ner
and aged persons, who End difficulty managing corn
Pens and INK the Pens requns repairs feeding and
the Ink Is perfectly portable and cannot blot.


Mandatory 45 Nasau street. doors from Maiden lane
ie2yw","wills SONS


HIGHLY IMPKO WE'D
PATENT ANGROLD WRITER'S,",Morning herald. [volume] (New York [N.Y.]) 1837-1840
1839-09-18,"The races were to have commenced at two o'clock,
but It was nearly 4before the six cared boats started
In the meantime the {, ,SS2 persons were arranging
themselves in the best possible manner-some with
seats, some with drink, some with water, some with
punch, some with wine and some with rum. They
were perfect medley in their appearance and a
coRelome ration in their acts. portion of the
ladies' and gentlemen who had provided them.
selves with tickets, were admitted to the bal
cony sf Nowlar's hotel, where they had the best
sight, and could see the beginning, middle and end
OF the race. While the boats were preparing, the
loafers drank and guzzled, and guzzled aud drank,
till their very skins full and huzzaed and swore
till they grew hoarse.


They did, however, behave themselves rema,l lsably
well, taking into consideration every thing Nowlan
was at all points at the moment, and nothing
could 60 wrong. A band of music was in attendance,
which pleased the ladies and gratified the people


little before o'clock, four six cared boats started
on the first race fer splendid silver pitcher, valued
at over $50. The distance to perform was five
miles, and the boats in in the following order:


Washington Of poughkeepsie, ~ minutes is seconds


Edwin Forrest, of New York next


Victoria, g


d. DTompkins


The Washington the pitcher, but there is
some dosbt to which boat won the second prize.
The Victoria was close upon the heels Of the Edwin
Forrest, and would have wen had there not been
der handed work on the part of some one. In the
distance we plainly boat the bows Of
another which threw her crew into confusion, and
they did not recover themselves. The second a
four milcrace for purse of l00. and was contested
by three boats. They came in thus:


The $. j. Willis, first, in 80 minutes 20 seconds.


8 Verag ---second--


+"" Ba.ket---third--


This regatta the first that took place on
the Harlem River, and it truly splendid affair
The Washington of Poughkeepsie was nobly rowed,
and she nobly won. When she shot past the judges,
boat her crew tossed their oars, were pronounced
the victors, pulled up into small crew and went up
to Nowlsn's and took drink Had the Wave been
there, however, the race would probably have
suited differently. Where was shee


We saw, at the Hotel, the officers Of the French
brig of war""La votigeur,"" Captain James Rogers,
who is to navigate Mr. Stevens famous yatch ''Stag
which is soon TO make trial ofspeed with Mr.. Win
chester's .yatch ""Northern Light"" Of Bossen, and
Captain Hoskins, of the ""Great Western""","there were

",Morning herald.
1839-05-20,"QOWERY COTTAGE, 295 Bowery-Th subscriber
- would respectfully inform his friends and the public that
having taken the above establishment Formerly kept by Ben


rue and having improved retted and supplied his bar with
the choicest Of liquors and cigars hopes by aduous attention
to the comfort of his guest to merit liberal share of patron
age EDWIN PARMELL


New York, May 18th, 1899. myl5.lm'
TNCKERBOCKER HALL. No. 10 Park Row-The sub
N scribers having opened the above house the EURO
PEAN PLAN would respectfully inform their friends and the
public that they ready to accommodate them ae
not to be surpassed by any similar house in this city THIS
house will always be furnished with convenience and all
the lsxues of unrvaed market There hundred
lodging which ary newly furnished and IN perfect
order. The Ordinary being the first Moor, spacious neat,
convenient and well furnished and the tables shall always be
supplied with all the variety the market affords served by
experienced cooks.


The marked which has attended establishments OF
this kind sufficient evidence Of their adoption to both business
and travellers.


Genuemen visiting the city, will find this most desirable and
central situation heng nearly Broadway fronting the Park
and in short the beauty and elegance of local aud
ransory objects of attraction and endor with which New
York abounds EDSALL JONES.


BFer the accommodation of Travellers this house will
be open at all hours of the night al-H",,Morning herald. [volume] (New York [N.Y.]) 1837-1840
1839-05-20,"DYDERs NORTHERN AND SOUTHERN GEN
II TLEMEN's FASHIONABLE BOOT AND SHOE
ESTABLISHMENTS, No. 5 Beekman street. New York:
apsrMe La saybf KEW of resprcris rnrr med nar
they will find full assortment Of Opsra and Dress Boots IN
ion Shoes, Fancy aid Dress PunP, and aers 81 the same
STYLE and quality furnished them at No IS hatcher st,
New Orleans which obtained The hrst premium at the late
Fair in that city. ,
Gnen purchasing giving orders for fine Boots Tor the
Charleston Mobile New Orleans Natchex Viessburgh,
the southern south western cities invited TO call
asd examine splendid article Of light Dress Boots, made OIL
French stock the latest Partisan fashion, at No
Bsekmsa street. Clinton Hall, New York opposite the Park


UkIAH RYDER


NIB Fret Premium at the American Institute New York


Mechanics Institute,


~xlu late fair al New Orleans.",,Morning herald. [volume] (New York [N.Y.]) 1837-1840
1839-11-05,"The polls opened briskly at all the wards yesterday
morning, and crowds were in attendance 10 deposit
their votes long before the hour announced for re-
ceiviag them. Party feeling runs uncemmonly high,
although there Is scarcely any betting either side
Around the polls and ticket houses the ~ the
candidates are not much banded about, although the
names Of the respective parties are. The id
whigs,"" and the BLACKBOARD locofocos,"" are ex-
press ions common as backberries At several Of
the wards both the wings and the locos have been
uncommonly lavish Of their flags and hsndbills. At
the second ward poll are two In front Of yones's
second ward hotel large Gag has been stretched
across the road, with this inscription;--",,Morning herald. [volume] (New York [N.Y.]) 1837-1840
1839-06-05,"CHERMAN's CATHARTIC LozENGEs-Are as plea
- sant and easily taksr As the most common peppermint
and are an active and efficient medicine They cleanse the
stomach bowels and the best cathartc ssed for
bilious persons Where active medicine required. they
are not only best but the safest that be admssered
They undoubtedly will supeeds the various bitter and nau-
pills in


large proportion OF the diseases that ac mankind arise
from stomach bowels which time
Iy Caharc Lozenge wosld entirely osviss Per-
Of bilious habits should always have box al hand and
dose whenever they feel the least derangement u their


health Those OF sedentary habits take or two oeca
sonay the coveaess that generally troubles
them udcous Of these Lorenscs would prevent thou
sands cases the deren ve that destructive to
health life Southern and Western citizens will hnd them
adapted to their and region, and far superior to
any other cahaic medcn. offered TO the public When
properly used they preventive Of the cholera yellow


or billion, fever fever and agu and all the locvl fevers Of the
country They made from combination Of the most vau-
able medicines and always be depended upon fer the Ger
tainty of their operation - ! J


Also, sHERMAN's CELEBRATED COUGH LOzEN
GEs eosghs two days, and eos
tail al lo6 Nassau street, oae door above Ann ny0y",,Morning herald.
1839-07-02,"Mayor Warias, orator Edmonds, and a whole
group Of loaers, will then mount pale horses"" and
all will sally out the Battery 10 review the troops


The review will be funny affair Gen. Sandford
and Gen. George p. Morris, and several other emil
nent loafers, will cxplaia To his Democratic ighncss
the words Of command and what to say and what to
do. All will look remarkably important and remark
ably foolish The military will make all manner of
mistakes, and so will His Republican Majesty; some
will turn to the right face, and some will to the
left face; two three dozen will get hurt and some
will get shot by accident with wadding; some viii
smell powder FOR the first time il their lives. and
some will - matter; they will get into a quan.
dary; the signal to stop will be gwen they will
break into cslums and right-about face into Broad
way. His Excellency will then rghtabout-face 10
General Sandford, and observe"" hcse are fne
troops and well drilled Ho~s your we's heath'
never saw much better in Europe. Your mother
is still living hope.


About this stage Of the proceedings there will be
a tremendous uproar. many pockets viii be picked,
many riders will be thrown off horses VIII ran away,
men will swear, women will scream, butt endcrs will
bawl guns will ga off, and so will watches and trim
kets promiscuonsly. and in unknown quantities.
Doubtless the scenes in the Revelations will be real
ised- many a man will be mounted on pale horse,
and he win look like death, with ali hell following
az his heels. AT last they will complete the


ORDER OF MARCH


500 little ragged boys and girls.
Drums and trsmpets on pale horses",,Morning herald.
1839-05-25,"3- THE Subscrbers Sole PrOprleors Manulacturers
execute DESPATCH all orders for their I'm
rvaed Patent swelled Beau Wndlas Bedstead which
universally used being the best article yet in
vented-combining ease convenience and durability.


The saekag upon by the wndas and swched beam
made perfectly light and free from all liability to sags sun eav
ing an elasticity the same which renders it particularly
and simple in the matter ofpsttng and taking
will be found of but little trouble comparison with those
other construction whilst The precision with which the
component pa fitted acts safeguard against the INTRO
ducfon of any kind of vermu.


From the care taken render each Bcdsead perfect he
qualities for durability will recommend them to Purehasers-
who invited cali and examine large assortment now OF
aand.


Also large assortment of elegant Furniture Mattresses
Feather Beds &c. constantly on hand.


J. w. & 6 SOUTHACK, No. 1876 Broadway,


;eIHv FRANKLIN House","PATENT wINDLAss.
r r. DIST f. A ID.",Morning herald. [volume] (New York [N.Y.]) 1837-1840
1839-05-25,"These Lorenges made from superior article Of the BIZ
carbonate G Soda from the recipe of NJ DArcei and
ended by him large aumber Of medical the
ecctus nedy Tor Indigestion Dyspepsia, Heartburn Water
brash and Acid Of the Stomach and Bowels Ose
hen before dinner produce healthy appetite promote dg
on and its original tone The action they produce
prompt and complete that person suffering from ndges
ton shoud hesitate making trial Of remedy Of such
knowedged ecaey and high Recommendation Years o En-
England among all classes Of this superior art
Gle, guarantees it, great value


PARK PLscs, March Ia, 1892
Dear DoctorI owe ysu mssy thanks for the benefit
eeived from your Soda Lozengs have bees troubled with
dyspepsia for several years heartburn ~aerbrah and all the
attendant symptoms had become quite emacateJ and life
was in fact bsrthen 10 hsd employed Dr. Mott and
vera Of the distinguished Physicians, without any sui
temporary relief lad sbasdosed all hopes ofever being
Soda Lozengss Thanks 10 God am being and
ny fuesds hardly know ] cas eat bcefeak asy
hearty food and Il Is dgestea with ease and confsrt


PRISCILLA BENJAMIN.
Sold wholesale and retail hs Medested Lozcnse Ware
house, 100 Nassas at my70y",,Morning herald. [volume] (New York [N.Y.]) 1837-1840
1839-05-27,"Capt GroRog Bpioes,


Dear srws late passengers IN the ship fowhattan,
handed by yos beg leave express to very strong
Of gratitude for the kndsess and attention have
perenced from you during recest voyage from England
and particularly yosr soeos anxiety for the comfort and
of your smse paesgersas also for the skill
and ability evnced by you rnder some tyiag
daring prosetd voyage Tor which beg leave to offer you
our sincere thanks asd good wishes for health and
happiness.


And We casnot conclude thi. testimonial 81 feelings
whou adding II best thanks to FIRST and second Of
sc,r Ners Rhand and Jone FOR the uniform kndne. and
attention We have experienced from hem which you
will have the kindness 20 convey 20 them.


Dear Sir,


We remain, yours truly and faithfully,
Signed JOAN Nelson, Sarah Scott,


Mary Mellon, sssstt Scott


james Scott, Catherss Scott,


George Scott, Charlotte Scott,


Joseph Blackwell, Louisa Scott,


James 4. Scott
To Cant. GsoRog Bnees


Dear srAs senior passenger ~ the ship powhatsn, feel
extreme pleasure in complying with the united request Of
10 convey TO you this testimonial Of osr feel
ues for the svarabe ksdaess and attention have expert
ncsd from you during our late voyage from England
remain, Dear Sir, yours, Sc.
May ""a, 1879 Signed JOHN NELSON","IComnsnication.l



",Morning herald. [volume] (New York [N.Y.]) 1837-1840
1839-05-10,"90 SECOND WARD HOTEL.-Next to the corner Of
Fulton street. Nassau street This well known
having Undergone thorough rettng complete order
for the accommodation Of those who may honor with their
patronage.


There this house besides the lower story thrown
entirely open public bar ROOM large room upon the
cond story feet BY 49, well suited for the Of
public meetings together with smaller adapted
the of clubs Referees for the transaction Of other
business.


Clubs and private parties accommodated with as, and
be furnished with dinners supper composed Of every
species Of decacy which the markets afford short
notice. Jelly EDMUND JONES, Proprietor.


NEW ENGLAND HOUSE.


The subscriber has taken the House No. Rsose
welt street. Pearl and Chatham which has fitted and
furnished with to neatness and convenience The fur
nture and fixtures entirely new and The bar and arder well
furnished.


To clubs and parties, to limited number Of boarders and
to travellers the New England House offers accommodate
which the advertiser will him share Of the pub
lie patronage HUGHES.
a5-3mr","FRIDAY MORNING, MAY 10. lsa",Morning herald. [volume] (New York [N.Y.]) 1837-1840
1839-07-01,"GO SECOND WARD HoTEL.-Nest corner 1
Fuo- street. Nassau street This well known establishment
having undergone thorough efng in complete order
for the accommodation OF those who honor II with then
patronage.


There , house. besides the lower story which thrown
entirely open public bar large vPon the
cond rs feet BY IS well suited for the accommodation ~
public together with several smaller adapted


the clubs referees for the transaction Of other private
business


Clubs and private parties accommodated with and
may be furnished with dinners saprcr composed 81 every
species Of game decacy which the markets afford short
notice. Gieli.yl EDMUND JONES, Proprietor.
u NCkERBUCkER HALL. No. ~ Park Kow.--1'he sub
N scrbers having opened the above house the EURO
PEAN PLAN would respectfully inform their friends aud the
public that they ready accommodate them sy.
TO be surpassed by any similar house this city. Th
will always be furnished with every aud all
the sruries Of unrvacd market There hundred
lodging rooms which airy newly furnished and perfect
order TIE Ordinary being the first oor, spacious
convenient and well urnhcd and the tables shall always be
supplied with s the variety the market affords served
experienced cooks


The marksd which has attended Establishments OF
this suciest evidence Of adoption both
AID travellers


Gentlemen visiting the city will find hi, desirable and
situation. being nearly Broadway fronting the Park
short thc beauty and ei.gance Of local aud
ranoy objects of attraction and pendor with which New
York sbounds. EDsALL JONES'.


NB-For the accommodated Of Travellers, this house will
he amen al all hours Of the night. alt!",,Morning herald. [volume] (New York [N.Y.]) 1837-1840
1839-07-01,"Or Compound Ess-ntfal Oil Of Almonds.
EoH destroying dandru and preventing the hair from


ing cut or turning grey prepared by ANTONIO PASTOR
Hair Cutter 100 Greenwich street, New York.


This inmtabe Oil has been the product of twenty four
years OF experience and for the sixteen wears the cty OF
New York. where have been practising the Hair Cutting
Sne and The public may rely it, that A. PASTORS COM
roOND OIL Is the whelesomest and best OIL for the hair
makes grow thick and long prevents its falling turning
grey apd even hair has begun to turn grey such
to the har that by will restore natural coor
also prevents hair from becoming shaded is oready
which great disagreement to young ladies, and II
used Tor short tme will its natural color clear
the sur and keep the head har cean eyebrows
and whskers liberal discount purcha-
sers. A. PASTOR,


66 Greenwich street, MY
rree, on cents per bottle, highly perfumed e2 Inn","A. PASTORS
HAIR. OH,",Morning herald. [volume] (New York [N.Y.]) 1837-1840
1839-12-31,"This shows the influence of the trade with tho
United States the prosperity Ct France The artificial de-


and for goods ceased with the approach OF bnaAea smco
ties and policy here has been to esonomle, and pay
old debts The consumption in Europe Also failed with the
CROP The price Of bread immensely and with its rise,
the ability those who make the great mass OF the Gus
toners for manufactured goods to consume their sccus
toned quantity ceased and the markets, both here and
Europe sued with goods without prospect Of an n
creased demand Prices this country have, however, until
lately by bank influence and immense amounts
Of goods realise These have not
been Sold majority OF them still in the hands OF
the dealers The process has be pursued England
ard the table Of prices shows bat little decline until
within the last two this In that time the Bank Of Eng
land has curaed its circulation nearly E fact
which is a ready operating to bring back specie.


The year will open with the elements Of
although distress undoubtedly exists in all three countries
The crops this year WELL though Of quality The
cotton this country
and arg. quantity will seek foreign markets. but the stocks Of
goods on yet large with but little chance off mula
ed consumption This its turn check the sale
ton sucency OF bread Europe, and low prices, would
naturally bring great activity OF trade but immense losses
must sustained the inevitable fall prices which will
ensue The very prices which the present crop cotton
will be Sod prevent much being paid the old debts Of
the banks merchan il this city due from the South Our
merchants WILL therefore, lay out Of large portion ef their
capital will be unable to credits and cash
trade only be dsne II the foreign hcuses trust the South
ern Dealers will be their account unated by
banks In tins view may look for regular and healthy
business, but not to any great amount.",,Morning herald. [volume] (New York [N.Y.]) 1837-1840
1839-12-31,"This morning there in market fair supply Of
and but small supply Of cows, calves and sheep There
sold Of the three latter kinds four hundred and fifty
sheep, and twenty and calves In the prices paid
week.


There but small demand for any description, and prices


for past week have been affected what
There appears 10 be increased consumption Of pork and
poultry particularly the former and such plentiful supply
all the country not been known for years II
is this increased consumption that will tend to knock down
the prices Of bee and mutton The abundant quantity and
excellent quality Of the pork brought forward this winter
induced many have for their standard DISH instead OF
beef and doing they from three four cents
every pound Wholesale prices differ the Pork
sells IS S.; and beef So 30 per hundred weight","sales nc the Stock Exchange.

Cattle Market.",Morning herald. [volume] (New York [N.Y.]) 1837-1840
1839-12-31,"Jerome Leroy Paris the and rapid cure ever
Known Tor certain 1isease.


Those who wish u avoid gaek nssras and cure them
selves with little trouble without liability OF exposure will
find this medicine well suited 10 their requires no
change OF DIET and does affect the BRrArH which pre
vents the possibility Of discovery while using IL.


Besides this important advantages leaves the parts
subject 10 the troublesome weakness occurs 90 oeu after
the Of other medicine and taken srs stage Of the
disease will arrest the discharge and all unpleasant
feelings few days In long, protractea chronic stages
OF disease IN obstinate glee female complaints weak
ness OF these organs, without doubt the .ectua
medy discovered and has cured many obstinate
every other medisne had failed this ksd OF more
than years sandng recently enred In two weeks BY
specific after upwards Of hundred dollars had spent Cor
Medical advice and Medicines without effect In fact il
been used with such all stage, Of the disease that
challenge any case to be produced that win care under
forfeit ef $500.


Each bottle has full description OF the diseases and all
necessary directions for both the English French
anguases-PncE $l BorrLE, large BEETLES Of double axe
81 so.)


90 For sale only At the agents once, No IS NASSAU


STREET, four doors from Fulton street. (up sairs Office open
until clock In the evening. els sm.",,Morning herald. [volume] (New York [N.Y.]) 1837-1840
1839-07-04,"July 3-The Grand Jury were sworn in. and re-
ceved the usual charge from his Honor the Record
er. The following is list of the grand inquest
John A. Stevens, foreman; James A. O'Reilfy. Phi
lip Hoffman, Enoch Dean, George Lovett, Jacob A.
Westerveh, Albert Journay. James Van Nostrand.
William Barnes, Timothy Whttemore, Townsend
Ravens, Archibald Morrison, Jonathan Ogden, John
Brewer, Walter Pickett, Isaac Ostrander Charles
b. Tappan, John Clendening and Obadiah Holmes.


Cornelius Donovan and John Regan, a couple of
bull-headed lrishmen were put To the bar charged
with assaultng John NJ Belden and John A. Russell.
1t appeared that few Sunday Evenings since
Becen and Russell were standing the stoop Of
gentleman's house in the city, in company with
ladies taking leave of the of the house to whom
they had been paying friendly visit, when the pri
soners came up and made indecent observation to
the ladies, whereon the gentlemen of course, gen.
tlemen were compelled to resent the outrage. This,
however, they did calmly and peacefully and with
due regard to the sanctty of the Sabbath; but the
prisoners thought they only joking with them,
and one Immediately crushed beautiful new white
satin hat, which one Of the ladies wore, with his
shoulder of nation fist This was too much for the
patience Of the gentlemen and they gave the prison
ers some more hard words and then the latter fell on
Messrs. Russell and Belden, with the intention of
knocking them down, and in the foray, of the
gents actually had his breeches anputated from his
unfortunate body. At length alderman and a con-
stable were sent for and they secured the prisoners


The jury, under the charge Of the Court, found
them both guilty.


And the court ad iourned to Friday.",,Morning herald. [volume] (New York [N.Y.]) 1837-1840
1839-06-06,"Warm, Cold, ShOteer, and other Baths.


This establishment has recently undergone thorough i'm
provenen and now in SUGGESTED operation. 1t has rs
Chambers street, and extends through to Reade, opposite
Elm street, giving the 6ne hall of 50 feet immense advan
tage for air and the beautiful perspective extending the Length
of Elm street. and exhibiting lively picture moving
rams view Of popuous city, which have excited the adnra
Of all who it, The whole Of the
Bath tasteful rch and convenient, and is said TO bear
favorable comparison with the establishments Of the kind
in Europe The front Chambers street is three stories high
and has much architectural beauty The interior about
80 for Bathing and connected with the ladies' bathing
apartments (Which entirely distinct from those for gentle
mes neatly furnished parlor for their accommodation.


NB-The pablo are requested call during the week pre-
vous Saturday and Sunday and they will find muck
more to their convenience aAd comfort.


CHARLES G. STOPPANL Proorietor","ABE BATH,
NO. SO CHAMBERS STREET.",Morning herald. [volume] (New York [N.Y.]) 1837-1840
1839-04-26,"CENTRAL OUTFITTING STORE,
No 3J3 PEARL STREET, CORNER OF FRANKLIN


SQUAE, N. Y.
Here the public may always procure
Fine goods in the Quitting line,
And what is impor tant, be sure,
That untiring zeal will combine,
With skill in preparing each sort
As good as elsewhere can be bought
Here the steamboat and packet ship may
Their ready made linen procure,
And prices most moderate pay
For articles well made and secure.
Here they will constantly keep
Every article belonging to that class,
From the counterpart, BLANKET and sheet
To the towel and cloth for your glass
Gentlemen also viii fed


Their ready made linen complete,
From fabrics the best OF their kind
And made up exceedingly neat.
Shirts, Under Shirts, Draw'rs, Belts and Hose,
Handkerchefs, Bosoms and Stocks,
While the skill that each article shows,
Brings customers crowdng IN hoeks
But he need not each item rehearse.
The Suspender the Collar, the Glove,
The Pantaeon, Strap and the Purse,
Each fne as those mentioned above.
Linens, likew wise, to order made
By those who are known to excel,
And the very fair price that paid
Yields work that is always done WE'LL
IT'S extremely convenient to know
Where ample assert ment is found,
And at there be able to so
Without searching the city all round
Aa Vesng and Stock Sans in lengths to suit purchaser
m29-tf",,Morning herald. [volume] (New York [N.Y.]) 1837-1840
1839-10-19,"~ THE Subscrbers Sole Proprietors and Manufacturer,
ere prepared execute with DESPATCH all orders FOR their Up
rvaed Patent sweiled Beam WndIas Bedstesds which
almost universally used being the best article ~ yet in
vented-conblnng ease, convenience and durability.


The sackng acted upon by the windlass and sweed beam
msde perfectly light and free from ali liability to sagg still leav
ing elasticity the same which renders particularly easy
and simple construction the matter fpung upand tskns
down will be found Of but little trouble comparison with
of other construction, whilst the precision with which tn
component 6tted acts safeguard against the intro
duction Of any kind Of vermin


From the taken to render each Bedstead perfect their
qualities for durability will recommend them purchasers
who invited to ca and examine large assortment
sand


Alo large of elegant Furniture Mattrasse,
Feather Beds, &c. constantly on hand.


Nv c SOUTHACK, No. log Broadway,
je1ty Franklin Houss","PATENT WlNNLAss.
B T. DIS Il t. A ID.",Morning herald. [volume] (New York [N.Y.]) 1837-1840
1839-04-27,"The animation which has been evnced in Wall street, since


ia arrival the Great Western, has undergone little
en today The son6dence inspired BY the nature Of the


en been the moving of the great buoy
aey apparent he markets. As yet the has not been
rsm the ouh which is the quarter whence the
greatest influence exered in the present stage Of our affairs


banks have not altered their course and although money
i plenty with the mercantile by Of their
country payments yet, with stock operators money still
per month; and there been slight
and depression at the Stock Exchange today The sales
been less than yesterday, and undergone decline generally
Delaware Hudson receded per cent Bank Of Commerce
+ per cent; Farmers Trust per cent American Life
Trust percent vicksburg per cent Paterson per cent
Harlem per cent; Stoninston Il per cent Canton u
cent Some sales Of Treasury have been made
These but little in demand When money plenty
they bought Cor the interest they bcar but now money
worth much than per cent they are drug IN the


market The change the prospect of affairs has, as yet not
inland exchanges these must depend IN great


upon the cotton and the course pursued
by the Banks Of the south on the reception oil the news


The following the current rates Of Bank Notes and Ex
change","MoNRY m a r. ME r.


Friday. Awril 28-O p. ~",Morning herald. [volume] (New York [N.Y.]) 1837-1840
1839-10-04,"There the South which indicate
improvement AFFAIRS Letters been received this city
today from Savannah which that arrangement has
been entered Into, BY the sa,anush and Augusta banks by
which they will receive the bills ofhe banks efhe interior at
deposit and in psymen, u Thi. srrasgsmep,


clsde' all the hanks with the exception he bank Of Haw
hnsvle and the bank Of Columbus. movement sf this
twe will be highly beneficial TO the commercial interest this
time; the operation will enable the the interior
vanna will be available T. the dealers there and will enable the
city banks cura their circulation their specie
They will thus always have balances against the country
banks, Cor which they demand exchange or specie Th.
will 60 great way in aneorasg the difficulty Of procuring


funds from that section The bills being at par will remove
that yexatous charge Of per cent exchange between Augusta
and Savannah which sstyer The Of much loss
annoyance dealers II - 10 be hoped that Georgia will


SOW enabled 10 retrieve her credit both here and Europe",,Morning herald. [volume] (New York [N.Y.]) 1837-1840
1839-10-04,"Ohm PLUNKETT respectfully informs his friends and the
d public in general ne has opened the Store No. 97
street second door abb Futon street. where he will
continue furnish his patrons with the choicest Havana Sc
cars al wholesale and retail in addition 10 which he has
made arrangements furnish them also with genuine and
pure article of French and German Wines French Bande
Liquors. Absynthe, Quimbu Wafer, Syrup and Preserves
SIC. &C.


Gentlemen from Europe the South and the West, who are
good Segar and the pure juice Of the grape
are respectfully invited call and judge for Themselves


NB-The subscriber fatters hirasef from the experience
he has his line of business that he is able 10 compete
with any other in the same line. s2s-lwins'",so. imis.,Morning herald. [volume] (New York [N.Y.]) 1837-1840
1839-06-07,"This establishment has recently undergone thorough i'm
provenent and successful operation has 10 feet
ON Chambers street. and exeads through to Reade opposite
Elm street. giving the fine hall Of 5v feet immense advan-
tase air the beautiful perspective extending the length
Of Elm street. and exhibiting lively picture moving
annie view Of popuus city, which have excited the admra-
ton all who it, The whole arrangement Of the
Bath tasteful rch and convenient and said to bear


favorable comparison with the best establishments OF the kind
Europe The front Chambers street. three stories high,
and mach architectural beauty The interior gives about
for Bathing, and connected with the ladies' bathing
apartments (Which entirely distinct from those for gentle
men, neatly furnished parlor for their accommodation


NBThe psbiie requested to call during the week pre-
vous Saturday night and Sunday and they will and much
MOI to their convenience aad comfort.


je62w+ CHARLES g. sTOPPANl, Proprietor
r OOKING GLAssES.-The subscriber has hand
IL large and splendid assortment Of Gilt and Mahogany fran
ed Looking Glasses OF every and pattern which he Offers
sell Wholesale retail at very low prices, for cash.


Portraits and other pictures neatly aud richly framed at his
warehouse $50 Pearl street. few doors south OF Franklin
square. THOMAS HOOPER.
a","ARC ABE BATH,
NO. 80 CHAMBERS STREET.",Morning herald. [volume] (New York [N.Y.]) 1837-1840
1839-06-19,"90 The Subscribers, sole Proprieors aud Manufacturer,
prepared 20 execute with despatch all orders for In
rlvaed Patent sweed Beam Windla Bedsteads which are
almost universally used being the best article
understanding ease, convenience and durability.


The sackRg, acted upon BY the wnda. and swoled beam
made perfectly gkt and free from ali liability sagg sl
elasticity the which render. particularly easy
and simple IN constructions the matter of putting and
down will be found Of but little trouble with
81 ""a, other construction whilst the precision with which III.
component paris fitted acts against the intro
duciion IL any kind Of vermin.


From the taken render each Bedstead perfect
Qualities for durability will recommend them 10 purchaser
invited te cali and examine large assortment now OF
and.


Also large assortment Of elegant Furniture Marasse,
Feather Beds Nc. constantly on hand.


w. NC soUTHACK, No. 1876 Broadway,
lel5y Franklin House","PATENT WINDLAss.
B f. DIS IT f. A ID.",Morning herald. [volume] (New York [N.Y.]) 1837-1840
1839-06-19,"LATEST AND MOST IMPROVED PATENT TRUSS
rINE attention Of those afflicted with Hernia called 10


i Truss, lately patented in the city of New York It's
superiority every other instrument will be evident


inspection for unlike every other Truss the rupture pad
pressed upon by double spring which fixed
the TO the lower part Of the rupture pad
thu. keeping the pad closely applied every attitude Of the
body and usng and adapting itself under all circumstance
70 the and 70 the part 70 which J. 70 be applied Pos


essing double spring and consequently double degree
elasticity, II rendered and convenient 10 the
The above Truss has taken the place Of all others for the per-
manent retention aud 81 hernia h almost
the ouy Truss IN the city OF New York. aud the
adjacent country The above Tr I'd used aud applied by


Surgeon who has devoted particular attention u the subject
81 hernia and the construction and application of Trsses
hs Office No Ann street Broadway two doors from the
American Museum where they may be had wholesale anil
tail. ie7y","DIR. CT d Y n Is,s",Morning herald. [volume] (New York [N.Y.]) 1837-1840
1839-06-19,"The above Pens all manufactured under the personal
psrintendence Of MIR. JOSEPH elliott, who for twenty
years has devoted his time in close application and study
their perfection


practical mechanic himself effort is spared that will ia
the least tend to their improvement they made from Will


OPINIONS OF
""Joseph Go patent elongated metallic pens the best
article the kind that have used We back to the
quill time ago after trying almost every variety Of
alc pen in the market satisfied pens equal
those produced by Goose Cos but having Mr.
GotS have again enlisted every good democrat should
under the metallic ern-Boston Morning Post.


1he itself is worthy its rich contents and the whole
credit upon the establishment that has saved penmen
such world of trouble cutting goose quilts, and nbbng
poists little used.


ave may safely speak Of pens sxceen de,erv
ing high comnendation Phil U. S. Gas.


""A good steel pen lasts longer than quill and when il
service have only throw and nj in another
the holder and there You and equipped for scrb
bling If made Of the best STEEL and properly tempered is
the with Gllos they quite elastic the best Ho
and Rassia qu have the advantage not losing either
heir point their elasticity BY In short 20 fer the","JOSEPH GILLOTT'S
PATE Mt STEEL PEN",Morning herald. [volume] (New York [N.Y.]) 1837-1840
1839-05-10,"In pTHlerdtd Tedtsi nquehnf.


THESE important medical applications enjoyed for


time before they were brought to general notice. high
reputation with limited number Of the medical profession in


English etropois whom their valuable properties
well understood and fully appreciated was on the stroag
presentation of those gentlemen that the popreors first
solved enlarge the sphere Of usefulness of bodies calculated
these unqaestonaby 10 effect extended amount
of relief diseases accidents affecting the exterior Of the
human Frame than any substances previously known and they
offered the entire population Of tae Emitted States with
the conviction they will be found the useful and
valuable preparations submitted 10 public notice


The Ceraie-w'ch ola peculiarly delicate nature 10 the
sight and touch and its original or PLAIN state equally mode
and Invested Of all snctuous prepared IN dit


ren combinations especially apted the relief Of the


and muscular diseases which have been proved
o Weld > the influence Of its extraordinary power


The leading general properties Of these combinations their
simulan absorbent and counerritant added ,e powerful
healing qualities which necessarily exist in different degrees
the which they have been subjected for
adaptation their several intended The Linimeni and
Ceates pr pared constitute respectively rapid and eec
,aal remedies states Rheumatic Affections
Lumbago Gandulr Sweing many instances of Scrofous
Sores and swelling, Yavs Tumor Relaxed Throas
Hopping Cough Group sweled Face Gums Nervous
ache Of Deafness external Inflammation in all its
shapes. Doi liberated and other wounds Sprains Cramr
Bruises, Burns, scalds Erypea. Mosquito Bites venomous
stgs Itch, Crawera- Rnsworm, Scaldcad, Grocers Itch
ChhIain Bunisns Corns Tender Fee Chgua rab Yaw,
Paralysis local character scaca anl
As class Of society exempt from the liability to
powerful series ofsimpe but ecctus remedies be highly
Fable.


The Proprietor. give their soun assurance that there i,
fact stated with respect the powers Of these
10 be inferred from the either Of the foregoing
MARKS Of the following directions which fully es,sb


hed class the private practice Of medical
Of resrcctasy in the metropolis and that


the preparations although most eeetua in its remedial char
u the highest degree innocent in entire COMPOSE,
NOS, and consequently be used with perfect safety


Anxious to avoid exaggerated needless representation.
Prspreors abstain ros all further remark beyond neees
and rather fun detail Of i1srut Tor the
several remedies in the particular which they APP
picabe fully assured that the bt Recommendation FOR the
adoption o the Ceraics and Linmen will derived from
the clssr evidences Of their efficacy, wherever
had to them for relief any Of the disorders injuries above
enumerated


The Royal British Ccraes made IN, in ali their rroli6
cations, boxes 81 four SHES 81 cents, S7i
and - so cash and the Linmcn bottles three szs
with ground glass shoppers II say cents S0o cts and
each; the Engish stamps IN all included. By pcrm
II the Honorable Commissioner Of Stamps London
and security TO purchasers IN part the world To


their obtaining ~ times the genuine articles each
stamp has engraved IL the and address If the
prietors Sharp Company, l53 Fleet streets"" 10 counter
felt which IL felony.


The PROPRIETOR satisfied OF the usbound,d utility or these
preparations 10 all classes Of the population have prepared
FOR general useand especially FOR families resident IN the
country, removed from immediate medical advice. well
for schools and other large Great number
different assornents embracing variety Kind and


sire, which KEEP, state cf readiness al times They
also draw the Of parties redent seaport
the fact that they have made similar up,n
suitable scale, AMI in boxes adapted tile the m.
camille hippny where the various and excellent


these applications must prove Of in,mabs value the cure
Of ths several diseases aud injuries which sailors
peculiar degree exposed Assorted chests are also expr ey
prepared for plantation stores in II, foreign countries
important observe thai tie Ccrates and Linn keen
o length Of time, and 10 all climates.


Prepared only BY Sharp, West Co.. 53 Fleet Street Lon
dom the sole propristor and od ~ them snd all the
tent Medicine ,,sders and round the metropolis. b, one
ycndcrs, in every the British Donnions; aud Nv c.tab
lished Agents ii all part. Of The Usitel States.


~ The above medicine 10 be lad at l93 Broadway, New
York. a:9-1","PATRoNIxEp THE ROYAL FAMILY AND THE MOBILITY
SHARP'S ROYAL BRITISH CERATES AND


IINIMENT.",Morning herald. [volume] (New York [N.Y.]) 1837-1840
1839-05-10,"Tight laeing bear il not


Lass. throw &. y busk away
Consumption fills Il up


With sickness and decay;
Then .hun the snare, sweet giri,
Lest il should be thy doom,
To close thine EYES upon the world
And find an early tomb
The Anaconda's coil,


That stops its victims breath,
When caught within his tolls,


Isnot a surcr death;
Then shun the steel and cord,


Ifyou would long survive,
T. enjoy a pleasant world


And all your friends, alive.
When like the damask rose


Your cheeks have native dye,
And every action shows


Youths JOY and buoyancy-
Should you then be 50 weak,


This badge Of death TO wear,
The rose will leave that cheek
To burrows Of despair.
White as the driven snow


Your brow will then appear,
And ever, feature show,


That cruel Death is near
IT'S he a one that must


Relieve you from your pains,
And you return to dust


Where Fashion never reigns.
Your form divinely fair


Will perish like the grass
In anguish, friends must bear


You to the grave, sweet lass
o. then, tight iacing shun.


And so preserve your life;
For when Of ace / come,


/ rant you for a rife","

Tixhe I.wrin =.",Morning herald. [volume] (New York [N.Y.]) 1837-1840
1839-06-28,"THE Subscriber respectfully beEs TO inform the public THAI


he has constantly hand large and elegant assortment
every description Of the painted washable wiz
dow shades consisting Of Italian and other landscapes, Dap
nous Chinese Architectural and Fancy Blinds, which he
confidently Tor their beauty strength and great do
rabty they have been known, with common to se
oure. years The prices Of the shades including
cords tase rack pus and fittings for Windows completes
var, from 81 upwards per pair Blinds painted ard it'd
10 order. by applying GEORGE PLATT, ~ Spruce St


Nh. Country dealers supplied with blinds and blind dinsA
mis-. 2ta.y",WINDOW BLIND MANDATORY.,Morning herald. [volume] (New York [N.Y.]) 1837-1840
1839-08-19,"CHERMAN'S WORM LOZENGES--Many diseases
~ arise from worms without its being suspected Sometimes


troublesome cough pains the joints limbs bleed.
ing at the Sc &C. occaoned by and will be
easily cured by this celebrated medicine The following
tgo orpor disturbed dreams sleep broken off by fright and
screaming commissions feverishness thirst pad hue bad
the mouth offensive breath, cough difficult
itching at the pains thu stomach nausea
voracy, eannes tenesmus itching at the towards night
and at length objections Of films and mucus.


Read what Shsrmans Worm Lozenges have done-Mr
Johnson Of Wavery Place. says his child has been afflicted
with fits and the Doctors thought with the
Every thing done help the child, without effect until
box OF Sherman Worm Lozenges tried which to the
constituent OF ALL effected perfect in few days They
brought ay almost incredible number Of worms which
brought immediate relief Ask for Sherman Worm Lozsnges
They the only Worm Medicine that fails 10000
miles have used them within the uniform sue
Wholesale and retail at LOG Nassau ST. N Y au2-y","WORMS! WORMS!


WORMSl",Morning herald. [volume] (New York [N.Y.]) 1837-1840
1839-06-17,"LATEST AND MOST IMPROVED PATENT TRUSS.
HI attention Of those afflicted with Hernia 10 called to


irsss lately patented in the city OF New York lie
superiority other instrument will be evident


inspection for unlike every Truss the rupture pad
pressed upon by double spring. which fixed
the To the lower the rupture
thus keeping the pad closely applied every attitude the
body ADJUSTING and adapting itself under all
to the and 10 the part 10 which be applied Pos
seng double spring. aud consequently double degree
elasticity it is rendered and the wearer
The above Truss has taken the place Of all others for
retention and of hernia rupture Ii almost
the only Truss the city OF New York and the
country The above Truss adjusted and applied by


Surgeon who has devoted particular attention to the
Of hernia and the construction and application Of Tusse
his Office, No Ann street Broadway two doors
American Musun where they be had wholesale
tail, Jew",ID X. GL OVE RS,Morning herald. [volume] (New York [N.Y.]) 1837-1840
1839-06-17,"0U- CLRERUGH, Wig Maker and Hair Cutter, corner Of
Fulton street and Broadway having u completed large and
elegant assortment Of his newly invented ventang and per-
pctua fitting Wigs and scalp invites all 10 inpee
ton Of them.


In their manufacture, they differ ron all Others hitherto
made the hair being sngy inserted and equally distributed
appear issuing from the skin. They more
Of the brow Than the docs and being hout any
metallic spring all dsagreeabc pressure entirely obyiaed


For elegance ghne and durability they now rank among
he frs. productions Of modern ingenuity


Entrance from Fulton street. ieII lv","PREMIUM WIGS AND


SCATpS",Morning herald. [volume] (New York [N.Y.]) 1837-1840
1839-05-29,"90 SECOND WARD HOTEL.-Nest to the corner Of
Fulton street in Nassau street This well known establishment
having undergone thorough retng in complete order
for the accommodation Of those who may honor It with their
patronage.


There this house besides the lower which thrown
entirely open public bar ROOM large room upon the Sc
cond story bv 25 well suited for the accommodation Of
public meetings. together with several smaller adapted to
the Of referees Cor the transaction Of other private
business.


Clubs and private parties accommodated with and
may be furnished dinners supPer composed Of every
species game delicacy which the markets afford at short
notice. [iell-yl EDMUND JONES, Proprietor.",,Morning herald. [volume] (New York [N.Y.]) 1837-1840
1839-12-09,"HAHRffbUpo, FRfDAy-ArrFR NOoN.


Long before the hour for the assembling ~ the con-
vention TINS afternoon, the ladies' ~ Harrisburg,
presenting captivating array Of beauty and fss
made an rrupton into church and took possession Of
all the wall slips on the ne -thern side The mem
bers eyed them with looks that indicateda greater
anxiety TO support the anti Maithusian theory, than
TO make President


Governor"" saida gallant General from Ken
lucky, by O. this will never do. Ihave already
been so long from home that these pretty women are
beginning 10 play the devil with my allegiance to
Madam Besides "" the lsdies are 20 distactus with
heir smiling countersnces in this way, shall not
be able 70 make a nomination until after Cenaress
gets Organized


more dangerous than the ladies,"" said tie Cover
nor, with great stateness, shall rejoice AZ IL, and
will take chance for the effects of that


The Convention came TO order Al O'Clock, aud",,Morning herald. [volume] (New York [N.Y.]) 1837-1840
1839-04-25,"T,nie MIXTURE, or Vegetable Vebrifuge.


The wonderful which has attended the Of this
medicine has induced the propetor prepare in another
FORM order TO make its usefulness universally
They therefore, with much confidence offer fer public approval


ROWAND's TONIC MIXTURE PILLS,
which essentially the the liquid but possessing the
advantage Of portability and safety from breaking aad freezing
complaints OF which have been frequently made by the
Of the Tonic Mixture


We have 10000 certificates prove the nfabnity Of this
medicine when properly used including many members Of Com
grss and other distinguished persons throughout the Unted
States who have expressed their gratitude their restoration
TO health by its employment. Like the following viz
Mr. Rowand-sir, feel it duy which owe 70 you, and
the community 10 state that have severely
fced with the and Ague and having procured every
remedy without the least and having heard Of Row
ands Toms Mixture induced TO resort it-and feel
pleasure 10 state that in two days entirely recovered usual
health and symptoms % the complaint has returned


ABBOTT LOvETT.


2l6 Bowery, N. Y.
For sale by j. o. Fay general agent Minors Franklin
House Drag Store No 1913 Broadway ""; and Of druggists
generally throughout the CITY and cosstry. az I'm.","1OO OOO CASES OF FEVER AND AGUE AN


AOV,OOO UALLY CURED by thsgensine Re~snd's",Morning herald. [volume] (New York [N.Y.]) 1837-1840
1839-07-17,"LATEST AND MOST IMPROVED PATENT TRUSS.
rTNHE attention OF those afflicted with Hernia called


new Truss lately patented the city Of New York Its
superiority other instrument will be evident


Inspection for unlike other Truss the rupture pad
pressed upon by double spring. which fixed con-
the necessary to the lower part the rapture pad


thas keeping the pad closely applied every attitude Of the
body and adjusting and adapting itself under all
to the and to the which be applied
sesng double SPRING aud consequently double degree of
elasticity Is rendered easy and the wcarer
The above Truss has taken the place Of all others for the per-
nanent retention and OF hernia rupture is almost
the only Truss in the city OF New York. and the
adjacent country The above Truss and applied by


VINO mas devoted particular attention 10 the subject
Of hernia and the construction and Applicant of Trssrs
has efee Ann street. Broadway doors from the
American Museum where they may be had wholesale and


ie7-","X. GLOVE R,R",Morning herald. [volume] (New York [N.Y.]) 1837-1840
1839-11-19,"UNDER The Clinton Hall
Ryder ""a ned Boot and Shoe store is found
In il, whoever may call,
Always fluids assortment that's sou nd,
He has boots Of materials the best
Ready made and to order likewise,
You have oIdy to give them the test
DcitGuete5 III :. rss-
Each varied descrrpt;sn and kind
Required BY each seasons change.
Better boots you'll no where fad
Ger the mhoe town should you range.
OF shsc-. 100, he's every SORT
The walking and dascing pamps,
Made equal the choicest wrought,
And not to be hurt ty Hunf,-
Known fur and nesr is his NAME
Each portion Of the Union tell
Ryder's worknanshipsmerifs its fame.
Because il 10 always done veil
Each material is chosen with cure
Each article flushed complete,
Known never to rip md to wear
Much longer than many you meet
A Diploma has been .ivel him twice.
Nor can his work be surpassed,
50 perfectly finished and nce
The leather that leaves his lat;
Ryaers name is sprs aiding around
Each city aIsl town OF our land,
Equal 10 the finest yet found
The articles seat from his stand.
New Improvement hes lately made,
Enhancing his cork sole boots,
Where great skill and tasfs displayed;
Won will find the cork cannot break,
Over its sole leather Is wrought
Rydcrs invention will take
Keen the the custom he's sought oi0 d.",,Morning herald. [volume] (New York [N.Y.]) 1837-1840
1839-04-19,"The stae Of financial affairs in this city Is now rsP'oiy m
proving Already money can be obtained with greater
IN rood paper stocks have again today and the
extent Of sales great the Board ar degree OF
animation was apparent incident spon the improved state Of
the money market Phenx Bank rose u per cent Dry DOCK
Al uer cent Del Hudson 81 per cent Bank OF Comnercs
per cent Mohawk per cent Paterson per cent Harlem y
per ceat Jersey r per cent stsnington per cent
Canton per cent Kentucky per cent


The market sterling exchange also exhibits an improves
ueut The demand for bills has active much that
holders who offering per cent the last packet day.
are now firm at per cent and there many who hold
for sl higher rates. There fair amount of cotton bills
but not greater the demand which chiefly for
the Great Western But little will be sent by tomorrows
packet probability that the steamboat will take out
large higher rates than those here quoted
The money has hitherto been tight that those as
posed to purchase had the facility Now tha tne oa
are more liberal exchange sought for and further rise may
be anticipated.


In domestic exchange there yet no material change IN
rates.


The following the current rates Of DAnA No'e' anu -","

rh~rsaay, April l6-0 p. n.",Morning herald. [volume] (New York [N.Y.]) 1837-1840
1839-04-19,"Here Is an amount Of exports from counties Of
100000 year These have been mostly sent to the
southern markets. and combined with the produce OF the other
western states which has taken the direction forms the
enormous exports from New Orleans which coaswe aud 70
reign, during the past year, have reached se22eil6


Forrss-At Rotterdam the 10Th March, the great sale Of
coffee Consisting o 96 bags and Gas casks, went OF brisk
w. The prices obtained fully equal 10 those Of former
sale the descriptions advance the
sale Rotterdam during the previous week The whse guam
hy knocked down. aud sold in hour aud half A.
Boston, bat little has been done during the past week; lev",,Morning herald. [volume] (New York [N.Y.]) 1837-1840
1839-11-02,"Prices are yet exavagany hsh;but the navigation keeps
omen nabe length o me provh lone Of all kinds must
me down The drovrrs hucks,cr and alike suffer


from present unsettled condition Of financial Affairs and the
scarcity Of money which with the Of produce in


the interior affect prices materially before the winter
sets The probability that The canals will close about the
25 Instant three week hence and farmers generally crowd
every thing forward the last moment large quantities OF
provisions will till them As gut in market


prices will undoubtedly reeeds in the three
four weeks to lower poiu than they Provisions
will not decline left TO the action Of the butchers and there
FOR. consumers themselves watch the Of events
and resist all the Of the hucksers
In other words they combine and refuse to
buy Of those who wish effort high rates for meats and
purchased Of the producers very low prices
fifty per cent lower than the prices paid every morning
our markets The poor must have food but they cant par
such prices wealthy should aid In bringing about


still further reduction than that which has lately been sub
mitted 10 by the butchers",,Morning herald. [volume] (New York [N.Y.]) 1837-1840
1839-04-20,"&. A. BradbrOOfk's
GENERAL OUTFITTING STORE,
Where Gentleman may procure every article for complete


Outft Of the best quality,
No. 353 PEARL STREET, CORNER OF FRANKLIN


SQUAE, N. Y
Here the public may always procure
Fiae goods in the Quitting line,
And what is important, be sure,
That untirng zeal will combine,
With skill in preparing each sort
As good as elsewhere can be bought
Here the steamboat and packet ship may
Their ready made linen procure,
And prices most moderate pay
For articles well made and secure
here they will constantly keep
Every article belonging to that class,
From the counterpart, blanket and sheet
TIE the towel and cloth for your glass.
Gentlemen also will find


Their ready made linen complete
From fabrics the best Of their kind,
And made up exceedingly neat
Shirts, Under Shirts, Draw'rs, Bolts and Hose,
Handkerchief, Bosoms and Stocks,
While the skill that each article shows,
Briggs customers crowding IN Hooks
Buthe need not each item rehearse,
The Suspender, the Collar, the Glove,
The Pantaloon Strap and the Purse,
Each fine as those mentioned above.
Linens, likewise, to order are made
BY those who arc known to excel,
And the very fair price that Is paid
Yields work that is always done we'll
IT'S extremely convenient to know
Where ample assortment is found,
And at once there be able to go
Without searching the city all round
As Nesting and Stock satins in lengths to purchaser
m29-tf",,Morning herald. [volume] (New York [N.Y.]) 1837-1840
1839-04-20,"NALAMANDER WORKS, No. 81 Cannon street.-The


proprietor of this establishment invites the particular at
tenon preprieors ofurnaces of different kad iron ioun
ders engineers builders chemists manufacturers and
others who require great heat to the articles made BY him.
consisting principally Of Fire Bricks Of all descriptions and
shapes equal to the celebrated Sourbrdge bricks
Tiles Of various kinds bakers and green houses FIX
lures CRATES Innings for fire cement Portable Furna-
ces superior any Others Flint Stone Ware for chemists war
rantedt resist the action Of fire. acids &c 60 arge as
.ormont Of these articles kept constantly hand and
likewise made order the shortest notice all OF which are
offered for sale on the most reasonable terms.


ml5-sm. M. LIE FOULON. Proprietor.",,Morning herald. [volume] (New York [N.Y.]) 1837-1840
1839-04-20,"AMPS LAMPs-The subscriber has just received great
IL variety Of beautiful Lamps Of patterns, consisting OF
Mzne Lasps with rich Priss both Bronzed and Gilt and
Bronzed Relieved Also Eronzed and Gilt Chandeliers great
variety pattes Also Astral Lamps OF different pat
terms with rich cut shades and Hall Lanhos which
with plain plate and stained glass slso article OF Hall
Lamps glass and the Gothic shape; also improved
tcle Of Reading Lamps together with variety Of Radcliffe
pattern Universal Lamp article and highly approved Of
England All OF the above have been made expressly Tor the
subscriber and all manufactured Of the best materials Tor
sale al reasonable price., bv ID. Y. DELAVAN,


als.y m Maiden Laa~, Broadway.",,Morning herald. [volume] (New York [N.Y.]) 1837-1840
1839-08-31,"WINDOW BLIND MANUfACTOkN.


THE subscriber respectfully begs to inform the public tina


he has constantly hand large and elegant assortment
every description OF lie painted transparent washable
dow shades consisting Of Italian AVID other landscapes Daph
Chinese Architectural and Fancy Blinds which he
consden Cor their beauty strength and great
rsbxy they Nave been known, with 10 las
from fourteen years. The prices Of the shades nesdn
cords e rack pulics and fittings for windows, complete
vary from 81 aud upward per pair Blinds painted and Tilted
order, BY applying to GEORGE PLATT, IL Spruce st.


NB. Countrydes supplied With blinds and blind 6ngA
mlo-2m-y


TNR HULL's RADICAL CURE OF RUPTUREs.-oe
~ fee yesry Astor HouseA Surgeon Of year,
pracce constant attendance Guarantees Of radical
given all reducbe rupture the strength and
stsona health OF the patient being otherwise uninpsired
With proper ADAPTATION DR. Hus Truss perfectly
the rupture without pain the least danger the patient
the slightest interruption 20 exercise or business


Attendance in private houses where required Al
shsr 8 O'Clock, by the office Surgeon


NJ BPaten cutoned against trusting TO spurious in
venon Of Trusses advertised Improvements upon Halls
None genuine unless they bear the signature Of AMOS
HULJ-and the only Office in New York sthe original
formerly in Fulton but Nos yesey street Asto
Hase. a5o.eod y",,Morning herald. [volume] (New York [N.Y.]) 1837-1840
1839-08-09,"CHERMAN'S WORN LOZENGES--Many diseases
- arise from worms without its being suspected Sometimes


very troublesome cough pains in the joints limbs, bleed
ing the noe &C. &c occasoned by and will be
easily cured by using this braed medicine The following
symptoms Indicate the presence Of worms vzheadache
tgo orpor disturbed dreams sleep broken off by fright aad
screaming commissions feverishne thirst palld hue bad
itching the pains the stomach
voracy eannes tenesnus. itching at the towards night
and at length objections of films and mucous.


Read what Shsrmans Worm Lozenges have done-Mr
JohnsoR OF Waverly Place. his child has been afflicted
with Cts and the Doctors thought with the
Every thing done help the child without effect until
box Of Shernan Worm Lozenges tried wach to the
constituent of all effected perfect in few days. They
brought almost incredible number Of worms which
brought immediate relief Ask for Shemans Worm
They the only Worm Medicine that fails 10000 IA
miles used them within the year with uniform sue
Wholesale and retail at l06 Nassau ST.. N. Y au2y","WORMS! WORMS /!


WORMS!",Morning herald. [volume] (New York [N.Y.]) 1837-1840
1839-06-26,"90 SECOND WARD HOTEL.-Next to the corner 1
Fulton Nassau street This well known establishment
having undergone thorough rettng complete order
for the accommodation Of those who may honor with their
patronage.


There this house besides the lower thrown
entirely open public bar large upon the
cond story rs feet BY 25 well suited for the accommodation Of
public meetings. together with several smaller adapted to
the clubs referees for the transaction of other private
business.


Clubs and private parties accommodated with and
may be furnished with siaes supPer composed Of every
species of game deicacy which the markets afford al short
notice Gjell-yl EDMUND JONES' Proprietor
TNCKERBOCKER HALL. No. 10 Park Row.-Tte sub
N scrbers having opened the above house the EURO
PEAN PLAN would respectfully inform their friends and the
public that they ready accommodate them style
be surpassed by any similar house in this city Thu
will be furnished with every and all
the sxuries Of unrivaed market There hundred
lodging rooms which airy newly furnished and in perfect
ORDER The Ordinary being the first hoor spacious
and well furnsed and the tables shall always be
supplied with all the variety the market affords, served up BY
experienced cooks.


The marked which has attended establishments OF
this kind sufficient evidence Of er adoption to both business
and travellers.


Gentlemen visiting the city, will find this desirable and
and short the beauty and elegance Of local aud
ransoy objects Of attraction and sPlendor with which New
York abounds EDSALL JONES


N BFor the accommodates Of Trsvellers this house will
be open at all hours Of the night alu",,Morning herald. [volume] (New York [N.Y.]) 1837-1840
1839-06-26,"ITO ARCHITECTS, BUILDERS, AND OTHERS


The subscrbers would respectfully inform builders and
ether they have constantly hand and prepared to
furnish short notice. architectural ornaments Of every de-
scrpon ""for the interior finishing Of dwellings, churches
and other pabc bmdngs via capitals for columns, and
do. all the orders Of architecture consoles, ues,
rched oudings, rosees, p.tares exe ornaments &c. &c
any The long proved quality Of composition
nen executed bv Them renders useless to say much in
its euIogy and with the means they and on long
practice execution OF models ouas and every depart
Of business nater themselves that for bodness Of relief
and general sharpness and beauty. their work will be found
superior thing Of the kind done other place
they having avoided that tiny Cat and underlined appearance
Justly complained OF Great attention having been
paid the modes Of manufacture 10 insure the best quality
the lowest possible price, they happy 10 say that their pre-
scale OF prices will be found 10 be beyond the reach Of
abatement competition.


Builders Of New York. any part Of the United States
wona find material saving and likewise procure superior
article by calling writing for any thing OF the kind they
require have hand, and enabled TO Gil orders
any amount al very short notice -


CALLER MURPHY,


Mandatory 500 Br.zdwsy,
mvlA 3n. One door from Niblsi-",,Morning herald. [volume] (New York [N.Y.]) 1837-1840
1839-05-24,"These Losssgss made from superior article Of the BIZ
carbonate Il Soda from the recipe o "" DArce sad
nended by him and lags number Of medical the most
eaecua NEEDY for Indigestion Dyspepsia Heartburn Water
brash and Acid of the Stomach and Bowels One
before dinner prodsce healthy appetite, promote dg,s.
prompt and complete that suffering ndges
ton should hesitate making trial Of remedy such
knowedged eGcacy and high Years of
tensv, England among all classes Of this superior ai.
clc guarantees its great value.


PApk PLAcs, March IA 1872
Dear Doctor you May thanks for the benefit
ceved from your Soda Lozcngs have bees troubled with
dyspepsia for several years. heartburn wstebrah and all the
attendant symptoms had bccose quite eraeaed and life
fact bsrthen TO hsd employed Dr. Mott and
vera Of the most distinguished physciass without any bat
temporary relief lad abandoned all hopes ofe,er being
better until Induced BY friend TO sake us u your
Soda Lozsnsss Thanks 10 God besg, and
nv friends hardly know can eat beef.teak any
hearty food and II 10 digested With and cossrt


PRISCILLA BENJAMIN
Sold whoesa. and retail at the Medeasd Losenge Ware
house, 100 Nassas st. my10-y","IIEARTBURN AND ACIDITY OF THE STOMACH
III CURED BY sHERMANs SODA LOZENoEs.-",Morning herald. [volume] (New York [N.Y.]) 1837-1840
1839-05-24,"Or Compound Essential Oil Of Almonds,


OR destroying dandruf and preventing the hair from
ing sst turning grey prepared by ANTONIO PASTOR
Hair Cutter, l6S Greenwich street, New York.


This nimitable Oil has been the product Of twenty four
Of experience and for the last years city
New York. where have been practising the Hair Cutting
siness and the public rely it, that A. PASTORS COM
POUND OIL the whecssncst and best OIL for the hay-
makes grow thick and long prevents is falling off turning
and even If hair has begun to turn such nourshe
TO the halr that by will restore its natural eoov
also prevents hair IRON becoming shaded and hair oreaay
shaded, which great Disagreement Young ladies' IL
used for short tre, il will restore it to natural color clear
the ssu and keep the head and clean promotes eyebrows
and whiskers liberal discount made wholesale paSc
ssrs A. PASTOR


l66 Greenwich street, N. Y.
Price, 70 cents per bottle, highly perfumed myl5-lm.","A. PASTORS
HAIR OIL.",Morning herald. [volume] (New York [N.Y.]) 1837-1840
1839-10-24,"Corner OF Fulton am Broadway Entrance from Fulton
ULIREHUCH, HAIR CUTTER, has just completed arrsn.
"" ge with of the first IN Londcn from whence
n. Win receive the specimens of fashion BE- adopt
ed for the season. that they will appear New York stimuli
taneously With those % London and Paris.


Newt 70 The advantage OF having fine head sf hair u N.


importance or having well cut aud in this branch of his
Clirehurh stands precinent His system Of cutting
beauty i rendered truly ornamental TIE desi and
tcn differ enrclp from tie usual practice =. iifcuitinr
adopted also the expedition and genteness with which
he Iteration performed The first artists in LoRdos and
Paris have acknowledged its utility and adopt IN their


ce u, the beau monde Il has been denominated scientific
ART and whether for the Pulpit the BAR, the Senate or the
Stage its elegant and classic viii add dignity and
grace 10 the whole contour Of Ia fsfe Humane


The patronage already extended 10 him since the introdu
ton ofh y,tem and ~, haering encoums pronounced ~
All Who have chang under the magic Of his touch
induces him invite all gentlemen who either study personal
appearance the aurmens of fashion, 70 place their hair
der his charge assured that trial will prove his superiority
over all other competitors


Private Rooms Zoe HAIR Cutting, and sitting on Wg sis","GALLERY OF FASHION, FOR
HAIR CUTTING, SC,",Morning herald. [volume] (New York [N.Y.]) 1837-1840
1839-07-11,"Or CemPOund Essentia1 Oil Of Almonds
LOR destroying aandruf and preventing the hair from
ing cut turning grey, prepared by ANTONIO PASTOR
Hair Cutter, l65 Greenwich street, New York.


This inmitabe Oil has been the product of twenty four
years experience and for the last years city
New York. where have been practising the Hair Cutting bu
sness and the public may rely it, that A. PASTORS COM
POUND OIL is the wholesomest and best OIL for the hair
makes grow thick and long, its falling off turning
grey and hair has begun TO turn grey such nourhe
the hair that by will restore II its natural color
also prevents hair IRON becoming shaded and hair orcad
shaded which great dshgurement to young ladies' ana II
used for short will to natural color
the ssu keep the head and air clean eyebrow,
and whskers liberal discount made to wholesale purcha
A. PASTOR,


IS Greenwich street, N.
Price, 50 cents bottle highly perfumed. je2l-lm'","A. PASTORS
HAIR OIL.",Morning herald. [volume] (New York [N.Y.]) 1837-1840
1839-10-31,"PHILADELPHIA, BALTIMORE, AND EASTERN
L NOTES taken at par for Portable Desks, Dressing
Cases Fancy Boxes for work jewels odour Sc Purses
and Card Cases Fancy Note Papers and Envelopes; Musical
Boxes Walking Canes Lad es' Work Tables and great
ely Of articles Of utility and fancy suitable for presents pora
bic articles for travellers; fine Peumery Brushes Rodgeri
Cutlery Chinese and Indian Goods Sc comprising all no
velties aud improvements STYLE arrange men quality and
fnIsh and forming ha most and desirable assortment
t. found in The city all Of which app, show
and sell at reasonable prices.


TIFFANY & YOUNG, a59 Broadway,


OILS lmis' directly opposite the City Hall","DHILApELPHIA, BALTIMORE, AND EASTERN",Morning herald. [volume] (New York [N.Y.]) 1837-1840
1839-07-13,"This table shows great huctuaton in value. and principally


in articles Of luxury silk nen wine, which proves the
ducuon consumption of those articles which attended the
progress the revuson The high figures of the year 1885,
compared with those of the preceding years, proof
large quantity imported much the prices with
the manufacturers at that me perhaps not high
during year 1885, when the aggregate value much smaller
Both the value Of exports and imports governed not by


the prices which rule here but by those current the markets
of purchases general rule they do not bring their
merchandise here for sale carry crops there bat the
risk Of prices here is taken by importer who there
fore great in the power Of banks with regard
the prices he may obtain for his after having brought
this country steady and uniform curencyis there
fore his only safe guard",The following comparative statement Of the principal,Morning herald. [volume] (New York [N.Y.]) 1837-1840
1839-07-13,"This has bill day for the packet ship westcheser
which sails for Liverpool The rate Of bills has
advance since the last packet day. and is now lot
l0 per cent, s4sa cts 81 cts the pound sterling At
Of business the u D. Bank drew at % per
cent advnced the rate to 10 cent; aud after
drawing small amount withdrew altogether from the market
when Prime Ward King asked ol per cent, and the
Browns lo per cent which rates the business closed Al
the Stock Exchange small amount Of business was done and


without any material change in rates Phenir Bank improved
per cent u s. Bank per cent, Canton per cent; Della
ware Hudson declined per cent, Bank Of Kentucky per
cent


The following additional returns Of the Sank' under the
law.","MO NEY N A h X K T..

Friday. JuIy l2..-O p",Morning herald. [volume] (New York [N.Y.]) 1837-1840
1839-08-26,"The retsrn estimated returns ouch 90
the States made Within that period It's evil
dent that the prices Of the articles must in great
effect the aggregate circulation.


Prices with great BY the price
leading prodsct cotton, that consist three iour,h Of
exports paying foreign supplies The prices
OF that article depends upon the situation Of affairs Eursps
and their ability 10 creating greater or less
demand Al this present they situation
much prices must therefore be low while the


time the quantity Of produce rs per greater than
year, the present prices expansion
o0s the part Of the banks will BE aeces,ary
transaction Of the business growing ost oft


The greatest dcues which financial system experien
from the unhfu action OF the banks which expand


freely in secsns we'll from the d, sps
sustor who disturb the natural Of market By


shedding back"" produce which should 90 forward thereby
creating artificial deficiency the
not decreased consumption Of foreign good.
cause he has received bank paper for his produce and il
possession Of artificial Of paynsn artificial because
the basis stopped its way pay Tor the goods has
summed and therefore useless IL had not bees produc
ed The result that the bank makes double upon the
basis and will therefore have demand for twice
amount OF northern exchange which she supply This
depreciation In her bils and demand for Specie
whsh demand she evsde by sss OF post notes;
ssld st depreciation of rsm 10 10 per in market
whs loses the dieosat7 The trader pays in the first in
stance aud in the prspoonatey the price ofse
goods which he sell. 10 the planter IL the time the
holding SPECTATOR Isolated may make msney but the
the foreign balance is Accommodating against and
the produce stl held back entirely, such prices
chi consumption. The necessary esehangedrawn against


net forth coming and specs begss to 10 Esrope, the
sanAs become alarmed and being convinced that they have Ger
the acccsedaon Of the holder esesded their is.es Of
season. Immediately contract them the proper point The
cry pressure raised BY the SPECTATOR then heard fron all
quarters The regular merchant feels his business has
been closed with ,hs regular


In proportion the restrictive expansive system 10
psred BY the banks Of the different that the specie
balances ascumslae aud require the transportation Of gold
from one poa, 10 another n the banks expanded and


sced In perfect harmony and goods consumed
in any one section than their produce paid for Is clear that
drawn against would balance the given for mrchn
dire and not silver dollar ws~d require displaced
Precisely the does stand foreign relations II
promptly sent forward produce our bills for
ehandre hey fall due specie wesd seldom eros, Allan
tic, would its movements excite interest


The Of trade Cor the coming year depends in great
measure upon the fom Europe but whatever the
from England should be with regard 10 the cr.p the e.s
this ccuntryw be seary the the crop hst We can
supply Of equal to sl6oooooo and the sale o.
cotton will be materially affected because IL the con-
-mptios should decrease England the proceeds Of
large crop aecruug the farmers. will enable them TO in.","Condensed ssement Of the condition. al de,es nfsrvss II
al Rs backs in the United States:",Morning herald. [volume] (New York [N.Y.]) 1837-1840
1839-08-26,"The arrivals Of strangers the city continue to increase.
The past week has however, shown increased activity the
leading markets In dry goods there has been less
auction sales to extent have been made at fair prices
The supplies dry goods both foreign and dones large
and increasing The former description rarcu
lay has been much increased the late arrivals and the
pecsd packets will probabl still further enhance it, The
heal ny trade Of last prSg and the high prices which
maintained under the confidence created by the then prospects
Of cstton have temp the manufacturer ship largely
commission houses Prices however, already feel the change
and something less than the Of last spring with
downward tendency Domestic goods in nearly the
position The Eastern manufacturers patook Of the buoyant
feeling last spring. and being cramped for money
than their Southern neghbos operated largely The stocks
thus accumulated are now pressing upon the market and will
sink prices much lower than their present points


CsTToH-1here has been moderate business doing this
arcleordinary and mitdng qualities at last weeks prices
The better qualities selling only small parcels to pinner
and held firmly. The which reported in
in the fore part the week has appeared the sales and
not demanded by holders Tke quotations fol-","Sales nj the stock Exchamxe.

",Morning herald. [volume] (New York [N.Y.]) 1837-1840
1839-08-21,"THE subscriber respectfully begs to inform the public thai


he has constantly hand large ind elegant assortment
every description OF the painted transparent washable win
dow shades consisting Of Italian and other Landscapes Diaphi
nous Chinese Architectural Fancy Blinds which he
confidently for their beauty strength and great
raby they have been known, with care TO last
from fourteen years. The prices the shades including
eo tssse rack puie and fittings for windows, compets
vary from 81 and upwards pair Blinds painted fitted
order, by applying TO GEORGE PLATT IL Spruce St


NIB Country dealers supplied With blinds and blind fittings
mlQ2m-x","WINDOW BLIND MANDATORY.
ID inf h.",Morning herald. [volume] (New York [N.Y.]) 1837-1840
1839-11-13,"Corner OF Fulton ar Broadway Entrance from FuIton
CLIREHUGH, HAIR CUTTER, has just completed srran.
~ gensnt with Of the thouses in London from whence
he viii receive the ft specimens OF every ss ke adopt
ed Tor the season. that they will appear New Yosk
taneousy with those Of London and Psris.


Eext 10 the advantage Of having fine head Of hair
importance OF having well and in this branch Of his
Ciirehugh stands pre-emnent His system Of outline
genemens hair aesideraum which its luxurisnce
beauty rendered truly orpanena The des 1, and
tien differ enrelp from the usual practice cutting
adopted here also the expedition and genesess with whsl
Acknowledged its utility adopt IN thsr prsc
tce. By the beas nsods has been denomnstsd sc~s


and whether for the Pulpit the Bar, the Senate the
Stage its elegant and classic will add dignity and
grace to the whole contour Of ""a fefs Hsmssne.


The patronage already eIendd 70 him sisee The ntodse


ton Of his system, and the hattsng eneomiums b.
all Who have under the magic Of his touch
induces him 10 invite al gentlemen who either tpdy peonal
appearance the auremsnts shon 10 place her
der his charge assured that trial win prove his superiority
all other competitors. I'll


Private Rooms for Hair Cutting and ktting Wsg slo","

GALLERY or FASHION, ron
HAIR CUTTING. Sc",Morning herald. [volume] (New York [N.Y.]) 1837-1840
1839-05-06,"FIREs.-The members Of the Fire Department
were kept on the qui vire throughout the whole Of
Yesterday with slight intermission towards tea
time At O. clock a. NJ, an alarm was given from the
third district which proceeded from Beadles extern
sive tallow factory situated in the rear OF Chrystie
tunately there were three alley-ways which led to
the premises and the firemen were thereby enabled
to direct continuous stream of water the intiam-
mable materials until the fire was got under. We
heard that the damage to "" the plant, together with
the soap and candles burnt up, would amount to
$4,000, for which sum the parties were said to be
insured. The other alarms were from Old Slip,
Beaver street, Reed street, Franklin street. and
Christopher street, and they all put out with
out much damage.",,Morning herald. [volume] (New York [N.Y.]) 1837-1840
1839-09-23,"CsrroN-The from England has not had an, imme.
date effect this market other aa to check yesterday what


little business doing previously The sales last


ce have reached about 1910 bales prices which PR
no change from rmer quotations AT the south, the stocks
are very low, and lutte doag that quotations nomi
mall The crop slowly and the from
that on the 6eld are less favorable.


The drought which set in the LIST OF August has been
very prevalent in the South.


From North Alabama accounts unfavorable The dry
weather and drought have crop
alarming extent thought will not exceed the short crop
Of last year.


cd 10 greater les extent in Mississippi In Tenne the
new crop has made its appearance market abund Mt
and oil admirable and complexion In lucky the
drought has produced much injury the IN Georgia


TIE crop Of csten particularly Sea islands has suffered to
great extent end will probably be much last year


The and other crops very good In South Carolina
the state OF things In Sost Alabama and Florida
the accounts continue favorable


The following table Of the stocks sales prices and
marks at the different Ior for the week previous the Date
AFFIXED",,Morning herald. [volume] (New York [N.Y.]) 1837-1840
1839-09-23,"THe mpor tatons curing the past week. hare been
They partly the orders Of importers, but
nosy consigned to houses here manufacturers account
This fact the supply Of goods easier than
formerly The congnee allows the obser from 10 months,
and the amount not RENTED until the end Of that time but
for these imported by houses here the required
at This fact has been for the fair business
which has been done in The TALL There has been period
duriny the fall trade when this activity very great but
from facts elected in with many of the largest


bbrs Of splnon that large of goods has
the present time as during the whole time from January
up to August ls There has been regular demand which
ha, met with steady supply


The great quantities goods market has caused
rather to recede. During thu past week fair business has
been done IN the dry goods auction Notwithstanding
these movements of trade the large dealers exceedingly
camped and three obbers have yielded the
and stopped PAYMENT hers have got xenon The
heaithnes of the a'erna trade is BY the following


Statement of Tolls llected the Ohio and Miami Canals
in the months Of Auuust 1873 and August 1899.",state Of Trade.,Morning herald. [volume] (New York [N.Y.]) 1837-1840
1839-06-18,"Warm Cold, Shotcer, and ether Baths.


This establishment has recently undergone thorough i'm
provemen md is successful operation. II has 10 feet
Chambers street. and extends through 70 Rsad opposite
Elm street. giving the fine hall Of $50 feet immense advan
tage the beautiful perspective extending the engh
Of Elm and exhibiting lively picture moving pano
rami, Of popuous city which have excited the adra
ton o all who The whole arrangement of tho
Bath IL tasteful rich, and and Is said 70 bear
favorable comparison with the best establishments Of the kind
Europe The front Chamber. three stories
aud has much architectural beauty The interior about
Bathing and connected with the ladies bathing
apartments (which entirely distinct from those for gentle
menJ a neatly furnished psrlor Cor their accommodation.


NB-The public requested call during the weekpre
vous Saturday night and sunday and they will dad u much
more TO their convenience aud comfort.


lea Owls. CHARLEs q. STOpPANI. Proprletor.","ARC iDE BATH,
NO. 10 CHAMBERS STREET.",Morning herald. [volume] (New York [N.Y.]) 1837-1840
1839-11-30,"NOR PREsENTs.-TFyANr & You've, No. $50 Broad


directly opposite the City Hail. invite The notice Of
their friends public their stock Of Fancy Articles
suitable presents which has lately been enriched by great
variety Of novelties aud believed to be more extensive
lect and than found To those
accustomed make purchases Ct them, they beg
respectfully TO prefer the that they aim to
make their prices always reasonable and unform-and dis


posed MEDIATE them to the state IF the times


Their present variety Of Papeteres ladies' and gents Dress


ing Cases Portable Desks Jewel Cases Work Boxes, Toilet
Odeu Boxes tasefu nlad with gold silver pearl
and ais in bouquets OF shells,
Of riant natural hue imitation Of the Japan
card cases. souyeDs pocket and work of
ivory, pearl, tortoise she'll silver and velvet carved nlad,
chased embossed pal ted and in style rich
Purses Work Baskets Toilet BEETLES; Flower Stands; Gle.
CANT Letter Stamps Pen holders and Paper Knives gold
Penc Cases bronze ebony porcelain aud other nktrays
put up style tasteful and rich to farm elegant gift
Fans for evening parties vsetv 81 articles intended espe
cially for bridal presents Musical Boxes splendid gold
mounted Walking Sticks the finer kinds Of Games and Toys,
for children India and Chinese fancy articles, etc. cannot
but contain omehng to crafty sae and appropriate
for any present. p30.eod3t1",,Morning herald. [volume] (New York [N.Y.]) 1837-1840
1839-11-30,"= GENERAL PASSAGE OFFICE, AIS Pee SLIP
VI For Cabin secord Cabin and Steerage passengers and
from England Ireland Scotland and Wales by the way Lon
don, Liverpool Hull and Bristol The Subscribers
for their friends and The public that they continue make
for bringing out passengers from all parts
Great Britain aud Ireland the reasonable first
class American packet ships, Of which will leave Liver
pool every week throughout the spring Of $40


They beg that they packet, sailing reguarly
London, Hull and Bristol aordng persons re-
siding the United States and the Canada, who wish send
for ler ends from part Of the Old Country oppor
tuny OF doing such only with al this Office
their agent Liverp OIL who his been long
known as connected with the New York Packets will see
that the regularity be observed the puncua sailing Of
the shp belonging this line which has the
and that detention shall per
liverpool whose passage has been settled for with the
subscribers.


In all where those seat fer decline coming the passage
money sreurned to the parties from whom wa, received
Further particulars made known application f BY letter
post paid, which will receive prompt attention) to


W. T. TAPSCOTT 4S Peck Sir


n3O I'm. nett door TO ISL South street New Yorh",,Morning herald. [volume] (New York [N.Y.]) 1837-1840
1839-12-10,"Union, now, Norfolk, Va; Columbus, Slemn Boson
Nashvi le Wood N0rleans Maria Ese, Ryder, Ap,lach
Edwa West, Mobiles sully Thompson, Havre; Toronto,
Grswold, London,


Br ship John Wiuche johnson, % ds FIN Glasgow mdz to
James Lee, and to order.


Menscrnuda.


For Euope-The Independence, Workman, for Liverpool,
and sul Thompson for Hae, have been detained by the
weather. They will sail this morning, if possible and their
letter bags will close Gpns News Rooms the Exchange
at The usual hour The Toronto for Lon sails loaay
her letters will close as above.


The pilot boat Washington up last evening and
ports British ship John wncheii anchor below Bedlow
ssnd-one ship ba ks in The bay, ward bouad.
and reports Spanish Austrian bark outside bosnd nhas
pilot board The above bark supposed to be the Amelia
Geueppns from ODESSA blowing gale when boarded
could not understand where FROM


The Atlantic, Dawson, from Hill, Md. for New York.
with oysters, wrecked Tuesday night last, Hampton
Roads. Crew saved total los, insurance.
very gate experienced in the Gulf Of Mexico
tie 92d uit any vessels wrecked the coast Of
Texas and Mexico.


The Coral of New Orleans Capt Farwe from sisal was
wrecked the bar of Lseuns, the 26h She had
csr4s Of hemp ganny bags, &c large portion of which
PEELED her to make lee port. She has gone pieces
Commerce of Charleston Annexed The harbor masters
u Ships : Barks 81 Briggs
g2 Schooners Sloops 50 Steamboats,
Clesrances and Departures.
l6 Ships Bark ""a Brgs
81 Schooners Felucca 50 Steamboats,
Remaining in port, Nov. 80, 1899.


""a Ships Barhs ss Briss
a. Sehooners sioops 4 Steamboats,
Missing Vssse-The following persons composed the on
and Of the briggs Nectar ond Charles Wells The
vessel supposed been lost IN the gale Of Aug
her passage from Port Prince Boston The latter
oct the Harding rocks the entrance Of Boston
harbo, on The night Of tuesday Nov There little doubt
Brig Nectar-Aifred Knapp, MASTER native Of Newbu
ryport; Edward Bass, mate Of Newbuy John Brooks
Philadelphia Samuel Anderon, Marbshead; Aonro Bow.
ley Albany; Joseph De Off New YORK; Duncan MELON
aid foreigner


Cod; Aaron Day, Gloucester; John Robnsoa, Russell Hub
bud, Chas Hathaway. VIM Whom James Nuttng, Thomas
Jackonpaces Of birth resid stated in the shipping
papers.


The corvette Cyane arrived Toulon Oct 20 and
10 leav. in a ftw days for the Levant
spoken.
Cambridge, Bursley, hence for Liverpool Dec u NJ of
Sandy Hook.


Passed the Utica, from Havre FOR NYork with u In burgee
and forctopsa and opgallaut sails lat 40 90 loa III
Is Oct ~ So reported The Ut,es has arrived here
Ann Grsdon Cratic October ""a lat A. 40 N Ion 10
AW.
United rsaates tscrs..
PORTLAND, Dec 81 Van Buren, Leighton Cherryfed for
NYork


NEw HAVEN, Dee 7-arr Empire, smith NYork.
PHILADELPHIA, Dec 7-arr X Tomn, TcmIin. NYork; Nj
nete, Baymore, do; Merco Baymore do; cid Westco
Blew, do.


KicHMorp, Dee Gid Flash, for New York; Weymouth
for do


Foreign POrts
MARsErLEs, Oct 20 The Idogheten. rS~ej1 Idorcn I'm
Pensacola, shore Farman POia lew days ago
saved.",,Morning herald. [volume] (New York [N.Y.]) 1837-1840
1839-12-19,",ENERAL PASSAGE OFFICE, Ala Pee { SLIP
NJ For Cabin second Cbis and Storage passengers and
England, Ireland scotlan and Wales by The
DON Liyerpoo Hull and Bristol The subsriber. beg 10 in
form their friends and the public thai they continue make
arrangements for bringing out passengers from all parts Of
aud ireland the reasonable
class American packet ships of which will leave Liver
pool every week throughout the spring &C isao.


They bee state that they have packet. sailing regularly
from London, Hull and Bristol, aordng those person.
siding Ia the United States and the Cansd who wish send
for their friends from any part o the Old Country cpror
tuny o doing 90 such only b. with this Office
and their agent Liverp OF Who has been long and vos
known connected with the New Yorh Packets, will
that the regularity he observed in the punctua sailing ~
the ship belonging this line which has secured them the
preference heretofore and TIA deeaon shall per
liverpool whose passage has been settled for with the
subscribers.


In all where those for decline coming the passage
money returned te the parties from whom u received
Further particulars made known application or By letter
post paid, which will receive prompt stteniioal ts


WI. t. TAPSC0TT. a. Peck SLIP,


mao I'm. nest door 10 i5t South street New York.",": GENERAL PASSAGE OFFICE, 4Is PECx SLIP",Morning herald. [volume] (New York [N.Y.]) 1837-1840
1839-11-01,"Oh, weep no more, sweet mother,
o., weep no more TO night;
And only watch the sea, mother,
Beneath the morning light.
Then the bright blue shy joyful,
And the bright blue sky j. clear,
And can see, sweet mother,
To Kiss away thy tear.
But now the wind GOES wsiling
Ger the dark aad trackless eeepj
And know your griefsweet mother,
Though only hear you weer.
M, fathers shin will come mother,
In safety Ger the main;
when the grapes are dyed with purple,
He will be back again.
The vines were but in blossom
When he babe me watch them grow,
And now The large leaves, mother,
Conceal their crimson glow.
He'll bring us shells and sea weed,
Ard birds OF shining wing;
But what are Z csc, dear mother'
II is himself he'll bring.
Our beautiful Madonna
Will mark how you have wept
The prayers ofearly morning,
The vigil, you have kept.
She will guide the stately vessel,
Though the sea be dark and rear
Another week Of sunshlne--
My father will be here.
III wsich with thee, sweet mother
Butthe stars fade from my sight;
Gone; come anu sleep, dear mother,
Oh, weep no more tonight","

",Morning herald. [volume] (New York [N.Y.]) 1837-1840
1839-04-03,"GENERAL OUTFITTING STORE,
Where Gentleman procure every article Tor complete


Ou,ft Of the best quality,
No AKA PEARL STREET, CORNER or FRANKLIN


SQUAE, N. Y.
Here the public may always procure
Fine goods in the Outftting line,
And what is important, be sure,
That untiring zeal will combiae
With skill in preparing each sort
As good as elsewhere can be bought
Here the steamboat and packet ship may
Their ready made linen procure, q,
And prices most moderate pay
For articles well made and secure.
Here they will constantly keep
Every article belonging to that class
From the counterpart, BLANKET and sheet
To the towel and cloth for your glass
Gentlemen also will fad


Their ready made linen complete,
From fabrics the best Of their kind,
And made up exceedingly neat
Shirts Under Shirts, Draw'rs Belts and Hose,
Handkerchief Bosoms and Stocks,
While the skill that each article shows,
Briggs customers crowdlng IN hooks
Buthe need not each item rehearse,
The Suspender, the Collar, the Glove,
The Pantaleon Strap and the Purse,
Each fine those mentioned above.
Linens, likewise, TO order made
By those who known to excel,
And the very fair price that is paid
Yields work that is always done we'll
IT'S extremely convenient to know
Where ample assortment is found,
And at once there be able to go
Without searching the city all round.
veng and Stock satns lengths to suit purchasers
n29-f",&. a. BradbrOOk's,Morning herald. [volume] (New York [N.Y.]) 1837-1840
1839-04-30,"Here Mrs. Phillips the second, gave . losd scream,
and begsp - cry most piteously, threw her arms
round the prisoner and swore she loved him better
than ali the world besides


The FIRST Mrs. Phillips then began to upbraid her
rival saving "" All! il You knew much Of him as
do, Won weuld not shed tears but thank God you
were well rid Of knave.""


At this the younger lady threatened to pull the
parties present had much difficulty in keeping them
quiet. The counsel for the prosecutions wished to
examine the second wife witness, bat this was
objected to by Mr.. Morrell, and the magistrate
ended the discussion bv ordering the prisoner 70
give bail in $1,000 to the charges at the Sea-
sons",,Morning herald. [volume] (New York [N.Y.]) 1837-1840
1839-10-30,"THE Subscribers, Sole Preprieors and Manufacturers
prepared execute with DESPATCH all orders for their I'm
rivaAcd Patent Swsed Beam Windla- Bedsteads which
now almost universally used being the best article yet
vented-conpnlng ease, convenience and durability.


The sackag, acted upon by the wndlas and sweed beam
made perfectly light and free from all liability to sagg still av
ing elasticity the which renders il particularly easy
and simple constructions the matter putting and taking
down will be found Of but little trouble with
Of other construction whilst the precision with which tn
component fitted acts safeguard against the intro
ductios Of any kind Of fvermn.


From the taken render each Bedsead perfect their
qualities for durability will them purchasers
who invited to call and examine large assortment
saxd.


Also large assortment of elegant Furniture Marasse,
Feather Beds, &c. constantly on hand.


J. w. c SOUTHACK, No. lo6 Broadway,
jel5y FRANKLIN House","PATENT WlNDLAss.
Il f. ID 8 IT f. A ID.",Morning herald.
1839-10-30,"ID HEUMATISM. RHEUMATISM. RHEUMATISM.
II -BURNETTS Rheumatic Mixtsre and Vegetable
Syrup have proved from the authenticated of five
thousand persons the only known remedy for acute aud chro
nic Rheumatism the world also for white vengs gout
span bruises numSness and sces Of the joints umbaso
weakes Of the back knee JOINTS from too rapid growth Of the
body In dyspepsia emacaon whether from cough liver
plant mercura diseases female Irregularities scroua fits
any other diseases.


Bune W gesblesyrup has betn found the greatest
thener and purr discovered In TRUTH has cheered
the friends of thousands who but for its sole agency wsud
have that from whence Prepared
and for sale by J. L. Burnett WHsrw ii Bowery Also
for sale by B. d. Sands 70 and 100 Fulton street. and
the um-ry 81 Canal street Mrs. Booth, 90 Fulton
street, Brooklyn, and Thomson North I'd stree, Williams
burgh o22-3m",,Morning herald.
1839-07-22,"HH subscriber respectfully begs TO INFORM the public thai


he ha. constantly hand large and elegant assortment
every description 81 the painted Transparent washable win
dow shades Of Italian asd other iandsc Daph
nous Chinese Architectural and Fancy Blinds which he
confidently recommend for their beauty strength and great DIV
raby, they have been known, vath 10 la
from fourteen The prices Of the shades inc aiding
cords asscs rack puies and fittings for Window oomplets
from 81 upwards pair Blinds painted and fitted
to order, by applying TO GEORGE PLATT ""a spruce IT.
NIB Country dealers supplied with bInd and blind attnss
mle7m'v",WINDOW BLIND MANuFAcTonY.,Morning herald. [volume] (New York [N.Y.]) 1837-1840
1839-05-28,"FoREIeS NEws.-Our contemporary OF the ""Sun
makes a poor business in re-hashing old foreign
news, to pass off for when packet arrives that
he cannot fish from. ""The death OF the Princess,
!"" Lord Brougham in France"" ""John Van Buren, IN
Paris"" ""Swartwout and Price both at Paris,
&C. are the items Of fresh news the ""Sus""
gives. Now every Of these items have been
published more than week ago by previous arri-
walls But to cap the climax the Sun"" says, ""the
markets tomorrow""-why not say as well next week
The truth is, the ""Sun'' had better join our News
Boat establis hment, get the fresh news regularly,
and not play the Jeremy Didder 50 abominabiy here
after The foreign news Of the "" Herald"" yesterday
of which we circulated twenty thousand copies
was better than all the Wall street papers COM
bined.",,Morning herald. [volume] (New York [N.Y.]) 1837-1840
1839-05-06,"GENERAL OUTFITTING STORE,
Where Gentleman procure every article Tor sompes


Outft Of the best quality,
No. $50 PEARL STREET, CORNER OF FHANkLll


SQUARE, N. Y.
Here the public may always procure
Fne goods in the Oahtting line,
And what simportant, be sure,
That untring zeal will combine,
With skill in preparing each sort
As good as elsewhere can be bought.
Here the steamboat and packet ship may
Their ready made linen procure,
And prices most moderate pay
For articles well made and secure
Here they will constantly keep
Every article belonging TO THAI class
From the counterpart, BLANKET and sheet
To the towel and cloth for your glass
Gentlemen also will fsd


Their ready made linen complete,
From fabrics the best Of their kind,
And made up exceedingly neat.
Shirts, Under Shirts, Draw'rs, Belts and Hose,
Handkeschiefs, Bosoms and Stocks,
While the skill that each article shows,
Brings customers crowding In hocks
But he need not each item rehearse,
The 6uspender the Collar, the Glove
The Pantaeon, Strap and the Purse,
Each fine as those mentioned above.
Linens, likewise, to order are made
By those who known to excel
And the very fair price that is paid
Yields work that is always done WE'LL
IT'S extremely convenient to know
Where ample assortment is found,
And at once there be able to 60
Without searching the city all round
Ass vting and Stock Satns in lengths to SUIT purchase
m90tf",6. A. BralbroOax's,Morning herald. [volume] (New York [N.Y.]) 1837-1840
1839-05-06,"~ THE Subscribers Sole Proprieors and Manufae
are execste DESPATCH all orders for their
rvahed Patent S~eed Beam Wndlas Bedsteads which are
universally used being the best article - yet IN
yented-combning ease convenience and durability


The sacn acted upon by the wndass and swehed beam
made perfect light free from all liability to sagg still leav-
and simple in construction the matter putting and taking
down will found Of but little trouble comparison with those
any other construction whilst the precision with which the
component parts fitted safeguard against the intro
daction Of any kind Of yermn.


From the render each Bedtsad perfect
Qualities for durability will recommend them TO purchasers
who airs invited cali and examine largs asortmes
aand.


Also large OF elegant Furmare Mattresses
Feather Beds Sc. constantly on hand.


JW& c sOUTHACK, Ne. 1876 Broadway,
;.,su Franklin House.","PATENT WINDLAss.
r F. II T. A u.",Morning herald. [volume] (New York [N.Y.]) 1837-1840
1839-06-25,"TINE SUBSCRIBER, the proprietor Of the House No $40
IL Pearl street has two BOWLING ALLEYS, situate al
the Of Pearl and Dover and respectfully calls the


attention of persons requiring exercise especially all Of seden
tary pursuits, Bowling exercise emneny conducive
70 good health


The most celebrated Physicians have recommended . prn
cpa of obtaining e greatest blessing HEALTH all such
recreave exercises will give sctiv motion 10 the muscles OF
the system. Among these Bowling probably the most wor
III, Of approval. .
with their CUSTOM maintain the decorum and good
order IN his establishment


The Bowling Alleys will be let TO parties by the hour or
longer period No playing after reasonable time each eve
ming. ALEAR J. HENDEhoON


Jellm'


DELFT AND STRAP MANUFACTORY, Moss Nassau
I'D street. between Maiden Lane and John street Constantly


manufacturing Belts Panacen Straps supenders extra ends
Elastic Straps and also large assortment OF stec ready
made Linen Hosiery and geves; all Of which can be had
twenty per cent cheaper than other establishment
the city, Cor cah only 1000 dor Brste and Hair stock
Frames for salecheap. Jel.lm'",UEALTUFUL EXERCIsE.,Morning herald. [volume] (New York [N.Y.]) 1837-1840
1839-06-25,"GUNNER RETREAT.-The subscriber has taken the
- house formerly known the Bergen House, at BULBS Ferry
miles this city, where he accommodate single
boaders and families with rooms furnished or unfinished
To who would enjoy pare air and pleasant scenery
embracing fine view Of the city and Of the North River, this
situation affords peculiar inducements The steamboat Orange,
plies from the foot Of Canal street, four times aday


Military companies clubs be well accommodated
with dinners, &c. Charges moderate.


ID. X. BRANNES.
ball rosm il in readiness for cotion and other parties,
the steamboat will make trips for ths accommods
zion. Je20-2weod'",,Morning herald. [volume] (New York [N.Y.]) 1837-1840
1839-06-25,"90 SECOND WARD HOTEL.-Next 10 the corner I
Fulton street. Nassau This well known establishment
having undergone thorough retng complete order
for the accommodation Of those who may honor with their
patronage.


this house besides the lower story which thrown
entirely open public bar large room upon the
public meetings together with several smaller adapted to
the clubs Referees for the transaction OF other private
business.


Clubs and private parties accommodated with and
may be furnished with dinners supPe composed Of every
species Of game deicacy which the markets afford at short
notice 1iell-yl EDMUND JONES, Proprietor.
TNICKERBOCkER HALL. No. 10 Park Row.-The sub
N scribers having opened the above house the EURO
PEAN FLAN would respectfully inform their friends and the
public that they ready accommodate them style
be passed by any similar house in this city TIM
will always be furnished with every aud all
unrivaled market There hundred
lodging rooms which airy newly furnished and perfect
order The Ordnay being the first oor spacious neat
and well furnhed and the TABLES shall always be
supplied with all the variety the market Affords served s
experienced cooks.


The marked which has attended establishments Of
this kind sufficient evidence Of their adoption to both business
aud travellers.


Gentlemen visiting the city will find this most desirable and
situation beng nearly Broadway fronting the Park
and short the beauty and elegance Of local aud


anory objects OF attraction and plendor with which New
York abounds. EDSALL u JONES


B-For the accommodated Of Travellers this house will
he amen a an hours Of the night. al-n",,Morning herald. [volume] (New York [N.Y.]) 1837-1840
1839-04-22,"The STEAMSHIP GREAT WESTERN sails today
at IL o'clock, NJ, for England, and this passage
may say commences this season in Atlantic steam
navigation. On Saturday last, she crowded with


ladies who took advantage Of the beautiful weather
TO examine and pronounce their judgment her
good or bad condition. We were struck with the
marked attention Of the officers TO the fair visitors
one was stationed at the gangway to receive them,
and another deck to explain the several arrange
ments and 10 keep the loblolly boys from slushiug
their dresses. The difference in the conduct and de-
pertinent Of those attached 10 this steamer this
son, compared with the last is very striking, and
were glad it, for il shows that they have learn
ed some thing Although the Great Western has been
in port but week. she already decided favorte
The steamers have not yet, however arrived at per-
fection there many disagreeable qualities still
hanging about them,-ihe coal dust is still nuisance
and until there is some remedy discovered by which
il be kept from the cabins and pantrics the pas
sage the Atlantic in them will be unpleasant
but notw outstanding this, there many induce
ments. that the steam packets must invariably
sail full Of passengers The travelling has increased
rapidly Of late that all packets well steam.
ers are flled,-the Cambridge went with fifty, the
Duchesse d'Orleans with forty-eight the wcstmin-
,ier full, the Vile dc Lyons has already forty
engaged. and the Siddcns nearly fifty",,Morning herald. [volume] (New York [N.Y.]) 1837-1840
1839-06-11,"UIf- UENTLEMEN'S HAIR CUTTING.-CIlrchugh
new system of cutting genemens hair desderatum by
which its uxsance and beauty rendered truly ornamental
The design and entirely from the usual practice
of hair cutting here the expedition and gentleness with
which the operation performed The first artists IN London
and Paris have acknowledged its utility and adopt il in their
practice the monde il has denominated


life art and whether for the Pulpit the Bar the Senate or the
Stage its elegant and classic will add dignity and
grace 10 the whole contour of la tete Humane.


Rooms corner Of Fulton and Broadway, up stairs


ielI lwf",o. GENTLEMEN'S HAIR CUTTING.-Crchugl,Morning herald. [volume] (New York [N.Y.]) 1837-1840
1839-08-15,"MT OTICE-Souherners and other Strangers visiting the
IN city respectfully informed that the subscriber has just
received and offers for sale the following goods adapted TO the
season, and worthy the attention efhouse. keepers


LAMPS-Ofa descriptions, consisting Of and two light
Manel aud Side Lamps gilt and bronzd with rich cut glass
drops Also, Astral Lamps g bronzed and plated Hesgon
Lanterns with double organ burners, with large assortment
Of Hall Lamps, compete


PLATED WARE-Elegant cut glass Castors plated Wait.
with . edges and handles Cake Baskets Of pat
terms; Plated with branches Shutters and Trsys
Pased Urns Tea Sets Toast Racks Vegetable Dishes, &C.


CUTLERY-Fne Balance Handle lverv Knives and Forks
elegantly fitted in rosewood Also Transparent Ivory
Handle Knives (on) Manufactured for silver forks Also
Beef Slice and Game Nut Picks fine Pen and Pocket
Knives, Scissors. &c.


JAPANNERY-GotLicS Sandwich and Paper Tea Trays, in
sets Of with Bread Baskets and Knife Trays TO match
As Dressing Cases Tea Caner Sugar and Spice Bores&c


MANTEL CLOCKS-Rich gilt, gilt and bronzed, ebony,
ab white and black Of the latest patterns warranted 10
keep CORRECT time.


CANDELABRAsJ;it gilt and bronzcd and all bronzed
Of the latest patterns with Egures ele
CANT Also, Slide Branches from to 8 lights.


GERAND OLES-Gilt and bronzed, with and 8 lights,
handsomely orramented with rich cut glas, pri,ms


BRONZED OBSERVATION-DISCLOSURES Ink Stands
Watch Stands. Thermometers, Tea Bells. &c.


~ Also received from the celebrated house OF Diron


Son. further supply Of Brar MIA Ware, consisting Of Tea
and Coffee Sets. Urns, nc.


Also further supply Of the celebrated Chinese Ranors


Also farther supply Of gesemens Tool Chests very com.
plete.


the goods Offered al reasonable prices at the
New York General Furnishing Warehouse No Ill Maiden
Lane (auiay) ID +. DELAvAN.",,Morning herald. [volume] (New York [N.Y.]) 1837-1840
1839-12-21,"DOCTOR GLOVER 10 consulted usaal At his Once.
~ His practical sxpcrience and his receat chemical
experiments have enabled him 10 introduce to his practice
several articles which prompt curing those dss
20 which he de~oies his attention.


Dr. appes strangers that he has received regular med
cal edusaton and has devoted his attention Cor the last ten
years seleot branch efhs profession. His once No.
Ann street Private entrance third door from the Museum
through esry with lamp At the Office door,


NB. The Doctor ksePs general assortment Of Irussss
and supensoy Baadages which adjusted and applied
above


Ps His celebrated Elixir may be had At his store Price
dollar e7v",,Morning herald. [volume] (New York [N.Y.]) 1837-1840
1839-08-19,"NJ oTICEsouherners other myers visiting the
received and offers FOR sale the following goods adapted the
a.on and worth, The attention efbonse keeper,:-
LAMPS-Ofsl descriptions, consisting and light
Mante aud Side Lamps gilt and bronzd with rich glass
drops Also, Astral Lamps gilt bronred and plated Hsrgon
Lanterns with double organ burners, with large assortment
Of Hall Lamps, complete


PLATED WARE-Ee cut glass Castors, plated Wait
with silver edges and handes Cake Baskets ,f pat
terns Plated Candstcks with brsnches Shutters and Trays
Pased Urns Tea Sets Toast Racks Vegetable Dishes, Sc


CUTLERN-Fne Balance Handle Ivory Knives ADD Forks
elegantly fitted IN rosewood Also, Transparent Ivory


Handle Knives (only) manufactured for silver forks. Also
Beef Slice and Game Caryer Nut Picks fine Pen aud Pocket
Knives, Scissors, &c


JAPANNERY-Cothic, Sandwich and Paper TIA Trays in
Of to g. with Bread Baskets and Knife Trays To match
Also, Dressing Cases Tea Cansters and Spice Boxes sc


MANTEL CLOCKs-Rich gilt, gilt and bronzed, ebony,
aabaer white and black Of the latest patterns warranted 10
keep correct time


CANDELABRAs-G Gilt gilt AMI bronred and al bronred
Candeabras o the latest patterns with sgurcs ee
CANT. Also, Slid, Branches, from e. ; lights.


GERAND OLLS-C'it and bronzed, with 3 and ) lights,
Handsomely orilatnened with rich glas, prisrhs.


BRONZED ORNAMENTS--Casdl.stick Ink Stands
Watch Stands. Thermometers, lea Bells 81;


~ Also, just received from the celebrated house of Biron


Sons further supply Of Britannia Ware consisting Of Tea
and Coffee Sets. Urns NC


Also, further supply Of the celebrated Chinese R,zors.


Also, farther supply Of gentemen Tool Chests, very
plete


All The above goods offered reasonable price At the
New lors General Furnishing Warehouse, No ~ laden
lsns (auIa.,) =. DELAVAN",,Morning herald. [volume] (New York [N.Y.]) 1837-1840
1839-11-05,"@ HAwL NEUTRALITY-SUSPICIOUS. GUYNEr, asa
Broadway would respectfully call the attention of the
Ladies to their large well selected stock of Seaonab
Fancy and staple Dry Goods which they offer at great
Bargains, being much lower than the cost Of Importation


Their stock comprises large assortment Of the newest and
fashionable styles Of Plain and Figured Black and Color
ed Silks and Saiin Mossselnes de Lame and Chaes;
Merno and Thbet Cloths Jet and Blue black Bombaznes
and Grapes Paris and Laces; Tape bordered
Hsmstehed. and Embroidered Linen Cambria Haadker-
Chiefs Black Ground French Prints; Silk Vevets
Hosiey, Scarfs, Haudkerchie Gentlemens Ladies' and
Mise Kid Gloves Belts SC Also large and splendid vari
ETY. OF Paris and Lyons Broche, Tibet and Cash mere
Shawls; Scotch and French Plaid and Figured Blanket
shswls, nc. &c.


B. The Ladies respectfully requested land they will
find their adranage) to call and examine the stock
before purchasing elsew here. o26-2w",,Morning herald. [volume] (New York [N.Y.]) 1837-1840
1839-05-04,"GENERAL OUTFITTING STORE,
Where Gentleman may procure every article for complete


Outfit of the best quality,
No. 353 PEARL STREET, CORNER OF FRANKLIN


SQUARE, N. Y.
Here the public may alwa, procure
Fine goods in the Quitting line,
And what isimportan be sure,
That untirng zeal will combine,
With skill in preparing each sort
As good as elsewhere can he bought.
Here the steamboat and packet ship may
Their ready made linen procure,
And prices most moderate pay
For articles we'll made and secure
Mere they will constantly keep
Every article belong ng to that class
From the counterpart, blanhe and sheet
To the towel and cloth for your glass.
Gentlemen also will fad


Their ready made linen complete,
From fabrics the best OF their kind,
And made mp exceedingly neat.
Shirts, Under Shirts, Draw'rs, Belts and Hose,
Handkerchiefs, Bosoms and Stocks,
While the skill that each article shows,
griags customers crowling in hocks
But ne need not each item rehearse,
The Suspender, the Collar, the Glove,
The Pantaloon, Strap and the Purse,
Each limo as those mentioned above.
Linens likewise, TO order made
BY those who are known to excel
And the very fair price that is paid
Yields work that is always done well
IT'S extremely convenient to know
Where an ample assortment is found,
And at once there be able to 20
Without searching the city all round
As, Nesting and Stock Sans lengths to suit purchase
m29n","SATURDAY MORNING, MAY A. 1889.

",Morning herald. [volume] (New York [N.Y.]) 1837-1840
1839-09-24,"90 SPECIMEN OF SUNDAY slxPENSY LITE
RATUREThe moralIsnuenoe of certain Sunday sirpen-
~ papers, (or 10 the credit Of the talented and enteras
ing al three cents be sad that though like all
that is truly neroroas they pnassumue and modest yet
they contain much of what really valuable instructive and
useful in their ccvnn) may Ne gathered from the following
beautiful chaste and elegant extracts from its columns They
cannot fail TO convince every father Of family of interesting
daughters how indispensable urgent u Cor him to admit,
into his domestic circle Sunday newspaper intended, and IN
possible calculated 10 improve, instruct amuse
polish and refine the delicate and the arthe chaste and
position &c verse style psre lofty aud elegant; de-
void Of all APPROXIMATION 70 indecen profanity
&C gntlemany department. For example, what
exceed the besay Of diction asdeur o. eoqene o.
following ues ~ ausion 10 gentleman who does not feel
disposed 10 advertise ION account Of ito extremely imtcs
circuation) 10 the paper alluded TO;


Atlast. being caught in id dirty trick,


And losing some custom, the rascal fell sick,


He sent for doctor. for when quack issek


He never will venture 10 try his own physic


sM.N
How nexpre.blv sublime and enrolling and instructive
and how we'll adapted for perusa after service Of Sabbath
read out aloud before wives and sisters and daugh
Hsw very promotve OF morals and religion how veil
ness and the Sabbath dayto bury for
day. the reelection Of having Jealous envou and
salignast rivals TO csntend with.


u was once remarked BY very otservant and ntelli-
gent writer United States would produce statesmen
philosophers debators and orators before roe and that
need not looh for Byron, shelly southeya Wsaswovh
or Cowper true, very uue; but them we have not By
| ron or Scott, we have q DIR. SAML jerks SMITH
Can England, France, Germany, muchf Here
other specimen Of this truly sublime, chas,e gentemany and
| veracous poet


But finding that some had ne faith In his humuning
He limited way 70 prevent babies from csmsns
Referred 10 his excellent friesd Mrs ResteIl,
Who the virtue o. womer wa. making Jest all
Affirming that an with fun sas'y could pair",rscnrSfcArrp.l,Morning herald. [volume] (New York [N.Y.]) 1837-1840
1839-04-24,"The DIsTRIBUTIoN OF THE SPoILs.-ihs ioso-
foce conclave in this city have had several dsiibera
tions lately relative to making appointments Tor Oh
flee, place and power, under the Common Council;
and great divisions and difference of opinion have
broke Ell out among them. One set are for general
sweep, and clear out every body another set wishes
TO let things remain in statu quo till November, and
80 make the ms work for fear Of being turned out,
and the outs work for fear they should not get in
Another party recommends middle course which
will probably be adopted In the time there is
great feeling manifested Of doors amongst those
who have done the work"" They swear they will
have their reward; and they will-hereafter, if
not here; that is, unless Mr. Ballous doctrine of
no devil' be correct The locoocos poor, pen
niless, shirtess, and hungry; some Of the wings
ought to resign for very charity.",,Morning herald. [volume] (New York [N.Y.]) 1837-1840
1839-12-23,"On the road hence 10 Albany, and TO worcester,
the snow 10 from eighteen inches to two feet deep


During the past week the weather here has been
remarkably clear, and unusually mild; on Saturday
the atmosphere began to chicken, and old people be-
gan to prophecy good seighing for Sunday. No
snow fell however yesterday morning, although the
barometer began to fall. Those persons, however,
who were dining out, swallowed their dinners in
great haste, and hurried home. Many pious poop
suspected all was net right with the clerk Of the
weather, and did no, 60 to church in the afternoon
The poor parsons who were reluctantly compelled
to do duty, hurried through ten minute Sermon and
escaped from the pulpit but not in time to escape the
storm, which burst upon us in all its fury between
three and four o'clock yesterday afternoon.


For two hours the wind blew perfect hurr j.
cane from north. northeast, and the snow fell as
thickly As il could fall Chimneys rocked like era
dies; the branches Of trees were snapped of the
stem like reeds; carriages were blown over like
baby houses; children were blown fiat; hats were
blown off; ladies lifted OF their legs and car
ried every way against their like ""smal things;""
their petticoats were blown all sorts OF ways but
the right way, that is, down straight, Broadway
presented a remarkable sight; the air was SO thick
with snow, that the city hall could scarcely be seen
from the Astor house; and this dimness Of the ut.
mosphere saved many q beautiful girl from blushng
on account of the exposed situation OF her pedes.
tails. Gentlemen were doing all they could to keep
down the ladies petticoats, but they wouldn't stay
"" kept down."" and this scene continued till every
soul who was abroad hurried home fast as possi-
ble 1t must have been the tail end Of some terrible
storm, for il played the very mischief with the tails
and the clothing Of man. woman, and child. We
have heard Of NO horses having their tails blown off,
but the wind blew hard enough to render such an af.
fair possible.


A6oat 7o'clock the wind lalled, but the snow fell


fast and if the cold continues, we shall today and
all Christmas have glorious sleishins, and most de-
licious times. ~ Ef
MIDSiaHT, Sunday.-The wind has increased m
violence, the snow has been falling steadily for elk
hours, and the night is . fearful one.",,Morning herald.
1839-05-15,"GENERAL OUTFITTIN0 STORE
Where Gentleman may procure every Article b~ complete


Outfit OF the sest quality,
No. $50 PEARL STREET, CORNER OF FRANKLIN


SQUARE, N. r.
Mere the public may always procure
Fine goods in tho Out6tting line
And what is important, be sure,
That untring zeal win combise,
With skill in preparing each sort
As good as elsewhere can be bought
Here the steamboat and packet ship may
Their ready made linen procure
And prices most moderate pay
For articles well made and secure.
Mere they will constantly keep
Every article belong ing TO that class
From ME counterpart, BLANKET and sheet
To the towel and cloth for your glass.
Gentlemen also will fad


Their ready made linen complete,
FROM fabrics the best Of their kind,
And made up exceedingly neat.
Shirts, Under Shirts, Draw'rs Belts and Hose,
Haadke rchisfs, Bosoms and Stocks,
While the skill that each article shows,
Brings customers crowaing in Aoeks-
Buthe need net each item Ichearse,
The Suspendsr, the Collar, the Glove
The rantaloon, Strap and the Purse,
Each 6as as these mentioned above.
Linens, likewise, to order made
BY those who are known t. excel
And the very fair price that Is paid
Yields work that is always done we'll
IT'S extremely convenient to know
Where ample assortment u fouAd,
And At oacs there be able to g
Without searching the city all round
Also vetag and Stock Satins lsngs to SUIT purchase","q. A. BraabrOOk,s
GENERAL OUTFITTIN0 STORE",Morning herald. [volume] (New York [N.Y.]) 1837-1840
1839-07-08,"Captain Fayrer, the noble commander, took his
station on the starboard wheel-house, and gave his
orders, through speaking trumpet, to his crew.
. Give way, there, my lads-a strong pull on tia.
larboard hawser."" 1t was a grand sight. The deep
toned bell was rung for the last time, and her bows
swung out, pointing towards England g Stand by
that stern hawser!'-"" Are you readyl"" : Let go!""
then heard and the tinle of the engineers bell
caught our Her wheels were set in motion
and the splendid steamer Liverpool with seventy
cabin passengers, started for the old world again.
just at this moment his Democratic Majesty was
passing through Sand street, (Brooklyn,) with hr
suite Of locoocos, amid the of cannon and fire.
crackers, and at the same time dense black cloud
came up, and lowered directly over the cities OF
New York and Brooklyn. Twas great day, and
big with events; but the steamship Liverpool, his
Democratic Highness, and the awful, black cloud,
apparently full Of thunder, ALL happily, passed off
safely and without accident. Iaus Dec N. B.
We cannot find Mir. IS name in the list of pas
sengers!",": And with affection

They pressed aeir friends. hands an ! they parted,",Morning herald. [volume] (New York [N.Y.]) 1837-1840
1839-04-24,"GENERAL OUTFITTING STORE,
Where Gentleman may procure every article for eomplet,


Oulft of the best quality,
No. 3J3 PEARL STREET, CORNER OF FRANKLIN


SQUAE, N. Y
Here the public may always procure
Fine goods in the Quitting line,
And what is important be sure,
That uniirng zeal will combine,
With skill IN preparing each sort
As good as elsewhere can he bought
Here the steamboat and packet ship may
Their ready made linen procure,
And prices most moderate pay
For articles well made and secure.
Here they will constantly keep
Every article belonging to that class,
From the counterpart, BLANKET and shees
To the towel and cloth for your glass
Gentlemen also will fad


Their ready made linen complete,
From fabrics the best Of their kind,
And made up exceedingly neat.
Shirts Under Shirts, Draw'rs, Belts and Hose,
Handke tlefs, Bosoms and Stocks,
While the skill that each article shows,
griRgs customers crowdng in focks
Buthe need not each item rehearse,
The Suspender the Collar, the Glove,
The Pantaeon, Strap and the Purse,
Each fine those mentioned above
Linens, likewise, to order made
By those who are known TO excel,
And the very fair price that is paid
Yields work that 10 always done weh
lis extremely convenient to know
Where an ample assortment is found,
And at once there be able to go
Without searching the city all round
Aso Nesting and Stock Satin lengths to suit purchaser
n29-tf",,Morning herald. [volume] (New York [N.Y.]) 1837-1840
1839-05-02,"CO THE Subscribers, Sole Propristors and Manufacturers
prepared execute with desatc all orders for their gn
vaed Patent Sweed Beam Windlas Bedsteads which are
almost universally used being the best article in
vented-combains ease convenience and durability.


The sackng, acted upon by the wndla and sweed beam
made perfectly light and free from ali liability sagg still eav
ing elasticity in the which render, particularly easy
and simple constructions the matter OF putting up and taking
down will be found Of but little trouble comparison with those
any other construction whilst the precision with which the
component pa fitted acts a safeguard against the intro
aaction of any kind Of vermin


From the taken render each Bedtsad perfect their
qualities for durability will recommend them par<hasers
who invited 10 call and examine large asssrteat
aand.


Also large assortment Of elegant Furniture, Mattresses
Feather Beds sc. constantly on hand


J. w. SOUTHACK, Ne. 100 Broadway,


jel5y Franha House.
THANCY AND COLORED PAPER-Just arrived, most


splendid assortment Of plain, cooued aad marble paper,
for printers saoner bookbndrs apohccares
and especially motto paper for the latter beautifully cut and
TO be sold by e extremely cheap for cash. No. 2l
Fulton street. three doors from Nassau Best arrangements
10 he found likewise to accommodate country merchants
and Wholesale dealers. fls sn","IATENT WINDLAsN.
r r. DIST f. A u",Morning herald. [volume] (New York [N.Y.]) 1837-1840
1839-04-22,"The Enine ACKNOWLEDGEMENTS Tor WUr!.


{rF At This ment, when perhaps the OF a
War with England becomes the duty ofevery enquire
far this may personally himself. IL IS seRev
fact that advance English manufactured
goods viii be Of the Of such event And
article will it be heavily felt than English
cloths therefore hardly point out the policy
all and sundry providing themselves with sufficient supply
Of clothing PHILIPS well known Cash Tailoring Establish
men William, Of John street. presents opporu
nifty of obtaining first rate equal to any, and
passed by none the city, for materials make and


The astonishing patronage which this establishment has expo
renced sufficient indication Of public Judgment And the
proprietor having made such arrangements for the ensuing
will hopes and merit continuance Of sush


The system adopted aloac peculiar to this establishment
Purchases made direct from manufacturers in England


thereby avoiding the accumulated profits Of importers and job
bcrs reducing the price OF The article to such
enable him to employ bat first rate workmen
whereas those differently situated compelled to employ


ror wormen consequence Of buying at second third
hands Establishments which give long credits
incur many unavoidable losses, and obliged 10 make


their cash suffer sufficient profits for running such
risks.


The advertiser deems his part give list
OF prices much pracsed IL is often deceptive He
confidently ci:s ON one trial. being sufficient 10 merit
tnuance Of the avors Of those who give him call


m2S3m",| M p O r II A N II.,Morning herald. [volume] (New York [N.Y.]) 1837-1840
1839-04-22,"% THIS Spanish proverb applies excellenty to
az thr New York HAIR OIL manufacturer. VINO making
great noise BY grand compositions When they have bald
heads themselves Bot PASTORS OIL Is not only good for
very body, hair to destroy danlruf and prevent hair from
turnag grey also excellent Oil to keep his hair
eoa any hair the world This boastrug ~ not intended for
~. city New York. where for the last sixteen years. have
been practising the hair cutting business but am selling


great quantity Of oil for the country want 10 put them
their guard ganst bald he adj fools that making
body hair grow except their A. PASTORS OIL has
be.n he produce of ""a years experience. For sale wholesale
and retail at 100 Greenwich Il, ~ Y A. PAsTOR


prse IA cents nrr bottle. highly perfured. ala","!. an RLACKsmlTss,s HOUSE WOODEr


KNuVES.c",Morning herald. [volume] (New York [N.Y.]) 1837-1840
1839-05-06,"THESE important medical applications enjoyed, for


time before they brought TO general notice, high
reputation with limited number Of the medical profession
the English metropolis by whom their valuable properties
we'll understood and fully appreciated the strong
""a 81 nos % e
these unqsestonaby TO effect more extended amount
Of relief diseases accidents affecting the exterior Of the
human Frame than any substances previously KNOWN and they
offered the entire population of the United States with
the full conviction that they will be found the most useful and


The Ceratewhch is cfa peculiarly delicate nature to the
sight and tsuch and its original plain state equally mode
and Invested of all charaees prepared in dG
and muscular diseases which have been proved
to yield TO the influence Of its extraordinary power


The leading general properties OF these combinations are their
simuan absorbent and eounterirrant, added powerful
healing quass which necessarily exist in dorea degrees
the notifications to which they have been for
adaptation their several intended The Lniment and
Ceates thus prepared constitute respectively rapid and eec
tual remedies for G,utn states, Rheumatic Affections
Lunbago GasSular Sweng many instance. Of Scrofuous
Sores and Swelngs Yaws Tumors, Relaxed Sore ThroaS
ache Of Deafness external Inflammation all its
shapes Bos liberated and other wounds sPrans, CramP
ssa..' Burn. ss.s nEpsa MssIo Bs. vsnG%o
Chbalns Bunions Corns Tender Feet Chigua Crab Yaw
Paralysis Of LEGAL character Scaca and
As no class Of society Is exempt from the liability
other Of these scks every rank such
powerful series ofsmple, but efecua remedies be highly
rable.


The Popretors give their solemn assurance that there is
not fact stated with respect TO the Of these substances
inferred from the term, either Of the foregoing re.
marks Of the following directions, which fully esab
shed in class the private practice Of medical
Of great responsibility in the metropolis and that
the preparations, although most eecsa in its remedial char
acter is IN the highest degree innocent in its entire compo
,os, and may consequently, be used with perfect safety


Anxious avoid exaggerated needless the
Prspreors abstain ron all further remark beyond the
sary and rather full detail Of instructions the Of the
several remedies in the particular which they ap
pcabe; fully assured Nat the b,st for the
general adoption Of the cerses and Lnimca will from
the clear evidences of their efficacy
had 70 them for relief any Of the disorders injuries
enumerated.


The Royal British Cerate made up all their odiH-
cations boxes offour 3 cents s7y cents 80 cts
and 50 50 eta each and the Lnent bottles Of three
with ground glass Shoppers s7t 81 So 50
each; the Engsh stamps in all included BY permits
ef the Honorable Commissioners Of Loudon
and security 10 purchasers every part world TO
their obtaining at all tines the genuine articles
prirtors Sharp Company lS3, Fleet street,""
ic which 10 felony.


The pro<ieors satisfied of the unbounde utility of these
preparations 20 all slases of the population have prepared
Tor general useand especially for families resident in the
country removed from immediate medical ADVICE we'll
for schools and other large great number
different assortments embracing every variety Of kind and


sire, which kept IN state OF readiness all times They
also draw The attention Of parties reside seaport
the fact that they have made similar upon
suitable scale aud bores adapted the the md
camille spplng where the various and excellent properties Of
applications prove the care
peculiar degree, exposed Asserted chests expr e,sly
prepared for plantation stores in all foreign Countries Il
important observe that the Cerses and Lnment will keen
any length Of time, and 10 all climates.


Prepared oply by Sharp, West Co. I53 Fleet sreeLos
dom the sole popsto; and sold by hcm and b, all the Pa
tent Medcins vssders and round the metropolis by one
Chemists, Druggists, sta6oners, oher licensed
Vende~s every town the British Donnioas; and by ets
lished Agents IN all parts Of the Uaited States


10 The above medicine 70 be had at 1913 Broadway New
fesA s2o-1","pATRoNIzEp THE FAMILY AND NOBILITY.
SHARP'S ROYAL BRITISH CERATES AND


LINIMENT.",Morning herald. [volume] (New York [N.Y.]) 1837-1840
1839-05-06,""" This Spanish proverb applies most excelenty to
Of the New York HAIR OIL who making
their graad compositions, when they have bald
heads themselves But PASTORS OIL not only good for
every body hair destroy dandf and prevent hair
turnag grey but also excellent Oil to keep his
eauae The world This Boosting not intended for
the city Of York where the last years.
been pac sng the hair cutting business but selling


great quantity OF oil for the country, want to thsa
their guard against bald head fools that making every
bedys hair grow except their A. PASTORS OIL has
produce Of ""a years experience For sale wholesale
and retail at l65 Greenwieh St, ~ y. A. PASTOR


Price SO cent bottle. highly perfusned. alS-l.n'","/. IN BLACKsMiT n's HOUSE WOODKl


KNuvES.O",Morning herald. [volume] (New York [N.Y.]) 1837-1840
1839-07-09,"Our village looks pretty now,
As I did in childhoods hour,
When autumn burden'd bush and bough,
With choicest fruit and flower,
Still 81 4nds the hill beyond the mil,
Just where the river whirs--
Adown whose side We us'd to glide,
When you and we're girls
Our cottage stands the same sweet 'n'ng'
So quiet aad so calm
The roses DER its sides stiii ciing,
And load the gale with baim'
y, ,hite front hid their leaves amid,
Like beaut,s bros mid curis-
Aud ever, thing the pat doth BRING
When YOU and wer, girls
The brook with rustic wood bridge 'PaHnd,
Gnes babbling on its way,
o,er hidden tracks Of sedge and sand,
Like some glad child at play.
Then down some steep, in NOISY leap,
The tiny cat'ract hurts,
Like hopes false light all dazzisg bright,
When you and were girls
Still stands beyond the village green,
The simple house Of pray'r-
Where villagers ON Sabbath cen,
Held holy meetings there.
In deaths grasp bound, in tombs around,
With modest daisy pearls,
Sleep forms we loy'd-that breathd and moved,
When you and were girls",,Morning herald. [volume] (New York [N.Y.]) 1837-1840
1839-07-09,"GENERAL OUTFITTING STORE
Where Gentleman may every article for complete


Outit OF the best quality
No. 353 PEARL STREET, CORNER OF FRANKLIN
-. SQUARE. N. Y.
Here the public may always procure
Fine goods in the Quitting line tl#HsN
And what Is mpertant, be sure,
h That mtiring real will combine, .H
With skill in preparing each
As good as elsewhere can be bought.
Here the steamboat packet ship may
Their ready made linen procure
And prices most moderate pay


For articles well made and secure
Here they will constantly keep


Every article belong ng TO that class,
From the counterpart, blank ct and sheet
To the towel and cloth for your glass.
Gentlemen also will fsd


Their ready made linen complete
From fabrics the best Of their kind,
And made up exceedingly neat.
Shirts, Under Shirts, Draw'rs Belts and Hose,
Handkerchief Bosoms and Stocks
While the skill that each article shows
Brings customers crowding in foeks
But the need net each item eh.arse


The Suspenler the Collar, the Glove
The Pantaoon, Strap and the Purse,
Each fine those mentioned above
Linens, likewise, TO order made


By those who are known excel
And the very fair price that pad


Yields work that is always done well.
IT'S extremely convenient to know


Where ample assortment is found
And at once there be able to 60


Without searching the city all round.
Also Nesting and Stock Satn in lengths to suit purchasers
my2o-3m",,Morning herald. [volume] (New York [N.Y.]) 1837-1840
1839-07-09,"90 THE subserbers Sole Proprietors and Manufacturer
prepared execute with DESPATCH all orders for their Un
rivaed Patent swslied Beam Wndlas Bedstsad which
vented-conbiu6ng ease, convenience and durability


The sackng acted upon by the wndass and weled beam
made perfectly light and free from all liability Sage still leav.
elasticity in the which renders particularly easy,
and constructions the matter putting and taking
down will be found Of but little trouble comparison with those
u amy other construction whilst the precision with which the
component parts fitted safeguard against the intro
daction Of asy kind Of yermn.


From the taken render each Bdsead perfect their
qualities for durability will them TO purchasers
who invited cali and examine large assortment now on
aand.


Alse large Of elegant Furniture Mattrases
Feather Beds SC constantly on hand.
Nv. & C sOUTHACK, No. 1876 Broadway


jel5y franklin House","RAnnNl W An NLA1s.
3 f. DIST T. A ID.",Morning herald. [volume] (New York [N.Y.]) 1837-1840
1839-07-09,"TNFALLIBLE AND AGREEABLE CURE FOR
certain delicate disease.-MORGANS celebrated COM
POUND BALSMAIC PILLS Nave enjoyed the patronage
Of Sir Ashley Cooper Bransby Cooper Dr. Eotson Of Lon
don, Dr. Allison, Lton Lzars, of Edinburgh and also OF the
most scientific physicians Of this country Cor the last fifteen
years aud looked upon the great dderatum often
tempted but prior the above discovered They
the only safe and efhcacous remedy present all
of those disorders and entirely the making OF
those disgusting and in highly injurious
medicines Cubebs and Copava, the dangerous consequences
and uncertainty OF the latter too well known require
comment.


Sir Ashley Coopers remarks at Guys Hospital published in


The Lancet Of Sept IL, 1921 clinical lecture to his
pupils sufficient guarantee of TIE high character Of Nor
cans Pills. Gentlemen Sare YOU have observed the
wonderful Of Surgeon Morgsn's Compound Bslsmac
Pills. which used here Guys Hospti exclusive for
thai discharges and the many complicated affections Of the
urinary organs indeed Ms researches (Which recommend
your notice. gents urinary diseases the most complete
perused and his mode Of reasoning plain that the
merest tyro among-t you comprehend them""


For sale by appointment by A. D. d. Sands 70 and 100
Fulton 81 Syme 90 Bowery Walker, aud 330 Bowery
Boad; Ring GA Broaaway 80 Sixth Avenue Price so cent?
and 81 per box


~ Observe the propretors seal each box without which
\ b. genuine. a22-3m","inlay

TNFALLIBLE AND AGREEABLE CURE FOR A
Il certain delicate d,ease-MORCAN,S celebrated CON-",Morning herald. [volume] (New York [N.Y.]) 1837-1840
1839-07-09,"CURE for Group. Bronchitis Asthma. Wkooping Cough,
~ aud other diseases o the wind pipe and chest The med.
cine here offered a sr those formidable diseases, with
ooa letting bsering Is Dr. Bows Liniment DIR.
Bow, the inventor native ana graduate of the University
81 Edinburgh and eminent practising ph stefan at Awick
cumberland The Lin obtained great celeb.
remedy the diseases above enumerated has
instance failed. In New York also, and the
rounding states far the Caronas Florida. certain
successful efficacy ha. been experienced BY nfns and
sdu bankers planters elergymen aud Others who have used
il themselves their families lady "" the of New
York WHO formerly lost ehldren by Group, having
Others seized with the alarming maady found the disc
checked IN both by the of three four phsls
- the nient. and empacsy declare, she would rather
he without silk gown than without phal &C this invaluable
medicine IN her house


10 he had with printed directions for John Gihsons
ao3 broadway sole agent for seliag IN New York, 81
Per pha and who viii give ample ,lerences IN New York
Il DR. Bows professional emnence N6iar",,Morning herald. [volume] (New York [N.Y.]) 1837-1840
1839-07-09,"TyEMALE LOVELINESS-SUPERFLUOU HAIR
II Nature doubtless originally intended the appearance Of
ladies be in accordance with their but how frequently
and with what sensations do ese ladies'
beautiful completely unsexea by that unseem Disagreement
supe rluous growth Of hair upon the face neck


ATKINSONS DEPILATORf has proved itself thou
sands instances that have under the rrpretor obsr
10 be positive and easy remedy for this unfortunate At
fiction


No cosmetic has been hailed with the sal salts
faction that has accompanied the ntroduetionof invalua
bic preparation single application Of which will in few
moments entirely remove the har leaving the skin softer
finer winter, and much improved in its appearance.


1t is mild and harmless its nature that be used
upon infant without the least deeterou effect.


In OF the increased demand for the articles the
proprietor has appointed Messrs GUIONS lS9 Broadway
New York. General Agents for the United States Of America
for the Depilatory and Mahomed's Turkish Dye


CosAty dealers will be supplied by them the most
able terms. Price two dollars per bottle R22.tfy",,Morning herald. [volume] (New York [N.Y.]) 1837-1840
1839-06-04,"NORTHERN EXCHANGE No a7a Bleecker street
in The subscribers having opened the above house, would
respectfully inform the public that they ready to
connodate them sle to be surpassed by any similar
house in the upper part Of the city Their table will always
be supplied with the choicest the market affords Their Bar is
furnished with the best Wines liquors. and cigars, &c.


The house has undergone thorough repair and newly fur
nshed throughout Their lodging airy and commo
dous Vers will fn2 this desirable resort the location


pleasant and retired The Blocker Stages every
five ten minutes to and from Wall The propretors
pledge themselves every exeron make their house
home the traveller and the stranger Their spacious Hall
will be in readiness for military drills private parties public
meetings balls &c. Alsoa first Refractory and Dressing
Room. NoticeOne Of Bassfords iron frame Billiard Ia.
bles CRONK TERHUNE.


ie3-ots. 98 49,",,Morning herald. [volume] (New York [N.Y.]) 1837-1840
1839-06-04,"DISEASES FROM lMPRUDENCE AND SECRET
~ DESTRUCTIVE NEUTRALITY-SUSPICIOUS. obtained
the fr medical colleges in Europepracce rendered per-
feet by twenty-five years experience the British Army ths


Military and Naval Arenas and Hospitals and in the West In
dies the by which mankind should guided when the
aid Of practitioner required These the qualifications
ofDR JOHN BAKER IRWIN, and success perfectly
smpled the city Of New York. the proof Of the great certain
which attends his treatment OF the obstinate He
has had failure The great increase 10 his prcfe
sional business has compelled him take another ece adj
dion 10 his old oee goal Fulton street lie may
be consulted daily privately secretly AMI conGdenay at No.
2o4 Fulton street. No IA Beekman street. door below
Nassau


BE careful 10 mark Doctor connected with oer
Office upon his extensive practice and experience he
earnestly cautions against ignorant preenders and the Of
any meronral preparation. mv7-im'",,Morning herald. [volume] (New York [N.Y.]) 1837-1840
1839-06-04,"10 YDER's NORTHERN AND SOUTHERN GEN
II TLEMENs FASHIONABLE BOOT AND SHOE
ESTABLISHMENTS, No s Beekman street, New York.
and No 10 Natchez greet New Orleans gentlemen
visiting the city New York respectfully informed that
they will fun Opera and Dress Scots Ul
ION Shoes Fancy and Dress Punps and CATERS Of the
style and quality furnished then at No. Is hatcher st.
New Orleans and which obtained the srst premium the late
Fair in that city.


Gentlemen purchasing giving orders for 6ne Boots for the
Charleston Mobile, New Orleans Matches vicKsburgh,
any the southern sosth western Cities invited call
aud eramse spleadd article Of light Dress Boots made Of
French imported stock in the latest Paas fashion, at No
Beekmsn street, Clinton HAIL. New York. opposite the Park


URlAH RYDER
~ d. First Premium at The American Institute, New York


Mechanics Institute,
my4H late fair at New Orleans.","ID YDERs NORTHERN AND SOUTHERN GEN


N TLEMEN,s FASHIONABLE BOOT AND SHOE",Morning herald. [volume] (New York [N.Y.]) 1837-1840
1839-06-04,"TIEARTBURN AND ACIDTTY OF THE STOMACH
IL CURED BY SHERMANs SODA LOZENGES.-
These Lozsnges made superior article Of the Ri
carbonate s Soda from the recipe Of NJ DArcet and
mended by him and lags aumber Of medical the most
cectua edy Tor Indigestion, Dyspepsia, Heartburn, Water
brssh and Acd Of the Stomach and Bowels One two
hen before dinner prodsce healthy appetite promote dige
prompt and complete that any suffering from ndge
ton shoud not hesitate making trial Of remedy such
knowedged ekcaey and high Recommendation Years OF
tensve England among all classes OF this superior art
Gle, guarantees us great value.


PApK PLAcg, March IA, 1899.
Dear Docter--I ysu msHy thanks for the benefit
ceived from your Soda Lozeng have been troubled with
dyspepsia for several years. heartburn watebrsh and all the
attendant symptoms had become quite euaeiaed, and life
in fact buthen 10 hsd employed DR. Mott and Sc
verai of the distinguished physicians without any but
temporary relief had abandoned al hopes ofever being any
better until induced BY friend TO make trial Of your
Soda Lozsngss Thanks 10 God am now new being and
my tleads hardly know eat beefstcak or any
hearty food, and i IL dgcstea with and comfsrt


PRISCILLA BENJAMIN


sed wholesale and retail the Mcdicatcd Lozenge Ware
house, 100 Nassau st. my2oy",,Morning herald. [volume] (New York [N.Y.]) 1837-1840
1839-08-05,"C,rrersuce the arrival OF the British Qseen, there has
been very doing this article The principal
demand has fer middlng fair and fair at Ia e The
tales for the week made generally reduction ic
from the prices currsnt previous week Yesterday how
ever rmness manifest ans prices rallied ate fros


TIE south we hear reiterated reports Of the promising appear
anee Of the growing crop Beth and art this year
70 have rendering the sell productive to the extent
of can.eitv The trade southern ports
,ar dull The both here and there have been reduced
bv shipmsnis from hr hzss The following 10 table OF
sales, prices. and remarks al the different ports for the",,Morning herald. [volume] (New York [N.Y.]) 1837-1840
1839-10-25,"NEW YORK, March Sd, le35-DR. y. LEVISON,
IN Dear SirI should almost consider myself devoid OF
gratitude II did not thank You for the good that yeur Red
Drop has done Having been led away BY the foes Of
youth unfortunate that disease which
your preparation processes to and after try ing almost
every medicine that the quacks Of this city cndeavor TO palm
upon The community found .elf wasting away and the dis
fast under mining my constitution had almost abandon
ed the hope Of bring restored former good health when
procured bottle your Red Dro? and entirely
covered without bad effects Of the disease remaining
My dear Sir all the return make will be TO
commend 10 those who have been unfortunate myself,
assurn. them with the confidence thai will fail
in producing speedy and lasting cure. Your. raly


III. Yt-4's.


You liberty to publish the letter, but beg the favor
that you will publish the Office A65 Pearl st.,
door from Chatham expressly prepared FOR this treatment Of
one class Of disease ONLY. Price 81 per vial.",,Morning herald.
1839-10-24,"- THE Subscribers, Sole Proprieors and Manufacturer,
are prepared with despatch all orders Tor their I'm
rraed Patent sw-lled Beam Wina.s Bedstesd which
now almost universally used being the best article yet IN
vented-conpinng ease, convenience and durability.


The sackiag acted upon by the wndass and sweed beam
made perfectly light and free from all liability to still lcas
inc an elasticity which renders u particularly
and simple constructions the matter oputtng and ssknl
Town will be found OF but little trouble In comparison with thos'
d any other constructions whilst the precision with which tn
component parts are fitted safeguard agns the intro
iuction of any kind Of vermn.


From the taken render each Bedead perfect Their
realities for durability will recommend Them 10 purchasers
Who % cali aud eramins large assortment now o.
aayd


Also large assortment Of elegant Furniture, Aatasse
Feather Beds, sc. constantly On hand.


Jw.Sc soUTHACK, No. 19s Broadway,
ialsy Frankle Hous,","PATENT wBNDLAss.
Il t. DIS II T. A ID.",Morning herald. [volume] (New York [N.Y.]) 1837-1840
1839-06-19,"The excitement in Wal. street today parook Of the nature
Of panc degree There has been Increased panic
the Board today and prices have gone down from per
cent from the last sales Bank Of Commerce per cent? Dry
Dock Bank cent? Delaware and Hudson per cent, Far
mers Trus, per cents vicksburg per cent Canton II per
ccat; Harlem r. r. II per cent.


After the Board number OF failures in the pork and pro-
vision line rep""red and the gloom msch Increased


The conduct Of the hanks througho.t the country in
great the Of the elevation prices which has
led to the impending ruin which about all
have been holders Of property Of any description large
quaLty Of pork and provisions has been held in this market
under acceptance this market has however like that for
articles OF produce, been falling one, sacs
be made at prices which will the Acceptance
qucny every day nerea,es the difficulty Of sustaining them
selves The pork this market owned chiefly ia Ohio and
finds its way here, via New Orleans for market The
explosion Of the produce specuatous in 1885, left tie peo
pie Of that state with bank debt Of s5000e0o The
Of .is debt depended great sustaining
the price Of the chief articles Of export from After
the panic Of suspension passed. the farmers eday turned
their attenon to produce with great energy order
Of debt the banks possible in order that thew
might again The result epscy increased
supply q pork and crop Of grain ourunnng
Immediate demand for consumption Still the policy pursued
toward cotton extended in greater et, degree al
other articles Cotton Acknowledged 10 be &C primary
portance because without foreign demand for specie would
have been ELECTED that would have resulted reuspenson-
Accordingly the Atlantic banks operated more or less with
those Of the cotton growing sections in order sustain


Had not the Of unforeseen political Europe
caused suspension Of the operations Of the Manchester spin
the novement would have been mporary successful
with cotton prices Of all descriptions of produce would have
brought prices proporonate the Of the supply


The Gotten speculation has resulted but tho
steady and cautious policy OF the New York has
ed any immediate panic market Their course has
been influenced By the policy of the southern south
hank h... a.
OF borrowing Last year their heavy expansions cotton
were made post notes. Ingenious method OF"" sucking up
northern funds These notes found their way north payment
Of goods and as Investments they being large discount Tho
fall asd stagnaon IN cotton has blown the basis which
these were issued and they not paid, causing serious dis
tre to dealers who depended them, bot fer less than
would have been the had the New York banks by esPan-
sion caused southern post circulate freely by
putting the northern and southern currency equa-
lily Our banks have however, been moderate in their
while holders Of other produce here have found diff
~ -'s.t bitt~7'c D,,rirr D.. coninu-","Won IL VI q IL X n II.


Tucssluy. Hume 1915 P m .",Morning herald. [volume] (New York [N.Y.]) 1837-1840
1839-06-19,"O- There has been prodig ions excitement In Bos-
ton respecting the fifteen gallon law. Between three
and fsur thousand people assembled several times
for the purpose of raising riot and lynchng some
if man named Jacobs was imprisoned for break
ing the law. The judges were wise men, and there
fore bothered the rioters Every thing had been cut
and dried, and would perhaps have resulted in
thing serious if the judges had not concluded for
three times to compare notes and opinions The
rioters in the streets thus disappointed, and
compelled to drive their champion home in
barouche. But on the fourth trial, Mr.. Jacobs
committed, the people having got tired, and did not
meet in such large bodies. Sc MIR. j jailed
without blood-shed. The rioters tried TO catch a
Mr.. Marley for being nformer; but he not
at home. Nineteen had been arrested by the police
officers.",,Morning herald. [volume] (New York [N.Y.]) 1837-1840
1839-11-13,"THIS preparation 10 now acknowledge the only ehecua


remedy prevent Bal dsess the Hair Becoming grey
complete restorative where the hair has fallen oa-s pur
and cleanser az scurf and dandr6 and all impurities or
diseases Of the shin Of the head.
II 10 not 70 be considered initiating corporal at
Il composed Of grease, oil fatty matter OF ~ kind To
the medical faculty all such substances known posi-
lively Injurious Notwithstanding what ignorant empires say
10 the contrary.


The chief virtues Of the Treopherous Medicsed Gem
pound,
l. Tia bracng strengthening, and clarifying properties


2. It's gently stimulating the action oft.e shin.


Its equaixng the circulation efthe Amds.
l. fs producing and encouragiss reaction In the bulb
and particularly In the pulp which receives the vessels
aud nerves, giving life aud vigor 10 The hair.


Its freeing the skin from the Effects Of Precipitation scur
and dandrin, snd disposins the hair 10 curl.


Asd its frequent will preser the hair in beauty and
health the latest period life.


See Clirehvghs treatise on the ha


Price ~ bottle sold ~ the proprietor, at his esttsg
rooms Of oadvzy and Fulton and Of his sp
pointed agent. III DodS Druggist Of Blescker and
Broadway William Minor Druggist Dey street, under
Frsnhn house Mrs King Bookseller Fuon street. and in
all the principal cities Of the Union. M In. ips","TRICOPHEROUS OR ME
GATED COMPOUND


FOR THE
HUMAN HAIR",Morning herald. [volume] (New York [N.Y.]) 1837-1840
1839-06-13,"Wall street is in languid state; bat very little is doing
generally; time wanted bring financial matters in regu
lar train.


Sales Of stocks have been to-day to fair extent but prices
have not presented material change in how
ever falling off manifest Dry Dock receded per cents
Am. Trust and Bank per cent? Vckbug per cent; Can
oa per cent; Stonineton ~ per cent? Harlem per cent


In sterling bills for the packet tomorrow there has
brisk done The United States Bank has been


drawer all the morning per cent 81 So At this rate
the chief business has been dene although Prime, Ward
King have been drawers at 81 per cent S4s7 Az these
there little disposition to ship specie, particularly
France, the rate Paris being i2i cts There is
great shipping demand for se particularly Mexican dollars
which per has been offered These symptoms with
the continued high Of exchange, creating little
uneasness.


The Bank Of Watervile, located in the village Of Water
vle Oneida couny with acapital Of $ll5ooo which has all
paid the necessary securities in bonds and mortgages
deposited with the Comptroller 1t will business
this week. and its notes will be redeemed at the Bank of the
Of New York the the safety fund bank
The following the ofcers-Stanton Park Pres
dent Julius Candee Vice Presidents Josia Bacon Cashier


Notes ofthe Brandon Bank selling New Orleans
the LIST instant at from rs 80 per discount Texas
Treasury at from SIS TO 80 per cent discount.


The balance Of the Eckford property offered today
auction and notwithstanding the high prices obtained which
fully equal to the last sales, the sale stopped enough
having been sold pay the required The follow
ing he ceilings","M q NEY Al A Il * k II.


""wednesday, June 1915 r. M.",Morning herald. [volume] (New York [N.Y.]) 1837-1840
1839-06-10,"~ EDICAL OFFICE, No. I, AVS STREET. under the


IVA American Museum. DR. EVERETT dcvotcs his atten.
ton Office practice for the cure Scro.
la Mercuria Affections Uccrous Sore Throat Cuaneous
Eruptons, Dyspepsia Rheumatism, Gou Dropsy Piles, Nery.
complaints and other diseases obstinate character
Also for sale the celebrated Anti Nercura Syrup the
Of old Ulcers and Rheumatic Diseases &c Dr. E,eres
Double Spring and other approved Patent Trss, and
pcnsory Bandagcs constantly hand for sale and sky APP
piled Also for SALE at reduced price, Dr. Knights Aldo
monal Supporters for falling ~ the womb and diseases DEEPEN.
dent upon the Persons that have been confined their
for months have been cured by these invaluable inr
ments they are recommended BY the most eminent phy
clans IN the United States aud Europe.


~ b. Their. two Or. Eyerctts ofce one


from ais Broadway. next door the the American
Museum aud from No. Ann street. door from Broadway


nv ""a I'm",,Morning herald. [volume] (New York [N.Y.]) 1837-1840
1839-06-25,"JUSE p -Mfynhdrd Proisr VS. James Blow
This was action to recover damages for SANDER
Gus words spoken Of and conce rning the character
OF the plaintiff The plaintiff and defendant were
both Of the tribe Of Israel and dealers in old clothes
Eau de Cologne liquid backing water proof liquids
and other celebrated nostrums and the quarrel arose
sut OF dispute concerning boy, who had been
transferred from the service of the plaintiff to the
defendant. When the plaintiff thought his boy had
been long enough with the defendant, he sent for
him back, and then the latter get into terrible pas
sion, saying that ""his goot friend one Internal
swindler, great big highway rosber, a got dam
thief"" and applied other comp imentary applications
10 him; all Of which were proved. The defence set
mp was that Blom could not have uttered the words
cause why-he did not know a syllable of the En-
slish language. Other witnesses, however, were
brought forward, whe swore stoutly that Blom knew
quite enough Of English TO say what plaintiff averrcd
he did say. The jury found for the plsintd-da-
images six ccnts-sx cents costs.


Biom vs. Proler In this case the tables were
turned, and Mr. Blom sought to- recover compen
sation for certain damages which he had suffered in
his character by his geot friend Mr. Proler who had
taken the liberty to assert that he, Blom had been
branded the shorlder for certain nractons of m,
eighth commandment before he cleft his native
country for that countrv's good These hard words
were fully proved, and the jury gave Mr. Blom six
cents damages and six cents costs.",Court Of Com mon ksIcas.,Morning herald. [volume] (New York [N.Y.]) 1837-1840
1839-06-25,"AFAsHIoNABLE SaUAEBLE AMONG THE INDIANS.
All our city readers renember theyisit paid us in
the fall of 1887, by Black Hawk and wife, young
Black Hawk and his pretty wife, and keokuck, the
chief of the Sacs and Foxes with his two strapping
wives 1t appears that whilst the Sacs were recently
sncamped about I25 miles from the mouth of the
Mississippi, and between it and the Des Moines riv-
er, young Black Hawk was out hunting, and keo-
kuck gave his handsome wife seme whiskey, made
her insensible and slept all night with her. Young
Black Hawk, on his return, met by his Lucretia
in tears; and he, Immediately on hearing her sad
story of the rape, watched for Kcokuck and stabbed
him to the heart. Keokuek so years Old
Young Black Hawk is now chief. Truly the Indians
are becoming very fashionable.",,Morning herald. [volume] (New York [N.Y.]) 1837-1840
1839-06-25,"June H-7hs second Murder Ibis meek About
two o'clock on Monday afternoon, an freshman
named Barney O'Nell followed ano her Irishman NJ
Chambers street, and in the presence ola large num-
Der Of spectators, struck his country man a violent
blow on the head with paving stone, which laid
him senseless in the street The poor fellow was
picked up by several citizens, and carried to the
Hospital. when the physicians reported that he
would in all probability, die from compre ion Of the
brain. The barbarous rufian who had committed
this outrage was secured, taken before the Magis-
trate, and fully committed.


4 transient fodgsr aud TsIidn hero.-One Ira
Derby, who boosted Of having fought for liberty and
honor in Texas, or somewhere else, was brought up
charged with fching one pair OF brceeh from a bar
keeper the said breeches containing the sum Of GI3
The bar keeper said, that on SATURDAY, night the
Texan hero came 70 90 Courtland street and called
for the best bed and best supper the house could fur
nish The hour being rather late, the hero was told


that the best supper eaten and the best bed APP
proprated, but that he could have the sec ond best
supper which consisted Of crackers and cheese and
the second best bed, which was ono half of the cot
the barkeepcr occupied. This Offer was accepted.
the second best supper eaten, and the parties
TO rest The barkeeper, tired with the DAYS fatigue
snored soundy; but the Texan hero laid wide
awake, and in imitation Of other gentlemen who had
gone before him, Swartwouted with his bed fellows
breechcs and their contents.


The bar keeper awoke at the usual hour surprised
10 miss his gallant and heroic friend but still more
surprised when he discovered the Of his breech
es. The next night, however. the Texan hero re-
appeared AZ the house, and offered TO treat all tho
companvi but. strange 10 say, this generous offer
was construed into evidence OF his guilt IN tho
matter ~ the lost breeches and thereupon the Texan
hero was ceremene lodged in the watch house.
company 10 be strong presumption ~ the Tcxian
hero's guilt and he was fully committed for trial",Police Office.,Morning herald. [volume] (New York [N.Y.]) 1837-1840
1839-06-11,"05- FOURTH OF JULY-Tbe subscriber, the old
tabshed agent for the u Laboratory Edges Celebrated
Fire Works) offers to the public complete assortment
farge small Fire works. fer the approaching celebration
the glorious Fourth Of july consisting OF Rockets of varisus
sizes Headings Of Gold and Silver RAIN Stars, Scrpeuts
Crimson Fires &c. Suns Fans Pyramids Palm Trees; Saxon
and Peruvian Crosses with plain and illuminated centres,
Mines Tsrbions, Hexagon Tranges, vertices and other
wheels Signal Lights Pigeons Roman Candles Italian Strezo
er Snakes Nests Flower Potts. Serpeuts Snakes Scroll and
Pin Wheels Bengoas Spur Firms Grasshoppers. Blue Lgh
Torpedoes, Pulling Crackers, &c. &c.


Also Fire Crackers in boxes Of different sixes.


PARTIES committees OF arrangement country merchants, CITY
Others supplied usual with articles warranted,
and at Laboratory fixed prsces H. fVELiN,


john. 23i Fulton street. near creenw'ch
FIREWORKS FIREWORKS. FIREWORKS IL
IL CHARLES w. yULTEE, Ito Chatham, corner of Or
ance street oldest established Frework Manufacturer IN


the city, the public generally that his present
Of Fireworks the largest the Union and be sold
prices than by any other manufacturer and yendsr
The consists Of Rockets Of all eabre and Sizes
with gold and silver ran crimson and eanine hre
Sc line pigeons port hres, palm trees


mines toarslons octagons yercas trianglcs No
candles diamonds with golden fires Peruvian 6res
sco pin hes grahoppers blue lights snakes Of all
Sc. SC, and host Of Others too numerous 10 mention


The all .ceptics invited 10 call and Ao,
Fire Crackers Double Headers Chinese Rockets Torpedoes,
and Pupg Crackers at the lowest market prices Country
merchants invited call and the above stock before
purchasing elsewhere Goods sent to any part Of the city Tres
Of expense. ont forget the place; =, ,,,,


jel.tj4- li6 Chatha -s.sorser Of Orange street.",FIRE WORKS.,Morning herald. [volume] (New York [N.Y.]) 1837-1840
1839-06-11,"N b. Private Rooms for small large parties limited
number Of boardrs be comfortably accommodated e54t


90 SECOND WARD HOTEL.-Nest the {
Fulton street Nassau This well known establishment
having undergone thorough re6tg complete order
for the accommodation Of those who may honor with their
patronage.


house. besides the lower story which thrown
entirely open public bar large the
cond story 10 feet well suited for the accommodation OF
public meetings. together with several smaller adapted to
the clubs referees for the Transaction of other prva
business.


Clubs and private parties accommodated with and
furnished with dinner supPers, composed every


ecos oil game decacy which the markets afford at short
notice Gjell-yl EDMUND JONES, Proprietor
II NICKERBOCKER HALL. No. 10 Park Row.-The sub
N scr bers having opened the above house the EURO
PEAN rLAN would respectfully inform their friends and the
public that they ready accommodate them asye
to be by similar house in this city The
will always be furnished with every and all
the axuries Of unrvaed market There hundred
lodging which newly furnished and perfect
order The Ordinary being the st aoor, ,pacious
convenient aud well funsed and the tables shall always be
supplied with all the variety the market affords, served by
experienced cooks.


The marked which has attended establishments Of
this kind sufficient evidence Of their adoption to both business
and travellers.


Gentlemen visiting the city, will find this desirable and
situation bcng nearly Broadway fronting the Park


short the beauty and elegance "" local aud


ansiory Objects Of attraction and piendor with which New
York abounds. EDSALL X JONES.


N B-For the Of TRAVELLERS this house viii
be opcn at all hours Of the night. sltf",,Morning herald. [volume] (New York [N.Y.]) 1837-1840
1839-07-10,"Gy- SECOND WARD HOTEL.-Nex, to the Z
Fulton street Nassau This well known establishment
ing undergone thorough rettng complete order
for The accommodation Of those who may honor with their
patronage.


house besides the lower story which thrown
entirely open public bar room large upon the
ccnd story rs feet by IS well suited Tor the accommodation Of
public meetings together with several smaller adapted to
the Of clubs Referees for The transaction oil other privas
business.


Clubs and private parties accommodated with and
be furnished with dinners suppers. composed OF
species Of game decsy which the markets afford at short
notice. Gjeil-yl EDMUND JONES. Proprietor
| n NICKERBOCkER HALL. No. 10 Park Row.-IHe sub
N scribsr having opened the above house the EURO
PEAN rLAN. would respectfully inform their friend. and the
public that they ready TO accommodate them in sty,
10 be surpassed by any similar house in this city Thu
house will always be furnished with every nience and all
the lHrurcs Of unrivalcd market There hundred
lodging rooms which airy newly furnished and in perfect
order The Ordinary being the first floor, spacious
convenient aud well furnished; and the tables shall always be
supplied with all the variety the market affords served By
experienced cooks


In. -4ked which has sttensed Embellishments Of
this kind sufficient evidence Of their adoption both business
and travellers.


Gentlemen visiting the city, will end this desirable and
central situation being nearly Broadway, fronting the Park
and In short the beauty and elegance Of local aud
ransory objects Of attraction and spendor with which New
York abounds EDSALL n JONES.


BFor the accommodation Of Travellers this house will
be open all hours Of the night. al-u",,Morning herald. [volume] (New York [N.Y.]) 1837-1840
1839-07-10,"GUNNER RETREAT.-The subscriber has taken the
- house ormcy known the Bergen House Bulls Ferry
sir miles rom this city, where he accommodate single
boadc and families with urnihed unfinished
To those who would enjoy air aud pleasant scenery
embracing fine view Of the city and OF the North River
situation affords peculiar inducements The steamboat Orange
Scott plies from the foot Of Canal street. four times adsy
Military aud boat clubs be we'll accommodated
with dinners, &C. Charges moderate.


ID. X. BRANNEN
ball IN readiness for cotion and other parties
and the steamboat will make trips or thsr accommodz
ton. je202weod'",,Morning herald. [volume] (New York [N.Y.]) 1837-1840
1839-08-20,"{05- CLIREHUGH, invites all wearers and conposeurs 10
inspect his newly invented ventatng and perpetual fitting
Wigs which, for ganc- lghtess and durability may be
placed among the first productions OF modern art In their
they differ all Others made here The hair
being ngy inserted and equally distributed as to appear
issuing from the skim la their form they cover no more
Of brow than the natural hair does and having no metal
lie spring, all disagree able pressure is obaed They are
particularly to those residing climate,
they be made sn weight and thin as gosss
#lff


For this inventions, and the advantages connected with
Asrican nsttst svaded the first premium and competent
Isof Judges have them the very Of
perfection.


Hair Cutting Rooms 307 Broadway, Of Fulton street


aul6-lm.","NEW INVENTED


PREMIUM
WIGS AND SCALPS.",Morning herald. [volume] (New York [N.Y.]) 1837-1840
1839-08-20,"Idy- SECOND WARD HOTEL.-Nex to the
Fulton street. Nassau This well kno estabhacal
having undergone thorough re6tng complete ordea
for the accommodation 81 those who may honor It with heiz
patronage.


There this besides the lower story throws
entirely open public bar ROOM large upon the
cond story by Do well suited for the accommodation
public together with several smaller adapted
the use clubs referees for the transaction Of other private
business


Clubs and private parties Accommodated with ana
may furnished with anaers supper composed Of eyeV
species Of game decacy which the markets AFFORD at ho
notice. [iell-yl EDMUND JONES, Proprietor.",,Morning herald. [volume] (New York [N.Y.]) 1837-1840
1839-12-23,"The subscriber offers for sale the wine vaults Of
Broadway and Chambers street. choce collection u Wines
&c selected for city sale by competent and experienced
udge from the best vntages Of Europe amsag which
sparkling Champagne Wines Of"" Lambert Coz and various
other choice BRANDS.


Fort Wines Of choice vntage wood and glass; Of
which have been bottled for years expressly for private
Choice Brandy, Oard Dupuy Co."" and other brands
Holland Gin, superior favor Old Jamaica Rum Irish and
Scotch Whiskey, /"" Real Mountain Dew""


London Porter and Brown Stout Burton and Scotch Aes,
by the ca.k dozen.


EDWARD r. ROB- NSON,
Commission Wine Merchant, Granite Buildings,
Of Broadway and Chambers street, entrance in Chambers
street d2-lm.","OLD AND CHOICE
WINES BRANDTES. So",Morning herald.
1839-09-09,"The situation of trade this city at this moment
singular position The stock Of foreign merchandise
large and if it all in the Market would
ton with the large stocks Of domestic manufacture sup
ply large that prices particularly Of woolens would
recede from their rates. The recent large seizures by
the custom house have however, kept out of the market
large amosn that obbers enabled
the but the state Of affairs checks the disposition
ders from the country to operate especially the price
produce must continue unsettled until The arrival the
steamboat, now momentary expected


The tolls collected the New York canals during the last
weeks August and TO the LIST Sept in each Of the five
nastv easfo viz",StUfe Of Trade.,Morning herald. [volume] (New York [N.Y.]) 1837-1840
1839-04-15,"GENERAL OUTFITTING STORE,
Where Gentleman may procure every article for complete


Outht Of the best quality,
70. $50 PEARL STREET, CORNER OF FRANKLIN


SQUAE, N. Y.
Here the public may always procure
Fiae goods in the Outftting line,
And what is import ant, be sure,
That untring zeal will combine,
With skill in preparing each sort
As good as elsewhere can be bought
Here the steamboat and packet ship may
Their ready made linen procure,
And prices most moderate pay
For articles well made and secure
Mere they will constantly keep
Every article belonging to that class,
From the counterpane blanket and sheet
Te the towel and cloth for your glass.
Gentlemen also will fsd


Their ready made linen complete,
From fabrics the best Of their kind,
And made up exceedingly neat
Shirts, Under Shirts, Draw'rs, Belts and Hose,
Handkerchief Bosoms and Stocks,
While the skill that each article shows,
Brings customers crowdng in nocks-
But he need not each item rehearse,
The Suspender, the Collar the Glove,
The Pantaleon, Strap and the Purse,
Each fine as those mentioned above.
Linens, likewise TO order made
By those who known To excel,
And the very fair price that 10 pail
Yields work that is always done Ell
IT'S extremely convenient to know
Where ample assortment is found,
And at there be able to 90
Without searching the city all round
Also vesng and Stock satns en.hs to suit purchasers","

G.. A. Bradbr00A's
GENERAL OUTFITTING STORE,
Where Gentleman may procure every article for sonPle


Outht Of the best quality,
No Pearl. STREET CORNER OF FRANKLIl",Morning herald. [volume] (New York [N.Y.]) 1837-1840
1839-04-05,"90 TIL Esubscrbers Sole Proprieors and Manufactursrs
prepared execute DESPATCH orders for their I'm
rvaed Patent Sweed Beam Windlas Bedsteads, which
almost universally used being the best article yet
veuted-combinns ease, convenience and durability.


The sacng acted upon by the wndas and sweled beam IS
made perfectly light and free from all liability sagg, still lerv
ing elasticity in the same which renders it particularly easy
simple construction the matter Of putng and taking
down will be found Of little trouble in comparso. with those
Of other construction, whilst the precision with which ths
component parts fitted safeguard against the intro
duction Of amy kind Of vermin


From the taken render each Bedstead perfect thsi
Qualities for durability will recommend them purchasers-
who invited to hall and examde large assortment
aand


Also large assortment of elegant Frrniture Mattresses
Feather Beds, fRc. constantly On hand.


J. w. & c SOUTHACK, Ne. 1915 Broadway,
iel5y Frankin House.","PNTENT WINDLAss.
r r. DIST X. A ID",Morning herald. [volume] (New York [N.Y.]) 1837-1840
1839-09-12,"NOR The FACE AND sklN.-Churchs Genuine We
geabe Lotion recommended by the faculty for all dis
OF the face and skin II eradcste pmpes eckles,
spois, Reduces ring and all cvtaneous erupons
dualy realizing delicate, clear son skin transforms
the salow complexion into radent hcness resders
harsh and rou.h akin beautifully soft smooth aud inn
parts the face, neck and arms healthy and uveue bloom
and BY due in It's application, the result will be


beautiful complexion This lotion exceeded by other
in the world Suffice II to say, that II has been used with
great in the United states and West Indies without


single compliant OF its efficacy For sale at Chureh Dspsa
sary ss Bowery Of Spring street Price 20 cents
per hottie SLIM",,Morning herald. [volume] (New York [N.Y.]) 1837-1840
1839-06-21,"WINDOW BLIND MANDATORY.


THE subscriber respectfully begs to inform the public that


he has constantly hand large and elegant assortment
every description OF the painted transparent washable win
dow shades consisting of Italian and other landscapes Diah
Chinese Architectural and Fancy Blinds which he can
confidently for their beauty strength and great du
abty they have been KNOWN with common care to last
from fourteen The prices of the shades
Cords asse rack puies and fittings for windows, complete
vary from 81 and upwards per pair Blinds painted and fitted
to order by applying to GEORGE PLATT, IL Spruce ST.
NIB Country dealers supplied with blinds and bisd ftnsf
NIL 1mtx","
jel-tj4s ll6 Chatha -, corner Of Orange street",Morning herald. [volume] (New York [N.Y.]) 1837-1840
1839-05-27,"Or COmPOund EsstmtiRI Oil Of Almonds,
LOR destroying dandru and preventing the hair com
ing eat turning grey, prepared by ANTONIO PASTOR
Hair Cutter, los Greenwich street, New York


This nimitabe Oil has been the product Of twenty four
OF experience and for the last sixteen years the city Of
New York. where have been practising the Hair Cutting b
siness, and the public may rely it, that A. PASTORS COM
POUND OIL the wholcsomest and OIL hair
makes il grow thick and long, prevents its falling off turning
grey and hair has begun to turn grey, such nouher
to the hair that by will restore 10 its natural coloss
also prevents hair from becoming shaded and hair olrea
shaded, which great Disagreement young ladies' and
used for short ne it will restore natural color clear
the ssur and keep the head and promotes eyebrows
and whiskers liberal discount made TO wholesale purca
ssrs A. PASTOR


los Greenwich street, NJ r.
Price, 50 cents per bottle highly periumed. myi5lm.","A. PASTOR'S
HAIR. OIL.",Morning herald. [volume] (New York [N.Y.]) 1837-1840
1839-12-21,"CuG0rC0.


DORIS Dsnish) Braderup Rotterdam; Gar Larrar Aust,
vacasso,ich, Trieste; Robert Isaac Tuman Mobiles Mary
Bernard Pitcher sayansahi Emily Davis Johns 81 Jago Dc
folk fremont Ryder, Bostonj GszelIs Perez Antigua
Burrsl, Trenton Benneti Tampa Bayi Chester Van Dyke
Nor,a jail, Ann smith, Port a, Prince; Shielding fer
Peru, Bailey Dundee; American Eagle, Hickman Pladel
Oh ante, Herrick Dead Mans Bay Fla


Arrived.


Packet ship South America Bailey from Liverpool Nov ~
with wir II Marshal. Dec lat 40 Ion ""a exchanged
signals with packet ship New YORK; Barow hence for Liver.
pool.


Packet ship Mediator, Champlin London and Portsmouth,
Nov 20. with mdz, 10 Griswold


Packet ship Albany Johnson, from Havre, 18th Nov mdr
w whitloek.


One ship, one brig


Gxfors, Liverpool, wenminster, London; Perry Charles
ton, PhiIura, Savannah; Roman, do, and others.


Mc9sranda-
spv Of with bales tobacco and 100 hores us
whole valued at $4,000 saved BY the agent MePhsr
sen and others under ms esnr9 IN y nours the brig eeed
day at o'clock NJ TO the WIN Roscoe, Boston packet at
Huntngdon harber 10 render such assistance he may
Ervrcrs OF rHr GaIr-ws eoutiuue our record Of the
destruction Of life and property BY the late gale
The Psrveyor from Wilmington for New York with naval
stores dragged her hor IN the inner harbor OF Newport
Monday and went ashore neas the lime rocks sloop has
taken Ell deck losd and II is thought she would got
without damage, except loss Of rudder.


Bath ship said TO be lumber laden ashore In the vi
entity Of Orleans.


The hull OF aiage vessel supposed ship b,g al an
Choir half way between Barnstable bar aad Bpesgae
her pars all gone The heavy prevented her from being
schr scio Of Brookvie Me- Darby Liverpool for Bo,
ton WI IN coal ashore back Of Weheet and will proba
bly, be a total less; crew saved.


Two herm brg., unknown. went ashore the in.
side Of the cape, wsfeet Monday, laden us
-four and


Brig Rideoa fran Bath Tor Mssnzas into the outer
on Of the cape about O'Clock this after
noon capszed end all board perished she
a new brig, on her first voyage.


Brig Austin, waston Of and from Bath FOR Ma,anrss came
ashore the time the place. she
the outer and up the shore, when by Of
rope the crew succeeded getting much
Both the above briggs belonged 10 man.


schr Shakespeare Umer, from Thomaston for NewOreans
ashore the abeve, and about the time; ali
saved-yessel asd cargo (innc) a total loss.


Portland brig said 20 be the Corrabassett Cs Wilson,
with sugar ashore about mile north of
Highland light Sunday evening-vessel and cargo tota
loss-seyen OF the saved and two Lost.
Brig Carter Braxton, Smith. from for Pos
with -four and corn dred fem her anchorage and
heshe leaks and has probably damaged part Of
cargo will get of without further damage


schr Chappell Moore, from seuben Me- FOR NYork drag
with both anchors ahead but before she get ashore both
cut away, and remains anchor In the
hmbor.


schr Albion smith, OF smpdea I'm New York Cor Boston,
slipped her cables and got alongside Of wharf, with loss %
bow.psiI eutwatsr, davits. sc.


pr,gs Oheilo Of North Yarmouth I'm Teners Ger Boston;
Token from Mobile for dol sehs Daniel Francis Paine, from
Rchmsnd Cor do; Triumph Elliott Baltimore Cor DO; roto
mac Conway, Norfolk Cor dol sschem, Hail. Nrork for do",,Morning herald. [volume] (New York [N.Y.]) 1837-1840
1839-08-27,"THE SPANISH SLAYER AGAIS-ArrEhPTED Pr
RAsY.-Fsrther intelligence and confederation have
been received from this vessel. week ago yester-
day she was boarded by Captain Sears Of the Sch.
Eveline, now at Philadelphia, 70 miles from Egg
harbour. They, as usual, wanted water.


Capt. 5 upon boarding her, found her sails in bad
Greer, umbrellas, looking glasses, crockery, sc.
strewed about decks, and under teod that the Capt
was sick, and all the white people had been washed
overheard. Her name was L'Amstead, the same as
reported by the Joha f. Davidson with large eagle
the bow, tspsa yard gone, and bottom very foul.
He towed her until dark about 30 miles, when hear
ing voice in English ordering sail to be made, so
to get alongside and |"" take sails aud water"" he
cut from her. The crew armed with knives,
and doubloons were plenty among them. Captain $.
recreivcd one for some provisions with silver
coin.


She chased the Bark Hercules, also at Philadel-
rhia for two hours the 1th inst off the Isle OF
Pines and attempted to board her, but fortunately the
Hercules escaped. She has been searly a
dozen times and each account corro5orates the one
previously given. According TO this last account
she has been for fourteen days in our waters.


We have not yet heard snr thing from the Wave,
but suppose this she has captured the slaver.-
IL this piratcal vessel is not brought into port
in less than one week. we shall think there is no
great danger in being pirate. BY this time there
four revenue cutters cruizing for her, but the
frigate Fulton, the best vessel that could be
sent on such chase, is laid up in the Blight But
termilk channel perhaps to rot This famous steamer
was despatched last Friday, in pursuit Of the pirate,
but returned in twenty hours after for fuel and they
have not yet been able TO get any The Wave is the
only vessel worth farthing in emergency, for
she = always ready, and hope Lieut.. John X.
Mitchell, her commander will soon bring the pirate
into port.


The Captain OF the SLAYER s the only person on
board who knows any think of navigatisn-the rest
are parcel Of ignorant blacks",,Morning herald.
