date,text,headline,publisher
1852-10-28,"NEW YORK AND SAN FRANCISCO STEAMSHIP
~ line through to San Francisco az reduced rates no
detention the sthmus Tho and splendid steamshp
UNITED STATES VIM; c. Berry, Commander. will leave
New iork for Asrinwall Navy Bay, Wednesaay, Novem-
Panama with the new double engine 0teamship WIN
FIELD SCOTT. 2lU0 tons, Edmund Dunn Commander,
which steamship leaves Panama the arrival Of the
by the United Sates for San Francisco stopping
only Acapulco for supplies. This line failed
connect at the appointed time Thee vessols in
odatons ventilation speed and safety unsurpassed
An experienced physician attached zach steamer Pas
sengers will be landed the wharf at Apnwa and take
the Panama railroad Passengers cautioned that all
tickets fer this he must bear the signatures of tho
dersgned and that other
tickets at New York. Apply TO


DAVIS, BROOKS a. CO, General Agents,


- % Beaver street., New York or to",NEW YORK AND SAN FRANCISCO STEAMSHIP,The New York herald. [volume] (New York [N.Y.]) 1840-1920
1852-07-23,"The Cunard steamship America, Captain Shannon, az
rived Bostoa at 10 O'Clock yesterday morning. and
parces papers for the press brought the city
By tho New Haven train lest night. The mails win ar
rive here thk morning


Our teegraphic dispatches from Halifax, published
wednesday and Thursday mornings, gave an eptome
OF the three days later brought by the America
The advces Of very little apparent importance but
we give to-day, few additional extracts


Important dispatches sent OF on the 9th instant
from the Colonial ONCE for the Governors OF Canada
New Brunswick and Nova Scotia.


The Enssh squadron, under Admiral Dundas, was
at Malaga the Sd instant. 1t was composed OF the
Britannia, Trafalgar Albion Vengeance, Beierophos,
Phston and Indefatgable. and Terrible steamer


Tho Birmingham and Oxford Railway will be opened on
the first OF September next


There change In the prices Of the Californian
and Australian gold mining shares which remain steady
Transactions have place in the Royal Australian
Banking and Gold Importing Company at u prem. for
the settlement


There has been good demand this week for American
stocks The present quotations Of the various classes","ADDITIONAL FROM EUROPE.



ARRIVAL OF THE AMERICA AT BOSTON.",The New York herald. [volume] (New York [N.Y.]) 1840-1920
1852-08-30,"II n


- Disrict-At NEE ting of the Assembly District Con-
ven ton oil the Fourteenth Assembly District held at Mil
corner Of Twentysixth street and Seventh


ue OF Saturday evening in Of the call of the
eral Commitee all the delegates from both wards
PRESENT and the Convention having organized Louis
clover was named the Sixteenth ward
James Dunn from the senteth After several In


nectua during which the of the delegates
from each ward cast for the candidates those
wards respectively, MT Dunn's Withdrawn.
the following nomin atoms unanimously
N, Glover, Delegate Theodore Martene. Alternate.


MICHAEL DUFFY, Sec'y. CARPENTER Chm",STATE OBSERVATION-DISCLOSURES ASSEMBLY,The New York herald. [volume] (New York [N.Y.]) 1840-1920
1852-07-27,"Fun and rment were the order the day. and the
politicians seemed to be in the height OF good spirits
the prospect of whipping the hitherto unwhipt victor
LuDdys Lane


Boat after boat passed in succession by the Santa
Claus till all which had left before her ovcrhauod
with the exception Of the Hero. which had got
IN hour She arrived at the wharf at Newburg exactly
at two o'clock and would have reached but for
the continual hitting of the passengers from sde side


Nearly all the boats reached togcrher including the
Massachusetts the Thomas G. Hulse, the Nimrod, and
the Cutaline,",,The New York herald. [volume] (New York [N.Y.]) 1840-1920
1852-07-27,"Long before the steamboats, arrived from New York,
Ne~bmg filled with the population Of Orange
county and largo proportion Of tho population Of
Dutchcss county from the other side Of tho river Shortly
after two o'clock procession formed which started
frem opposite the United statos Hotel and proceeded
though the principal streets to the hill above the city,
where stands the old stone house known the head
qparers Of Washington, and where awnings
erected and three distinct stands 1t impossible
'hat ali tho immense multitude could hear the speakers
fe N stand The numbers were estimated ut from
thirty 10 forty thousand pesons had tho weather
been inclemcnt the number would have been double.
The conspicuous body in the procession WAS the
Empire Club The following the officers Of the pro.
Atf","THE PROCESSION AND MEETING AT


NEWRIIRG",The New York herald. [volume] (New York [N.Y.]) 1840-1920
1852-08-29,"There was slight, very slight improvement in the
stock market this morning At the first board there
activity and time sales form the bulk of the sales
Cumberland Coal Company declined to- day = per cent
Nicaragua, ""a Florence and Keyport, u. New Jersey
Zinc went up u per cent Canton Company, 4 Nor
wich and Worcester, u stonngton. Il Harlem. u.
There large lots Of stock offered to- day and looks
to though the bears involving themselves
little too deep They will get caught in their trap
The steamship Ohio, from Aspinwa with thirteen days
later from California and upwards OF two millions Of
gold dust board is nearly due at this port The
rival Of this amount Of treasure must give fresh impe
tus to the money market, and up little the srin
gency that has been lately experienced The shipments
Of specie during the present week have been larger than
usual There having been two steamers from this port
this week. the opportunity has been made available,
which accounts for the increase -","



",The New York herald. [volume] (New York [N.Y.]) 1840-1920
1852-03-28,"SToNY BROOK COTTAGE AND FARM FOR SALEM
- the town Of Rye, pleasantly situated the Boston
Turnpike, one and half miles from the railroad depot
Hamaronesk THERE'S good dwelling cottage, wish lawn
enclosed with elegant fences handsome spacious carriage
house. barn and stable also tenant house, Ali badn
are complete order and newly painted and will require
repairs for There about thirty
suitably divided into orchards and meadows There also
Of enc shade and fruit about the
an excellent garden &C. Stony Brock the northern
dary Of the farm and forms picturesque pond the
DWELLING read leads directly to the SOUND distant half
mile where good boating and fishing. Rye Beach in tho
vicinity which is scarcely surpassed for bathing purposes
Beautiful roads and fine drives in every direction There
are several fine building sites the farm commanding views
Of the Sound For doing business in New York.
for summer residence this place offers many attractions
Enquire Of HOMER MORGAN, No. ! Pine street.


Two PRINTERS.-FoR SALE, LARGE HYDRAULIC


Il Standing Press, and super royal Washington Hand
Press With sefnking apparatus complete. Apply to r. N.
Hoe & Co., Gold street.",,The New York herald. [volume] (New York [N.Y.]) 1840-1920
1852-01-04,"Artists and gentlemen friendly to the de
srcus of obtaining from artists and other list
the pictures which they have sold to Abe American
Union and the prices obtained fer them. They also
esrn Of and what artists have been paid trade out


the pant tore annexed 70 the Art Union. They also


sire Thu oil subscribers who have parted with their
prizes 10 in this city will state the facts aud the
nsmee the parte and whether of the officers Of the
Art Union in possession OF works obtained Ad
dress, post psiJ, Committee. Herald offce Answers
these questions desired may be necessary apply
TO the authorities for injunction TO stay
ceedr and investigate tho books this",american Art Union.-A Committee of,The New York herald. [volume] (New York [N.Y.]) 1840-1920
1852-08-28,"NEW YORK DEMOCRATIC STATE CONVENTION.


ALBANY, August q, 1852
James r. Fonda last evening chosen delegate to te
Democratic State Convention from the first Assembly
district Rensselaer, county with instructions to vote fer
Mathcr for Governor. The convention will meet at
Syracuse next Wednesday.


THE BALTIMORE MAyoGALTy CONVENTION.


BALTIMORE, August q, 1859.
The wings Of Baltimore have called convention fer
next Thursday night, to nominate candidate for the
nsyoralty.


The augusta (Gcorga) Chronicle has como out in vcx
of Webster and Jenkins.


CITY CONVENTIONS IN PHILADELPHIA.


PmLADELrIA, August q, 1852.
The Democratic City and County Convention has ad-
iourned till Monday After the thirty seventh ballot 70
Sheriff Messrs. Kline and Peters stood at ""a eaoh-lao
Icing necessary for a choice.


The Whig City and County Convention has had six
balottings for Sheriff, without nomination. 6sausa
Allen bad 40 votes and Mr. Colday 306s being requkes
for a choice.",Political Intelligence.,The New York herald. [volume] (New York [N.Y.]) 1840-1920
1852-12-09,"FROM Rio DE JANKIRo- DREADFUL TRAGEDY.
BY the ship Caroline. from Rio arrived at Phisdepha
We have the following frtm our corresp ondent -


Rio DE JANIERo Oct Is, lS62.-We are now having
much rainy weather. but vi h it little sickness
On Sunday last the American fsgs in the hsrbor
at hs mast caused by Of the wreck Of the brig
Emily Jane snd the death Of Captain Foxwe, her
msndcr well known and much esteemed old trader
TO this port An a~ful tragedy occurred here last night
father murdered bis daughter son and English.
man The young girl had been vroDe-A tbs father
discovered her shame swore death to the seducer the
EDgiisbman found him with hs daug liter drove
bullet through his beart and dashed mady at his
daughter with knife. The and bro her placed
himf before her and received the blade OF knife In
bis ride. The s'her, seempg almost a maniac wanted
more blood to wash cut the stain his daughters
honor, and With smother plunge stabbed her to the
heart The Epgiishmsp died Immediately the son
lived three hours and the daughter stu brea hes but
will rot live The father highly respectable Brazilian
gave himself immediately up to the thortss.
more Sun",,The New York herald. [volume] (New York [N.Y.]) 1840-1920
1852-07-26,"{ ,HoLERA, DIARRHTA, DYsEN1ERY. &c DIR ). K
- Chsbtrt, formerly kno the Fhe King, having
he ara that the Choera that fatal scourse of the human
terry was making dreadful the Mississippi aud
Ohio rivers and Southwestern cities. bordering
those rivers we'll board the ships,
bringing emigrsBts shores from distant parts takes
the Opportunity in Of the approach city
OF these dreadful Diseases to notify the pubic at large that
he their entrs and perfect His
Cholera Specific and Diarrhga Mixture have been nvaria
bly, found sovereign for these diseases parculsr
y for hsiac Cholera In which when early applied IL has
never been known 20 fail be attested by tho
GU. certificates from reliable Ia his hands
and from the gold edas and other testimonials which
has received from bodies OF citizens their
tude, ana from authorities throughout the
captains Of vessels about leaving will this
valuable medicine to take wi them
yst!on OF their lives well those and
passengers under air charge The late
the steamer Phadeipis l. before aud that vessel
been supplied with THE inesmable medicine most not
all Of the lives WI ich sacrificed board
se might have been spared e. their friends atiyes


whom they were hastenng, and the remainder OF the
PASSENGERS instead Of icing the Inmates OIL island Of
SIND might now be enjoying the rlessursble society Of
their friendg This medicine active, cfusabls stmu
lsn which keeps in Regular play all the natural functions
OF the booy preervins the vital o. the and
protects The stomach sna bowels from those sudden irrup-
tons which disorganed state OF the body produces
ilating in Cboers Cramps and ssdden death For
wholesale and retail, by RoNkO y. CHABERT.


iI Grand street, New YORK.","---3----s -
MEDICAL.",The New York herald. [volume] (New York [N.Y.]) 1840-1920
1852-09-27,"None Of the bids for the bonds Of the Springfield Mount
Vernon and Pittsburg Railroad Company were asespted,
they being below ninety per centhe price Axsd By the
President. Arrangements have, learn been nan 9
disposal Of portion by private sale.


The State Treasurer Of Pennsyvans gives noe TO the
holders Of the Elk per cent loans that are payable q the
option Of tho Commonwealth after the years 16A0 and
IS47 the holders Of unclaimed interest esneasss
and domestic creditors holding certificates that their NJ
spectiye claims will be duly paid presentaon = the
Treasury Department, Harrisburg In cass any hodeT
shall refuse neglect to surrender the certificates aofe.
said the interest thereon shall to be paid BY the
State within sixty days from Sept. IA, 1859.


An injunction has been granted, prohibiting tho Boa
tom Concord and Montreal Railroad from constructing tho
abutment Of their bridge the Connssicut upon
the grounds Of the Psssumpsic Railroad. Having got
possession Of the toll bridge charter the Boston Concord
Montreal Railroad design by virtue Of said charter to
construct their railroad bridge, with public carriage
way under the track The proceeding however, has been
eDjoined by the Chancellor.


The New Orleans Insurance Company has declared
dividend Of ten per cent.


The annexed statement exhibits the quantity and value
Of articles other than dry goods imported into his port
during the week ending and including Friday, September
""a, 1867",,The New York herald. [volume] (New York [N.Y.]) 1840-1920
1852-03-24,"OBSERVATION-DISCLOSURES PROPERTY FOR SALE.
= a two-story, basement and attic franc House,
Third street with marble mantss and piazza front.
Price, $500 half cash. Two story attic
frame Houses titled in with brick Fifth st. furnished with
marble mantels Nc Dwelling House and Store,
ut the Of Fourth and South Fourth streets
$500 and adjoining for $500 Four three story brick
Houses In Division Fourth street. finished
modern All Of the property
be rented out to realize ton to twelve per the
purchase money Alec for SALE four Lots Division
three Lots uontrose avenue and ots on
Devos Tho whole OF the purchase money remain
il the purchasers build. Apply TIlOS DOYLE
No Fifth street. South Ninth street.",,The New York herald. [volume] (New York [N.Y.]) 1840-1920
1852-03-24,"CToNY BROOK COTTAGE AND FARM FOR SALEM
~ the town Of Rye, pleasantly situated the Boston
Turnpike and half miles from the railroad depo,
Mamaroneck THERE'S good dwelling cottage, with lawn
enclosed with elegant handsome spacious
house barn and stable Also tenant house All the
in complete order aud newy painted will require
repairs for There about thirty land,
suitably divided into orchards and meadows There Is
abundance VI fine shade fruit the dwelling
excellent garden &C. Stony Brook the northern boun
of the farm and forms picturesque pond the
dwelling road leads directly to the Sound distant half


mile where good boating and fishing Rye Beach Is the
y,Aity which scarcely surpassed for bathing purposes
Beautiful roads and fine driyos in every direction There
several fine building itos the farm commanding
Of the Sound. For doing business In New York.
for residence this place offers many
Enquire Of HOMER MORGAN, No. Pine street",,The New York herald. [volume] (New York [N.Y.]) 1840-1920
1852-05-30,"IMPORTANT CARD-TO CAPITALISTS, MANAGERS,
Investors Agents, and othors-Wiltons twenty third
trip across tho Atlantic-hr J. II. WILTON, well known
having negotiated several most successful
amongst which he may the engagement Of Mad lie


Lind for America the introduction of Professor An
derson, 1.-THE Great Wizard Of the Norh) b. f. Palm
er's Patent Artificial Limbs, in England, Boardman
Engs celebrated Panofortc and many Others Of equal
terest and successful results
fully TO inform such have matters
and requiring immediate attention and
that he about visiting Eur again and viii be happy
dertnke commissions Mr. wilton will return about
early part September and addressed
him at 500 Broadway, will meet with prompt attention.
with unexce ptionable references.",AGENCY.,The New York herald. [volume] (New York [N.Y.]) 1840-1920
1852-06-02,"Iefore Judge Becbe and Aldermen Compton and Barr.
JuNE Tile Merry Mo,nnerS ard the Broken Pledge
Hannah BIophy complained that her neighbors. Henry
Wiley and Ellen his wife had assaulted and beaten her
without any proyocation the 3D. day of March last
The parties li,igant all resided at No los Thompson
street. where the alleged offence committed. num-
Der OF witnesses were examined and the patience Of the
Court severely tested The defence that Mrs Bro
ply on the day in question having performed the last
rites to her husband and. completely by
and grief had fallen down stairs and sustained the iniu
RIGS which she falsely attributed ia the violence of the
defendants who were the contrary, endcavorng to
soothern her. The charge OF intempcrance was in
dgnantly but very unsuccessfuy. repudiated by the
complainant who by her showing had been reduced
10 the degrading necessity Of taking the Pledge which
she had strictly adhered to for twelve months.


Defendant Did you never take dhrop at all, now,
for the last twelve months I!


Complainant.-Yes did the night when yez invcgled
me into it. and after buryin my poor ould man. musha,
God rest his soul.


Defendant-Wasnt that the night you fell down and


Complainant fall got ut all and you know
ii. II the night you rz the 'rucon after
pcrsuadng to take friendly glass just to dhrown the
sorrow was in.


Defendant then you did break the pledge!


Complainant -That onest and more's the pity. but
sure took 1t again tho next morning cloud laughter


The court thought there faults on both sides and
weight of evidence went to show the defendants had
i'll used the complainant they therefore, fined So
jointly and the widow epjoned to keep her pledge
in,olatc for the future The fine paid aud the par
ties left the court apparently inclined to their
friendly relations


The 0ase Of Stealing a Letter The trial Of Alfred
Beavcns. charged with puiloning letter entrusted to
him for delivery for Eoyds Express,
sumed, having been adjourned from Friday last.


The evidence adducod to-day went to show the deli
very Of the letter in question among others into the
pr oners possession which completed the and the
court adjudged him guilty Some afidayits In mltiga-
ton put in, accompanied by certificates Of COED
character whercupon judgment was resptcd till Friday
next, and the prisoner Ienandod",Court or Special sessions.,The New York herald. [volume] (New York [N.Y.]) 1840-1920
1852-04-01,"THIRST PREMIUM MILLINERY ESTABLISHMENT
Il and Straw Bonnet Mandatory. No, SOL Broadway.
Nibos Garden, N. Y.-Mrs VIM respectfufv
announces to her patrons and the public.
she prepared to exhibit at her Show spleu
did and unique assortment Of Millinery and Goods
her own manufacture in which combined all the
improvements latess and fashions together with mag
nhcent selections Of Paris Millinery which, diversity OF
patterns. coors and unity of finish
bly, sill former import Also large and interesting
invoice Of LAGOS Straw Straw Blends and endless
ety. Merchants and miners supplied with pattern prints
B-No connection with any other city doing
business in the line.


MRS. VIM SIMMONS, 5sa broadway.",SPRING MILLINERY.,The New York herald. [volume] (New York [N.Y.]) 1840-1920
1852-10-09,"DISHONEST CLERK IN JEWELLERY SroRu-C oNFES .


Sion OF MS GUILT-ARRKsT OF OTHER PARTIES,


AND RECOVERY OF THE PROPERTY.


Officers Bower aud Devoa two Of the Chiefs special
aids yesterday arrested boy only fourteen


clerk In the je velry store Of Tifsuy Young Ellis
Of Chambers street snd Broadway charged with
stealing from hs employers, ut various times. gold
watches chains diamond brooches breast pins finger
rings SO valued in all upwards Of thousand dol
The above named officers with their abb
he the guilty party, accordingly ques-
toDeo him very closely that point and he then
fessd that young named Elijsh b. Mitchell and
George Foote the parties whom he gave the pro-
per after steapgt The boy further stated that Nit
cbe and Fooe induced him steal the property aud
give 10 them Icr disposal they having paid the boy
only about $40 for the whole Of the property received
Mi,cbe ard F0oe when arrested boz became alarmed,
Acknowledged their participation in the affair, and
the officers the necessary Information whereby they
have recovered the stolen property Both these young
men have been very respectfully connected Mitchell
formerly clerk at the Wayerey uotel and Foose
clerk at the Albion Ho el The guilty parties
veyed b. fore the Chief OF Police Who detained them
further examination is believed that the District
Attorney Will make the boy witness tiust Mitchell and
Foote Who 1t stems induced the boy to steal aad
therefore sidered to be really theguilty parties


s4ssauffing Finaies-rv0 men Of respectable sppear-
ance bemec Daniel HauvelJ and Alexander Hamilton,
were arrested on ""Wednesday night by the Eighth ward
police charged with violently ass0lting France, Lee
siding No 10 Mercer street The prisoners tina
fmowipg morning brought before the Justice stewart ut
the second district court when appeared that Rsuvt
and Hamilton en.en the house in question and began
be very oisordriy breaking the furniture SO aud uti
maftiy committed the assault on the woman ~ above
stated The magistrate informed the accused parties that
hstanding the house of disrepute they had
by means right TO make disturbance aud assault
the inmates. He should therefore hold them each to
bail In the sum Of $500 TO answer the charge.",Police Intolllgence.,The New York herald. [volume] (New York [N.Y.]) 1840-1920
1852-04-29,"Fulton street doing tremcndous business In supplying
the million Of New York with the best and chcspes Boots


Shoes Caters Slippers &c. In the city III heals all breaks
and damaged socs and his cnstomer wherever they
most excellent footing lie ha, In faot choice
and Che in the city of ali articles
IN his line the finest Patent Leather Dress Boot Ia te
heaviest Cork and Double Sole alter Proof Boots besd


Congress Cater Bootees, Pumps &c. His priocs too are
put down 70 the lowest notch at which good rio
10 sold Ills Boots all made Of boat materials
~ the bcB city workmen. ''N'''fi''",,The New York herald. [volume] (New York [N.Y.]) 1840-1920
1852-11-13,"MURDER NEAR WAsuMGroN On Monday night
an elderly gentleman named Rein Humphrey formerly
OF city residng over the Eastern Branch four
or FIVE miles from Washington, was attacked by man
named John Lorg, who struck him on the head with
large stone ractuIng the skull drcsdfuly
his do Attn the ensuing day Long had had quarrel
with women who lived near surat's mill, and they
threatened him that unless he ceased his misconduct
they would send for Mr. Humphrey who kept the mill.
On eeeirg Mr. Humphrey coming towards It. and without
any provocstion Long committed tho deed which we
have Just related and Afterwards said that he had killed
him accompanying the exclamation with vulgar cpl
thst quite In character with his murderous assault and
ibc-irg bs utter aeprsyi,y -Washinstm Republic,
Avv A,",,The New York herald. [volume] (New York [N.Y.]) 1840-1920
1852-06-17,"The Herald. rs Captain Henry Manges Dcnham and
her teuder, the Torch steam vessel Lieutenant Com
mander Chimmo to he paid advance wages to-day
(June 81 and will leave Devoport Monday (June y,
their enterprsing expedition The Torch worked
maIkaby wo when proceeding round from the eastward
to Davenport having towed the Herald at the rate Of six
knots hour The rope rigging. fitted at Woolwich, to
the main topmast, has been removed, and wire rigging
substituted. the funnel being long and the
manmast and mantop that the rope rigging will
for that part Of the mainmas The vessels have
been vted by large parties during their stay at Devon
port and upwards Of forty ladies among those who
visited the Torch on Monday last.",,The New York herald. [volume] (New York [N.Y.]) 1840-1920
1852-10-30,"The democracy Of Brookyn gathered in their strength
last evening at the Bee Hive in Montague place.
Governor Cobb Of Georgia and other distinguished gen
tlemen announced to be present the occasion. The
greatest animation prevailed and bonres blazad and
shy rockets innumerabe iumint the whole neigh 3or
bood The capscious hall denselJ filed and the
audience was remarkably attentive 20 the
hlr Cobb Who although laboring with hoar.eness and
hardly able TO make himself heard ha the distance of
cialy upon the compromises, and reviewing the stand
taken by the two great parties in regard hose
lie was enthuia ticaly cheered thgous hout aud was
fol owed by }. Cochrane Esq Of New York and several
local speakers This wac announced the last grand
rally previous 10 the election next Tuesday","Large Gathering or the Democracy la


EsUokIyn.",The New York herald. [volume] (New York [N.Y.]) 1840-1920
1852-01-06,"The steamship Pacific. Capt Nye Collins line, has made
twenty-five passages across the Atlantc:-


Longest. j dgys hours


Shortest, days l9 hours and ""a minutes.
The latter, doubt the shortest passage,
true time made The average Of all her passage, is
under eleven days.


The ste Of the Collins line have done better this
winter than before Their passages lately have been
astonishing Crossing the Atlantic to the westward in
the middle winter in less than eleven days wonderful
Ttc company however, find it losing business. Their
expenses enormous and the income from the govern
ment and passengers too small to prevent serious loss
Il the government. does not come forward and give
this line substantial aid, it will be abandoned The
Emperor OF Russia has signifed desire to purchase
these magnificent steam chips to form a nucleus for
powerful! steam navy. Cannot something be done at
once 10 prevent these vessels from falling into the hands
Of q foreign government",Unprecedented Ocean stcaming.,The New York herald. [volume] (New York [N.Y.]) 1840-1920
1852-12-30,"THE NORTH CABoLfSA LEGISLATURE tiIRoAD


CONTRACTS, ETC.


Bnrtsosg Dec 20 1852
The Southern mall has arrived


The eleot,sn OF General r. Saunders by the Ncrth
Carolina legislature Judge Of the Superior Cours,
elected over the Hon. Asa Bsg. the regular democratic
candidate the whigs voting for Saunders with sufficient
number Of democrats to elect him.


motion made in the House to vote for United States
Senator was indefinitely postponed. The bill slay on
the state into Congressional and Senatorial districts
was passed


The Piesrme says that Mesns Rates X Co, Of New
York have taken the contract for the construction Of the
New Orleans and jackson Railroad to the Mississippi line.
Tho ship Rsoecca, srrivcd at New Orleans reports
making ON the 18th ult, the English brig Rothers
iors Phladslpha and supplied her With provisions and
water",from the south.,The New York herald. [volume] (New York [N.Y.]) 1840-1920
1852-12-30,"- G. KEMP, AUCTIONEER.-UANDS0ME FURNI-


~. ture piano fortes &C. Friday, at half pass ten
O'clock at IS Nassau street. Fulton Kemp will
sell at auction above large and beautiful
psIor dnps room and chamber furniture mirrors China
cenvenence Of sale which is particularly Of the


tenton Of consisting Of beautifully carved
rosewood paflor rnure, In French satin aee
crimson velvet lar French plate mirrors csrvod mahogs
tete totes sofa and chairs rosewood and
tnrnituro with arble beet curled horse hair mstress


brary and secretary book extension dining tables
marble top dressing bur aus and stand plated
ware French clocks roh china cut glass China
ware, cooking stoves &c. At II oclockPiano Fortss-


eht rosewood 6 and octave piano fortss Of excellent
tone and nisb from city makers good repua among
which a. two elegant rosewood octave rich pearl inlas
plates beautiful instrument thsr wit others The
yances and can be packed for shipping MAJ be examined","y O. KEMP, AuCTIoNEER R-uANDsoME FURNI-",The New York herald. [volume] (New York [N.Y.]) 1840-1920
1852-06-02,"ITO LET AT HoBOKEN-sEvERAL CONVENIENT
and handsome three story basement and under cellar
brick houses within four blocks Of the ferry the
Hudson street known Franklin These houses
form whole block, presenting Of the handsomest
fronts the United States and have been built
uperntendence of the Mr. Robert L. Sevens) who
has spared pains to them perfect in every respect
The houses OF the desrs able sites
vicinity OF New York upon high ground and good SOIL


ing view Of the hay and river Each house has
pantries and large under cellar, in front
GENTLY largo flower garden thrythIce fee. deep. and
yard feet deep IN the The houses finished
@h hot and cold the kitchen the
tube and sink with every convenience for cold
baths shower baths &c. Gentlemen desiring escape
the heat noise and dust Of the city here hand


some nee IN the country within twenty twenty five
rent much below the New York rates. The whole block


longing to owner 1t is strongly his interest and every
precauton will be taken to the quiet and gcntiy
o. the beichborhood for residences
Hohcken Land Office, of w. w. SHIPPEN, Agent.


TITO DAGJERREOTYPISTS AND OTHERs-TO LET


large Daguerrean Gallery, in the building No 10
Division street the Bowery. The large and
handsomely finished possessing of the best
the city. Also the second and third floors the
bniding. suitable for light business Apply
to G. B. SMITH. 246 Washington sire ct.",T7o LET AT noBoKEN-sEvERAL CONVENIENT,The New York herald. [volume] (New York [N.Y.]) 1840-1920
1852-12-26,"In little time altar dawn yesterday, armed groups
ard solitary portsmen might be vending their way
from tho city to the various suburban outlets and sur
rounding country in search Of game The day was not
very favorable for sport muddy and n the same
time go mild that the birds scattered beyond gun range
About noon the citizen military out and nearly
every drill rocm in New York sent forth Its COMPANY
The note, Of the bands rang wild and high and the
name Of the troops vas truly legion. We noticed the
followipg:--


The Lindfsy Blues Captain Joseph McCord with forty.
i've Hussets and eleven beautiful prizes This vety soe
company Is nam ed after nr James Lindsay of the Cns
to their cor msnder


The Excelsior Guards with forty mushets


Tho Lewis Guards with thirty musksts


The heEsn Guards with forty muskets


The george W bite q yards. with seyenty muskets


TIE BE GusIds, with thirty nuskets Captain Ben.
amin sh.iill, visited Mount Prospect and commended
fer sone elegant prizes.


eDsn Doposan's Guards, Captain Joe Damon number
ing thirty Muskets. with the National Band.


neswaIts Light Guards, Captain Alexander Sharp
numbering thirty muskets end sccomp anied BY Rubes
Union Brass Bsnd proceeded their first snnusi target
excursion to struckmans Strikers Bay. They shot for
eight prizes. and bad most sumptuous dinner They
were att nded by Guests Band.


The fantastic companies were out in great force and
possible greater variety Of costume Ne tyo com
papes OF the Goldfish Rangers, who we're most excellent
Fellows ana caused great smu.cm Mt. wbs,her their
right rested ON Fifth avenue not we cannot say


The Fourth Ward Cbowder Guards embraced bu..
esque and bury representative every nation era and
country trce the days of Romuus Remus The clever
manner In which the adopted were
excited much laughter. aud the Chowders attracted a
great crowd Wea certain they enjoyed good time",Mllituyy Paradox.,The New York herald. [volume] (New York [N.Y.]) 1840-1920
1852-10-26,"On Sunday, the city presented general arrangement
for mourning tribute to the memsry Of the departed
statesman lilo oEever from early in the morning yes
terday knots of leading politicians to be seen at
every corner sympathizng with each other and discuss
ing the probable effect of the great statesmens death
upon the election and upon the future policy of the
sountry. Frenchs Hotel was draped with mourning.
Along the entire length of Broadway mourning fags
suspended from lines drawn at the
the leading streets running from that thorong
Busy preparation prevails to mark grief in even
more distinct manner.","D A MEL w EDS T E r !.
Effect Of the Death Of the Great Statesman, in


all Parts Of the Union.
THE NATION IN MOURNING.
q arrangements for the Obsequies


in Boston.
PROCEEDINGS In NEW YORK,


SO. &c. &c.",The New York herald. [volume] (New York [N.Y.]) 1840-1920
1852-12-28,"CONFESSION OF THE FLAT Boar MU2DERa-
Messrs Gardner Smith Of this city received letter
yesterday John Gardner who has been engaged for
several weeks in fereiDg out che murierers OF Messr
Gaidper and Miller The letter written at Moores
Bill Ind and states that Robert Kelley had arrest
ed the charge Of participating in the murder sh ,ry
after his be maze full confession OF the crime Of
which be and his brothers stand charged Prem Kssys
statement IL the beat laid the afternoon pre-
viour 70 the murder sDd two Of the hard Georgs
Kentrck = went ahore 10 hunt and not returning In
the evening ib.y shoved of and left them While
ard Mr. Holt s-le~p before the stove and Robert
Kelley asleep below Moses Kelley came down aud
awsheDed him and they tvo murdered the other three
He dent know how much money got BY the trans
action Moses gave him three dollars 70 pay bis way
home The Keeys and others had sgreed to rob boats
the river THE winter but before they got shipped
the vile Of OF the party taken sick and be
compelled to leave which frustrated their plans for


The shove the first opportunity that they had
Of robbipg boat and they embraced IT, portion OF
the property stolen has been rtcovsret -Cs~cnnah
Commercial Dec ~",,The New York herald. [volume] (New York [N.Y.]) 1840-1920
1852-08-31,"Last the bulk Of the expectation composed Of
pece, the value of merchandise shipped having been
than half million Of dollars The aggregate for the
Month will not vary much from the above amount. The
mportaons for the month will be large. The total will
not var, much from seventeen millions of dollars against
thirteen millions four hundred thousand dollars for the
corresponding month in 1851. The value Of exports in
august this year will not vary much from that for the
anne month last year.


The annexed statement exhibits the condition Of the
stc Bank Of Indiana and branches the 3lst Of July
1852 -


STATE BANK or INDIANA AND Branches",,The New York herald. [volume] (New York [N.Y.]) 1840-1920
1852-04-03,"INRANKLIN MUSEUM, IT'S CHATHAM SQUARE.-GEO
Lea, Proprietor.-Two performances are given every
day mencing at clock the afternoon, and = half
past in the evening This establishment is the only place
in the United States whore the Model Artists be
The company composed Of troupe Of Artists selected
their figure and under the Of
'Hlle CABINET Premier Model TO this estabi shmsnt A


magnificent series OF groupings will be produced carefully
the admired and sculpture with
properties and appointments Leas Female Opera
the only organized hand Of ladies in existence
will appear every afternoon and evening Mona Laarge the
ORIGINAL Antpodean Pedestrian viii walk head down
wardp the ceiling Mt elevation of twenty-five feee
from the ground and eighteen length feat which throws
all Competitors the shade Tho greatest wonder the
world produced Mons Gregoire tho in
tho world will break with his naked fist, stone the
audience cheese with other unparalleled feats
Of strength The unriyaIed tribe OF Acrobatio Sisters
will appear in their wonderful gymnsse
producing great excitement by their extraordinary exhibit
lions variety Of miscellaL0ous entertainments
every and evening such he other
establishment in the world For full particulars OF each
day bills Of the day Prices Of Admission


Seats Private Boxes 80 oons Orchestra Seats with
sushoned chairs, 1s cents Boxes 81 oents Gallery,
III, cents.","U,RANKIIN MUSEUM us CHATHAM soUARE-GRO.",The New York herald. [volume] (New York [N.Y.]) 1840-1920
1852-10-28,"DISASTERS TO THE BARK vEsTA AND BRIG YAM.
KEE-GREAT SUFFERING OF THE Banks CREW


CHARLESTON, Oct. 20, 1852
The bark yesta, which sailed from Savannah for Boston
the 18th inst. returned thither on Monday hayiug
encountered, the 18th terrific gale, which lasted
~ hours. Her foresa and fore topsail split
she leaked badly. The men exhausted at the
pumps and Of them became sick from excessive la
bor Her captain put back in order to the vessel
Her cargo will probably be discharged.


The brig Yankee fourteen days from Turks Island,
bound for New York has put in to this poft to repair
having sprung Leak and split sails during heavy wea
fher",Effects ofthc Late Gale.,The New York herald. [volume] (New York [N.Y.]) 1840-1920
1852-10-28,"GRAND MASS MEETING OF THE FOURTEENTH
"" Ward DemocracyA meeting OF the democracy of
the Toutteenthward will be held this Thursday) evening
Marion Spring street. junction Of Elm and Marion
streets, at which L. among others viii address the
people now invite all friends and e be prs
sent will then be ready 70 mphsuy retute


and charge which the dasardly meroenary
malice Of the wretched kuaves, who willie impudenty
claiming to be democrats have actuaed by tie money
wings and unscrupulous capitalists been secretly vJiug
me, attempt TO there publicly make either against pri
yae character public This 10 the ony
which proper regard for my self respect will permit
reply to charges such despcable
disrerutable sources. NIKE WALSH.


Regular Democratic Candidate for Congress frlr the
Fourth Congressional District, comprising the Fourth,
Fifth, Tenth, and + Fourteenth wards.",,The New York herald. [volume] (New York [N.Y.]) 1840-1920
1852-06-19,"CRAWFORD HOUSE, June ~, ls1Z. y


Yesterday, the old Crawford House, where we
had hoped to plant terribly fixed foot, at least for
a time, we reluctantly left. Like powerful mag
net the mountains drew US by irresistible influences
that we could not resist; and we could not choose
but learn the sublime lessons which they teach.
Meadows and glades have their beauty-but give
me the eternal hills-the worlds vast affairs, away
zp in the heavens, where the lightnings play and
Abe clouds have their home. This tondness for
mountain scenery is not fancy. History tselfshows
ms that the force of local attachment is much
stronger in mountainous than in level countries lie
pi readily comprehend the depth of this feeling who


has had the happiness to pass any considerable time
in mountainous regons-who has been conscious
pf the expanded life there breathed into him-who
5elt all that was low, rebuked-and all that was
weak, strengthened by the majestic forms that rise
around him-into whose soul the mountain winds
nave blown peace-into whose mind upward soaring
1hougats have fallen from the far cold peaks If
Enoh be the impression which mountain scenery pro-
Cuces upon an occasional visiter, conceive
of its effects upon him whose mind and eye are fed
by il from infaDcy-who becomes familiar with the
everchanging aspects Of beauty and grandeur which
mountains assume-who watches them through the
long days of summer-sees their peaks over
slewed with the glory Of the morning, the shadows
oi noon. day clouds reposing upon their green Sides
Abe golden light and the purple shade which the
Pet filings over them, and the mantle Of spiritual
boauty WHICH drops upon them from the moon. The
heart az the mountaneer is contracted when he de-
sends into the plains, and the dull air cannot give
play 10 his lungs. The wasting homo-sickness pro
oassa ia TIC sWiss ~ hearing IN l2Eeign Iaad a'","Correspondence OF the Portland Argus ]


WHITE MOUNTAINS.",The New York herald. [volume] (New York [N.Y.]) 1840-1920
1852-05-30,"AUBuRv Nay 20, 1S52.
Gov Kossuth and suit arrived from Buffalo, in this city
ut half past clock this afternoon lie escorted
from the railroad by very large delegation of military
fremen and citizens through the principal streets the
American Hotel. where he loudly cheered by the
crowd


tude.


lie made n few remarks and retired. The crowd soon
dispcrod. and the Magyar Immediately took carriage
for Gov Stewards residence South whose guest
he will be until Monday or Tuesday of next week
lie win speak at The Second Church this afternoon at
four o'clock


Among the presents made to him here, learn that
Messrs Derby and Miller publishers, presented him with
one hundred dollars",Kosuth Mt Auburn.,The New York herald. [volume] (New York [N.Y.]) 1840-1920
1852-08-02,"""A


The perssns in charge Of the derrick and Mr. Ger
main, late engineer Of the Henry Clay resumed their
operations yesterday, Sunday morning at O'Clock.
The principal consisted in raising the boilers con-
siderable time employed by the engineers in detach
ing the two comparments-the perpendicular the
horizontal and this being done they were raised sepa
rately and deposited on the derrick about o'clock


The steam chamber afterwards raised which com
Fleted the operations for the day Tho boiler appeared
to stout ONE and in good order There vet another
wreck has been very little iightened yet-not suf
cientiy to produce any perceptibe effect There arc
some doubts expressed the certainty Of body being
under the Wheel all that be felt is piece of clothing
of some kind. which may be shawl loose gar
ment. The opinion still prevails however that several
beneath The work continued until it was almost
dark",OPERATIONS AT THE WRECK.,The New York herald. [volume] (New York [N.Y.]) 1840-1920
1852-03-07,"WASHINGTON M8rcn 4, 1907.
The rIsis Of he Baiehs E6eet-TAe Presidential More


rnet-Geaaal Butler Little Douglas and TIE Democratic


Retfeo.


The Baltic has given her blowout and departed The
political waters have been troubled disappointment and
angry feelings have been aroused from sheer bungng and
bad management which admitted Unfortunately with
cut tickets invitation crowds Of loafers rowdics
who reveed in Of good liquor and choice wines
while many members Of Congress were crowded and
josled out of all patience, and with ladies'
left standing the wharf, watching for chance to
get on board until the chances all gone The enter
and Wines but flowed too freely and besides spelling
many beautiful ladies' dresses and compilations caused
reeling and staggering among members which
brought them into close contact and collision with
the mobocracy, and left them cursng and
dissatisfied, with headaches next day. The thing
might have been anticipated The extravagant finish
and furniture of the Balc-the expensive entertain
ment. the outlay the evident extravaganza
and bad management viii have blghting effect upon
golden prospects One of the stopped with
Corcoran the banker Tickets issued which gave
it exclusive and arstocratic character That charac
ter not preserved, but broken down by rowdes and
rcycry The nationality OF the line lost the moment
the departed from her line of running and entered
the Potomac She then in shoal water and meandcr
ing her way through strange currents and crooked
channel All lost.


Mr Breckenridge, of Kentucky, is making
speech in the House in reply to attack made VIM
o. Butler by the Democratic Retiep The editor of the
present having returned this morning with the
Young Giant from ball in Baltimore The Young Giant
the editor Of the Democratic RerieW inseparable


Mr. Breckenridge is very eloquent man, and in the
of his truly able and eloquent defence of General
Butler he gave the Young Giant some Billy Patterson cs
Mr. Richardson the friend of the Young Giant. inter-
ruptcd Mr. b. in order TO set the Young Giant right 1t
actually edit the Demo Re,ie,c but gentleman from
st. Louis here knows how much he is interested in it.,
and this winter. when complained to that the Rerer
would publish the biographies of other candidates
Judge Douglas told the person complaining that he
would write to Geo Sanders and tell him to publish all
their lives This proves that there is wheel within y
wheel. ABEL.",Our Washington Correspondence.,The New York herald. [volume] (New York [N.Y.]) 1840-1920
1852-06-01,"VALUABLE FARM FOR SALE.-FOR SALE, AN EX-
cellent Farm in New Jersey consisting of hundred
and thirty ninety OF which under cultivation
II is within hours Of New York. mile and quarter
from the Kcypor and Freehold Plank Road and mile
and halt from the ourishng village Mddeown Point.
There commodious dwelling and the buildings
are extensive and Of the hest description large number
% choice fruit trees have been planted during the
years The soil clay loam and yields heavy crops
grass aud wheat Every of the property well
and, raising stock IT,
For further particulars inquire OF LEONARD APPLEBEE,
Esd % all street where of the farm be
IL i desirable property to the capitalist well farmer
the rent will handsome percentage upon the pur-
chase,",VvAIrABIE rARM ron sALr-roR SALE AYry,The New York herald. [volume] (New York [N.Y.]) 1840-1920
1852-06-01,"DOWELT0N HOUSE, NEWBURG. - THIS LARGE
and splendid Family Hotel. situated mile above
the village, emnancc commanding extensive view
OF the river and Highlands and surrounded by delightful
country viii be reopcned early in June The Hotel
located park Of twelve with walks and
arors, and shaded by several hundred trees
The private rarors and bedrooms large aud well
lated and most Of them communicate with each other The
Heading room, Billiard room, Bathing aud Bowling
alleys all well arranged extensive Hotel and in
fact all the appointments Of the house equal net su
Ieror, to any similar establishment in America. Tor the
liberal patronage bestowed y many families
last season. this establishment the subscribers tender
their grateful cdgmsnts Communication several
times daily by railroad and steamboats, moderate fares
Families single gentlemen wishing to make arrangement
for rooms for the will please address above.


BLAKE REED.
T. SThe United States in the Village also con.
Quoted by the same proprietors,",,The New York herald. [volume] (New York [N.Y.]) 1840-1920
1852-07-22,"V'HR0U II TO SAN FRANCISCO, AT REDUCED
rates. New York and San Francisco Steamship Line
The and splendid steamship UNITED STATES, lJ0s
burthen Edward Dennis Comm ander will take her
departure for Aspipwa Navy Bay Saturday. August
steamship WlNFItLp SCOTT 200 tons burhen, George
A. Cole, Commander which steamer awaits the arrival Of
passengers by the United States from New York,
and immediately thereafter procseds to San Francisco
rect without oppage at intermediate ports These vessel
IN and SAFETY sra not surpassed by
this route aud experienced attached to each
vessel The United states has made the voyage between
New York and Chagres In days eleven hours and
the Winfield Set performed tse between New York
srd fanama in tie shortest time record both TO
nu end actual time from port to port Books open,


DAVIS BROOKS g. CO.,


General Agents. - Beaver street,


JONES & JOHNSON,


lui Nest street, corner Of liberty street,


Passengers by the United states will alongside
the wharf 81 Aspil wall ans take the Pannt Railroad
orerea nearly 70 Gorgona thus avo5inR tho risk attendant
won landing In boats At Chsgros and the river navigation",,The New York herald. [volume] (New York [N.Y.]) 1840-1920
1852-07-22,"VANDERBILT LINE, FOR SAN FRAECIsCo-THE


hortostand cheapest route, and only line giving tick
es Tor crossing the lsthmus. The ay0rte double enxne


eemsbip PRoMETHECs, ls0O tons, will leave frem Per
No. North river, at o'clock L. NJ, precisely Thurs
day august 9TH for San Juan del Nortc direct
With tie Poetic steamer the Nicaragua transit route
having hut ~ miles Of land transportation These
hays unsurpa scd aceommod aons, with superior yenta


ton and passengers through without delay the
Pacific tamer being waiting and the last crossing from
NwEn Bay occupying only day. This route offers
peror advantages TO families going California, IL being
tue only ono by which passengers always under the
charge oil officers attached TO the line and, at this time,
much more healthy aud comfortable than by any other
For information passage ut the lowest rates appyony
atthe once. NOS Battery place, M stairs 20 -",,The New York herald. [volume] (New York [N.Y.]) 1840-1920
1852-11-11,"Trinity Church yesterday tie Of ons OF ths
most solemn Interesting and impressive ceremonies OF
the Christian chuzch namely the conservation Of BIZ
shop. The Reverend Jonathan Maylew Wainwright the
recently elected Bhop of the docess of New York wa
to be conseced to she sacred Off, the Epsopa cy
the Protestant Episcopal Church. very great inte


Test was manifested to witness the ceremonial The hour
appointed for she noement of the vics
o'clock A. NJ, but for than two hears prerf,usy
those holding tickets for admission crowded to the church


for the purpose Of securing seats 1t found necessary
to place members OF the police force the gates aud
doors TO restrain he rush which would Otherwise haye
been made to procure PLACES within the eiace Long
before the commencement ofbe solemn proceedings tie
auditory Of the church filled its utmost capacity,
and many ladies forced to go away without being
able to procure admission procession was formed in
the vsry and entered the church in the following
order


First-Tbe candidates for orders and students of the
Theological Seminary attired in citizens dress and num-
beriDg come sixty gentlemen these took the pews
signed to them in the north and south al les.


second--The deacons and


Third-1he priests, the juniors among them coming
first The clergy attired in surplice and scarf aud
beriDg about $50 proceeded down the middle aisle
occupied the seats therein reserved for them and the
eeats in front of the chance Most the clergy othe
doces present. and there also many from Con-
necticut and Western New York.


The officiating deacops and prents followed the other
clergy and the procession closed by the bishops
robed in their Episcopsltire who took their seats within
The sacrarium. The following the names Of tho
Bishops who took part in the CEREMONY","THE EPISCOPAL CHURCH.

Conservation of Bishop Wainwright, in


Trinity Church.

IMPRESSIVE AND INTERESTING CEREMONY.

SeTnlsts Of Bishop Chase, Of Hew Hampshire,


&c. So 60",The New York herald. [volume] (New York [N.Y.]) 1840-1920
1852-12-16,"CORPORATION NOTICR-PUBLIC NOTICE rs
~ hereby given, 70 the owners occupant
supaAts Of all houses and lots improved
hav. been completed the As.ssor sna are lodged in
all persons Interested, viz !: For building In
Thrtish ssroet between Ninth snd Tenth Tho
limits embraced such assesnent include all ths several
houses and les Of vacant lo pieces and parcels
Tenth within dred feet Ninth avenue
and the eastcy aide Of Tenth hundred feet
Asrtherly from Tkrtsth street. ALI whose inter-
ssts by the above named ard who
opposed the same either Of tho requested
present their objections writing TO the undersigned,
their oce No Hall Of Records within thirty days fren


SAMUEL H. DE MOTIF


FRANCIS NICHOLSON, Assessora


ISAAC WIN. NINTH
Z, 1852",,The New York herald. [volume] (New York [N.Y.]) 1840-1920
1852-12-16,"CTREET DEPARTMENT. NO. HALL OF RECORDS,


- Public Notice hereby givop that the following petit
tions have been presented the Board Of Aldermen
regulate ade curb and gutter and Sag four feet in
Rorty-sourth street, from Fifth to Broadway Te
sssuate grade fifty Attn from aysnus to Third
avenue To fspce vAeast love north side
street Thirty ninth street, east side Brosdway
snd side Fifth To dag sdswatks south eide
tagged To extend Abasy street from Greenwich
street. TO Broadway All persons Interested having obes


ens thereto requisites to present them in writing 70
ths und his ooe before the 2lst Decem
Der inst. JOHN I. DODGE, street Com


Dec. H. 1852.",,The New York herald. [volume] (New York [N.Y.]) 1840-1920
1852-08-23,"SUNDAY, August 22-6 T. Nj.


Az the close Of the stock market yesterday prices were
DETER and there was better demand tor stocks gene
rally Within tho past few days there have been some
curious movements in the street. The contest between
certain stock Spectators has been Of the most exciting
character and the probability s that during the present
week the fight will be renewed. It Is our impression
that the bulls will ultimately obtain the advantage for
they have much In their favor. The most prominent
stocks in the street among spectators at this moment,
are Cumberland Coal and Nicaragua Transit. At the
cose yesterday prices for these stocks ruled three and
ave cent below those previously currents but slight
action had been realized and the tendency upward
Cumberland Coal will without doubt soon touch higher
points The company sent to market last week twenty
two hundred tons Of coal and a. full arrange
nsnts have been made the weekly shipments viii large","- = = -a-117------..-------
M ON II Y MI Ar TX r. n.",The New York herald. [volume] (New York [N.Y.]) 1840-1920
1852-07-08,"TIE REGATTA AT HuLL.-The first grand regatta
Of the season took place on Saturday in Boston
harbor The wind was off shore and fresh, blowing
full nine knot breeze from the west, which rather
increased towards high water, at half past twelve
o'clock. 1t too strong for the smaller yachts to
participate in the race The following only entered
for the prizes-The Surprise, Capt. Thayer, So
tons; Cygnet, Capt Hennessey, 30 tons Pearl, Capt
Howard, 81 tons; and Whisper, Capt. Brown, rs
tons. The bay and harbor Of Hull wore full Of
yachts eager to enter, but powerful was the wind
they obliged, reluctantly, to forego tho friend
ly contest. The Reindeer, Alice, Bsnshee. Minns,
Planet, Chandelier, D. Williams, Mary, of Char
lestown, Zephyr, Charlotte Cushman, Phantom,
Camilla, and fleet Of others were in attendance,
but were obliged TO double reef and 60 home. The
first for large yachts for silver pitcher,
set Of colors and compass To sail from Point Ad-
derton, ten miles out and back. The judges yacht
was the Susan Hull, Com. Tower, decorated with
hersigna flag, and the American ensign at her peak.
The outer station boat was the schooner Fly, of
Hull, with large blue signal at her mast head.
The Susan was anchored near the buoy of Point
Aldertcn, and opposite Boston Light Owing to the
stiff breeze the original intention Of forming in line
and starting at the firing ola signal gun, was aban-
doned, and the contending yachts were timed as
they passed the judges station, and again when re-
turning. The following was the order and time of
In r4ip tha","Sporting Intelligence.
fFrnvv> thA nAotA~ H~w>tA Tr~l- K",The New York herald. [volume] (New York [N.Y.]) 1840-1920
1852-07-08,"The Cygnet, an old favorite, was the first to pass
the station. She came careering down the channel
wing and wing, and gallant!y went on her course.
after the Cygnet, each wing and wing, and crestng
the dark waves gloriously and joyously.


Meantime, the steady breeze scrcncy blew,


And fast and falcon-like the vessel new.r
Having reached the outer station, the Intending
yachts hauled taut their white wings flying""
and prepared at once to beat back to the point of
starting this was the part Of the race to try the
quality Of the yachts and to try the seamanship Of
their several commanders. The competitors return
ed in the following order and time",,The New York herald. [volume] (New York [N.Y.]) 1840-1920
1852-07-08,"EXTRAORDINARY FREAK OF NATURE saw
at the Washington Hotel, yesterday, most singu-
lar specimen Of q double human being, much more
curious and interesting than the far-ismed Siamese
twins. The latter are united 10y ligameDt in front


the singular little creatures VIC saw yesterday arc
firmly and indissolubiy connected by q common
reFr In oil other respects they are separately and
distinctly organised. These negro children were
born in Columbus county, North Carolina, and are
about twelve months old They have happy faces,
which strongly resemble each other and are healthy
and sprightly Their mother, who accompanies
them, Is very large and strapping woman. This
very strange phenomenon Of nature will, we under
stand be exhibited to the public in few days, and
should attract the attention Of medical men in par
tcular, and oil who like to SEQ the wonderful work
ings Of nature. Richmond Enquirer, June 3Oth.",,The New York herald. [volume] (New York [N.Y.]) 1840-1920
1852-09-30,"NEW YosK, Sept. 90, 1852.


Trade continues active though less from hands
The country trade is very active both far and near
Jobbers are still making purchases though not up to
their sales Many spring goods arriving, which in
duces bbe.s to lay In stock that season. thus for
time keeping two stocks, fall and . spring stook
Prices arc very firm for wet goods In wooens shcre
seems anxiety prees sales from first hands, e.pe.
cially to first class customers Heavy brown sheetngs
are firm at 80 with light stock. Light goods are
active aus In canty supply Bieached goods rather
less active but firm, as the supply is limited Drills
IN moderate request but prices steady Osnaburgs
are firm, With regular but not large demand, Denims
doing better and all the good marks held a. higher
prces the supply being light Stripes active in
mand for good styles aud firm but Ticks quiet
at steady prices. Canton annes active at full rates.
with light stock. Printing cloths dull and heavy
Prints a-e in active request yet, large consumption
arising from the interior of this State. Prices are
firm for all but the lowest styles Gjnghams
moderately active at 10 a 1919, thu old prices
Delaines, Of good grades, firm and sctive.
Cloths are steady with moderate demand, though q
little anxiety to sell Is Observable Cissmeres ar,
rather lees active yet the sales respectable in
and pices firm. Satinets have become scarce sud
sch ct full rates. Linscys higher, the BEST syes
being lie. Tweeis dull except for the heavy
kinde, suitable for winter Jeans duh flsu-
TcE are III N. Win poor supply AID rood demand.
Blankets quick Of sale at full prices. shtws
brink and sell without abatement in price. All foreign
goods very active but especially Trench. At auc,
ton ana in private sle large lines have been od high
prices the goods being an advance Coored silks
and wanted figured and black silks good
stock but firm and quick OF sale Ebboa in reduced
stock the sales this week having been large and at good
prices Prints and fine dolanes still seu well Gloves
Of old sook have been selling, to largo extent at very
low prices but recent importatons sell 81 full rates
tioDs, held Cloths quiet. yevets firm
ard quiet Of sale. German cloths rather less
active and pressing the market. Since
last notice there has been large auction sale
Of British linens. By dint Of giving extra credit
char gng II from eight to ten months-Messrs Wilmer
ding Mount forced large sale Of 400 OF linens
This is the first sacrifice yet made. This extending
cXed IN times like these Of easy money market =
questionable policy British Delaines still sell readily
well printed Gotten goods. Cloths are rather les
the market being in favor Of the buyers and
;obters. The nportations Of fall goods are becoming
light The market for al goods appears generally firm
stocks far from being excessive large demand
still remains to be satisfied before the close Of the season
which Up to this time has been the most active ard
profitable record Trade is in healthy state. There
is no material disposition to sacrifice, slightly
Meesrs Fosters sales Of French shawls and other goods
commenced to-day, and attracted large attendance
Tie socds realized fair prices.","SECOND BOARD.
Tr3,D 10 IA M

Dry Goods Report.",The New York herald. [volume] (New York [N.Y.]) 1840-1920
1852-03-07,"- IMONAL,-MORSE'S AMERICAN TELEGRAPH


~ The Office Of the New York Albany and Buffalo Tele-
graph Company, has been Wall street
TO the basement Of the Bank Of the Republic,
broadway and Wall street, New York. Since the com
peicn OF recent thorough repairs line has worked In
manner hitherto unparalleled for prom accuracy


IN the history Of elcgraphs The arran4ements with yar
Gus connecting lines such enable us to Offer every
possib facility for the prompt and emission
destined any part Of the United states or
Canada One Of the wires belonging this Company
propriated exclusively for business destined Buffalo and
places West and Southwest. New lives, working
mediate connection with this have recently been pie,
leading through all the Western and Southwestern States
we are therefore now prepared and ready 10 transmit
with correctness and despatch to New Orleans
Memphis Nashville. St Louis Cincinnati Ptsburg Cleve
land Detroit Chicago Milwaukee and ali intermediate
pistes r. s. PAXTON, TresideRt,


S. "". MCGOWAN, Chief Operator",REMOVALS..,The New York herald. [volume] (New York [N.Y.]) 1840-1920
1852-03-07,"WoNDERFUL DISCOVERY, THE CELEBRATED
w Oriental Preparation for perfectly cleansing and beau
.yne the teeth and promoting healthy action of tho
III Fulton street stairs whore all will be received
and faithfully attended to. This original preparation i


ies 50 peculiarly adapted the gums that bad breath
bleeding scurNy &c disappear before its magical ohcct
Besides the medicinal qualities found in other pound
y contains mechanical agents which fail 20 give 20 the
teeth peary whcness which other dentritce init
tate It's use has heretofore been confined TO private nd
Niduals but its ncroa popularity has ~ length brought
IL before tho public The tcsculapian Company bong
posed of experienced dentists and having been honoed with
for long period viii continue their
tions In Dentitry heretofore the most Reasonable
terms The Oriental preparation Is put M In boxes ~ hl
cents each.


a RTIFICTAL NEUTRALITY-SUSPICIOUS. PATENT
""a by this invention families can have SIX or twelve
Iecches always ready for and easily applied


ng cost when impaired TO the and trouble
disgusting reptile Depot lSl Fulton street, Herald build
ing,",,The New York herald. [volume] (New York [N.Y.]) 1840-1920
1852-03-26,"ART UNION LOTTERY PosTPoNED.-Wc publish
elsewhere gratis the notice just issued by the Art
Union, postponing the drawing of the lottery, which
was tohave been held 30th inst, andexplainng
the condition of their health and constitution gene
rally. Judge Jones, who has been called into con-
sultation, has pronounced them perfectly sound in
limb and wind, and thus far concurs with Judge
DAILY. For the sake of the ladies, who all dy-
ing to try their luck the lottery, we really hope
that Judge Duer may relax little Of his legal
rigor, and permit, in way the present drawing
and distribution to take place. before he gives his
final decision. Then it could die decently.",,The New York herald. [volume] (New York [N.Y.]) 1840-1920
1852-08-10,"LAKE WINNEPIsEoGEE, Aug. 3, 1852
The Collegiate Regatta-Struggle be,ceen old Yale


and Harrard-The Excitement.


This quiet place Of summer resort is now full of
life and excitement. The boat clubs Of Yale and
Harvard college having regatta here, and
enter into the sport with ardor and enthusiasm
There are four boats-three with eight oars, and the
Atlanta of four-all of beautiful model and furni-
ture Their crews are picked men, and ranging
from eighteen to twenty years of age-s'ther souls
on fire, and eager for the fray The challenge
came from the ssHarvard boys and was promptly
accepted by the second party. This is the first
regetta that these clubs have ever participated in;
and, although little green, they make up in energy
what they lack in skill. At an early hour, the
country people focked in, and the street was lined
with Carriages, and every steamer landed fresh
crowds Of friends and spectators. And whom the
boats were


- on the start lust


Like about to break


That on the curl hangs pausing,


they made splendid picture. The shores were lined
with eager crowd-farmers with their sweet
hearts, friends and relatives of the crews and here
and there a pretty head, with its ambuscade of
millinery, reached little from the crowd, to dis
cover brother or beau amongst the boatmen.
There was a pleasant breeze stirring, and where
the gun struck the lake it looked like bed of dia-
mounds. The back ground was formed Of mountains,
which reared their eafy ramparts to the skies and
across which the clouds swept their darkening
shades. Steamers, horse boats, and snowy calls
lay to or tackled across the bay, black with the
crowds that loaded them. The borders Of the lake,
where the crowd did not stand, was an unbroken
forest, the trees bending solemnly over the water,
and darksning it. In front Of you is the island for
which they make, resting lightly on the bosom Of
the lake And here, with every eye upon them,
lay the boats the Oneida, vermillion, its rowers
in white the tiny Atlanta, black hull, and crew
in blue New York boat, white hull, and crew in
red black boat, with crew in white all their
bright colors conspicuous in the sunlight, and their
dripping oars cleaning like Damascus blades.
Slowly they back into line: their prows are sighted;
bugle sounds-it is five minutes before the next
one Expectation is on tiptoe Again the buge
sounds. Then, in volley, the oars Of all
strike the .row-locks. and the boats cieave
waves in two broad waves from their prows.
The bodies of the rowers incline and raise
with well drilled accuracy. Now the Shawmut, now
the undine gains little, and now the little At
lanta shoots like water spider past the leader but
with steady, long sweeping stride, comes the Onei-
da--a little behind at starting, she now gains six
inches in every pull, and moving like thing Of life
The sidelong gances Of her rival crew and their
firm lips show their wills But the island is too near,
and the pull has been toe long The Oneida gancing
ahead at every stroke, gains by half length, and
her oars are apeak second afterward. II was
gallant race, and all bore themselves well. They
return to the mainland, the victor foremost, and as
they near the shore, the manly voices of their cap.
tains give the crest, """"peak,"" and ""lctfa aboard;
the crowd raises o hearty cheer and the fair ones
wave their handkerchief, while the deep melody Of
the band reaches over ALL and comes softly and elo
quently over the rock bound lake. n. H.


CENTRE HARBoR, August 3, 1852
Anolher account ofhc 1atch-Harrard Ahcad-


The Scenery and The Cro,ods.


II may, perhaps, be agreeable to some of your
readers who have been burying themselves in the
political correspondence for the last six months, to
give hasty glance at some other scenes that are","Our Lake Winncpiscogee Correspondence.

LAKE. WINNEPIsEoGEE, Aug. 3, 1852 :
The Collegiate Regatta-Struggle bet,ceen old Yale
o,oJ VIZ",The New York herald. [volume] (New York [N.Y.]) 1840-1920
1852-05-08,"DOWELTON HOUSE, NEWBUEGH.-THTSL LARGE


and splendid family Hotel situated mile above the
village, emnenee commanding an extensive view Of
the river and Highlands, and surrounded by delightful
country will lc reopencd carly In June next. The Hotel
is located In park ~ II with walks aud
srbors and shaded by several hundred ornamental trees
lhe private Paors and Bed Rooms and well vcnti
lated and most of them with each other Tho
Reading Room, Billiard Room Bathing Rooms and Bowl
ing feys all well arranged for extensive Hotel anu
In fact all the Of the house equal not SUI
poror to any similar establishment in America For the


liberal patronage bestowed by many fsmi


lies last upon this establishment the ten
der their grateful Acknowledgement. seye.
raj times daily by rsrond and steambont at moderate
fares. Families single gentlemen wishing to make ar
ranscronts for Rooms for the summer will ease address
IS above. BLAKE REED",,The New York herald. [volume] (New York [N.Y.]) 1840-1920
1852-06-18,"NEW EOyE-TnREArS TO BRING OUT A THIRD


PARTY-THE CREDENTIAL COMMITTEE, ETo.


BALTIMORE, June 17--10X ""
The Georgia delegates say that If platform with tho
compromise hnality is not adopted before the nomi
nation the whole South will leave and that the Webster
delegates will follow, form convention, and nomi
nato Webster, who will stump the Union the Union
candidate This, am assured by distinguished
Georgia delegate il the course determined on.


The platform is dividing attention with the report
Of the Committee Credentials. The nominee depends
altogether the contingencies arising of these ques-
TONS The friends Of Scott Web and FILLMORE are
all equally sanguine but the two first the most con-
fdent


Meetings are being held in various prominent places
to- night urging the claims Of the different candidates
Mr.. Bolts il working hard for scott


The Committee Credentials in session deter.
mined TO close heir abors night No decision has
come 10 yeti but the Fillmore delegates will be reported
entitled 70 their seats.","The remainder Of tho delegation are however, no. 40
ssngnnc johnston slept with Bolts last night, andfs
closeted with him this morning.",The New York herald. [volume] (New York [N.Y.]) 1840-1920
1852-03-22,"CT0NY BROOK COTTAGE AND Farm FOR SALEM
- the town Of Rye pleasantly situated the Boston
Turnpike and hall miles from the railroad depot ~
Namaroneck There good dwelling cottage With lawn
enelossd with elegant eness handsome spacious oarrsss
house barn and tAble ALSO tenant house All the buildings
are in complete order, and and will cquie
repairs many years There about thirty acres Of land
suitably divided into orchards and meadow There also


abundance Of tine shade and fruit about the dwelling
excellent garden &c Stony Brook the northern boun-
Of the farm, and fors picturesque pond near the
dwsng Aroad leads directly 70 the sound distant halt
mile where Is good boating and fishing Rye Beach 4 In the
yery which t. scarcely surpassed for bathing purposes.
Beautiful roads and hne drives in every drectnu There
fne building sites the farm conaLdng views
Of the sound For person doing business IN Nsw York or
for residence, this place offers attract
Tnquirg Of HOMER MORGAN, No. i Fine street.",,The New York herald. [volume] (New York [N.Y.]) 1840-1920
1852-05-20,"Yesterday tho strike Of the pilots of the Brooh yn


crrics continued but with symptoms of rccn ting
and some indications of wish to paricy Two of tho
pilots called at tho office, and said they had been
represented and misunderstood and they wished to have
the opportunity to explain. Dir. Taylor the super
ineIdcnt rather rcpulsed them, but they Of
the executive committee afterwards with HON they had
conycrsation. which Indicated that they
sony for what had occurred and that they und.ra
misuppichenson IL appears that they led be-
lievc through some persons connected with the Wnams-
burg ferry that there intention the part
executive committee Of the Union Ferry e,ucats
and prepare number Of young for the business.
with view to oust the old pilots. This the COMMITTEES
most mnly d, and feel a.toned that tho plots
sboald labor under such dcuson The committee dir
not hold out any hope Of reconciliation unless
tie pilots abandon their position about voice i'm
the te,ctitu Of new hands. and in making rules
about time. with regard to an increase of wages
that Il a point that could be satisfactorily ar
ranged. ard there any difficulty about it il
the emp' and employees only understood each other
1hcre are soine of the pilots who feel that they
undone if lhey could They that after all the
mee managed yesterday very well without their
vices and that the new hemsmtn have made wonderful
proficiency. They find that they have imprulcntly
LIT tho comIittcc into secret that they could
have discovered namey-tha the old pilots in
dipcnsafe, and that there Is no such mystery about
the potagc of ferry boats-tha in great port like
this. nboundng with steamboats, (both and
ciait) there are many persons capable of filling their
places 1t was. therefore. dangerous experiment.


Yesterday the boats made their regular trip. all tho
ferries and not single accident occurred except that
occasionally the pat did not slip with tho
niccy and exactiuic that older and more xper-
tnotd pilots that ferry could have stecrcd her The
ploagc answered NIL practcal purposes and in tho great
majority Of caef, the boats serod well ~ tho
best OF tho old pilots could have done. One boat
got her guard fast, ned for few minutes in pic Mt
the end Of the slip but shc soon cxtricated;
and at the Hamilton avenue ferry, very small boat,
with two men i'll her who perfectly ignorant OF
boating, capszed by the waves, produced by tho
wheels Of the steamer entirely owing to their flult.


In fact they wanted to be thrown into water they
could not have acted foohy and every person who
in the steamboat, at the time said These little


incidents hat have occurred again
old pilots and III instances their have
been into by schooners, and they have repeatedly
into steamboats, The whole OF the new hands got
admirably yesterday and there perfect absence
Of all excitement and panic at the ferries crowd
whatever. The confidence Of the public seemed restored,
and cyeryth hing "", mt on fnohing had happened.


Several North river pilots and captains offered their
services yestc cray to the committee IL is stated tnat
the pilots Of the other ferries previously pledged them
selves not to give any assistance the Union Ferry Com
pany and II il aho added that strike the other fer
rics contemplated ii this successful. Some
nkDg has czed out ola design to form whole of the
East river pilots into Pilots Association and it Is
dcrsood that this strike but p clminary that end
the Union Ferry Company and their old pilots may be
satisfactorily arranged in the of few days.
Strikes generally in the end injurious to tho
employed than the employer but Is 90 b. hoped that
no injury will follow in the present case.",,The New York herald. [volume] (New York [N.Y.]) 1840-1920
1852-05-22,"The viilers to the butch frgac yesterday numbered
several thousands, among whom many Of the elite
Of the ladies of city Among those who visited her
four d.sDl.uhed ori5'e attached 20 the Metro
pol, theatre whose youth AMI beauty the sub
cct of enthusiasm among lie officers. fine band was
deck and played several Naltzcs aud polka Mrs and
these ladies. joined by the gallant officers, danced On
The deck for considerable time Captain G. H. Baron
cuayos Of The marines and Baron Van Hacrsotc were
particularly noticed for the grace elegance of their
dancing and the ladies efforts, made in the highest stys
OF art excited both the admiration surprise Of tbs.
goan, oocrs who II the Time little thought they were
being matched against such talented and accom-
plishci distHgUss Af,or dancing over the whose
party invited By the gallant captain, commander
and officers to a sumptuous rcpas provided below with
champagne madeira, egar and segaretcs i5i,ns to
soy nothirg Of the bottles Of real dcooyne with which
the ladies rrC cnicd by the gallant officers The
attention and courtesy Of the gallant officers the whole
company on board were unlimited and 70 enraptured
were they the beauty elegance ladies' that
they extracted the promise Of visit and felt inclined
TO say, with Byron =


Maid of Athens ere We part
Give. oh give me back my heart
rut since that has left my breast,
Keep IL now. and take the rcstr


The party shortly afterwards took their departure.
highly deli ghte.l with the noble fgatc and the courtesy
her gallant officers. Unlimited praise il due to Com
aander du Cloux the admirable arrangements and


the courteous facilities afforded to visitors Tor them
minute inspection Of this beautiful ship This gentleman
holds hgh position in the Dutch navy and among his
fellow officers.


several Aldermen and members Of the City Corpora
visited the fgee yesterday morning and received
with every courtesy by the gallant Captain, and they
rendered Invitation Of himseH and officers public


arquct hut politely declined on varioa grounds.
The CITY autboities have made arrangements to show
tho gellint Caps'n. Commander and officers tho public
intitutor Il city the scenery Of the adjacent
rei. rainly more intellectual treat


We shali continue present readers With al niat
ten 4 interest which tranSprc on board","Visits to the Dutch Frigate Prince OF


Orangc-Hcr Company.",The New York herald. [volume] (New York [N.Y.]) 1840-1920
1852-11-30,"MADAME SoSTAG Last evening Madame Sontag gave
OF the most brilliant musical festivities exhi-
bited in this city. The house filled In every part
and the satisfaction Of the audience complete. The
variety and excellence Of the compositions only
equaed by the beauty and perfect execution Of the pars
assigned to the various performers. Everybody de-
lighted and perhaps the enthusiasm greater
at any musical entertainment in New York Madame
Sontag achieved al that anticipated from her from
past performances. She In excellent voice, and
acquitted herself nobly Pozzolin applsuded TO the
echo. The cold that embarrassed him his drst
appearance having vanished he out = trump
card, and ali delighted with his execution.
The appesrarc Of the orchestra and the and the
in which such combination OF skill aud talent
rendered the pieces set forth In the programme cons
tued feature in the musical that has dsting
the city Of New York for the Last two thres years But
amidst all the appliances and all the aux aries Sontsg
herself the greatest attraction and In this
try did she appear greater advantage and she
received with greater In her Swis song
particularly did she call forth the enthusa tc plaudits
OF the audience She beautiful in the trio Psrpa
tact "" In this piece Pozzolin also acquitted himself
with much 6cnt In the glorious finale Madame Sontag
great and the effect OF the combined musical talent
enlisted overwhelming Altogether, IL OF
the finest musical festivals witnessed ON this
ti1enA",,The New York herald. [volume] (New York [N.Y.]) 1840-1920
1852-10-30,"The transactions in lumber at Albany have been very
heavy during the past week and prices have slightly ad
vanced Canal and lake freghts high that unless
considerable reduction il made within short time, it
IL predicted that clear pima whiewood and hard woods
will advance materially The trade is active, and
prices higher than for years though the advance is
mainly going into the pockets OF shippers


The Bank Of the State Of Georgia has declared semi
annual dividend of four per


The annexed statement exhibits tn. quantity and value
of foreign dry goods entered at this port for conumpon
for walehousng, and the Withdrawals from warehouse
during ths week ending aud including Thursday Oct
90. 1862",,The New York herald. [volume] (New York [N.Y.]) 1840-1920
1852-10-09,"COLLISION BETWEEN THE STEAMERS ADMIRAL AND
EASTERN sTATE-LATEB FROM NEW BRUNSWICK
AND NOVA SCOTIA.


BosroS, October 8, 1852.
The steamer Admiral, from St. John, N b.,
into evening"" Fort Independence by the steam
or Eastern State for Bangor The Admiral struck
the starboard quarter cutting into the cabin demosb
Ing the mates state and causing the vessel leoE
very badly As she had heavy csgo and about 300 pos
sepgers she low in the water and upon the
flats near East Boston, to preven. her from sinking Her
freight being nearly all deck. would escape damage
Tha steamer is injured it supposed to the amount
Of Thousand dollars. The Eastern State sustained
damage she came stern The East Bostc and
Eastern Railroad ferry boats went immediately to the
assistance Of Admiral and took of the passengers
and their baggage.


Pspers received by the Admiral state that tho provn
cal yhibon at Frederckton in which great interest
is taen by the people Of the province opened en-
the 9th inst with great splendor by his Exoeency ae
Governor, who received by guard of honor.
salute Of nineteen guns fred, and tho National An
them was played -
The exhibition was well attended Tie railroad stin
attracts much attention The civil elections In Halifax
took place the LIST instant Potica high the
occasion. The Hon. Alexander Keith the conservative
candidate for Mayor elected resolving 500 votes to
AL for Naylor, his opponent.",,The New York herald. [volume] (New York [N.Y.]) 1840-1920
1852-10-02,"CORPORATION NOTICE-PUBLIC NOTICE IS
~ hereby given 70 the owaer or owners occupant
oupants OF AL houses and lots improved proved
affected thereby that the following
completed by tho Assessors. and lodged tho
Of the Bureau OF Assessments for examination all
persons interested, vis-For building sewer in Tenth
avenue from Thrtytr to Thirty third strset and in
The limits embraced by such assessment include all the
houses lots Of ground los pieces aad
parcels Of land situated the eastcrly side Of Tenth
between Thirty first and Thirty streets
the westerly SIDE between Thirty and Thirty
street the northery side Of Thirty and
both Thirty third street. between Ninth and Tenth
and the southery side Of Thirty street.
between Tenth and line 80 feet easteriy there
All persons whose interests s6ected by above
named Assessments and who opposed the same or
either OF them requested present their objections
writing 10 the undersigned, at their office, No Fall
Records within thirty days from tho date OF This notices.


SAMUEL H. DE MOTIF


FRANCIS NICHOLSON, Assessors.


ISAAC WIZ. SMITH.


once Bureau Of Assessments Street Department k0ct @",,The New York herald. [volume] (New York [N.Y.]) 1840-1920
1852-12-08,"Arrival OF n Steamer from Havana mt


Washin gton.


PHILADELrsIrA, Dec lilo P. NJ.
despatch has just been received in this city from
Washington announcing the arrival Of steamer there
inc name given) from Havana bringing important des
patches the purport of which kept profoundly secret
1.-THE above is, doubtless the steamer Fulton with
the decision Of the Captain General in the case or the
officers and crew of the ship Lady Suffolk reported to
have been sold for SLAYER -RrP.l
The Reception or the Cherokee at Havana.
UfRs1RIC1ED COMMUNICATION WITH THE SHORE


PERMITTED.


New ORLEANS Dec. g. 1862.
The steamship Cherokee frcm Havana, reported to
have arrived at the Balize this morning has reached this
city.


She reports being well received at Havana and uure.
striced communication with the shore was permitted
the passengers and crew landing usual The Cap
tain Of the Fort intimated that the difficulty was all set
tied.


The Havana papers exut greatly, and look upon the
whole matter as triumph for their government.
The steamship Falcon sails for Aspin wall morrow
morning,


THIRTY-SECOND CONGRESS-.","NE WS BY TEL Il G. R PHI !.


~~~~~~~~~>>>~>>>~~~~
HIGHLY INTERESTING.


N>N-~~~~>-~~~~>~>~r~>~~>
Arrival ofa Steamer at Washington
with Dispatches from Cuba.


~>>~~>>>>>~o~~~>~o~>-
RECEPTION OF THE CHEROKEE AT HAVANA.
III s~>~~~~~~~~~~>-~>~~~-
PROCEEDINGS IN CONGRESS.


~>>~~>~~~~>~~>~~~~~>~
Spirited Debate in the Senate Relative to
the Disputed Seat from Kentucky.
PROPOSITION TO MAKE GEN. SCOTT A
LIEU TENANT GENERAL.


~>>>~~>>>>>~>~>>~>>>-
Spirited Tariff Discussion in the House.
Various Shipwrecks--POlitieal Movements,


&C., &c., 30.
Arrival OF n Steamer from Havana mt


Waship Ct0n.",The New York herald. [volume] (New York [N.Y.]) 1840-1920
1852-03-24,"NOTIONS FOR CALIFORNIA AND EUROPB-THR wIKePF


TRIAL, ETC., ETC., ETC.
The seanships Asia, for Liverpool with the European
mails and the Georgia. for Chagrcs, with the Pacific
mails, win leave this port to-day.


The NEw YoRK WEEKLY HERALD, with the latest news
from all parts Of the world printed in French and Eng
h win be ready at half past nine O'Clock this morning
1t win also contain the full report of the singular trial Of
Chevaler wko in Genoa for attempting to force Miss
Gamble to marry him.


Agents mgst send in their orders at early hour Sin
Gle copies in wrappers sixpencc.",,The New York herald. [volume] (New York [N.Y.]) 1840-1920
1852-12-20,"The Schroeder Guard named in compliment to Charles
j Schoe Co the well known snterprising and
liberal propretors Of the shade anuactory in Barrow
street proceeded yesterday to Hoboken target prac-
tce The company was In command Of First Lieutenant
Robert Wheeler, lin the sbsencs of Captain Deayssl
assisted by Leutenants Dixon Briggs, and Tinam After
competing for the prizes ten in number, the company
returned TO the City we'll pleased with the excursion
and with target bearing evidence of the correctness Of
their aim.


The Goodwin Guard, composed Of the employees Of Mr.
Good~in: tobscconist under the command Of Captain
Pool and numbering forty five muskcts passed our cs
last Monday, their first annual excursion to New Dur
ham. They were well drilled and made very soldier.
like appearance They had twelve prizes, which were
duly awarded TO the best marksmen


The Second Company Chatham Guard will make their
third annual target excursion the 25th instant Christ
mas day They will have handsome display. Adkns'
brass band has been engaged for the occasion.",Military Para sfes.,The New York herald. [volume] (New York [N.Y.]) 1840-1920
1852-12-20,"OINCINNATI, UeC 1yTdUUS.
despatch from Memphis states that the q ion be-
tween the steamers Western World and H. R. "". Hin 90.
CURED In bend Of the river below Princeton Tues
day morning. 1t is supposed that ten hfteea lives
lost when the Fill struck the Western World she
was deeply laden The Hills bow upon the other
rypg the upper guard away Being together In that con-
dtion they foated down the stream for an hour and
half during which time the officers and Of the Hill
used every endeavor to those board They
then cut loose when the Western World capsized and
sunk.


The Western World was freghted with fourteen hum
bred barrels Of -four large quantity Of corn and sixty
seventy head Of cattle all Of which lost No
names are given of the sufferers.","Further Particulars Of the Fatal SteambOa


C0lhsi0n on ,hs Mississippi",The New York herald. [volume] (New York [N.Y.]) 1840-1920
1852-12-02,"DEMOCRATIC Observation-Disclosures IN THE FIELD


FOR 1856, ETC


SYRACUSE Dec l, 1852
The democrats of this city had second celebration
last evening, The company quite large and enthu-
siastc Messrs Follett and Stanton present and
made stirring speeches Letters were also read from
Messrs Dix. Dickinson Edwin Croswell and John Van
Buren, and toasts given complimentary to Pierce. Sey
mour Stanton, General Scott and In memory Of Webster
and Jackson. Many speeches were given, in some of
which Cuban annexation formed prominent idea.
daily freesoil paper will be commenced In this
city in January under the editorial charge Of Robert
Raymond


The Journal has changed owners.
The new editor OF the Star up the Fillmore flag
for 1866.


There three candidates here for the District Attor
neyship and seventeen for the Post Office","Interesting from syracus,",The New York herald. [volume] (New York [N.Y.]) 1840-1920
1852-02-21,"COTTON BURNT ON TIE RAILROAD. "" estsrday
afternoon, as the way freight train for this city pass
ing near the twenty mile station the cotton took fire.
consuming about two hundred and eighty bales together
with some six eight freight cars We have before
that the woods In Bingham county on both sides
OF the railroad had been FIRE for several days


large amount Of timber had been destroyed. We learn
that the fire still burning that yesterday afternoon
the timber on the track took fire. The engineer Of the
freight train not beir Of this fact and thinking
that the smoke and nre proceeded from the woods
attempted to run and only found out the stuston
the road when too late TO turn back The burning Of
the cotton detained the dewn passenger train about
hour and half last night, the not reaching the
depot until half past o'clock The damage to this
railroad Is sght, and will detention, the pas
senger cars with the mails having departed at the usual
hour-Sarannah News, 13fh inst.",,The New York herald. [volume] (New York [N.Y.]) 1840-1920
1852-07-08,"VANDERBILT LINE FOR SAN FRANCISCO


The snortest and cheapest rouefhe powerful double
engine stcamsbip Northern Light 800 tons will leave
from Por no 2Norh Rverst three o'clock I'M precisely,
Tuesday, July 2oth fr San Juan del Norto direct
pectlng with tho double engine steamer - s. Lewis 200
tons, the Nicaragua Transit route having but twelve
miles OF land transportation. These seam unryalci
in their arrangements for with superior vena
ton No delay need now be anticipated 1T any point as
the Pacific steamer will be in waiting OF San Juhn del Snr,
and the last crossing occupied only day from Virgin
Bay This reue oors superior advantages for families
going TO California thcy will be constantly under the
charge officers attached the ine and Mt this time much
more healthy and comrtnLe For informs or pasaaga
rs",,The New York herald. [volume] (New York [N.Y.]) 1840-1920
1852-07-08,"THO CAPITALISTS AND BUILDING ASS0 CITATIONS


For sae-a Farm tract Of land suitable for build
ing houses barns stables and other outhouse situated
Astoria Long Island directly opposite the city Of New
street half mile from the Steamboat landing four mes
from Wlismsburgh and Ave from Wall street, lines
stages running to the city few momens two superior
steamboats, are constantly making their trips in forty mi
nutes Within five hundred yards of this place the
very best free schools similar TO the at Flushing There
distance Of the city of New York. overlooking New
York. Willamsburgh and Brooklyn, and the North and
East rivers This place too advantages
snumsrate here. For terms further apply
20 Cole Chiffon, street. where map the pre-
r. Lawrence IS Nassau street. j. NJ Trmbe Architect n
NJ M naaxn rot~a",,The New York herald. [volume] (New York [N.Y.]) 1840-1920
1852-05-12,"The rigate Cumberland receiving her powder yes
teray and will probably haul out into the stream to
dav on Monday wind and weather permitting she will
sail for the Mediterranean She will 90 out thirty
short of her full complement This is mainly owing to
The low wages paid to seamen in the United States
vice The S. steamer Mississippi Is expected here for
the purpose towing the Princeton round to baltimore
10 receive her boilers The last named vessel was taken
out of dock yesterday ---Bosfcn Post. Friday.


The United States sloop of war Plymouth. from Rio
Janero for Macao 63 days out spoken by the bark
Golden Age the 18th January off the straitaof sunda
oil","NavnI Intelligence,",The New York herald. [volume] (New York [N.Y.]) 1840-1920
1852-01-17,"THE CHRlsrIANA RIOT, ETC.


PHILADELPHIA. Jan lC, 1852
The nine o'clock train from New York this morning,
lowing TO switch being turned wrong at Brsto ran
into small brick csr.house end drove an empty car
through the gable end and through the dining room Of
William Stewart In the adjoiniog building Mr. stcw.
art his wife, three ANAL children aud girl were citing
round the dinner table and all buried In tho ruins
but with the exception Of child whose he ad was
verey cut they only sustained slight bruises The cnp
by leaping of ard slightly Injured JAS
Kingley and James Lexor had each one foot crushed
and amput4tion found necessary. The locomotive
was perfect wreck No passengers we're hurt The
people ii Brsto cay that there nobody to attend 20
the switch the old tender having been discharged for
the sake Of economy


At Port Richmond In q drunken fight over a card
table, Andrew Mcbride stabbed his brother, Arthur
Mcbride causing his death ia about hour aterw ards
Hugh Freel was also etabsed by Andrew, AND cannot
eurviye The murderer is In ouetody


The trial Ct Samuel Willsms the Christians offender
will net be Tesumed before Monday


Kline, the wneee 10 the Chrrsisna case, has besn
rested and hsld 70 ball. charged by Castner Hapway
with c%guIY","

SERIOUS RAILROAD AccIDEur-FArAL sTABBINo G AsE


THE CHRIsTIANA RIOT, ETC.",The New York herald. [volume] (New York [N.Y.]) 1840-1920
1852-06-08,"Dnt they could wait no longer. The turn oyer
OF Mississippi had broken the cameFs back. and a
stampede followed, and scene of noise and uproar
and turbulent enthusiasm for Pierce which defied
oil resistance.


Well, the final result is held great victory by
the old fogies, and by young America. The Cass
men fatter themselves that they and Buchanan and
Douglas all go down together. The Cass and Dick
inson console themselves with the achievement
Of defeating Marcy, and the Marcy faction cndeavor
to imbibe some comfort from the defeat Of Cas-.
The old fogies have crushed Douglas-he was lit
tie too fast-and say they are content, and young
America having killed off the old fogies, declare,
tho left, that they arc content to losc Douglas
for four years.


Thus, it appears that tho only way to get the
democratic nomination is to refuse to be candidate
to stand in nobodys way-because, then oil the
contendns factions can unite upon such man as
eort Of compromise. But this game will never be
repeated again without rebellion.",FORTY EIGHTH BALLOT.,The New York herald. [volume] (New York [N.Y.]) 1840-1920
1852-01-08,"CoMPTRoLIER's OFFICE, !


ALBANY, December 81, 1901.
Comptroller respectfully submits to the Legisla-
This report by the LIST section Of chap $50 of the
Laws of lS47 is directed to be made before the ex-
piraton of the current calendar year, and for the
year ending the 3oth Of the previous September,
that il may be presented to the Legislature imme-
diately after the commencement of its annual ses-
MON.


The funds of the State have from time to time
been divided as follows
The General Fund.


The Canal Fund.


The Common School Fund.
The Literature Fund.


The United States Deposit Fund.
Besides the foregoing, we have the following
Trust Funds


The Bank Fund.


The Mariners Fund


The Torawanda Railroad Sinking Fund.
The Auburn and Rochester Railroad Sinking
Fund.


The Hudson and Berkshire Railroad Sinking
Fund.


The Long Island Railroad Company Sinking
The Tioga Coal, Iron Mining and Manufacturing
Company Sinking Fund.


The School and Gospel Fund Of the Stockbridge
Indians.


The fund for paying the interest on the bonds
issued by the New York and Erie Railroad Com
Iany; and


Indian Annuities.


The ordinary expenses Of the State government
paid out Of the General Fund. Its nature and
objects are defined and regulated in part l, chap.
g. title pages 1913 to 2ll Of the Revised Statutes
Sd edition.


The statement next following shows the receipts
and payments into and from this fund, during the
past fiscal year; and the next succeeding statement
shows the general condition Of the Treasury for the
EaMe period","\ = ? o \ =

COMPTROLLER Of TIE STATE OF new YORK.",The New York herald. [volume] (New York [N.Y.]) 1840-1920
1852-01-01,"BALTtMORE, Dee 81, 1851.
Drpa, tire of Eosnh- Gentiem0ny Character Of his SGie
The Ho, gers On-Lec BY KossHtThe Oyster Trade


Keeeuth and his suite accompanied by the Baltimore
Committee CT Arrangements, numbering in all thirty
two persons left for Washington at o'clock yesterday
morning. in special provided by the Railroad
Company and reached there at IL o'clock returning
O'Clock after handing their distinguished guest
to the authorities of Washington


Governor Kossuth and lady, and Pulzssy, and all
the immediate members Of his suite have secured the
esteem and friendship Of all who have in contact
with them but there several hangers following
him whose gluttinous propensiue. have eN'ited gene
raj disgust They have sweo lager beer by the berr-l
since their arrival in the city, apparently having
thought beyond the circumference OF the Barrel asd
the sound Of the dinner gong In the yesterday,
about half hour after leaving the city, one OF these
eiuttcns although but hour from the Breakfast. table
unlocked little box and took out four rolls Of bread
He then pulled large greasy looking bandanna haudker
ch;ef from his pocket and unrong it, displayed within
its fods large fried rock FISH, and ne commenced
tons the fish and the rolls IL presence of the Governor
and the other distinguished gentlemen present pick
ut them and licking his fingers until the dome OF the
Capitol deserted in the Extraordinarily wipng
his most the window glass, and his fiDgers with the
atoret aid hand kerchi.f


1t understood that Kossuth will his return from
Washington. deliver address in the hall Of the Me-
chspcs destitute the present condition OF European
affairs and those whe have the matter in hand propose
to charge dollar ticket and devote the money
thus raised to the Hungarian The hall will hold
five thou aEd persons, and good fund may thus BE-
raised


The inmeree quantity of ice in our harbor has
checked the oyster trade single restaurant in the
City yesterday being able to supply their customers",,The New York herald. [volume] (New York [N.Y.]) 1840-1920
1852-09-22,"The Annual Festival Of this Asylum was held
yesterday evening, at Castle Carbon. The audi
was large and respectable. s'Molly Bawn,""
and 'Coming through the Rye"" were sung by Miss
H1ert. with correctness and taste; but tho comic
sopge, by Mr.. II. Nicer, were badly executed. Tho
Highlsnd Fling, by Miss Aubrey, was received with
merited applause.


Professor Honey and son executed some ast0uish-
ing poses, and q variety of skillful feats. with
large globe, much to the satisfaction of the spec-
tstors.


Herr Cline performed his exercises on the tight
rope, and the evenings entertainment cohcluded
with the comic ballet pantomimo Of the ""rhree
Ioyersv","Annual Festival of the Roman Catholic


Orphan Asylum.",The New York herald. [volume] (New York [N.Y.]) 1840-1920
1852-03-19,"THE HERO OF A THOUSAND BATTLES.
i Who hath not heard of great Napoleon


His mighty doeds.his battles, lost and woul
But Bony, with his flags and drums,


Diminshcs when Lyon comes.


This hero Of thousand victories


Ger bcdbugs, reaches, ants and heas and Gjos,
Who never fed before his foes,


Like Bonaparto from Russian snows;
This hero with biz Pills and famous powder
Sing his praises loud and louder,


For rats and bugs HIS prowess blightr,
And lets the people sleep o. nghts.
Depot for LYONS Magnetic Powder for the destruction
Insects and his Pills for killing Rats aud Nice No. ~
broadway.",,The New York herald. [volume] (New York [N.Y.]) 1840-1920
1852-03-19,"Q 000 0OO OF BOTTLES AND OVER OF KEEL
O,OOV,OOO hnger's Iinnent have been sold within
the last ten It- fret friends its best never
fails to rheumatic and all other pains
mp all manner Of weakness mao aud female,
from what cause al-o. cuts bruises hard sweng
cures cholera. disrrhrA, bo1s ehoc
headaches also piles, as certain is urea Sold Iasvs
vTNHE TATTERsALLS HEAvE POWDERS WILL 20.


sitivcly cure Hoaves Cough, Colds, Broken Wind &C.
in horses and also tho best condition medicine that
be used either as spring purifier general invorato


A. II. COUGH Proprietor, Ass Poarl street.
HORSE OWNERSHIP EQUARIAN CONDITION
Powders are the most medicine In the
world for horsest cheaper and warranted 10 possess
for the Of dtempcr pink eye colds and SOLDERING
farcy or Jumps the skin, rough coat sur OBJ
sruced urine tired yellow water sweod legs loss OF
appetite, general debility mrurities of blood
want Of condition The safety with which they
are given renders them invaluable and vensnt med
cine and that should be kept hand every
owner For racing trottng horses they worth th1
heetncss to The motion and invgorate the whole frame
They have received the Of thousands of
the beet and most celebrated farrers and horssmen
cafe and superior medicine and universally approved
and recommended by every that uses them Notice
The undersigned having ills day sold transferred
all his right title and interest and Ia the scs
lrated Equaripn Condition Powders, TO william Durham,
hereby informs all his and others that
aad Will s. Durham has tho only and exclusive right
make and yend the and that all others


INV YonK, Feb p. 1882 WALTER Ii. WYATT.


Sold Wholesale and retail by WILLIAM s. DUNLAP.
Depot No 476 Broadway rctaled by saddlers &C.
throughout the city and tho United States","

$1,000 aSD OYER 81 . Kiln",The New York herald. [volume] (New York [N.Y.]) 1840-1920
1852-08-29,"AN INCIDENT IN CONNECTION WITH THE LAKE ERIE
CArAsrRopnr-The Detroit Daily .4drertser says that
Miss Ida Williams, young English lady about twenty
years old related the following touching details with
great modcsty and proprety-She had Just arrived in
this country from England and travelling westward
with view TO select location for future residence in
company with q twin bother married sister /, .
She that the last recollection she Of any thing
which took place on the Atlantic che was standing IN
company with her friends the deck, when beam
piece Of wood fell and killed her brother and hitting
her also in its fall injured her back when she tainted
She had no consciousness Of anything which took place
afterwards until she found herself board the propeller
on her way to Ere without clothing except her night
dress, without money and without friend this side
OF the broad Atantc-her friends all lost With
OUT knowing where to turn for succor she took passage
on board boat and reached Detroit, where her mne-
disc wants were supplied and where she has been knd
offered home In the family Of highly respectable
hotpitable resident Of Detroit To the warm heeesss
and sympathzing, such as the foregoing never
peals in vain.",,The New York herald. [volume] (New York [N.Y.]) 1840-1920
1852-08-03,"BosroN, August q 1852.
The schooner Golden Fleece arrived here from Fayal
reports that the bark George Washington arrived
Fsyal fell in with, tho 18th June lat 49, lon &c.
wreck bottom up, which found to be lumber laden
and apparently ship with hard pine bottom and live oak
tmbers. Her stern round, with gilt mouldngs, and
the name painted it, but obliterated that only the
first and last letters and g. could be made out About
week previous and also at the time seeing the wreck
fell in with wrecked stuff and picked up top sail yard
with patent reefngs block, and drift lumber bar
rels, sc.","WRECKED MISREPRESENTATION, ETC",The New York herald. [volume] (New York [N.Y.]) 1840-1920
1852-01-24,"Ths Passages Of the Principal steam Lines
Between New York and Europe During
the Past Year.


Below will be found tables of the time made,
during the past year, by tho principal steamship
lines between this city and Europe. 1t includes
the Collins and Cunard Liverpool lines, and the
Havre and Bremen lines.


In comparing tho average trips Of the two imme-
date opposing lines-the Collins and Cunard YES
sels-it will be seen that the latter are ahead Of
their opponents on the esstern passages by about
two hours, but the former more than make it up
on the western passages, their trips having been
accomplished in fifteen hours under their COMPETE
tors. With the exception Of one vessel on each
line, the Arctic (Colins) and Europa (Cunard)
having to put into Halifax for COAL their voyages
have been accomplished with great regularity, and
without accident, during the entire year.


The eastern passages Of the Havre line to Cowes
have averaged over day longer than the Liverpool
lines. They wore also twen!y-three hours longer
than the Collins vessels the western trips, bat
only about eight hours behind the CunarderS 1t
will DO berno in mind, however, that Cores is about
eighty miles further than Liverpool, 50 that the
western passages the Havre line has made equal
time with the Cunarders.


The trip, Of the Bremen steamers, both east and
west, have been rather protrlcted, they having
made only one trip in twelve days during the whole
year


COLLINS LINE.",STEAM NAVIGATION.,The New York herald. [volume] (New York [N.Y.]) 1840-1920
1852-10-14,"The equal height symme' rcal proportion, and disoi
plined order Of the sixth elected much praise
from the citizens crowdna round Company II. Captain
Gregory. mustered fifty rank and he After dismissal,
the Captain entertained his men a. dinner in Dxons sa
LOOM Dowery There L. not any cavalry attached TO the
regiment ShltoB's Band attended and performed some
excellent military airs


THE FIFTH REGIMENT Colonel Warner formed, by
companies upon the norh sde Of rompkins 20 lare
tending from avenue a. with tha front and regnentas
staff resting upon avenue This regiment WAS also
composed en,rcly of ntautry companies as follows
Company L Jefferson Gunrds Captain Hietbman.",,The New York herald. [volume] (New York [N.Y.]) 1840-1920
1852-08-19,"ORPORATION NOTICE-PUBLIC NOTICE Is
~ hereby given to the owner owners, occupant
cupsnts, Of all houses and lots improved unmproved
LAM affected thereby, that the have
been completed by the assessors and lodged the office
sons Interested yzFor regulating and setting curb and
gutter stones Thirty street. from Tenth
Hudson river The limits embraced by such ssment
clude all tho several houses and lots Of ground
peoca and Of land situated both sides Thirty
atty street between Tenth and Eleventh All por
whose affected by the above
ments and who opposed to the either Of
requested TO their objections writing
undersigned at their office, MOI Hall Of Records within
thirty lays from the date Of this notice.


SAMUEL H. DE MOTT, }


FRANCIS NICHOLSON, Assessors.


ISAAC VIM. SMITH,


0face Bureau Of Street Department August
1872",,The New York herald. [volume] (New York [N.Y.]) 1840-1920
1852-03-18,"WATER NEUTRALITY-SUSPICIOUS., ETC


FROM ANOTHER CORRESPONDENT


ALBANY, March 17--Noon.
The river is clear up to Hyde Park. The docks and
piers still inundated but the river is still falling
The ice has lodged nine miles below Albany, and the
water has fallen four feet from tho highest point,
All the New York passengers loft in the through Harlem
train. The Hudson River Railroad did not send any
train forward The Western mails leave regularly The
New York evening passengers and mails have not yet
rived.


ALBANY, March II, PM
Tho Columbia has reached Hudson. but could not get
az far as Stuyvesant about twenty miles hence.
From TO Coeymans there Is heavy barrier
of there also considerable Ice Hyde Park
Trains from the Hudson Railroad leave for New York
tomorrow morning. The track being clear Of water.
possible that the train which left New York at Ave
this evening, will come through",WATER FALLING-ICE-RAILR ETC.,The New York herald. [volume] (New York [N.Y.]) 1840-1920
1852-03-18,"THE HERO OF A THOUSAND BATTLES
Who hath not heard Of great Napoleon.
His mighty deeds. his battles, lost and won?
But Bony, with his flags aud drums,


Dimnishes when Lyon comes.


This hero Of a thousand victories


Ger bedbugs reaches, ants, and aeas and flies,
Who fed before his foes


Like BonapArte from Russian SHOWS;


This hero with his Pills and famous powder,
Sing his praises loud and louder,


For rats and bugs his prowess blights,


Andlets the people sleep O. nights.
Depot for LYONS Magnetic Powder for the destruction
Of Insects and his Pills for killing Rats and Nice, No 4
Broadway.",TIME HERO on A THOUSAND pArTLEs.,The New York herald. [volume] (New York [N.Y.]) 1840-1920
1852-10-16,"ALbUfl > LAST CpNCEET.


The last roert of Madame Alboni q. Metropolitan
Hall, latt night attended by audience Ct
three thousand persons. The programme from the
ture The final rondo from sonnambua was executed
to the largest satisfaction of the house The cay
from Norma Of Casta Diva realized In oil pre-
eminent beauty appearing good new, notwthstand
ing 1t has become almost old Old Hundred. The
grand variations from Hummel drew down the house,
however with greater emphosis for here the thorough
discipins ski Hrxibry and compass, most stink
Dgy exhibited eno its repetition was even mole exqu
sy Gone than that which ut FIRST appeared to be the
involuntary perfection Of art saneovaani AMI Revere,
il is que enough ssy maintained their reputation.
although th,rc manifest attempt to rise above the
standard which they base attained Altogether It
pleasant concert not the least sgreerb features Of which
The orchestra and chorus rho letter. by
threw Alhonis VOICE into ne relief like the fun
shining among the stars.


ARDITIs COMPOSITIONS.


Ardi.i's grand variations entitled Musical Dill
cultiss eossdn expressly conposcd for the great SGT
lyric arti.t living delicious Albon repeated
last hight ana received with unprecedented
thu.iss by the large audience which filed the spa
cious hail Little nothing has yet been ventared upon
by the musical critics respecting this beautiful compost


ton Of the yonpg maestro probably for the that
they have not ielthcmseves equal TO the task Of cr
cispg II 1t deserves 1t IL necessary to hear
steal composition several times before the most
experienced critic properly anayzs 1t Now that We
have been favored vi IN repetition OF It, We feel author
lied ray that its author has achieved something
yet attempted b. any of the great maste Sgnor Ardt
may well be proud If the effect produced by his really
grand and magnificent composition At the time 1t
Ia necessary say that but the unrivaed Albon
could do justice 10 it-'or other singer in the world
possesses the extent volume and exibty OF voice. and
the perfect ersto singing, the utmost OF which
she txhausts in this picoe,


These variations we're suggested by an original and
graceful little song upon which Ariti has founded
world Of musical thoughts and feelings expressed with
upwont,d rgy ind fire. In facs the production Of
these variations alone shows that Ardit Il no common
poser bot consuEoGio They foil Of diff
fcplies; end nlnoft rnkled for Albopi when shs
commenced them But the had we'll studied
extraordinary range and powers q tho wonderful song
the result proved that he bad not esti
mated oveItes kea them The effect OF this splendid
End uiapproachabie Effort Of voca. power and faulsles
execution Of the most enthusiast c nature and
long noticeable among the excited audience She
through the difficult pas wit the greatest
cha octsyss doble ocfavee. and from sal 70 Ia in
the violin oef NIL d posed OF with eqra facility and
convinced the am0tt frantic pubic that nothing in the
way Of musical fcuties come amiss 20 har Both
and most enthusiastically applaudsd
called before the audience and received With
cheers. Indeed a greater gratifying triumph
could not have fesn obi sin,d.","Musical.

ALBONI's LAST CONCERT.",The New York herald. [volume] (New York [N.Y.]) 1840-1920
1852-08-10,"The steamship COumbi. will ply between San Fran
disco sd ports in Oregon awaiting at the former port tbs
arrival as from Panams, and return
Ing without delay with the mails and passengers for the
steamer from San Francisco Persons securing throue
Pas.ase by the United States mail steamers from New
York have preference of board OF the
Pacific Rates Of fare from Panama to San
Francisco the most favorable terms regular line Of
and transient between Panama and San Fran.
CISCO One Of the above will keep the
ton between Acapulco and other ports pas
ssnger 10 allowed $50 lbs baggage not exceed


ing In measurement 10 cubic feet Freight will be taken ~
Chsgres cents foot and from Panama to San Fran.
DISCO 81 the rate Of soo FER ton For freight OF


CON psne III West street. corner OF Warren, New York",,The New York herald. [volume] (New York [N.Y.]) 1840-1920
1852-08-10,"CORPORATION NOTICE. PUBLIC NOTICE is
~ hereby given to the OF owners occupant or 90,
land affected thereby that the following assessments
have been completed ASSESSORS and lodged in the
eco Of the examination by all
persons interested For raising, regulating setting.
Wall street from Front 80 South street and building
basins, where the 10
form to the grade South street, The Traits
hrsced by include all the several houses
situated northery side Of wall street, between
Water and South Streets and the southery side be-
tween Pearl and South streets on Of water
street. from line opposite Gouyerneur lane about one
the westerly side Front street. Gouverneur lane
and No. @ north Of street, and the e.stery
The eastery side between street lSl and
named asssessmens, apd who are opposed 10 the
either f them, are requested to present their oh
this notice, SAMUEL II. DE MOTT,


FRANCIS NICHOLSON, }Asssssors.


ISAAC VIM SMITH,


Office Bureau Of Assessments Street Departments, July",,The New York herald. [volume] (New York [N.Y.]) 1840-1920
1852-07-03,"CORPORATION NOrICE.-PUBLIC NOTICE is
~ hereby given TO she owner occupant
paats Of all houses and lots Improved
Affected hereh that the following have been
completed by the and lodged the oce Of
he Bureau Assessments for by all persons
Interested vs For regulating Tenth from Forty
second Forty sixth street. seng curb and gutter
therein Mneada sng twenty feet wide through the
CENTRE and laying Of TAGGING the sidewalks
thereof The limits embraced sneh assessment include
AZ me several houses and lots OF ground vacant lots
avenue, from Forty second 10 Forty sixth street. the
xestsr frsm Tenth both sides Of Forty third
go westerly from Tenth and the south side
Of street. 400 feet easterly and 400 westerly
Nom Tenth avenue. All persons, whose interests are
sseessd BY the above named assessments and Who
snt their objections In writing to the NJ their
eAoe No. Hail Of Records within thirty days from the
fAte Of this notice.


FRANCIS NICHOLSON, Asssssors.


ISAAC WIN. SMITH,


once Bureau Of Assessments, Street Department June",NorICB-PUBLIc NOTICE i.,The New York herald. [volume] (New York [N.Y.]) 1840-1920
1852-06-20,"A CARD.-GEORGE REECu INFORMS HIS FRIENDS
N the public that having left the Albany Basin House,
where he fatters himself he favorably known, and
taken the central house No 260 Grand street the
block east Of tho Bowery and fitted 1t in the
most neat and comfortable manner restaurant and
dining saloon. His eegars and liquors, oysters, and all
other heretofore and will be good
markets supply Up stairs is ladies Saloon where
Mrs Reech will he happy to wait upon her friends With
extreme cleanliness throughout and English French. and
spoken lie hopes from the order and regularity
observed and prompt attention to commands that their old
friends will enable them to long respond to the true
republican cry Of ""Vivo 10 bon chere.",,The New York herald. [volume] (New York [N.Y.]) 1840-1920
1852-02-08,"COLUMBUS Feb. Us p N.
At the MEETING Of the hungarian Association, this
evening Geo woods presided. On taking tins chair he
spoke few words, most emphatsay Tor intervention
Kossuth then addressed the association Of length ard
advanced the three leading points Of his speech the
New York Corporation bsuquss


These points afterwards adopted the resolution
q the meeting


Judge spsldug moved a resolution iustrustlny Con-
grefs declare that Whenever despos trampa beyond
their confines to eupprefs uprising p'ope for free
DOM this country viii interfere uaGks3 By tta power
q the nation The resolution was received with cuhq-
slussc cheers and adopted","THE HUNG ARIAN AssocBTIoN--coN IN


Sta cTtD TO INTERFERE, ETC.",The New York herald. [volume] (New York [N.Y.]) 1840-1920
1852-03-13,"SERIOUS RAIL0AD COLLISI0N-RA1LROAD CoSSBS-


TIoN-THE SOUTHERN MAIL


BALTIMORE March Il 1872
The train which left Baltimore al hafpast six clock this
evening in collision with that which left Phiadcl-
pha at two-cock to-day about two miles from here
quarter before o'clock this evening. The loco
motives smashed the thrown of the track and
n number of persons much bruised No lives were
lost The train from Philadelphia behind time, and
carried light Fortunately the trains proceeding
slowly the consequences would have been disas-
II said to have been caused through variation
in the watches of the conductors No has been
riousy hurt The train which left Baltimore after nine
o'clock will not connect with the train for New York
Over hundred delegates from Pennsylvania the
susquehanna Railroad Convention, arrived in Baltimore
tonight.


We have no mail south OF Washington",IicmS from Rnlllmnre,The New York herald. [volume] (New York [N.Y.]) 1840-1920
1852-11-08,"Port Of New York, November a, 1854.


ARRIVED.
Ship American Eagle (pkt), Moore, London and Ports
mouth Oct with ndse and passengers to Grswod Nor
gan Wiley Noyl LAT ~ 49, IS 20 spoke ship Lesnidas,
from Havre for NYork.


Brig Clifton (Br) Cochran, Windsor Ms, days, with
plaster, to master.


schr Jane, Hall, Westerly, RI, 2 days.
sehr Gen Moore, Davis Gloucester, 4 days.
Schr Nile, Leonard Boston, days for Albany.
Sobr Con verse, Bolt, Boston, days, for Albany.
ScLr Oregon, Lowell, Boston, days for Albany.
scbt Benz Fields Bolt, Boston, days, for Albany.
sohr Montana, Halett, Boston, days, for Albany.
The smsphorc At the Highlands reports no inward bound
vessels In sight at sunset.
Wind a. sunrise, NE, with dense fog meridian wsw,
sunset, NV, and clear.","MARITIME INTELLIGE NCE

Movements OF Ocean Steamers.

Port o. New York, November q, 1854.",The New York herald. [volume] (New York [N.Y.]) 1840-1920
1852-05-28,"CAPT. SCOTS COUP DETAT-THR REPLY or GOV.
MARCf-ALL RIGHT on THE COMPROMsE-MR.
BARNEY AND THE FRES0H MINIsTER-THE FOR
MER BOUND TO KEEP THE rEACE-THE WHEELING
BRIDGE CASE, ETC.


SPECIAL CORRESPONDENTS or THE Nrw yoRx HERALD


WAsHISGToN May II, 1852.
Governor Marcys reply to Capt. Scott states that he
was in favor Of all The Compromise measures including
the Fugitive Slave law, and concurrcd in the general
democratic sentiment Of eongratulaon at their adop
tion and would feel bound in any official station to
force their full and faithful execution. He regards
quescerce in this imperative duty and would
all his influence and authority any situation he might
occupy to resist and defeat any attempt to impair them
this protection which they afford to the constitutional
rights Of every section Of the country.


The French Minister having applied to the govern
ment for protection against the Hon John Barney that
gentleman was summoned before magistrate this morn
ing and bound IN the sum of hve thousand dollars
to keep the peace lnatoy proceedings have also been
commenced against MIR. Barney for alleged lbo
against Mr.. Sartigas


Judge Mclean delivered the opinion Of the Suprcm !
Court this morning, in the Of the State of Penn
sylvania the Wheeling Bridge First that change
will be allowed IN the Decree unless II will provide safe
and convenient passage ut all times for boats having
chmncys eighty feet high. Second, that the Court will
not sanction""athcr Of the plans proposed but il the
defendants make draw not less than two hundred
feet wide in the western CHANNEL and make that channel
equally safe and convenient the eastern channel
remove all other distractions from it. they may the
experiment on their own risk and responsibility Third
that the decree heretofore rendered shall be recorded
and unhss the obstruction be removed before the
first of February next the bridge shall be abatcd and
final decree, rendered against the defendants Cor
the costs Judges Daniels and Tancy dissented. MIR
Stanton of Pittsburg counsel for the plaintiffs. The
court then adjourncd sine die. \. ~.","NEWS BY TELEGRAPH.

From Washinxton City.",The New York herald. [volume] (New York [N.Y.]) 1840-1920
1852-05-28,"IN The Methodist Conference. to-day the four newly
elected bishops ordained with The usual ceremonies
The reports Of the committee the boundaries OF cous
rees were taken up yesterday and among those adopt
Ell haS one that the New York Conference shall consist
territory now included IN New York, Poughkeepsic,
hhinelecls. Delaware, aud NeWburg districts The New
ok Last Conference Is TO consist of last New York the
Ntw Haven, Hartford and Long Island Districts iprud-
ing in the city Of New York all these charges lying east
a d line running through tho third avenue Bowery
CIpthnu. street and Broadway -",TnE METHODIST CONFERENCE.,The New York herald. [volume] (New York [N.Y.]) 1840-1920
1852-10-01,"There all regular dividend paying stocks and
them pay most enormous rates per annum. Many Of
them have aid back their capital ten times and still


continue 20 pay large annual dividends There pro-
baby branch Of industry in Great Britain which pays
well the capital invested mining and there IL
vhy similar results should not be realized In this
country We have mines equally valuable but we have
not yet the knovledg. and experience necessary for


profitable Development Of immense mineral resources
We however making and rapid progress and in
very ehort time many Of copper and lead mines viii


how results equal TO any of those presented above The
copper mines Of Lake Superior of Maryland, and Penn
tyvsnis and the rich lead mines Of st. Lawrence ard
lister counties in thf State viii ultimately pay back to


those who have betn pioneers in the movement the CAPT


tai invested ten times Many mistakes have hereto
fore beer made In operating mines in this country and


large amount of capital has been wasted The expert


gained hes not however been too dearly purchased
and those vhe from this time out any mining
enterprise VIII have omething to guide them in their
operations. Within the past FIVE years have hsa
large immigration d practical miners from Cornwall and
other ports Of Great Britain The emigration from tho


mining districts Of England and Wales has not been


fined TO the day aborer the miner In the shafts and levels


mining engineers and superintendent, scientific
Who hare had the nagement OF some OF the most
tensive and successful mines in Great Britain have
Gently aiel this country and turned their attention
ii one. ""a tie dcrelopement Of our mineral resources
mi. BIT ines Is therefore, conducted now upon proper
ptnctos ii as nov rrn and legitimate basis, and is
frs fm Wat speculative character II previously pos.
teI3 Mnes In thh State which have heretofore been","yUor ATOMS roR MrSiSG STocKs ~ GREAr BairArS ~


Af.r,u lupu",The New York herald. [volume] (New York [N.Y.]) 1840-1920
1852-05-26,"Shade of Won Tromp whose broom swept the ocea
And cow'rd the Britph lion on the main,
Among the Dutch what terrible commoton-
ST. Nicholas doth Knickerbockcr live agnin.
Gazing on thee thou trim built gallant bark,
Strange memories o or the startled spirit crOSs.
Oh. change mysterious from the quaint Dutch ark
Graceful thy rig ~ soaring albatross.
Old times leap up. when ladies hoop dresses
Days Of New Amsterdam
Ere vile French curls destroy Il Katrna's tresses
And schnaps were intcrdcted by Maine law
Customs altcrd. tho not for the better
The Elatten Balick Hill + Exchange street now;
Zen the old tea water pump is n dead letter.
Too fashionable altogether the good vrow.
The minuctte ard country dance are baniahed--
Tie polka step usurps Terpsichorc's sway
Short petticoats and wooen hosc have vanished
Now thousand dollar laccs have their day.
Tell us, Great Judge, thou true magnetic wonder,
shat Zip Van Wrinkle says about the ship--
If ilendIick Hudson will let OF his thunder,
And go on board some Holland gin to sip.
What say the Van Dams. Iasbrooks and Van Tassels.
Van Spurious, and other worthy men,
Who lived two hundred years ago! their vesscls
About to take Manhattan Isle again.
Tar fer up town o'cr Stuyvcsant's green valleys,
The city swels. with pompous brown stone styles;
In Bmgomestcr's most secluded valleys
Cathedral churches rear their marble piles.
Though walking up the Bowery at leisure
cnc lingering emblem Of the past you see;
The pious Dutchmcn guard. a sacred treasure
Hard Hopping Pic:s witherng pear tree.
Though nournful truly, is the sad reflection
stil. mid the gloom. u smile Of noble pride
Ceunet from your true hearts escape detection
son, Of the ancient mistress of the tide.
II Is old Hollands worthy, bold descendants
Have reared temple here to welcome you;
The conner stone the hall Of ndc pondence-
it' dome a broad os heavens arch Of blue.


CRoaKeu ,J,rx",TILE DITCII EEIGATE.,The New York herald. [volume] (New York [N.Y.]) 1840-1920
1852-05-26,"Senate,


WAsusGroN, May 20 1862.


HOMESTEAD EXEMPTION.
Me-ers WADE, Casa, BRoDHEAD, SUMNER. BRIcur. and
Ds presented memorials asking for the passage Of the
Homestead bill.



Mr.. HALE offered resolution, which laid over
calling upon the Navy Department for information rcs-
tive to the compilation Of the Nautical Almanac.


MEMORIALS SRD
Various memorials, variety Of subjects pre-
sented and private bills reported



The House bill to reinquish to the State Of Iowa
tain salt springs, passed



The bill authorizing the construction of plank road
through the public lands in certain cngrossed
for a third reading


DEFICIENCY
Was then taken UP, and amendment appropriatng
$4,000 for unquideed balance found to be due to
friendly Creek Indians for losses sustained in the of
1872 and who cooperatd with troops that time,
was rejected, after considerable debate.
Various other amendments were acted on, when the
Senate adjourned.","NEWS by TELEGRAPH.


~>~N>>~n~No~noN>~OO>~
AFFAIRS IN CONG RE IS.


o~>0y~-y~~~o-s-~>oS~>~>~~~
Democratic Controversy on the Fugitive
Slave Law in the House.


1~~r~oHo~N>NoooNoo>oONNN
INTERESTING PROCEEDINGS OF VA
RIOUS RELIGIOUS CONVENTIONS.


~U~c~~oc~oe>~o>~oN~~~oo>
DoiHgs Of The New England Anti-Shvery Society.


-or~>e~~~r~o>~~J>>~o~~~~~
DENUN CITATION or CHURCHES DANIEL WEBSTER
AND UNITED STATES JUDGES
So. &C., So.


THIRTY-sECOND CONGREss


FIRST SESSION.

NEWS BY TELEGRAPH

THIRTY-sECOND CONGREss.
FIRST SESSION.",The New York herald. [volume] (New York [N.Y.]) 1840-1920
1852-05-26,"EARMS AND VILLAGE LOTS AT LAKELAND, LII.
u for sale, chcAp-Great bargains for few days My
These village lots and farms sold in shares
payable In nstalments few shares only lett.
to the fortunate holder eight village lots farm from
warrant deed will be for the same These lots aro
egihy located in delightful place for country resi-
dence well calculated for farming and gardening
snd in the vicinity Of the best market in Che United States
to actual settlers who erecting their buildings
cnltvang the soil with reasonable assurance
rich harvest and of having comic home
for their famirs without having to
crystal water hled with fish, mie directly north
the great South Bay and broad Atlantic rolling
For share in these lots and farms apply i'm
had gratis.",,The New York herald. [volume] (New York [N.Y.]) 1840-1920
1852-07-09,"Dsasvare and Hudson Canal and Ooai Company Is an


Illustration Of the truth Of this and the ponnsyiv mia
Coal Company shoaid avid the rock upon which many
other companies have nearly foundered Net earnings
that will give eight and ten per cent the pro cut
pits much bottor than amount that would give
smaller per cent on much larger capltsa. The Della
and Hudson Canal Company have moro them doubled
their capital since 1t commenced operations and tho
per cent dividends only about ono quarter what
they were In the early history Of cha corporation


Tho Boston pape~ mention that the easurer u Mas,s
ohusetts has received and accepted Offer through Mr.
Belmont Of New York, In behalf Of the Rcthchids Tor
the issue OF 100000 State sop authorized under tue
act for the erection OF the hospital for the insane
The scrip is made payable in twenty pears at Ave por
CT MT and the terms are SlO< 81",,The New York herald. [volume] (New York [N.Y.]) 1840-1920
1852-07-14,"THREE HUNDRED CELLARS AND SMALL BUILDINGS


FLOODED.


BALTIMORE, July 13, 1852
During the storm this morning in the northeastern
suburbs OF he city Hartford ovcrowed its banks,
flooding the Easements, cellars, and first floors Of owe
three hundred houscs north Of Aisquih street sweeping
oil fences. out houses. and carrying Off furniture
The bridges and two culverts swept Off and six
houses, nearly finished, entirely demolished.
About two hundred other houses had their cellar,
Hooded They all small buildings occupied by the
poorer classes.


Over two hundred Of those damaged most were owned
by Robert Boyd.


The loss to the city s $4,000, and the damaged
private property not less than $4,000",Destructive Freshet Mt Baltimore.,The New York herald. [volume] (New York [N.Y.]) 1840-1920
1852-10-15,"ALBANY, Oct. III, 1852.
The AntRent Convention assembled this morning
The nine counties include in the call represented
Luther Butts, Of Delaware, appointed temporary
Chairman and hr Collins OF Albany Secretary. A
Dittce Of five to report permanent officer OF the
ton appointed and the convention sdjourned 10 =.
clock y. N.


AFTERNOON SESSION


Delegations appeared iIom Albany. Rcnsseicar Colum
bia Greene Utter Sullivan, Herkimcr, Oneida Mont
gomery Delaware Scholastic 0tsego and Sohenoc. lady
After the convention was fully organized,


Thomas L. sHTrEr OF Albany submitted resolution,
that, Governor HINT the present executive had in
ficted llow the anti renters BY Offering large
rewards the arett of their friends that they Lad
longer any confidence in him. IL therefore resolved
that the I'M ren.ers adopt the democratic ticket


The resolution opposed by several members Of tho
convention. IL was warmly adyocsrsd by the Hon.
Thomas Carroll Of troy who stated that uoratio
Seymour true friend OF the anti.renters; that
during the session al 1850 when the Stay Bill passed the
Senste That beeoUght sl his democratic friends
In the A,s4n.by for the bill That he labored
night and day 10 procure its passage.
After aud spirited debate the resolution nom-
mating the democratic 81 Net declared adopted in
the midst Of great confusion and disorder whercupon
several delegates protested against the resolution and
left the convention


state central committee appointed end the con-
yention adjourned in great uproar.",Antl.Reut Convention.,The New York herald. [volume] (New York [N.Y.]) 1840-1920
1852-05-11,"From the N. o. Delta, 1st inst


Great excitement was produced yesterday, by very
bloody affair which occurred at O'Clock at the corner
Of South Market and Levee streets 1t appears that
Irishman. ongshoreman named Haley, went into the
Gold Region Coffeehouse and after taking drink
fused to pay for it. when the barkeeper German whose
we o6ud not learn, jumped the counter and
attacking Haley stabbed him twice in the side with
knife, either Of which wounds sufficient to produce
death. The Leyee police the ground, ana
succeeded in arrestng the German. Whilst they
carrying him to the watch house large crowd followed
threatening lynch the German and trying to drag him
away from the policemen; but they did succeed in
their object and the prisoner safely housed After
this the crowd returned to the the murder and


its numbers having swced considerably they proceeded
to attack the barrocm destroying the furniture and pro-
perty the premises after which they attacked bar
Der shop kept by German in the neighborhood which
they also riddled The first took refuge in up
per story but chased out and pursued by the mob
lie towards the Louisiana Hotel and took refuge in


barber shop adjoining that establishment. The mob
had commenced an attack on this place when Captain
Forno arrived the ground with strong police force
and suppressed the violence arresting six eight
Of the ring leaders The Mayor also promptly
the ground and quite active in directing the police
We trust that the parties engaged in this attempt Of


mob to uurp the power of the proper authorities will
be vigorously prosecuted There growing tendency
to disorder violence and awlessness among certain class
of our people which must be checked.","Murder In New Orleans.

ATTEMPT TO LYNCH THE MURDERER.
From tho NJ q Dalfa lat inst",The New York herald. [volume] (New York [N.Y.]) 1840-1920
1852-07-16,"FRIGHTruI AND FATAL RAILROAD ACCIDENT
Yesterday afternoon, rs the o'clock train of cars
was proceeding from Camden on the line to New
locomotive ran off the track, and fsightful crash
took place. The locomotive was considerably in
ured one or two cars broken, and what is the most
melancholy part Of the occurrence the second fire
man, Charts Paul, was instantly killed The To-
connective turned clear around, and the unfortunate
deceased was thrown under the wheels and crushed
by their running over his chest. John Saxton, the
engineer had his shoulder dslocated and was other
wife injured. One Of the breakmen, named Mount
was thrown from his post and slightly injured. The
cause of the accident was an accumulation of sand
upon the track by the rain, which, appears the en-
eipeer saw some time before he reached the spot,
and reversed tho engine for the purpose OF avoiding
the danger. Some of the passengers were hurt,
The train detained until O'Clock last evening
-Ptftddciqtio North american, l5h Inst",,The New York herald. [volume] (New York [N.Y.]) 1840-1920
1852-05-05,"IRISH. SCOTCH. AND BARNsLEY LINENS.-JAMES


BECK CO. invite particular attention to an extensive
importation of Irish Scotch, and Barnsley Linens ncud
ing every description of goods from the best manufac
turers at unprecedented low prices in width aud
make suitable for families and hotels Parties Finishing
will find this advantageous opportunity for pur
chasing really sterling goods at prices lower than
rally charged for inferior articles. The impor
prise general assortment of Shifting Linens Linen Sheet
ings Powcase Linens Table Linens Table Cloths every
size and quality, Damask Napkins Towels and Toweng,
Flannes Blankets, Quilts Table and Piano Covers &c.,
&c. &c. j. b. Co. confidently recommend this lot Of
goods to the special consideration Of ladies' and their
TONERS generally they Of first class fabrics and de-
cdedly chesp-a55 Broadway


DARASOLS.-THE SUBSCRIBER OFFERS FOR SALE


the richest styles Of the lately introduced Pagodatop
lined Paraso would call the attention Of tho trade
they uneaualled for richness, beisg
posed Of the costly silks and pearl and ivory mount


A. BOHME. 10 Cedar street.",,The New York herald. [volume] (New York [N.Y.]) 1840-1920
1852-07-20,"Before Hon. Judge Belts.


JrLY 19-The Grand Jury came into court thi,
ing with the following bills Of indictment The United
States james Golden for passing counterfeit money
the United States W. Robert Peterson for an assault
with dangerous weapon the United States VS.. vii
liam b. Gardner for bringing Of passengers
the United States VS. Thomas Clark. and others for
a revolt board the American ship Challenge the
United States William North, for larceny the high
the United States Robert Peterson and Michael
Dunn for revolt the high the Tn ted States
John Clarke and others for endeayor to make revolt
on board the ship 4. c. Ecranton Adjourned to this
TUESDAY, morning,",United States District Court,The New York herald. [volume] (New York [N.Y.]) 1840-1920
1852-05-24,"CROWDED CITY.--We never saw New York, in
its hotels and public houses, crowded as during
these days. The length and severity Of the winter
have thrown all the usual casual vsiters that
son into the spring. and filed hotels from cellar
to garnet. The principal hotels generally turn away
from fifty to hundred and fifty almost every night.
These travellers have, frequently, to drive round
town for a couple of hours, visiting half dozen
hotels in their peregrinatons before they find shell
ter for the night These crowds of visters fill our
concert rooms, theatres and all public places,
night after night.",,The New York herald. [volume] (New York [N.Y.]) 1840-1920
1852-12-12,"TxRzAL o. Az INDIAN Fos HUaDna limited
States w. John Mo,eskin, ~ IDdiaa. charged with the
murder Of john Doctor another Indian committed on
the Military Reserve about Fort Gratiot IN St Clair


~ The main witness for the prosecution was Paupsu
mcsche (anotber Indian who that some time in
July last ths accused john Doctor (he deceased him.
ssf and another Indian winsss who examined pse
cured some bquor. and dstermned to have spree
They proceeded to the woods ana, after drinking and
emokpg rome dispute arose between the accused Mole
shn) and the other Indian whsreupon Mosskin attacked
him and beat him ths second wtness) and thst then
Psupaumosche nterfred, and pushed the accused


the fire to where John Doctor lying and that imme
datey he began to beat end stamp the deceased using
him very violently Soon after they laid down. and sspt
till morning; and about daylight they arose. and vent to
vaken John Doctor. and found him dead Then the pr


eoner after having made them promise to sonceA him,
dragged the bedy under rine which had been cut
down and left 1t there where 1t found two
three weeks after by Mr. Hail. of Port Huron In very
decayed state much that 1t impossible to
copne the features to determine the identity Of the
peron The Jury retired and after being out all night
could not to agreementthere being eleven for
ecquittal and one for conviction whereupon judge
Wikls discharged the prisoner and The Jury Detroit
Free Press Dec,",,The New York herald. [volume] (New York [N.Y.]) 1840-1920
1852-11-25,"CHAST1cLSER, Thanksgiving Story Of the Pea
body Family. Second edition.


""In 1929"" ssys Gotten Mather, Ca terrible
drought threatened the ruin Of the summer hus-
bandry [of the Pilgrim Fathers. From absut the
middle of May to the middle Of July IN extreme
hot san beat upon their fields without any rain 20
that all the began to wither and langsish, and
some Of it was irrseoverab1 parehsd up In this
distress they set apart day for fasting and prayer
to deprecats the calamity that might bring them 10
fasting through famine-in the nerning Of which
day there was no sign Of any rain-but, before the
evening, the sky was overcast with clouds, which
went not away without sash easy, gentle, and yst
plentiful showers, ~ revived great part of their
dscayed corn for . comfortable harvest The
harvest which Ged thus gave to this pious people,
caused them to sst apart another day for solemn
Thanksgiving to the glorious Hearer Of Prayers""


What sublime, and yet what life like picture,
does the simple language Of the annalst present.
We can see the stern faces Of the Pilgrins-who
but two years before had landed, woe begone, and
well nigh despairipg, On the rock at Plynouth-
new uplift to heaven, and illuninsd with fsrvsnt
piety. Their wives, their children, surround them
and all bend the knee stogether to present hearty
thank Offering to Gsd for the signal mercy he had





quaint historian, ""took nstiss Of the answer from
heaven, and exclaimed that the s.rangers' God va1
indeed great God"" There stands ths cenesie..
tiess Winslow, whose noble heart could not consent
TO smother Gsd's favsY and accsptation,"" by al
lowing his msrsiss to pass unnotiosd, or askuov.
Lodging them BY , private Thanksgiving; here,
the pious Elder Brewster. whose fervent prayers
had SO often nsvsd their souls; there Governor
duct had many time rsicued his little cosny from
despair The men Whole voices were raised to hsa.
ven were enduring nissriss suoh as have fallen to
the lot OF few Of their race They had suffered cold
GUS attacks from the Indians; they mad lsft land
where no bodily csnfsrts at all events were want
ing them, to inhabit . wilderness; they had 70.
nounced all the Blessings Of civilization, to doom
for bare sussistencs-ths smallest boon that God
grants to his crsatures-thAt they met, Gin the
meeting house IN the timherfort, upon the hi'' to
return thanks But who shall say that their graft
than that Of the thousands who have since met 10,
getner to sffer hymn Of Thanksgiving for koun
ties unexampled


Two hundred and txsn.ynins years hav. elapsed
Ihanksg'yiDg. The world is altered, and Mons
minds have changed with IL. KisRdons have ton
pied over new States have sprung out Of the denths
81 the forest and mighty nation has been born Of
the seed OF tie very men who then raised THAR
voices in glad sckro wledgment for the providcptia
shower Of rain. The bleak coast on which thew
stood is now the happy abode Of Thousands of pros
porous citizens The waves which then dashed idly
against the shore, now bear on their bosom thon.
sands Of treighted ships. The forests, uhoee gloom
would have appalled, lees stout hearts than theirs
have disappeared, and thriving cities, busy facto.
res, cheerful villages, stand their ruins The
current OF mems thoughts flows in very different
charBeis from those TO which IL was then sc.us-
toned Time has nearly effsced the family likeness
between the English Rounohsad and the modern
New En2lander; very few featsros in the latter be.
fwn~w - -. Z
spo whose type was Oliver Cromwell. nsns
mere sho there, some stray vssge OF tho intoerans
laws rhicd we're the 6rst fruits OF ne liberty ard
Ioscdtd hrmnoss OF character not fnr remote ritn
Cp-t,tT J; y. IKE s-ai.i-n, w. rrinaBa ps tLat
parry )eft their homie",,The New York herald. [volume] (New York [N.Y.]) 1840-1920
1852-01-01,"The above table Of quotations for the leading stock Sc
curities in this market at the beginning Of each month
Of the past year. shows the fluctuations from time to
time This gives all the ups and downs Of the market
and those who have desire for operations In such I'M
certain thiL gs fancy stocks will derive considerable
information from this comparative statement Different
have produced different effects in the stock mar
ket 1t would be impossible trace all the changes to
any direct cause for experience has convinced US
that things in Wall street frequently 90 by contraries
Fancy railroad stocks have usual been subjected to
the influences of cornering combinations and the two
great specializing parties have experienced their usual
success As general thing, the bulls have made the
most money but 1t has been pretty close contest Tho
advance in prices has been much greater than the PEE
vous decline but holders have calculated their profits
far paper they have not realized When they do,
their profit and loss account may look very different to
what they expected During the present year govern
ment and sound State stocks have not been much
tie market Railroad bonds have been created in i'm
mense quantities, and they have absorbed enormous
amount Of floating capital Railroad bonds and railroad
stocks have occupied nearly the whole attention Of spe-
culaors and II another year should be prolific in the
production Of this class Of securities there would
after be ofthose coapses which frequently
suddenly upon the most reckless class Of spectators


The following list Ct dividends &c payable In Boston
during the coming month, has been prepared for the
papers Of that sty:-


DIVIDENDS PAYABLE Bosros, JANUARY, 1852",,The New York herald. [volume] (New York [N.Y.]) 1840-1920
1852-07-11,"BuELIrdroS, July 10--A Nj.
We learn from passengers by the cars, who left Mont
real this morning that the FIRE had finally been subdued
The fire commenced Thursday morning, the Sth and
ragged for upward OF forty eight hours


The whole number Of buildings destroyed upwards
of twelve hundred including many Of the beat in the
city II is impossible 10 estimate the amount Of the
loss.


gentleman who arrived this morning describes The
scene Of the confagraon awfuhundrcds of families
were wandering about without shelter TO them
amid the sparks and burning cmbcrs


The supply Of water gave out during The raging of the
flames md the intense hent prevented either the remcn
cr The ctizel from approaching the Every
teemod struck with terror ana tn wind very high
was feared that nearly The whole city would f into
ashes.


Gar infnrGlant statea that the frc cleared space
larger than that covered by the city OF Troy.
The Geographic masts and posts all burned
wbleh will prevent communication with Montreal for
some time


There has. probably been seen such a destruc-
tive cenagraton this continent Millions upon mil
hons ii property Lave been destroyed",n L l. II G. II A HTC.,The New York herald. [volume] (New York [N.Y.]) 1840-1920
1852-07-11,"The new steamship Coiumba will ply between San Fran
cisco and ports Oregon awaiting the the
arrival Of the mails and PanamA and retura
ing without delay with the mails and for the
steamer from San Francisco Persons securing through
passage by the United States mail from New
York have preference of accommodation of tho
Pacific mail Rates of fare Panama San
Francisco the oet favorable terms regular line Of
and transient passengers between Pansms and
cisco. One OF the above will keep up the
tion between other Mexican ports Each


allowed $50 personal baggage free not exceed
ing in measuyement 10 cubic feet Freight will be taken
cisco At the rate Of sloo For freight
auas, street. o New",,The New York herald. [volume] (New York [N.Y.]) 1840-1920
1852-09-25,"NJ GENlNS Basaar.-Again the attention OF the pub.
Nc is invited TO superb assortment OF boys youths ana
inants Clothing, just opened at Gepins Bazaar This
elegant display Of Juvenile costume comprehepds complete
suits vests overcoats shirts beautiful Parisnade
boots and Shoes stockings socks undershrts drawers ana
every article requisite the complete home travelling
wardrobe youths with infants outfits
the rich and tasteful description comprising m-
bodered plain cloaks and robes hoods christening
robes and infants under clothing Also, varied assort
ent misses walking dresses circular coaks, school
dresses &c. with stock Of silk, wooen and cotton
hosiery for ladies and children Ladies' and especially
mothers will find the goods opened to-day OF very SUI
Herior quality and STYLE The prices ne usual are put
dewn at the lowest mark that immense business viii
Justify. GENIN's BAZAAR, st. Nicholas Hotel.


5l3 Broadway.",,The New York herald. [volume] (New York [N.Y.]) 1840-1920
1852-12-04,"The concert Of Madame Sontag last evening"" ct Metro
poisn Hall though the house not full as upon
previous occasions well attended and passed
of with much eca and enthusiasm any previous
cert. Like produce like effects and the same
steal genius high cultivation and personal charms which
eprsptured the audience the first appearance of
dame sontsg in New York. called forth the warm and pro-
tracted paudits and Of last evening Her career
which Is fast drawing to Close has been smnenty
succeffu and she will be long remembered by the ad-
mrers and patrons Of music In this city She has
trbuted more perhaps than any Of the great vocasts
THAT have among in recent years, to inspire
taste the art where It did not exist before and where
1t had already taken root to refine and elevate 1t to the
highest STANDARD She is not like the fash of the meteor
which astonshes for moment and then disappears in
darkness She shines like the steady pure light OF the sill
very moon, continually increasing in splendor and bright
till Its orb is full Nine Sontag improves upon
quasnce possessing she does those which
produce variety, and give fresh delight each concert
She bias not the strength volume Of voice of some
arisfes the deep luscious nelody of some the
dazzling electric overpowerug quality Of others but
che has charms of sweetness grace purity, and
6nisb peculiarly her Her thorough knowledge
Of music, her artistic Skill her beautiful execution,
and her fine dramatic expression In comic and isht
pieces, command success, and, what is more
deserve it.


Though a host in herself"" she powerfully sup.
ported last evening by Badia who is undoubtedly the


fret male singer this continent and by Pozzoln
who pleases and each time he is heard his
voice having become adapted to the climates and last
not least by that boy Paul Julien, whose
vellous execution astonishes everybody. We should
like little of Rosinis gay, sparkling music set
down In the programme for Madame Sontag for the
compositions Of this great master, and of Donzetti
best ued to her genius and her voice. What she
did sing, however, she sang with all the skill and
plete Of consummate artistic. There mtg.
nifcent programme for Wednesday evening, which win
be her last appearance but before her departure to
the eoutb",Madame SOntaR.,The New York herald. [volume] (New York [N.Y.]) 1840-1920
1852-09-09,"TRAGIC AFFAIR At CHARLEsTowS, Mason
Saturday evening an Irishman, james Mahoncy, living
in Mason street Charlestowu in NJ Of dclrium remens


eaptd from his bed and got prunine knife and with
this first rush uponJohn kiln.r whom he stabbed in the
abdomen, INJECTING dangerous wound lie dashed out
Of the window with only red flannel shirt on and the
pruning lsniic in hand down Mason street and
aloug Front street, and thence the marshals office
attacking and cutting all who in bis way. Nine
persons stabbed cut. three OF them severely
though the wounds Of only considered critical
jos, Hunnevell, Esq, much respected citizen Of
Cbarlestown, was severely stabbed lie went very
quietly TO cell lie bad no knife when he entered the
marshals Office. Subsequently handing him his
clothes. Maboney made attach Officer Sander
son: Among the persons stabbed were Mr. Mclaughlin
Of this city, very severely One pass was made at lady
which cut only her dress jeremiah Mccarthy was cut
In Tho hrnd lad was stabbed in the thigh Some
cut in the hand The whole was done in about Ave
Manifestation Post Monday.","TpAc1c ArrAp AT Cu,p,psro,yx Mace n",The New York herald. [volume] (New York [N.Y.]) 1840-1920
1852-06-23,"England occupies the first rank in commerce
with foreign nations, and the imports and exports
stands California which we provide with agrcuItu-
raj produces and import gold dust. The same rea-
ton holds Peru and Bolivia but tho figures above Dc
not show tho transit trade carried on with those
countries which wo cannot ascertain, provisn0
having been made for il up to now in tho Custdfa
House.


The revenue of the nine ports in Chile, viz -
Valparaiso. Coqiimbo, Huasco, Copiapo, Talcahu-
Andes, has ascended to $2,72i,7lS, an amount form
ing moro than one. half of the entire revenue.


The following is table of the custom houss
revenue since the year 1884, which since that period
has almost doubled","Stl,294, SOS

Total. ......s14o29,2 64",The New York herald. [volume] (New York [N.Y.]) 1840-1920
1852-09-17,"GTREET DEPARTMENT., NO. fHALL OF RECORDS
NJ Public notice hereby given, that the following petit
lions the Board of Aldermen TO


nag the sidewalks along the old Buryng Groung in Twenty
FIRST between Sixth and Seventh to fence
vacant lots Madison between Twenty sixth and
Twenty streets street. between
Fourth Fifth Also, the following resolution
To ronag sidewalks aud reset curb and gutter north side
of White street. between Church street and Wost Broad
side Of Church street. between White and walker
streets All persons interested having objections thereto,
them writing the
at hs oce before the eighteenth day Of September
instant. JOHN II. Street Commissioner


Septemher s. 1857",,The New York herald. [volume] (New York [N.Y.]) 1840-1920
1852-07-18,"FHE FRENCH COMPANY AT THE BRoApwAy.-The French
Opera Com que and Vaudeville Company is becoming
every day greater hvorte, and the Broadway thea
tire is nightly wen attended by fashionable audiences
The lveness Of the lbretto, written by the most eee
bratcd authors and the music composed by Auber Ha-
levy and many others-so well executed and sung by
this talented company-attract the admiration Of all
those who are acquainted with that kind OF entertain
ment originated in France. The company now playing
at the theatre Of Mr. Marshall is Of the best which
ever appeared in city, the comic operas and the
deyies are rendered with musical ensemble and lively
eniren never equalled before in New York. Madame
Fleury Jolly the first singer has very good and extern
sve voice which she nages with the greatest skin and
the perfect methoditis easy to discern in hearing
her splendid roades and fortunes, that she has been the
fayorite pupil Of good musical master Nine Pilot has
pure voice of dugdson and sings and plays admirably
well in comic operas and yaudeviles AS for the gentle
men of the company-MM. Dguet, GRAFT, Debrnay and
Nepehand-they the best Protcan comic artists
have in New York. they equal to their task
and gather by their performance ample harvest Of
applause The company, under the able direction of NJ
Fot will continue its performances throughout the week.
during which "" The Crown Diamonds by Auber and
""Ne Touches pas la Refine, Glands off the Queen) y


new opera in three acts by Nessrs Scribe and Boisse
lot-wi be performed by Mesdames Fleury Jolly Pilot,
and Diguet and Messrs. Dguet Dubrnay GRAFT, Meme
hand and Monclar. The orchestra with the two lead
srsbIessrs Yhan aud Roberts-execute the overtures
very admirably and the choruses are truly remarkable
The Of this company certain in the metro
Titan CITY of New York",,The New York herald. [volume] (New York [N.Y.]) 1840-1920
1852-12-20,"The Schroeder Guard named in compliment to Charles
j Sch oeder & Co the well known enterprising and


liberal propretors OF the shade msnufactory in barrow
street proceeded yesterday to Hoboken target prac-
tce The company was in command Of First Lieutenant
Robert III Wheeler, lin the absence of Captain Denyse
assisted by Leutensnts Dixon Briggs and Tniam Aftsr
competing for the prizes ten In number the company
returned TO the City we'll pleased with the excursion
and with target bearing evidence Of the correctness Of
their aim.


The Goodwin Guard, composed Of the employees Of Mr.
Goodwin. tobacconist under the command Of Captain
Pool and mbering forty five muskcts passed efcs
last Monday. their first annual excursion to New Dur
ham. They were well drilled and made very soldier
like appearance Trey had twelve prizes, which were
duly awarded to the best marksmen


The Second Company Chatham Guard will make their
third annual target excursion the 25th instant Christ
mas day They will have handsome display. Adkins,
brass band has been engaged for the occasion.",Military Para sfes.,The New York herald. [volume] (New York [N.Y.]) 1840-1920
1852-09-22,"The Cunard steamship Africa, Captain Harrison arrived
AT aEpast o'clock last night She left Liverpool at
hafpast O'Clock Saturday morning. the IIth inst
making the passage in ten days and twelve hours


The news Is three days later, and unim portant.


The mail steamship Franklin Captain Wotton, hence
arrived Of Cowes early Thursday morning, the 9th
inst and after landing the English mails ana
proceeded on her voyage to Havre. She experienced
moderate easterly winds during the whole passage.


Notwithstanding the recent rcmonstrsnces from Van
Diemans Land against the importation Of convcts into
that colony the convict ship Equestrian has sailed from
plymouth for Hobart Town with 29i criminals It 1,
considered doubtful if the colonsts will permit them to
land.


The new Csnsrd propellers, which commence running
IN December between Liverpool and Chagres via New
Work, will also touch at Portland Me-, and Boston


There was no alteration in the demand for American
securities in the London market. Annexed were tho
oto otsov,o sha AZ","NEWS FROM EUROPE.
~N~0~~~~~~~~>~~->cS>>~~~>~~


""a r r "" n Il
CUNARD STEAMSHIP AFRICA.
~~~~~~>~>>~~>>~~~~~>~~
q II E i = . ""A Y 8 Il a q u r !.
sN~o~~>>N~N~~~~>@>N~~>~0>o
SHORT PASSAGE.


>>~>>~o.>~~~~><>~~~O>>r~
STATE OF THE MARKETS,
~~>>>~~N~~~>~r~>>N~o~~
Quietne4 on The Other Side Of the Atlantic.
>>rs~>~>->>~@~~>~>>>~.


sGc., Cso., Sc.

&c., &0., Sc.",The New York herald. [volume] (New York [N.Y.]) 1840-1920
1852-06-15,"Total value. SS2]2b7


appears by this that the aggregate for the week
large. hut II shows curious movements in ship
mcnts The effect Of the discovery Of gold in Australia,
upon commerce. is already visible. The exports to
that country from this port last week amounted TO nearly
thirty FIVE thousand dollars and several vessels are up
fer Port Philip and sidney the aggregate within the next
thirty days will be something important In this way
commerce extends and ports IL the Pacific with which
have hitherto had trade win soon become great mar
kots products Australia viii not Of coure be any
thirg like California IN this country, but it will form
pant Of The round voyage made ~ our clipper sh'psto
SAN Franci 60 and China shipments to other parts OF
hevoild last week comprise about The usual variety
ThtIt was pretty Motive movement IN srcadstus and
The aggregate value more generally disthautcd


ghtro have been a1at relative 70 The sovency
ofthe Newport safety Fund Brink 81 hslJucty ttwa'
reported o Telegraph Hst 'F gsprwa' not taken by tho",,The New York herald. [volume] (New York [N.Y.]) 1840-1920
1852-04-27,"Two ARCHITECTS AND CONTRA CTORS.--A YOUNG


man, who is perfectly conyersant with principles
ana practice Of architecture, and who has been for
the last four in Of the best Offices in this city,


desires 70 form an engagement with respectable Infect


who can appreciate good architectural DESIGNS properly
drawn and tinted lie Is rsrate draughtnan, c0mpc.
tent to make DESIGNS in any style detail and worn
ings and has had experience in machine drawing
Any hrm engaging him would have their business faithfully
transacted lie would have objection leave the cty
and offer the highest testimonials Address T. Uanil
ton No. Nassau street three third story for one
week",,The New York herald. [volume] (New York [N.Y.]) 1840-1920
1852-10-06,"COO and upwards and 'Cartmen, Wednesday, 18th nov
Persons degring licenses, will spply After lisa
November Tho numbers must be newly painted each
side tho carts according law and the carts brought
NE south side Of Chambers street. opposite the City Ea
whore they will be inspected the old after bena
checked the Inspector must then be presented DO the
Yrst Marshal for renewal Cnrmen particularly
qesd apply the days designated above for their
pectve nu6ers u Is not lawful renew licenses after
bag ung express wagons baggage wagons and other
vehicles articles place place
Within the city directed TO the following extracts FROM
che Ordnance-


eeetion !. Every eart truck, wagon, dray other
Vehioe, drawn by more horscs or other animals
Witch shall be kept used driven emrSyed for the franc
5Sfon conveyance Of anything Whatsoever fren place
10 place within the city Of New York. for hire
eer such transportation, shall be deemed Public Cari
within the meaning of this ordinances and who
shall set Keep drive employ such public
oert without FIRST obtaining license therefor from the Mayor
g said Sty hereinafter provided shall DO deemed guilty
eseseding ten dollars OF imprisonment MOI exceeding ton
lection 3 1T. shall not DO lawful 70,
ny person receive TO hold license TO keep Public
6arts or to be Public Caran, unless DO citizen Of
ne United States and has family and resides with his ia
ly said city not having family shall have resided
himself therein during the six months preoeding and the
actual the cart carts with good horses therefor
% licensed to DO kept public CARTS snd the Mayor may
examine under oath all applying OF holding euoh
9sense the renewal thereof touching their
I'd, shall be void""


u order Of His Honor, the Mayer,",,The New York herald. [volume] (New York [N.Y.]) 1840-1920
1852-09-18,"N west Of Newburgh, Orange county New York.-This
seminary pleasantly located about mile and
half from the nearest village and has been in successful
the handsome and comfortable in the whole country
The principal Rev. Joseph Henderson, graduate Of the
number OF boys between the Of eight and een
and others will find the best in his immediate
welfare and Improvement The quarters are from
August till October November till January, January till
April, April till July The quarters beginning in August and
April continue each eleven weeks the other two twelve
Terms. Board quarter S2 English geography
and Junior arithmetic S. English geography
Rev. James Chrystie Rev. Andrew Stevenson Messrs Jas
Virgins Andrew Knox, Andrew Bowden Brooklyn David
III. Haines, Montague Hall.",,The New York herald. [volume] (New York [N.Y.]) 1840-1920
1852-12-13,"GENERAL SCOrT AND THE New YORK HERALD =
During the late Presidential campaign, there
was published in . political sheet Of Mem
phs, Tennessee, the meanest falsehood against Gen.
Scott, in reference to the NEW YORK HERALD.
uttered during the canvass. The ""outside barba-
rian"" doubtless furnished this ptiful invention
from the Seward head quarters of this city, from
which emanated such trash as the pamphlet s'Why
l am Whig,"" and Robinson's speech on ""General
Pierce and the Catholic Question, and ISLANDERS and
billingspstes ad nauseum. Now we find the same
Memphis paper copying from the same Seward organ
. characteristic attack upon this Journal and de,
nyipg that General Scott had ever made any such
declaration as that his defeat largely attribu-
table to the New YORK HERALD. Now, not with
standing we have some authority for the remark
thus credi.sd to the account Of Old Chippewa, we
shall not handy words with his wing revilers. But
ex-senator Westoott had nothing to d, with the
matter, nor does he write editorials for the NEW
YORK HERALD-having, doubtless, as much as he
can attend to in watching the shutting politicians
at Washington, and keeping them straight, for his
own Amusement We had hoped our Memphis


friend was satisfied with the result Of the election.
What more can he want?",,The New York herald. [volume] (New York [N.Y.]) 1840-1920
1852-12-18,"The features Of tho dry goods trade during the past
week have not been essentially dssmar to those noticed
In former review. Both foreign and domestic mana
features in fair request and yet limited and i'm
perfect stock. The arrivals large however and will
doubtless furnish ample and complete supply as soon
they shall have all been placed on exhibition, which
will probably OCCUR by the commencement Of tho new
year. Distant merchants daily appearing In the mar
ke anticipating and disohsrgng the obligations incurred
by them throughout the fall season. and inspecting the


ssh goods designed for the spring business preparatory
making their necessary purchases which are likely to
DO very extensive and to sustain and strengthen prices
Some specuators also accommodating the market and
buying up whatever sessonabe fabrics both sottons and
woollens especially the latter, they car obtain at old
or slghtly enhanced rates Clothsrs have not begun
to DO much rs yet, but they will soon sst, thus-whsn
their necessities become urgent and they shall
have been more fully convinced that datorinsss In -
curing their requisite stocks will result to their loss
Brown sheetnss and shrtisgs are in poor supply and
brisk request The high prices claimed therefor However
restrict sales Though the stock of bsached shsetngs
and shirtings in the market very small presents
good assortment and Ii readily dealt In at full and rising
figures There is . great scarcity Of cotton haansls,
which are actively inquired for and held rather higher
We quote in accordance with owners olams:-",,The New York herald. [volume] (New York [N.Y.]) 1840-1920
1852-08-31,"Miss Juln DrAr-The Broadway thestre-the meme OF
the legitimate drama the unique metropolitan Temple VI
for the seeson last evening"" under the
same letseeshp and management which have for some
years past ensured IL the most eminent success Tho
audience ros brilliant and fashionable presenting mag


nacent display Of over three thousand persons The old
4o, too embracing the acknowledged histronic
and oo,o genius Of Barry Conway Davidgc, Whiting,
NM pond Mrs Abbott, and Mrs. Conway, has received


,a.b accession oftsent in Mrs Philip Warren late Miss
ocorppa Barrett Annie Lonsdaie, and Meesrs Bland,
Gosyenor Florence SANFORD and Day The interior Of
the house has been newly painted and renovated and


made more comfortable In many respects than heretofore
the parquette from Its centre to the rear wall has
been elevated several feet have also the seaa In the


dress circle which have been rsftted with new spring
cushions The pencil u the scene painter has likewise",,The New York herald. [volume] (New York [N.Y.]) 1840-1920
1852-10-18,"TINE LARGEST, THE CHEAPEST, THE BEsT AS


sortmcnt II dry goods TO be found at MCaldin and
Thompsont price los Atlantic third
from Clinton street Brooklyn Purchasers are nytedto
call and stock, which, for extent, variety,
quality low prices cannot be surpassed In domestic
goods stand unriyaed; in shaws and dress goods.


1rrrassed and the whole considered No. for
gyipg good yse and fair upright DEALING We have jast
immense stock OF hannel and blankets coupled
with every other article appcraiung to large and


spectacle dry goods store. trial Is repeatedly solicited
by tho Subscribers MCaLD1N tho EPSON, lGJ Atlantic
street. Brooklyn The trade supplied liberal terms OBJ


third door aud drst dry goods store from CAnion",,The New York herald. [volume] (New York [N.Y.]) 1840-1920
1852-12-05,"The steamshps Herm.rn for Bremen promshous for San
juan Roanoke for Richmond and Ospray for New leans
and Havsn. went d. the hay yesterday and anchored
at Our rabtine, on account Of the fog


The steamships Florida, for Savannah, and Union for
Charleston ave detained until this Sunday morning. from
the fame


The packet ships Constitution from Liverpool ard Amsr-
can Congress- ftm London have not yet come TO the
city owing TO the fog At night all the
steam tugs were below and they will probably bring them
up this morning


Ship Duchesse Orleans cid yesterday morning fer San
Francisco. not avre, as q roneously epofted.


A bark Cap Hoxio, from Bangor, Ne, with lumber
lays at snoher at Rikersislsnd, bound 20 the city.


The oats Thomas Beknap due at half thres
and the Potter at half past elk with the raroaa
from Phiadelpha had not arrived their pier
irh o'c lto oh",,The New York herald. [volume] (New York [N.Y.]) 1840-1920
1852-06-23,"The ADJUSTMENTS OF THE CiTY.-S nce the no.
limitations took place at Baltimore, people are not
60 excited as they were, and those who not 60
ing to the country to rusticate attending the
theatres every night Lola Monies has returned to
the city. and will open the ball on ,nday night at
the Bowery, where, no doubt, she viii produce SEQ
saiion. Other theatres are bringing ont their no
velties. At Nibo's the French opera troupe and
the French and Spanish ballet dancers drawing
immense houses But the greatest attraction Of all
the most original and the most unque--is the
monkey troupe at the Aston Place Opera House,
which is bringing larger audiences, and more money
than all the 7mima donnas, tenors, contratos,
bassos, and barytones that appeared within the
walls of that unhappy fashionable place of amuse-
ment And what is so singular, the white kid aris-
tocracv who first raised such opposition to them,
now exhibit the most fraternal feelings, aud pat
ronise the performance every night. Messages are
received from persons in all parts of the United
Statc:, to know when the fashionable people will
have done with the monkeys; but that they have
monkeys enough Of their own. as we have here, but
they are not SO well schooed. have not so gentle
manly manners, and do not exhibit SO much int ell
igeuce. Have patience",,The New York herald. [volume] (New York [N.Y.]) 1840-1920
1852-08-17,"Bo8ro..


public meeting of tie friends Of Daniel Webster
was called for Fridpy evening al the Art Union Hall
Boston.


From the Boston Zee, Aug. 151
The Webster prospect brghtens every daE Tho
South moving in earnest let the Nor lh follow suit
indeed know II will. The Webster waters may
have appeared somewhat calm for time, but tho
rerogo that herald ana escorts the storm Tie who
have consccrated themselves to the Webster caue
to carry that aong and bear its fortunes high ard
dry. lt only needs bold hearts strong and firm
lips to rouse TIE whole nation let it he done. Now
that Georgia North Carolina Louisiana, New York and
other States actively In tho field preparing for Stat.
and conventions il Is time for old Massac huset
the home OF ratriotsm and Boston, the hocle Web
stor. to earnest and effective action This
will 10 done. In the time lot the fionds OF Web
sertho constitution and oil who in favor Of throw
ing their suiirages for man who is capable of being
PEesdentonc thst wiz add weight dignity and charao-
ter 70 its occ0c Of Good heart aud prepare for ths
contest",,The New York herald. [volume] (New York [N.Y.]) 1840-1920
1852-10-29,"HENRY T. LEEDS. AUcT1ONEER.-LAROE AND


Perempory sale Of Furs by order Of constables
cution, VI entire stock Of large Broadway dearenr
T. Leeds will sell above this day, October g. halt
past ten o'clock at tho sales 80 Chambers
broadway large assortment Of psrto


mus Wet rines cuffs Sci real marten sable ntch sable
stone arten mink sable ermpe Siberian squirrel chin
cha London usred mink. Also spleg did assortment Of


sleigh robeewo fox bear and lynx. Also, mus, tippets,
cuffs, victornes Of the first quality.
rrefsy for the broadway trade The assortment will form


sale in the city, and we'll worthy the Atten-


ton Of the trade and Others Catalogues the morning


fa1e.",,The New York herald. [volume] (New York [N.Y.]) 1840-1920
1852-05-07,"Excitement MAYORS OfrlcI--SMAsriyG gIIr
Wirpows-Ihursday morning. about eleven O'Clock. y
German named Francis Blank arrested in the Park for
throwing stones nto the Mayors Office aud for breaking
the windows We understand chat last night he made
similar attack upon the windows OF the City Library
One Of the stones thrown this morning into the Mayor
ofsce was nearly pound in weight. A; the time
there pumbor Of officers In the Office who in con-
sequence 0. this sudden and unexpected attack
thrown into considerable csmmoon The City Marshal.
MIR Taylor narrowly escaped being struck by largo
stone. Blank apparently insane and when he was
brought before the Chief Of Police declared that he had
commission from the King 10 break windows He was
Their committed 10 the Tombs.


ACCIDENTS BEING Rus OvEr.--About nine o'clock
Nednesday evening. VIM j. Powell residing ~ No 4si
Houston ,reet while crossing the Bowery spring
street was rnn over by horse an. wagon driven by
john Naanes Gnd ono Mclaughlin and seriously
bruised. lie was imme datoy taken into the drug store
No lSl foweTy. whore Dr. Whttacker dressed his
wounds lie was thon conveyed home by oficer sharpe
ana Davis. About seven o'clock Wednesday evening""
thcer hmouse picked uPa 10y named Henry "" Jacobs
a. the corner Of Twenty ninth street aod Lexington
avenue who had been run over by dirt cart ana na
ann broken in consequence lie was conveyed 70 nus
fathers residence. No ""a East Twenty eighth street


STEAMBOAT ACCIDENT. The steamboat Neindccr on
her way down from Albany yesterday morning ana when
five miles above Kingston cracked one OF hor connecting
steam pipes. Excepting two men, who were trihingy
injured Nv q door falling upon them-onc receiving
slight brute in the face, and the other on the car by
the Jagged u.ces of the pancl--no one on board
hurt Tho passengers taken ashore by the steamer
America and the Reindeer was towcd down to the city
we arc ipfo she will resume her trips Monday at
the nal hour.",Civ Intelligence.,The New York herald. [volume] (New York [N.Y.]) 1840-1920
1852-09-13,"York. that they have opened the Store 7o3 broadway be
Fourth street and Washington place block below
the NV York Hotel with and choice stock OF
Fall Goods selected In fnrs especially for the Broadway
retail trade of rich french Emhroiderics and
Laees Paris made Nnnas and Gioak Of the latest styles
shap,s in Silk Velvet Cloth, Black and Coored
Plain and Figurd Sl superb stock o. Printed Dress
Goods In beautiful and designs large variety
Plaids In silk Nerno and all Wool French nernoes,
plain H. Dslanss Black Bombsssens Alrscas Paramattas
Merinoes English other Mourning Goods real
Wseh and Lane asre Tlanneis IN White Pink Blue and
other desirable colorsj SaIony and Silk Warp Flannels
Square shsws Ausns, Lace and Muslin Curtains; Linens
Of tho best makers for seeting and pillow Table
Daasks Napkins Doyes, Diapers Towels and Towelling.
6hirngs LoIg Lawns French Canbrics and Lawns Linen.
Cambria and Lawn andkerehiofs SILK, Nsrino, Wool and
Cotton Hosiery herino Srs and Drawers ladies' silk and
herno Under Dresses Ribbon Edgings Insertions. Sc;
,03 Broadway.",NEW FANCY AND DRY GOODS 2 sroRE:aTnE syn,The New York herald. [volume] (New York [N.Y.]) 1840-1920
1852-09-19,"Another misunderstanding has occurred with
England the British ship Of war Modesto having
been fired into by the shore batteries, while at
tempting. under stress Of weather, to run through
tbe Dafdaneles The British brig Polly, OF New
castle, was fred into under similar circumstances,
and her sails and rigging cut to pieces. Explana-
tion has been demanded.


Accounts from Syria state that a band Of ma
raudors had attacked and plundered tho town Of
Hebron.


The late viziers Reschid Pacha, Ali Pacha, and
Faud Efendi, have been reinstated in their various
posts.


Germany.


Letters from Berlin state that the unsold ships Of",,The New York herald. [volume] (New York [N.Y.]) 1840-1920
1852-06-30,"Prcsent-Alderman ,Tiemann Gin the chair, and
Alderman Sturtevant and Brisley.


Examination Of Mr.. Smith cOntinued-Did not
recollect whether he left the Office with the COM
mittcc; his impression they all out at the
same time; there was other business transacted
but that Of the Tenth avenue sewer during his pre-
sence; Mr. O'Connor the Inspector, was the only
person Of whom questions were asked; Mr.. Pollock
made same remarks the Street Commissioner was
examined before witness did not recollect whether
Mr.. Claycn's inner office open during the time
wtness was engaged at present in constructing the
tunnel at Murray Hill, on the Harlem Railroad; had
built three Of the largest sewers that were ever
built il this city had also bad charge Of good
many minor ones; portions Of some Of these sewers
were bull, IN the winter season; the sewer OF which
portion was built nthe winter season was in Chatham
street tho bottom with hydraulic cement. the upper
Tarl With ltmQ; believed these sewers had been ia","sNENrH DAY--MoNpAY, JUNE 18TH",The New York herald. [volume] (New York [N.Y.]) 1840-1920
1852-06-26,"BosTor, june 70, lS5Z.
Thomas Davis who has been on trial all the week for
killing his sister In October last to-day convicted Of
murder in the 6rt degree He will be sentenced Mon
day. Davis had been absent in California; and his
turn home found his sister married to Mr. Van Wagner
whom he dsked and in his rage cut his sisters throat
with The evidence circumstantial but
vincing.


During the concluding rom arks of Attorney General
Clifford this morning, the prison err who had been weep
ing sprang suddenly to his feet and with banched check
and that flashed madness and fury shook his cenched
fist at Clifford and exclaimed, 1t is such thing by
God, never said any such thing by God; did.
Joanna Heden has lied about me; can't sit still and
hear such lies The officers here endeavored to quiet
the prisoner whom his children cried out Father ther
dom hurt fathcr The Court and spectators melt
ed to tears at the affecting incident The prisoner evil
IDENTIFY feels the most a,0naing anxety.","Murderer Convicted.
AFFECTING sCRNE IN COURT.",The New York herald. [volume] (New York [N.Y.]) 1840-1920
1852-06-26,"OPPOSITION TO SEVERAL IMPORTANT GOVERNMENT


MEASURES.


WASHINGTON, June %. 1852
The National Agricultural Convention occupied the
entire morning in discussing the resolutions petonny
Congress to establish Department Bureau of Agricul
ture Tho Homestead bill the bounty to Collins steam
Canadian reciprocity and the Warehouse system be-
ing incidentally denounced and the tariff and naturaza
lion questions being referred to by Of the speakers
1t was understood by Judge Douglas and other Congress
men present, as having important political bearings and
very exciting debate took place but the farmers dis
avowed any political motives The debate wa finally
arrested by laying the subject upon the table, to be
brought up in another shape


Hon Daniel Webster entered the hall during the morn
ing and was received with repeated applause aud the
Members risiDg


After the adjournment the delegates waited Messrs
Fillmore and Webster BY whom they woro agrccaby re-","The National Agricultural, Convention.",The New York herald. [volume] (New York [N.Y.]) 1840-1920
1852-04-21,"S1LAs G. c. IHERRING's WORLDS FAIR PREMIUM
~ Safes Wilders patent) Depot at Green Block Water
street, between Depyster and Pine streets where s. c.
Herring continues make and sell his world wide ceebra


introduction of chilled iron the first and only
who has ever offered the public aafe combining the two
sental qualities necessary to constitute perfect Fire and
Burglar proof Safe united in The subscriber is ass
the sole of the rights make sell Halls Patent
Antipowder Lock which received medal at the Worlds
and which he has for time past introducing
his Safes much to the satisfaction of the public
much more secure against powder and burglars picks than
the locks generally used by safe makers.


SILAS c. HERRING Nos. 1885, 1877 and L30 Water street.",,The New York herald. [volume] (New York [N.Y.]) 1840-1920
1852-09-11,"CTRRET DEPARTMENT. NO. 4 HALL OF RECORDS
- Public notice lie hereby sven, that the following petit


tons have been in the Board Of Aldermen
Gag the sidewaks aon the cid Bury Ground rwsny
vacant lots Madison Twenty sixth
streets Twenty between
Fourth and Fifth avenues ASo the folio wing resolution
TO Ieag set and curb and gutter north side
of he street. between Church street ad West Broad
west side of Churc street, between White
Streets All persons interested having objections thereto
them writing to the
his office. before the eighteenth day Of Septonbor
instant JOHN T. DODGE 6treet Commissioner.


Saptsmber e",,The New York herald. [volume] (New York [N.Y.]) 1840-1920
1852-11-13,"Another Terrific Gale Lake Erie.
NUMEROUS VESSELS WRECKED AND DISABLED.


BUFFALO Nov. I'm.
Another fierce gale swept Lake Erie last night,
and continued to day There will doubtless be many
disasters heard Of


The schooner Newbold, Capt Valentine, wrecked
en- the Beakwster at this port She left last night be-
fore the storm commenced and afterwards sndeavored
TO return could into the harbor and dropped
anchor near the lighthouse. The Captain aud two
came sehore in boat with line. The schooner subss
quenty dragged her sBchor and the Breakwatr,
knocking hole In her bottom The mate immediately
swan ashore with rope by Of which all the
saved The schooner has gone to pieces She was
by Mr TIemaine OF Chicago and was insured in
the Northwestern Company for SIS 600. She had no
cargo board.


The Ssig Robert uollister came in O'Clock this
morning, disabled


A dismssted schooner lies the beach few miles
above the lighthouse. The particulars not known
seyeaa vessels passed down the river this morning
with signals Of distress yDgthey unable to make
the port


HALrrAsT TWO, p NJ The storm increases In yio
ience.


The lighthouse cannot be few rods distant.
The steamer Msyfover attempted to make the port
but failed, and down to Black Rock.


Tbs steamer Northern Indiana for whose safety fears
entertained has just in with her wheel houses
broken.


propeller name unknown, has gone ashore few
miles above the lighthouse on the beach,


AL the shipping out must be in great danger
The wind blows forionsly, and binding storm Of
sleet, hall, and snow, is falling","NEWS BY TEL EGR APH.


>~>~~~~>>>~~>~>~>~>~
ANOTHER DISASTROUS GALR on LAKE HRIE.

Great Damage to the shipping.

SERIOUS Revolt At MArAnsRAs.

Mexican Troops Defeated BY the Reyelutionists,


&c., &c., sc.",The New York herald. [volume] (New York [N.Y.]) 1840-1920
1852-10-16,"Total S54 SOC, SIS S52 9O4 O53


The for choice goods especially Frenoh very
active and prices well supported for ncary every ar
Gle The Franklins cargo just arrived is for the most
part sold Prime black silks in better stock but sell
freely Deianes and all goods commend very full
prices French gloves though active, heavy, from
largo surpus stock. Ribbons very firm. Cloths
steady, with fair demand. Tho mportstons still
large Of fall goods while with the addition Of goods for
the spring trade arriving early for the supply Of distant
markets they amount to very considerable quantities.
British goods Less active but firm except for linens,
which in overstock Stu steady and active and
Britsh dress goods still sell readily Blankets buoy
Domestic goods, with loss activity, yet selling
largely for the season, and prices very steady.
Brown sAeetings and shirtings moderately active
7Hc for heavy and SIC for light goods bleached are
moro quiet but firm Drills are doing better. Browns
in demand for export, at ia and 7ssc for home
bleached &c., and blues &c.. with firm market.
osnaburgs Offering freely at old prices without much
doing denms steady at SIC for ell makes but buy
few at this price and transactions limited
Stripes active with scany supply and prices steady
Ticks reduced In stock Canton fsnnels are very
fIm with active demand-stcck is light. Printing
cloths frm at az SIC, with . limited supply.
Prints very much reduced in stook which, with
good demand sustains prices Gpghams are frm at l0o
for Manchester and loc for tho other makes Delancs
freely Of the batter kinds at II Gle stocks
light Csssimers continue active mostly for heavy goods
though light goods In demand by tho clothing trade
Cloths firm. with firm fair demand Satinets are
rather less active but Arm, with light supply and
fair demand Tweeds steady and jeans dull Lnseys
firm at Isa 100. Flannes active ami rather
Blankets also in light supply and good de-
msnd The by and Northern trade is very active,
and large bills still selling TO the West, Country
dealers are free buyers their for past trading
well paid up. There is large AMOUNT Of Western
bills in OF payment for the aprng trade and
not the isast bsckwaydDcss sppears",,The New York herald. [volume] (New York [N.Y.]) 1840-1920
1852-09-14,"CORPORATION NOTICE. = PUBLIC NOTICE is
~ hereby given 20 the owners occupant or oo
aupants Of all houses and lots improved or unimproyed
lands th0rohy The following assessments have
hsen completed by tho and are lodged IN tho once
VI the Assessments for examination BY All per-
Wis :For paving and laying the cro.swalks
Broadway between Fortieth and Forty streets
The embraced by such assessment Include all the
several lots of ground vacant lots pieces and
Mnd situated both sides o broadway between
r.rtyIuth and Forty third both sides Of For
seth Forty and Foryscoond streets between broad
way oaatery and westerly from tho
adjoining ayenuea persons whose interests aec ted
above named assessments and who are opposed to
objections in writing 70 the undersigned AZ their oiee
Hall Records, within thirty from the
tsjs notice. SAMUEL II. DE MOTT,


FRANCIS NICHOLSON Assessors.


ISAAC WM. SMITH


Gfee Bureau of Assessments, Street Department Sept
1852",CORPORATION NOrYcRs.,The New York herald. [volume] (New York [N.Y.]) 1840-1920
1852-09-14,"CTRELT DEPARTMENT, NO. 4HALI. OF RECORDS
- Public notice IS hereby given, that the following Pes
tons been presented the Board Of Aldermen TO
Nag the sidewalks along the old Buryng Croung in Twenty
first street. between Sixth and Seventh TO fence
vacant lots Madison avenue between Twentysixth and
streets Twenty seventh street between
Fourth and Fifth Also, the following resolution


70 rcag sidewalks set and curb and gutter north side
of White street. between Church street and West Broad
west side Of Church street between White and walker
All persons interested having objections thereto,
present them in writing the undersigned
office, before tho eighteenth day OF Scptcber
instant. JOHN /. DODGE, Street Commissioners.


September s. lSl2.",,The New York herald. [volume] (New York [N.Y.]) 1840-1920
1852-09-14,"GTREET DEPARTMENT, NO. HALL or RECORDS
- Public notice is hereby given that the following petit
lions have in tho Board of Aldermen TO
dg well and erect pump in Fifsfourth street between
Ninth and Tenth and grade ftoth street.
between Fifth and Seventh avenues work and grade
Fifty from Eleventh to Hudson
Also the following Resolution To repair grade set curb
and gutter and @ four feet through slo walks Of Forty
first between Seventh and E9hh avenue open
Fifty street, from East All persons
interested having objections thereto requested
them in writing the undersigned, his Office
before the 18th day of September instant.


JOHN 1. DODGE, Street Commissioner.
epto",,The New York herald. [volume] (New York [N.Y.]) 1840-1920
1852-04-27,"NEW AND IMPORTANT DISCOVERY IMPORTANT
New, for Prinsrsi-2o per Cent Saved The adyer
toll succeeded in bringing out and improved method
Whereby Printers can make their eolored Inks all OF
he pest quahty (Blues Reds Purplss Browns, Green's
sna for about sixteen cents per pound ut for tho
Rollers for about twenty cents EACH and with very little
trouble has been by those who have hther
TO tired them 10 be the best discovery yet made The
recipes vii be sent to address, mail by tive
collars being enclosed to .. cox, Broadway Post Office
fares may rely upon this being genuine receipt and will
prove very advant ageous to printers.",,The New York herald. [volume] (New York [N.Y.]) 1840-1920
1852-03-30,"JAMES COLE UCTIoNEER-PEREMPTORY SALE
Of valuable Building Lots, Clason avenue Pacific
Dean and Bergen streets Brooklyn James Cole will sell
auction. Wednesday March 3lst IL o'clock the
Merchants Exchange IN New York, the following desirable
vacant lots viz ~ lots Clnson IL lots
street II lots Bergen street lots Pacific
gore lots ia tho This Is Of the bet property
which has been brought into market for
The facilities of tho beauty Of location
class II improvements in tho vicinity all this
property desirable Cason being
and will be paved Pacific street Is paved and built upon
with first class buildings. This Is destined,
period become the part Of tho city
rermsSxty per cent may remain bond aud gage
il desired. For further particulars apply Mosrs.
Murphy Vanderbilt Front street. brooklyn Maps may
be obtained the Offices Of the auctonccr Fulton
Brookyn. and Wall atreet. Now York.",JAMES COLE. ACKNOWLEDGEMENT SALE,The New York herald. [volume] (New York [N.Y.]) 1840-1920
1852-03-30,"STONf BROOK COTTAGE AND FARM FOR SALEM
~ the town 81 Rye pleasantly situated the Bosten
TUrppks. sna half miles from sbe railroad depot At
hsmareGsc 1berc COED dwelling cottage, with lava
enclosed with eegsht handsome spacious
house barn anu stables also tenant house All the
plets order and will
repairs tor There about thirty of
suitably DIVIDED orchards and mesdo~ There slss
abuLdaDoo shade


a essent garden 49, Stony Brock the northern boun-
dairy ~ TIE arm and forms picturesque pond the
dwelling Aroad leads directly the sound distant half
mile where good boating and fishing Rye Beach In the
vicinity WHICH scarcely surpassed for bathing purposes


beautiful roads AMI line drvss In direction There
several In. building tes the farm, commanding vews
~ III"" SOUND For person doing business in New York. or
for summer rcsgorcc ts place offers many Attractions
rgu of No ptues",,The New York herald. [volume] (New York [N.Y.]) 1840-1920
1852-03-23,"The trade Of the euIren month Is likely 10 make
anne uds backwardness and short coipgs in Janu
ary and February The severity of the winter delaying
longer than usual the opening OF navigation has him


ercd greatly the activity Of the season but the present
relaxation Of the weather indicates the speedy opening Of


the river and Western dealers here an considerable
numbers Their payments also now making with
great readiness The demand for dress goods is the most
active but staple cottons command large trade both for
export and home consumption. Unbleached sheetings
and shrtings in fair request. AT steady prices The
supply II large Bleached goods are less p!entul the
demand is good and prices firm Drills very active
with diminished stock and prices rather tending up
wards osnaburgs more in request; but the supply
has greatly increased and prices steady Denms are
IN fair demand, with corresponding supply at very
uniform prices. Stripes and ticks are NJ length
active but without Improvement in price Cotton fan
nels stil sell freely with light stock Printing
cloths still duh though n few more sales have
been made. sort of still life pervatles this mar
ket. and prices heavy Prints worry active, but
favor of buyers. large portion of the stock is
desirable style Fayorite styles command full prices
Gipghams are in better demand, at regular rates De-
LANES active both at public and private SALE at fair
prices; but the stock is heavy Cloths in request
among the jobbcrs but prices depressed from the
large stock on hand Fancy casseres and sainets are
more active-the avorite style being stu the wavy
blacks and plain styles in moderate request but not
him. Tweeds and jeans arc depressed aud duh Elan
nels are active and firm Shaws in fair request for
spring styles Auctions very active especially OF
French goods The demand for French millinery an
dress fabrics is fully active and large lines selling
Choice goods Of this years Importation not plentiful


Ribbons are in good request and firm for goods Oh
goods always sell for less and there great many fall


styles still offering Black silks figured and plain
active at steady prices Figured coored silks scarce
and plain colored not in much request Satins art
active Cloths. vestings and doessins also in de
mand. at full prices German cloths sti be bought
low for though the demand is good the supply greater
Cotton goods in request and steady British good
in fair demand at steady prices principally for staple


GODS As British dress goods dull wel in poor


upply obbcrs generally buying freely to prepare


he trade suitable to warmer weather. Trade will yet b,


uiiy equal 10 that of last spring though later",,The New York herald. [volume] (New York [N.Y.]) 1840-1920
1852-11-05,"From the Albany Journal, Seward whig Nov 8


The elections, State and national. have resulted
more disastrously than the least sanguine whig
could have apprehended. More than four ffths Of
all the States in the Union, including our own, have
gone for Pierce and King


We are disappointed only in the extent of the
calamity. For the general result we were quite
prepared In looking at the paralyzed and crippled
condition Of the national whig party. one could
scarcely fail to perceive the hopeessness Of the con-
fict. But there was SO much of confidence with
prominent politicians, and such generous zeal among
indomtable wings. that we tried to believe our
selves mistaken. To have expressed apprehensions
during the heat of battle, would have wounded the
feelings Of the ardent, and wholly disheartened the
wavering; and therefore We fought on, blndly, de-
luding others, and half deluding ourselves.


This result, though overwhelming 20 wings, and
disastrous to the country, is inglorious triumph
even to the democracy for the substantial interests
OF the American people have been sacrificed. Loco
foco politicians will get the spoils of Office but Eng


land is the real victor. The election of Pierce and
King gives free trade to England for another four
years. For this she has paid her money freely. az
she could we'll afford. But when Americans learn,
as in time they are sure to learn, that England
elects our Presidents they viii purify the political
rmosgfeIe ~ s'oim ttat vii mase tbs Desrsy","The Great American RcvoIution-The Phi


lOsOphy Of the Result.",The New York herald. [volume] (New York [N.Y.]) 1840-1920
1852-12-27,"All! yes, memory is busy unlocking her
long closed cells where lay the well guarded
recollections Of the t"" 6reside pleasures !"" en-
Joyed sat her feet"" who has long since
trod the courts of heaven. How wildly the
scene comes up before us. The hour Of
twilight-the lighted fire on the wide, clean
swept hearth, throwing its cheerful lieAe
and warmth far into the centre of tise room.
and keeping at bay the gathering darkness
without, which stood grimly at the windows
or skulked in the farther corners, shroudine
the old clock in its gloomy folds. TAen
gathered the family circle around the ruddy
blaze-those, who, during the day, had been
separated by their various duties, meeting
mere In blest communion. Upon our low
stool we sat in the wide chimney corner, or
frolicked with Jumper - upon the mat.
ever and anon pausing to listen to the day's
experiences of those who had been out 10
battle with the world And as the fame
hickered upon the hearth, now shooting an
In aspiring columns, and again falling to the
fore stick, We watched the pay of the
advancing and retreating light and shadow
upon the faces of the loved ones around. and
fancied with each change new beauty was
revealed. And then, strange contrast what
distorted visages stared out upon us from
the polished surface of the tall brass and.
irons Those old ""fire dogs"" how bravely
they stood the heat that made us retreat to
the outer verge of the hearth-how sacredlv
they were guarded from pin scratch or care.
less blow-and with what pride the good
housewife dwelt upon their beauties! ssThey
cost thirty dollars in Boston,""


How delicious were the roasted apples
that grew red upon the hearth; and the
popping corn that cracked among the Goals,
How we startled the timid girls, when, with
sly handful of gunpowder, we fought the
grand battle of Bunker Hill, by sprinkling
it upon the hot ashes!


Then, again, at the evenings close, when
the candle had burnt low, and the book or
the knitting had been laid aside, and the
storm beat upon easement, and howled in
the upper caverns of the wide old chimney
we sat over the dying embers, while fancy
drew pictures and saw fortunes in the ouiy.
ering flame-until the brands snapped asun-
der, and sprang up lighthouses in either
corner. Then came the careful raking up
Of the ashes-and bed.


All this we saw in the Fire on the Hearth,
That fire has gone out-that hearth is desc.
late. The dear ones that surrounded it are
scattered abroad-some are fighting tho
battle Of life under other skies-some have
gained the victory, AMI are sleeping in their
graves. Never more shall we all gather
around the Fire on the Hearth. But the
fires lighted at that hearth upon the altars
of the heart are burning still-aud shall
ever burn. For there lessons of virtue were
taught, affections formed, and principles in
culcated, that make up our all of life Bless
ings on thee, thou ruddy, joyous Fire on the
Hearth that hast given us this vision of the
past.


Dickens in the Lost nuu har of Housobold","[Frora the Portland Tnnsript1
Fire upon The Hearth.",Daily evening star. [volume] (Washington [D.C.]) 1852-1854
1852-11-10,"TeethIhe great improvements lately introduced Drs
O'C0NNOR Il C0NNERY sur gioal and mechanical dent
ist and of incompatible teeth at 81 LIS
street. Broadway In the insertion Of artificial
teeth net only perform thorough mastoaon and
thu voice with distinct and easy articulation hat
upon the ply ognomy all that and regularity
which the most brilliant of beauty Decay


teeth be restored their natural tions by
OF metallic subssnces only employed by Drs OCon


nor Conrery Toothaohe cured without pain or extract
ing Psreuar attention paid to judcousiy repairne
regrang okdrens teeth Teeth ell tracted 10 the eaa


and safest mode. Terms moderate. s",To Persons Afflicted with the Loss Of,The New York herald. [volume] (New York [N.Y.]) 1840-1920
1852-09-17,"KINGS COUNTY WING ASSEMBLY NOMINATIONS


The conventions for nominating candidates for Assem-
bly, and delegates 10 the Wing State Convention met last
evening, at the places designated 10 the several


FIRST .isse'ably District. comprising this Egth aud
Ninth waIds Of Brooklyn. Williamsburg. and all tho
county towns. nominated q. Brggs. of William burg
for Assembly. and John D. Prince OF Fatbush dels ate
to the state COM ention.


Second assembly Disricf. The convention nominated
Waldo H. Hutchips for the Assembly. ani Charles Kel
sey, r delegate to Syracuse The district comprises
the First Second Third Sixth and Tenth wards OF Brook
Ign.


Third Assembly Disf,io The convention of thi. dis
trct, comprising the Fourth Fifth Seventh aud Gev
wards postponed the nomination Of candidate for Az
semhy until Thursday evening of next week Andrew
Hodges Sheriff Of the county selected del gate
TO the Syracuse convention aud Luke Ryder alternate


DEMocRATic MEETING SECOND WARD.-A very
large and enthusiastic meeting numbering at least two
thousand assembled in FORK street last evening Agooj
band in attendance ky kets dred off pro-
fusion and the whole neghborhood illuminated by
The blazing OF tar barrels Speeches made and the
excitement kept up until late hour and the great
est enthusiasm and unannity prevailed throughout.


A jury In Shenandoah county Va, has rendered
dict Of 50 600 against stage company in favor Of pas
senger whose leg was broken TO make him Grip
pie for life, BY the upseting Of one Of the companys
stages",Brooliyn city Intelligence.,The New York herald. [volume] (New York [N.Y.]) 1840-1920
1852-12-25,"SHOCKING ACCIDENT The family Of Tanner
Con gdon vrg sb.ut mile west Of Middleport on the
Canal road eth accident about four o'clock
Sunday morning the 10Th inst The clothes OF Mrs
Copgdon caught frs by arparh fro the aud she
Was soon enveopsd In flames She ran ont doors on 20
the atoop attached tho kitchen whom her husband
pursutd her spd tried to tear tho clothes from herbs
flames streaming two feet higher than her head Two
some about fourteen and sxtesn ytars age then rsd
to smother the flames ~h their clothes-but their
efforts only sdded fuel 10 the fire and she only
Iessed BY tearing the cbarred apparel from her body.
The hands OF the father and boys were 40 terribly
bueo that they vi be perfectly helpless for weeks to
come Mrs Oorgdon died on Sunday night. -Iockporf
Courier, Ire 20.",,The New York herald. [volume] (New York [N.Y.]) 1840-1920
1852-12-26,"Colchester, In Winstsa aaa another In Hartford.
EAs Csmssste Bsnk Nsk Lat from which gsther hsss
particulars. adds the following


The Treasurer OF the State Of Connecticut hes given
The subject Of designing the bills for the free banks his
faithful attention He has judsiousy arranged the 70
sDsctive denominations. For instsnce single bar on
the right haBd margin denomnstes the ones; Two par


~ twos; three bars the threes five bars the nves
nations Fer all bills above fves bars on the left
hand margin One bar for the tens; tso bars for the
tventss three bars for the hes four Tor the one hum
teraton OF the small denominations to larger aside
from the b<ing also printed the face Of
the bill either ON the ""Atvater patent in colors
The requires that the execution Of the
plates be Of the very best steel plate engraving thus
battling the dexterities Of oounterfsiters.",,The New York herald. [volume] (New York [N.Y.]) 1840-1920
1852-05-03,"From the ,. n. Pcayune, April 9th


The most encouraging news Is received from the mining
districts.


Prom Shasta the news Is Of highly encouraging char.
acter Thousands of miners who have been lying idle
waiting for water have suddenly been enabled engage
in profitable employment. New and rich dggings have
been discovered Rogue River also upon the Klamath
and Trinity rivers. Ten dollars per day per man il
thought to be rather under than tho average Yield


rich vein Of gold bearing quartz has been discovered
on liumbug creek about six miles from shasta Butte
The first pound of rock which was tested yielded 500
worth of gold, The average yield is about ~ cents
pound


ON the Yuba and Feather Rivers their branches and
throughout the adjacent country like haerng accounts
received.


The miners in the vicinity of Longs Bar Feather river
have been very successful Two specimens weighing
respectively $50 60 and nine ounces and half
Gently found In Oregon gulch In that vicinity Another
piece, weighing and half pounda found in the
place few days afterwards The company who found
this piece consisting Of two men, took 81 900 that
week


Blr Hamilton Of Wyandot, recently found two spcci-
gold in that vicinity weighing respectively Sllg
and Si70 The miners arc doing well there,


AZ Duneans Flat. company ofthfty men are engaged
n tunnelpg the second bench OF hills They have bored
through sold rock hundred feet aud expect 60 fifty
feet further before finding gold Thus rir il has cost
them S3 COO and II rs expected tocest 5000 moro before
IL hail be finished.


A. Evansville. Friday, the 26th ut lump Of pure
gold weighing sila ounces was founi Tho minors are
doing well there


Tho Nevada pacera continue 10 Yield handsome profits
The Revere Quarts NM onc day lst week crushed decn
tons Of quartz. from which we're cxtrlctcd $692.


In VI Dorado county. number u gigantic csnalliug
and LuDns ling cDtoiprifcs are on foot.


On SDnday tho itth instant, fifteen hundred ounces of
goid dust changed bandsin Piaccrvilc


Al sianish and Mus,lerr's tars, on the Middle Fork",Mining Intelligence.,The New York herald. [volume] (New York [N.Y.]) 1840-1920
1852-09-23,"! EMPIRE CITY LINE.-THRoUGH TO SAN FRAN
~ cisco, Mt reduced rates. via Aspnwa and Panama The
splendid double engine steamship SIERRA NEVADA, 500
tons burthen, J. Dayton Wilson, Esq, commander, viii
leave for Aspinwa Direct Thursday the sd September
from her pier No North river at three o'clock presey
The Sierra Nevada will with the New York and
San CISCO Steamship Lines steamers NJ Panama,
advertised by said company in another column that
eengors guaranteed through passage steamships
unsurpassed for speed, ventilation and Accommodation


~ HOWARD SON, ""a Broadway.


The SIERRA NEVADA, will sail again on Tuesday, 18Th
october connecting Panama with and splendd
steamship City Of Pittsburgh.",,The New York herald. [volume] (New York [N.Y.]) 1840-1920
1852-12-10,"The senior Democratic General Committee did not
meet last night in consequence Of the continued illness
Of their chairman, Augustus Sche Esq who has not
yet recovered from the serious injuries Inflicted upon
him during the riot the other night.


The Young Mems Democratic General Committee met,
Hon. John Wheeler the chairman presiding After tho
preliminary business Of The committee had been disposed
Of resolution was offered on the part of the barnburn
and foft shells (who in minority Of that body
in which the action OF the General Committee some
what called in question: in reference to the appointment
Of inspectors spirited debate occurred, after which
the whole subject laid the table thereby virtually
without doubt appoint the inspectors they did on the
9th Of August last.


The committee then adjourned, after passing unani.
Of thanks TO their chairman, the Hon John
Wheeler for the able and impartial in which he
had presided during the past year.",CftV Politics.,The New York herald. [volume] (New York [N.Y.]) 1840-1920
1852-12-10,"Squall, or the Whirlwind, or the Sea Serpent, or
the Shooting star! You would be sorry to hear,
We are sure. that the Witch Of the Wave had been
buried beneath it's crest; that the Messenger Bird
had never reached its home; that the Flying Cloud
had vanished-qui.e independently Of the feelings
which bid you sympathise with any vessel laden
with human beings Truly, indeed, has that glori
GUS bark, with bending mast and shining sail, been
christened the Gem of the Ocean-never pearl was
fairer. Westward, Ho! touches tender chord in
your heart; you wonder not that the Winged Ar
row, or the Tornado


Should rend the cliugipg see


That flies before the roaring wind,


Beneath her Kissing lee.


The Bald Eagle prepares you for portly vessel,
with frownipg bulwarks and majestic sweep; the
Nightingale coDjWes up at once model OF gra,e
and symmetry and the Sea King carries you away,
away back among the Norsemen, and you see


with sudden flaw,


Round come the gusty sksw.


For these, we can forgive many relapse into The
tier, and the Sea Nymph and Sea Witch expiatc the
Fixing Cbilders and the Hornet. Though We can
not love, we may sympathise with John Gilpin, and
trust he will be more successful in his race than his
prototype; ard even Rip Van Wrinkle himself,
roufed from his secular slumber, is entitled to our
kindly feelings. The Tingqua, the Sooloo, and the
Howuua are fair enough for those who know what
thy mean; but we have n weakness for the vern &c
Mar To cur mind, without reference 10 the shipJ
themselves which We bsye never seen, voyage TO
(hiGa in The Gag JIG or the Sovereign o. the seas
toud rot but he pleaqqnter tb,n ooe Ia tSe Aro-
Iarga, Or The Sa-irgt.k,",,The New York herald. [volume] (New York [N.Y.]) 1840-1920
1852-05-16,"Rio JASlmo. April FL have hardly time to write
you line before the mail bag the clipper ship Maria
for New York, closes. As TO news have very little
10 communicate. The weather continues very hot
and dry. and consequently the yellow fever is making
fearful havoc. particularly board the shipping No
vessel remain in this bay, while the present
things exists more than five days without getting the f
yer ON board-consequenly there not, and in fact


there have not been for weeks any of naval ships in
this port. They mostly at Montevideo. Some Of
the American ships have suffered severely, and have
known Of several that could not muster hands sufficient


y to get out Of the harbor The American ship Victor
sailed for New Orleans about fortnight since with only
two men able to do duty Many others have been here
as II were entirely deserted The Swedish brig Dolphin
has lost three consecutive captains within the past
months. and the berth is vacant notice in bound
fine chip the Catalpa. 100 days from the Sandwich
Islands for New Bedford, with cargo of OIL She sails
to-day for home We have also in from New York in a
passage of 80 days the ship Racehound bound for San
Francisco with 275 passeDgerss hope they will get
away before they contract this fever for it would make
terrible work among them For the past day two
have had very fine showers which hope will occur
with sufficient frequency to break up this pestence
trcly- Cor. Of Boston Journal","The Ravages OF the Yellow Fever at RE


JnncirO.",The New York herald. [volume] (New York [N.Y.]) 1840-1920
1852-09-15,"From The Saota Fe Gazette July III


We learn from the trains that have recently arrived
that large number Of Indians OF different tribes
epcaDped along the Arhansas river when they out
br4 they all appeared p aceably disposed


Col Sumner. with Mcssrs Greiner ard Baird left this
city few Gays SINCE for Acoms where they expect
meet body 0; the ella Apaches.


We learn from Fort Defiance that the Eavajos have
commenced their agricultural operations, aod appear
very pesceaoly disposed


We learn from Mr.. Greiner who has returned from
Acorns that treaty concluded With the Gai
Apscnes similar TO the ratified in this city few days
since. rhose were number OF Apaches hconla
but few OF them came to tho meeting They shy,
and seemed 10 suspect treachery Mauus Coiorad,
the only chitf who came to the conference Mr G. in
forms US, boweyer that they anxious be peace.


detachment of new recruits from the States. Ter
command of Colonel Sesn arrived last week and 1T for
AlbuqueIGue, and other points, on rueslay.",,The New York herald. [volume] (New York [N.Y.]) 1840-1920
1852-09-15,"SPIRIT RAPPINGs-ANoTuER VICTIM. Catherine
Mlsbaua, a widow woman aud the mother Of i've child
rem, who resided, il We remember rightly for some time
the foot OF Walnut street, became some months
since affected with the spirit iappog mania aud deter
mined consult medium. and obtain spiritual inter-
view With her deceased husband Accordingly she
called upon Mrs. Person who pretended to have
mupcaton With the other world, ana through her
her husbands spirit summonedwe use the ridiculous
language OF the advocates Of hs ridiculous chcanery
the usual correspondence bsd between the dead and
tho living during which Mira learned that her hns
band was n heaven. with two OF her buried children
After this she frequently visited the honse OF Mira Person
md grew intensely nerested in every thing that spper
tainea TO the spirits until oy-nnd by Der neighbours
Observed her waning whion increased until she
longer considered proper member of society.
The result that last Monday she taken to the
Commercial Hospital and placed in the department of
sti remaina. and is regarded ncurable lunetic
Cincinnati Commercial, Sept 8.",SpInrr UNDERSTANDINGS ACKNOWLEDGEMENTS,The New York herald. [volume] (New York [N.Y.]) 1840-1920
1852-04-29,"Trade has resumed its activity, and the buyers from
the West and the North, and Canada The
export demand for staple cottons Is also active and
there is increased rmness in price Az regards thin
pressed the market and prices fceby supported
Woolens active, but without improvement in
price Auction sales both of foreign and domestics
numerous The number Of packages exported since the
list OF January is against 1923 last year. for the
same period There increase in the stock of beached
shirtngs and sheetngs; but the demand Is also
lively and prices are steady Brown goods rather
higher both drills and heavy sheetngs which in good
shipping demand the latter at c the former at 71c
Blue and bleachcd drills not plentiful the market
while the demand large Osnaburgs quick of SALE
with moderate supply. Dcnims quiet, large
Offering will be made Thursday at auction Stripes
are in better request and steady. Ticks dull,
Printing cloths rmer. with limited demand and sup
ply Prints are dull and heavy, except for few prime
styles. Ginghams active, at the uniform price of
lO1ac Lawns are in fair request at 10 1ac and the
finer qualities also moving freely at 141c
Delnines are dull and have declined in price
The clothers in the market for material for their fall


trade and considerable sales have been made of low and
medium qualities, but prices low the stock Us
heavy satines continue active at remuneatng prices
bread and mostly the very broad plaid
the prevailing fashion in cassmeres well satnes
the milder weather Plain styles and black sell mode
rately. Tweeds are inactive Jeans doing better.
Domestic linens attracting attention, and sell to fair
extent British goods only moderately active Irish
linens are dull British cloths are steady Dress goods
pressed for sale at rather lower prices Staple goods
are very firm. French goods very active. Thin
bareges selling ut very low prices; but the fine silks
and prime ribbons much rmer and better prices
be obtained than month ago. The auction sales
numerous and Notwithstanding the immense amount of
French goods already distributed through the land for
auction more goods offered and more goods cir
culacd German cloths offer pentifuy ut low rates and
considerably interfere with the domestic wooons. The
imports are light The goods now arriving surplus
manufactures and sent out here to sell for account
Of foreigHer The leading dealers sending out
their agents to Europe to make purchases for the fall


large importation Is then anticipated.",New York Dry Goods Market.,The New York herald. [volume] (New York [N.Y.]) 1840-1920
1852-04-11,"Withdrew with trembling stop Tho audience
were indignant at such conduct, and called loudly
for the director. He oamo forward and explained
that Mile. Roger had boon engaged to perform tho
character, but Mile Berthe. considering tho parS
belonged OF right to her, had dressed for the Cha
racter Mt her own home. and, coming into the
house stealthily, had remained concealed until tho
moment when sho rushed on tho stage, rs described
The director added that he had ordered Mile.
Berthe to leave the house, and that in few minutes
Mile Roger would, with the permission of tho
audience. go on with the part This explanation
WAS satisfactory and the piece terminated without
any further annoyance. Nile Berthe, agreeably 70
the rolice regulation has boon condemned to .
weeks imprisonment.",,The New York herald. [volume] (New York [N.Y.]) 1840-1920
1852-11-29,"Tho Departure OF the Steamship Mississippi.


THE sTRENG I'll OF THE SQUADRON, ETC.


Tho long delayed ravsl expedition Is at last partially
Its steam frgste Mississippi the ship Of
the squadron and bearing the broad pennsnt Of Commo
dore Perry, having sailed from Norfolk Wednesday
ast for Jeddo by way Of Madeira where probably tbs
quedron will rendezvous The storoship Talbot loaded
with mafei for tic expedition, Failed some little time
back The remainder Of tie vessels destined for tho
petition will follow it Is understood In detachments
they get ready.


The following axbiha thu sectiya foroe Of tao rnund",THE JAPAN EXPEDITION.,The New York herald. [volume] (New York [N.Y.]) 1840-1920
1852-11-12,"MYSTERIOUS AFFAIR-A PROBABLE MURDER =
Between the hours Of three and four o'clock Monday
morning the Messrs Fagau who engaged in the milk
business and who live about bali mile beyond the Pra
ric House started from their residence with view of
renrchng for hogs which had been stolen from them
They expected TO find tho lost property the farm Of
Of their peRhbors who resides about three miles from the
would return time to bring their milk wagon into the
city However up to the hour Of they had not bee
heard OF and Is feared that they have been murdered
while engaged in attempting to reclaim their property.
Their friends have deemed prudent to send Officers
In the direction there they went for the purpose of
ascereining possible, their whertabouts.-St. Louis
Union, Nor. e",,The New York herald. [volume] (New York [N.Y.]) 1840-1920
1852-11-12,"The pevs from has been sting 1t ha-
wing been stated during the week that instruction
had proken out and that the French minister had de-
mand,d hi passport neither statement correct. The
Dyan had however, been the greatest perpexty to
rsie funds to pay the nstallments of the repudasd loan
The Sultan had sent his plate to be coined but the Min
lister Of Fpsnce managed scrspe together sufficient
funds dispense with this sacrifice aud nearly the
qursd amount had been transmitted to London and Pa
ris Matters will now subde pesceably although the
prominent hand that Russia and France have had in the
affair cannot fail to be remembered",,The New York herald. [volume] (New York [N.Y.]) 1840-1920
1852-06-03,"CUPREME CoURT-sTATE OF NEW YoRK-EMMA
- Broome against John Broome. Special Term May 29,
1852. Present Hon. H. !. Edwards, First Justice, &c.
This having been this day brought be
the complaint this cause and upon the report Of Free
pears that all the material facts charged in said
true and that the has guilty
Of adultery therein charged; and motion Of A.
D. Russell Esquire Attorney for the above plaintiff il
dsrcd sdjudsd and decred and this Court by virtue Of
the and authority therein vested and in
Of stn.e in tuch case made and provided doth order
adjudge and decree, that the marriage between the said
plaintiff Emma Brsome, and the said defendant, John
Broome be dissolved, and the hereby dissolved
c0rdngy and the said parties and each of them freed
from the obligation, thereof Is farther ordered
plaintiff Emma Broome, marry again. in the same man
as though the said defendant John Broom was aetu
dead hut Il shall lawful for the said defendant
TO marry again until the said plaintiff, Emma Brosme, 10
actually dead.",LEGAL NOTICES.,The New York herald. [volume] (New York [N.Y.]) 1840-1920
1852-06-03,"CTREET DEPARTMENT, NO. 4HALL OF RECORDS
- Public notice hereby given that the resolu
tons presented the Board Of Assistant Alder
To fence vacant lots street and
Second to fence vacant lots south side Twenty
eighth street. between Fifth and Madison avenues to
Gag side walk north side street. between
Fifth and Madison avenues; to Tag four feet through


sidewalk Of street. between Third and Lexng
ninth street and Fourth avenue Also the following petit
tonto open Lexington from Ffteth TO
street. All persons interested having objections thereto
requested to present them in writing 70 the undersigned
At his Office before the tenth day of June next


May %, 1862. JOHN T. DODGE, Street Commissioner",,The New York herald. [volume] (New York [N.Y.]) 1840-1920
1852-09-22,"CTREET DEPARTMENT, NO. HALL OF RECORDS
- Public notice is hereby given that the following petit
have been presented in the Boord of AldcrmenTo
lay railroad sundry streets from Abingdon street
Of Broadway and Canal street, to lay railroad through
of Broadway and Fourteenth
street through Ninth and Tenth avenues to
lay railroad from Of Broadway and Fulton


street. through Church and other streets and Fifth avenue
Harlem rivers lay railroad from South ferry through
Greenwich Ninth and Boomngdale road to
Harlem ryer lay railroad from corner Of Canal street
Broadway through Mercer street. Waverley place. and
Fifth avenue Mount Morris squares to set curb and
gutter and flag four feet through sidewalks Of Eleventh


avenue from Thrtieth Fortythrd street; to macada
mize and build embankment wall in Seventh avenue from
Fynnh Seventy street, TO set curb and gut
space four feet wide in street,
between Third and Fourth avenues.


Also the following resolutions:To repair Fourteenth
street. between Sixth and seventh and raise and
relay crosswalks between Thirteenth and Fourteenth
streets lay crosswak from the Of Grand and Mad
streets Of Grand and Lewis srees TO flag
sidewalk Second street. between First and
D. to fence the vacant lot southwest Of Broad
way and Fortynnt All persons interested having
objections thereto requested to present the in
writing to the undersigned at his Office before the
fourth day of October next. JOHN t. DODGE,


Sent. %, 1852. Street Commissioner.",,The New York herald. [volume] (New York [N.Y.]) 1840-1920
1852-05-04,"MAY 3-This court convened this morning. before the
called only nine answered. and this number being insult
ficcnt to form quorum, they discharged until
tomorrow morning and the Court directed twenty. Eve
more to be summoned.


The Bank Forgofes.-This cause was on the calendar
for today; but was postponed, by arrangement until
Thursday


Singular Charge Of Ldyceay-Iarret Siegler reepec-
table'lookipg woman accompanied by two children
placed Mt the bar to two three indictments
which had been found against her for grand and petit
larceny 0nd only inquired into; and the pro-
sccutrx, Eliza Gormey stated that she had boarded
with the defendant, and missed clothing; ard on
asking for It, Mrs seger said she had but would not
give II up until she paid what due for board She
of the house The District Attorney stated that all the
other Of the charactor did not
think any Of larceny could be sustained he would
abandon the prosecution. The Court concurred and
verdict being formally takS he accused was discharged


Grand Loce,y-Jsmes Morgan and Joseph Palm.f wcfe
Jointly indicted for stealing S37 from the trunk of VIII
liam Bremall, in the month of August 1850 The pri-
toners demanded separate trials, and Palmer first
heard The compliments wife proved that Morgan at
the time In question, resided in the house with her In
Ludlow street and that hc lost the money. 1t was also
shown that having got the key Of the he and the
prisoner went up stairs during her ABSENCE and that they
mmc datey afterwards took their departure from the
city, and their whereabouts had only lately been dis
covered The jury RETIRED and after absence of
time. returned verdict Of not guilty, In the mean
time Morgan tried ana convictod--tbe Jurors not
leaving their seats lie sentenced years inn
prsopment.


There not being any other ready for trial the
count adjourned till this morning.","Court OF General Sessions.
Before Judge Becbe and Aldermen Westley Smith a,",The New York herald. [volume] (New York [N.Y.]) 1840-1920
1852-03-11,"The total receipts into the country have probably been
many minions more than the above aggregate and the
product In California probably ny per cent greater The
mines have, without much doubt yielded from one hun
ared and fifty 10 TIVE hundred millions OF gold dust sine.
fhe discovery Mort OF this has been obtained from IN.
dry and wet diggngs with rude materials and limited


eses 1t is only very lately that quartz mining ha.
been seored TO- and in the absence Of proper machinery
ths yield has been but moderate. The immense amount
81 gold dust produced in California has been pretty well
distributed and has been Of incaleulable service 70 this
ssDtyy, In consolidating ans strengthening our new",,The New York herald. [volume] (New York [N.Y.]) 1840-1920
1852-07-02,"4 ETTY HOUSE, YUNKEKS. ON THE HUDSON
~ Rver.This new capacious and elegant


now completed and open for th.accomm odaon of fam
ties The repete with every convenience sc com
fort attached is first livery stable arding overy
cles The trains and steamers to and from New York al
st hourly; the city being within hours reach affords
great who desire visit
ghtfu situations within 100 miles Of New York This
region of country being known its he h
fulnes together with its immediate proximity churche
Schools post oco &C. presents ADVANTAGES over almost
other country situation hin the distance Of
the great metropolis. HENRY DURELL.",,The New York herald. [volume] (New York [N.Y.]) 1840-1920
1852-12-20,"MERRY OBSERVATION-DISCLOSURES THE HOLIDAYS
Ivl in the following useful way


Kill the insects In your dwelling


With the powder Lyons selling;


Murder every mouse and rat


In your larder getting fat


With the stun that vermn kAs


Lyons rat destroying pills.
Depot for LYONS Powder witheut poissn for destroy
ing nsee aad for Lyons Pills. for discriminating rats and
mice, 424 Broadway.
DDITIONAL PROOFS OF THE VALUE OF VAN
""A Deusens improved wahpene IS one OF the most yalu
able and successful hair restoratveJ OF the day daily
increased Il WILL beyond all doubt change srAy air ""
its natural color and create and fresh In the place Of
badness Sold At 23 Chambers street. and by the Principal
druggists Of the oi,y.
CHRIsfMAs MERRY CHRISTMAS, WILL BE wITE
"" us Ia week,
And 70 these who would be handsome few words would
speak;


ysu your hair look glossy dark be os and clean
and fine,
You've give two shnss for This sweet hair stun Of
mne
And you'd have your skin look clear white spotisss asI
live.
twenty-five cents for Jcncss soap all you have 70 give
Just these spened articles reader the one Tor
the hair the other the skim you'd be delighted ~ ths re-
gult; they are 50 cheap two sh ngs Depos for
Che sale Of Jeness hsx restorative 03 Brosdway New
York; 76 FULTON street. Brooklyn a. South Third street,
Philadelphiai W. Il Ii. Taylor, Baltimore. -",,The New York herald. [volume] (New York [N.Y.]) 1840-1920
1852-04-18,"THE sJifLY NEUTRALITY-SUSPICIOUS. ETC.


FRoM REGULAR CORRESPONDENT


ALBAs4, April IL, 1852
The Legislature adjourned at half past ve o'clock this
morning
The Sapply bill under debate in house ths
ether for several hours 1t ultimately passed upon
the basis Of the report Of the Comntee Of Conference
The Senate reoeded from the amendment to the lill
striking out the appropriation t the New York yolua
teers-nOw fixed Mt $4,000.
Other important amendments, recommended by tho
Committee of Conference agreed TO- and then the
bill sent back to the House. with the amendments OF
the Senate striking the appropriation for books fur.
nsned members Of the Housc.
AT half past o'clock the House agreed to accept this
amendment thus bringing both Houses to agreement
and the session then finally closed
The following important bills left unacted upon
Ihs senate Excisc biz.


Tho General Savings Bank hill
The Colleges Appropriation bill.
The Building Societies bill.


The IMMIGRANT Passengers bill.
Tho Taxation of Railroads. bill
The Extension Of the Charter Of the New York Insti-
tuto for the Blind bill.


The Anti Rent Stay bill.


The bill relative 10 Divorce.


Tho Insurance BILLS.


Tho disposition Of the Chancery funds also of the
claimed dividends and deposits in savings banks.",,The New York herald. [volume] (New York [N.Y.]) 1840-1920
1852-10-19,"Before the Recorder and Aldermen Oakley and Ward


Ger. Is - Bigamv-Joh Burden pleaded guilty to
indictment for bgamy and sentenced to the State
prison for two years


Robbery al sWake James Bartlett, young Irish
who locked like hard working mechanic. and ;ndf
erenty honest was charged with stealing two shaws and


purse the property Of Ellen Ryan the night Of the
9th September BY the evidence very fairly and candid
ly given by the prosecutrx comcy young widow ap
peared that her husband Michael Ryan, died the day
above mentioned After the custom of the old country
wake had at her house, in the Third avenue be
EEhtyfourth and Eighty fifth streets, to which many
guests were bidder, Of whom about thirty attended
Among these the prisoner who a cousin of the
deceased and came with his 1.-THE deceascds) brother
Thomas Ryan. plentiful supply Of liquors pro-
vded tor the company by Thomas Ryan and the prisoner
when last seen between twelve and o'clock at night
articles purloined during the night and the next
day the prisoner and Thomas Ryan found together
In state OF intoxcaton and arrested the prisoner hav
ing the sbawls concealed about his person Ryan had


The Assistant District Attorney abandoning the charge
grand larceny the jury found the prisoner guilty
petit larceny and he sentenced to tho city prison for
thirty days.


Rcj5erp in a Lodging House-Johu Crowley pleaded
guilty Of stealing purse containing $3.50 from Mrs.


ealty OF 20 Cherry street. in whose house he lodged
Paul Heating relation Of Crowley. who indicted
with him. tried aud convicted Crowley was seen to
take the purse aud afterwards found upon Kcat
ing They were sentenced to the State prison Tor two
years each.


staJJing Second Trial-John Wilson a sea-
man who stands indicted for stabbing Peter Clark the
bsrkeepcr OF the Peoples Hotel Cstharne slip on the
night Of tho 1st August placed upon his trial Sc.
cond time The aay in consequence of the prise.
ner and six or Others having supped and being about
10 leave without paying when clark demanded the money
OF them aud Is alleged that ia the Of the SQUAD
pic wilson stabbed him with knfe. The was tried
ana fully reported, and upon that occasion tho
Cd when the Court adjourned the jury sepsratng by
consent.",Court or General sessions.,The New York herald. [volume] (New York [N.Y.]) 1840-1920
1852-04-19,"BALTIMORE, April Is, 1867
Tonight's Southern mail brings the intelligence that
the steamer Frances Jones' from New Orleans the
Sabine river had gone ashore the beach and would
be total loss. Cargo saved. in damaged condition
The consolidation Of the municipalities Of Now Orleans
took effect on Monday last.


Crist, alias Cabman the murderer of Nye has arrived
OF Mobile, in custody Of officers.


Yesterday morning locomotive on the Baltimore and
susquehanna railroad exploded Harpers Ferry
stantly killing Thomas McMakin, engineer on tho
road and fatally inurng the engineer and scaldng the
fireman and several others. Cause Of explosion not
known.",Items from the South.,The New York herald. [volume] (New York [N.Y.]) 1840-1920
1852-03-25,"T COOKING GLASS AND PICTURE FRAME MANUFAC-
- tory Nos o. 90 and II Forsyth street. New York.


The undersigned having devoted his attention
many years tbs Looking Glass and Picture Frame bust
fully competent by his experience execute work
OF description in his line, that viii glyc satisfaction
the most particular Being probably the largest and most
extensive establishment Of the kind In this
others variety
stock and the long established and continual Of
trade from all parts OF tho Union with the many improve


mens the undersigned has made in his machinery
enables him to sell his articles Mt less prices than other
manufacturer and he respectfully socts his friends and
the public in general 80 call and examine his large assort
mont Of Looking Glasses and Picture Frames previous
purchasing On hand, Rosewood, Walnut. Mahogany and
Gilt Moulding Of every description and all ship
ping. All communications through the Post Sc
thankfully received and punctually attended Direct
box l0l, Chatham square Post Ofice. 81. SIGLER.",,The New York herald. [volume] (New York [N.Y.]) 1840-1920
1852-07-13,"WLLouGHBY LAKE HOUSE, TWENTY MILES
This Lake. sGordng the widest and most picturesque
known except the hunter fisherman The facilities Of
aseess now aoTded ny me TO 81 !ons
the above house to open coach road the lake. and
erect the the most spacious hotel in this
ton Of the State sparing EXPENSE either in building
furnishing to render desirable all travelling
for pleasure search Of magnificent Theiake
Is some six miles long, lying between two ain which
rise abruptly 70 the height Of two thousand either
edethe between the being but half mile
in width From the piazza Of the hotel the mountain
In full view and reached by bride path around the
Of the mountain From the summit Mount Annance) the
view unequalled The Of the White Mountains
the and SOUTH the Green wet; and
north Lake Mtmphramagog. Owls Head aud the plains
and mountains Canada Pleasure boats always readi
ncssfor parties wishing to sail between the
wake the echoes from among the rocks for the mus
the hotel fine view through the gorge in the mountains
Memphramagos twenv6ve miles Distant in Canada Good
coachss with attentive dryer wh convey passengers
connect with the and White Mountain coaches ST.
Johnsbury being the point by railroad to the White
Mountains visitors there will find the trip TO Wloughby





REMIS A.",,The New York herald. [volume] (New York [N.Y.]) 1840-1920
1852-11-08,"CoScrRr IN METROPOLITAN Hall To-NGur.-A grand
vocal and instrumental concert of this evening in
Metropolitan Hall, in which Mdlle. Camille Urso, the
young French pioiinise, Madame and NJ Oscar Comet
tsnt Herr Feitlnger NJ Bouanger and Signor Urso
to take part The proceeds of the concert for the
benefit OF the Roman Catholic Orphan Asylum and this
fact combined with the atractiveness Of the programme
will doubtless secure full house.


Tx THEATRES The entertainments announced for
this evening the respective theatres and other places
amusement such must draw large audiences. For
particulars refer readers to the advertiseme
and programmes Madame Anna Bishop with toersbly
fair opera troupe appear at Nibos Miss Julia Dean
the broadway Waack IA celebrated actor at his theatre
Broadway near Broomc street. Burton with hts star
paDy, at Chambers street; Hamblins dramatic com.
pany, with Eddy and Miss Heron at the Bowery; and
Mr. Jones, Mrs Nichols and Mcssrs. Cony, Taylor and
Master Cony at the National At the American Museum,
Ctrstys Opera House, Whites Varieties, aud Wood
Minstrels the usual pleasing entertainments offered
fer the amusement Of the dramatic public.",Musical and Theatrical.,The New York herald. [volume] (New York [N.Y.]) 1840-1920
1852-11-08,"This address had been clipped from q copy of the
HERALD, and pasted on a piece of white paper,
which was secured to the outer envelope by sealing
wax, impressed with an American half dime. The
""private and with care,' was badly printed with q
pen. Just over the direction, and also printed with
. pen, On the brown paper, were the words


NATIVE SILVER AND COPPER ORE


FROM THE CUBA MOUNTAINS


WITH LETTER INSIDE THE BOX
Under the ribbon which tied the parcel was =
finely glazed or enamelled card, directed follows,
in the same manuscript PRINT


Senior v ALCAZOR


OF CUBA


For MIR BENNETT",,The New York herald. [volume] (New York [N.Y.]) 1840-1920
1852-05-18,"ARRIVAL A NorAriLrrY The Countess Of Landsfed
Ooa Montes) arrived in town yesterday and took
magnificent private apartments in Warren street She
left Rochester at eight O'Clock Sunday night During
her visit Western New York shc has performed eleven
times danced thirty made eight speeches smoked
fifty. five cigarettes delighted ten towns, astonshed six
railroad conductors blown up six hotel keepers for bad
fare denounced tho Jcsuits forty times quaclcd with
managers and cctured four love stricken youths She
appears to- night at the Broadway. and will play in
the piece which has been written for her. in which
the good King Of Bavaria pair Of Jesuits Kosuth and
three red republicans will all be put the ragc in full
character. None Of the wandering princes counts ba-
chevalicrs from Europe, with heavy mousachcs
need call upon her She keeps stout Irhman Fix feet
six, at her door with orders to knock down all such visit
at their first apperanceprcc fifty cents piece for
every clear case Of dclvcrancc.",,The New York herald. [volume] (New York [N.Y.]) 1840-1920
1852-11-12,"Vursy Furs! Furs !-RaMerty u Lcask
vaAs TO let their friends land the public all their


know that they have hand the richest assors
with care and the taste for which they are pro-
verbal and that other house offer the same induce


snt to the they Their brill ant sue
ccs since the opening Of their store
that their efforts appreciated and leads them 80 nope
that the ladies will show them the favor IN the ur
hps that the gents have in the hat line BY the wy tney
believe in w6mens rights. Their stores are 81 hatham
street. opposite Chambers and corner OF Chatnam ana
Pearl streets,",,The New York herald. [volume] (New York [N.Y.]) 1840-1920
1852-04-15,"NAPOLEON HOTEL AT HOBOKEN-WASHINGTON
street, Of First street. two minutes walk from
the ferryThs and splendid establishment kept in
the American and French Styles by g. r. Dlrernos Of Pa
chief the cuisine at the New York Hotel has during
the tbs Of t operation, obtained the most fater
support of MI amateurs Of comfortable and elegant
both OF town and country this hotel cannot be too
strongly recommended. Elegant furniture, the
eherche fare wines and liquors really from France
and splendid view Of the bay New Nork what the
proprietor of this establishment all who would
honor him with their support Large and small saloons will
be always disposal private Of parties The
and tranquility this hotel have made il the
the best society thereby aordng also is patrons
portunty Of acquiring complete familiarity with the
refined style Of French language and pronunciation


WORK FAMILY HOTEL, NEW BRIDGE STREET,
Ludgatc Hill, London-The above house is centrally
stuated has excellent coffee ROOM twelve private
sitting between forty and fifty light airy bedrooms
good smoking cold and shower baths always
ready night porter attendance fixed charge for
wants the New York Herald is fled Thomas uartermane
his grateful thanks his American
avors he has long enjoyed at their hands and seits
their continued patronage and recommendation.",HOTELS.,The New York herald. [volume] (New York [N.Y.]) 1840-1920
1852-09-15,"The Roman Catholic Bishops, OConnor and Vanderbi
had arrived Romc the latter bearer of the decrees
Of the first Roman Catholic National Convention in
America held at Baltimore few months since


letter from Rome dated Gath August, says tha. the
specsl envoy (name not mentioned sent by the Eng
lsh Government to convey their friendly feelings to the
Pope. bad been very CORDIALLY received.


The mail between Civta vecchia and RENE was recently
stopped and robbed by eight brigands.


conspiracy has been discovered in Sicily The con-
spiators in communication with Huggiero Siltiao
chief of the ex government, now refugee at Malta
The centre OF operations at Castro Giovanni the
coDspators had succeeded amperng with Of the
troops.",,The New York herald. [volume] (New York [N.Y.]) 1840-1920
1852-08-03,"THE EIGHTH AVENUE RAILROAD.


In the Board of Assistant Aldermen last evening Asst
AID MABBATr moved that the preamble and resolutions
concerning the Eighth Avenue Railroad be taken up and
passed Notwithstanding the objections Of his Honor the
Mayor. Mr.. Mabbatt stated that he made this motion
for the purpose getting this subject before the Board
He should vote against the motion himself.


Asst Aid. BARKER seconded the motion.


Asst. Aid. WELLS moved to lay Asst. Aid Mabbatts
motion the table.


Asst Aid ]. w. Brown said he did not consider the
paper properly before the Board The question said he
has arisen to whether Aid. Compton had the right
to act Mayor at the time he signed the Eighth Ave-
ordinance and pending the decision Of that ques-
ton he did not deem it competent for this Board to take
any action on the question now before the Board.


The motion to lay upon the table prevailed but
subsequently reconsdered and lost The motion was
then renewed to take up and pass the preamble and
lutons notwithstanding the veto Of the Mayor This
ton prevailed motion to reconsider the last
then nut and lost",BOARD OF ASSISTANTS.,The New York herald. [volume] (New York [N.Y.]) 1840-1920
1852-04-20,"Au0mS from B0ltlmOrGs
THE LOSS OF THE FANNY-SMALL POX ON SHIPBOARD
-AURDER-ELOPEMENT-BA AND OHIO
RAILROAD STOCK, ETC.


BALTIMORE, April 10 1852.
Tho ship Fanny, Of and for Baltimore from Liverpool
which abandoned in a sinking state was owned by
Captain James Frazer James Corner Sons and Captain
Barnett. and was insured for $4,000 in the Atlantic
Merchants, Maryland and Ocean Companies of Balt.
more, and the Sun of New York. She was new ship
left Baltimore in March 1850 for San Francisco and
been sailing round the world since.


The Southern mail has arrived by which learn that
the ship Samuel Lawrence had arrived at New Orleans
with 6O7 steerage passengers, amongst whom the small
pox was prevailing Thirteen died on the passage.
Another murder has been committed In New Orleans
man named Dickson having been stabbed by Mr. Foylc
engineer in his employ.


Miss Oceana danse,se at Front street theatre eloped
this morning with lover from Pittsburg Her parents
are In pursuit.


Nothing has yet been heard Of John Grayson of
Governor Grayson who disappeared from Baltimore
mysterously His brother traced him to Charleston but
beyond that point could gain clue Of his course
Proposals. for the sale Of 3048 shares Of the Baltimore
and Ohio Railroad dividend stock opened day at
the Mayors Office Messrs. Lee & Johnson, bankers
took the whole at $40 o. These the only bids-the
ordinance authorizing the sale having fixed the minimum
price Of the stock at $40",,The New York herald. [volume] (New York [N.Y.]) 1840-1920
1852-04-20,"Tho Latest from Albany.


TIE CANAL OPRNING-THB AUDIrOR-THR CANAL


BOARD-MANDAAUs CASE, ETC.


SPECIAL CORRESPONDENCE HERALD.


ALBANY, April 10, 1852
The Commissioners have determined to open the canals
tomorrow although some Of them not in condition
for The banks still filed with FROST and in some
places the Ice yet remains The resident engineer how
has been the entire western section gave
orders to let in the water this afternoon says that
the new work is solid and will stand There no
boats here Of number pressing westward In other
years there have been several hundred the opening
navigation. Thore is no doubt but much difHoulty
will be experienced Thousands of tons of the bost pay
ing freight daily shipped by railroad to the Westo
the great detriment Of the canal revenues


The Canal Board has adjourned until the 18th May
about which time decision is expected from the Court
OF Appeals. The Auditor still refuses pay the Com
missoners' drafts to contractors and he equally dsre
CARDS Cushng's Canal law. The contractors have sus-
pended their work and will await the result Of the
damus case. w.
OFFICIAL ORDER FOR THE OPKNING OF THE CANALS


ALBANY, April 10, 1852.
The Canals will be open. without fail Tuesday, the
Goth. JC MATHER Canal Commissioner",Tho Latest from Albany.,The New York herald. [volume] (New York [N.Y.]) 1840-1920
1852-04-20,"INJURY TO BUILDINGS, ETC, ~ NEW YoRK-maa


TIDE, ETC.


Tho violent rain storm and heavy gale of wind, which
set in about eleven o'clock Sunday night, continued
without much inermisson abatement till the hour q
our going to press this morning. About eight O'Clock
ast evening"" tho rain and the heavy wind somewhat sub
sided but this WAS mere temporary u for tho wind
Afterwards blew with tremendous force Judging frosA
tho violence Of the storm have doubt that CONF
dtrabe damage done TO buildings other property
In various parts of the city We observed great many
awnings rent in pieces and several streets srcwed with
barrels and pieces Of lumber that had been blown about
in every direction We also understand that tho tide
rose to such height that the water rushed over the
deck nundating the streets along the docks and causing
considerable damage to property by water rushing into
the cellars. The attic story of brick building In
Fortieh street blown down and but for the dwelling
being very strpDg and well braccd IL would have all aon
to the ground, One of tho huge chmncys the rod
derce Of Justice James H. Welsh, in Pearl street. wss
alo blown down, and the mass Of bricks and mortar
tumbed through the chimney where the parents Of Mr.
welsh were sleeping, who were considerably alarmed In
consequence. The sailor, John Thompson who is mon
toned elsewhere, adjusting Of the hawscrs 70


protect the ship from being damaged when the gallo sok
him from his feet. We expect to hear Of considerable
damage done to the shipping along the coasts.","EFFECTS OF THE STORM,",The New York herald. [volume] (New York [N.Y.]) 1840-1920
1852-09-12,"A Street conversation. = A well known
commedan of acquaintance stopped friend in froat
of the Herald office yesterday morning and after ganeng
his wardrobe which of the order seedy, sad Now


going talk you like father ""A Roman Father
fnty hearted father fatherf whichl""-
""No neither but like Patriarch Of old. You in vevY
bad condition and wardrobe needs repenshng Cos
Smith and Rice lt2 Fulton street. and there,
for trfe you will produce dress that will make
you look like Lord Speak not but CO. Struck with thia
disinereted advice the addressed left he and ia
now doubt wiser, if not a better nan.


Card for the Ladies of New YOrk.-Me~
tropolitan Lace and Embroidery store. 557 Broadway
JOHN MADDEN opened the above store Wednesday,
Sept lt 1852 with original plans aud entire stock
of Embroderes and Lace Goods direct from Europe La-
dies visiting New York specially invited to call.",a Strcet conversotion. we'll knoxvm,The New York herald. [volume] (New York [N.Y.]) 1840-1920
1852-10-29,"Captain Foster Of the bark Sierra Nevada reports that ho
sailed Newport nles the 18th September On the
morning Of the 10th got and hove the ship TO- at half
land the pilots sent the boat ashore in charge Of
the second and with the pilot with
TO land at certain point and return immediately. The
boat instead Of landing at the point directed landed at
small by and did not return Captain Foster
NAMED until Pm, waiting for the boat when the weather
became threatening the wind blowing the shores
be deemed his position dangerous and the also
Voluntarily aft and quested him TO make sail they
deemed necessary for the safety Of their ves declaring
their Willingness to proceed the voyage ehot handed
preference the risk remaining lee shore with
threatening gale and there being appearance OF the
boats return, he made sail and the voyage
The being clear, and the bark within mile two
the shore had the boat put of her return she could
easily have been with the naked eye.


Br steamship Derwent dropped down from the dock
yeerdny afternoon alter undergoing the necessary
and anchored of the Battery.


BY typographical error, bark Sherwood"" from Savan-
nah instead Of appeared under the head Of Below
mat",,The New York herald. [volume] (New York [N.Y.]) 1840-1920
1852-08-07,"PHILADELPHIA, August 0, 1852


The extreme sentence of the law on skupns was car.
red into effect at II minutes asst IL o'clock this morn
Ing Sheriff Deal with his hands, pulling the cord
that caused the trap to fall The clergy and about
only witnessed the execution the Sheriff having
withsood the innumerable solicitations for admtance


Tho spiritual advisers of the cupr with him all
night lie sent for the chaplain Of the prison Rev WIN
Alexander, and took apparently affeconae leave of
him. He was calm, in his department. A few minutes
after IL O'Clock Mr. Freed the keeper of the prison. ac
companed by the Sheriff. Mr. Deal entered his CELL pin.
ion and prepare him for execution This very az
fcctng The procession was then formed and proceeded
arriving at tho drop the priest asccned the platform
with him, accompanied by the Sheriff They spent few
minutes in religious duties Tho priest then said that he
was about to die for crime of which he did not acknow
ledge himself guilty.


Skupinski's last words weTc-""I am innocent; did
not deserve this death at least for the crime for which
tried. Guilty not guilty am prepared to dien
lie added something more in low tone which could not
be understood by the Polish interpreter His body has
been inferred by the priests


This was all the confession that made.


The priests having descended he was left alone with
the Sheriff who adused the cap and rope; and after
shaking hands with him, also descended and in few
minutes the 1ope was severed and the unfortunate
Skupinsk displayed great rmncss and held the cruci-
fix steadiy no trcmor, not muscle seemed to move.
When he dropped, his hands moved slightly for a few
minutes and then all was still


After the cuprt fell, o nervous reaction produced
tremor upon him The Sheriff and gentleman sup
ported him on each sde and he rcaned his wonted
frmncss.


When all was over Blasc was told OF the execution of
his brother and requested to be taken down to the
remains, which was complied with. Blaise deeply
MISUNDERSTANDING many tears and embracing the body
lie appears now very anxious about his own fate which
depends upon Governor Bger The brothers had three
interviews prior to final separation.


handsome coffin was provided and the remains were
passed to the priests who conveyed them away for
interment.


The Sheriff performed his trying duties admirably.
He has been most humanely attentive to the prisoners
deputaton arrived during the morning to ask few
questions about the Cosden murder bat the priests inter-
fered and would not permit any question TO be asked
biography Of the prisoners life has been prepared by
the priests in attendance, which will be translated and
published tomorrow.",The Execution OF skupinsIxi.,The New York herald. [volume] (New York [N.Y.]) 1840-1920
1852-05-29,"From the Trenton Daily American 18th iast.l


Yesterday morning at six O'clock the train, which
starts from tho depot at that hour, had been TO
South Trenton after the passengers and was passing
ON to the State street depot The switch and bridge
TENDER stationed at the Canal railroad bridge, as
soon as the train passed by, turned OF the bridgeto
let the boats pass, and, instead Of altering the
switch at the same time, went into the small house
to attend the fire. While there, the cars left the
State street depot, and Of course run directly on
the track leading over the canal. The railroad
bridge being turned off and the rails not connecting,
the locomotive came with great force against the
projecting ends Of the pivot BRIDGE which forced 1t
to the left 1t followed the course Of the pivot
bridge short distance, and then stuck fast, some
twenty feet from the end. But for the impeachment
it received upon first striking the pivot bridge, it
would have been precipitated into the canal, and
very likely dragged some of the cars along with it.
The sudden turn to the left was most fortunate
one, and probably saved both life and property.


The engineer jumped of as soon as the locomo-
tive struck the first bridge and received no other
injury than slight hurt in the back.


The locomotive was injured about the car, and
very slightly in the machinery.


The bridge was slightly damaged, which it was
thought could be repaired in few hours.


Quintins line went by way Of Bordentown, and
took the boat, which was still waiting for the other
line


The six o'clock line from New York continued
down on the Jersey side.


The nine o'clock line from Philadelphia came up
as far as the bridge. The passengers crossed over
the canal on boats, moored across, and took other
cars. The line from New York, due here at half
past ten O'Clock, was similarly disposed of-the
passengers walking over and taking the cars which
had just brought the Philadelphia passengers up.


1t was thought that by evening the bridge would
be ready for the trains.


This accident, of so threatening character,
turned out most fortunate The cause Of the affair
will probably be investigated and steps taken to
avert similar catastrophe",,The New York herald. [volume] (New York [N.Y.]) 1840-1920
1852-09-05,"Again are our columns literally ovcrfowing with
Late and entertaining intelligence from all points of
the American continent, among the most curious Of
which is the announcement, In despatch from
New Orleans, that the steamship Daniel Webster
has arrived ut that port with TIVE weeks later news
from California. This despatch brings the unex-
pected and gratifying information that the Boston
clipper ship Stafordshre, hitherto supposed to have
been lost had arrived at San Francisco, after pas-
sage Of one hundred and one days What makes
thf statement appear most singular is the fact that
she spirit rapper recently consulted relative to
the fate Of this vessel and they pronounce her TO
lave arrived out at the very time she now reported
10 have done The cholera Is said to have DESTROYED
n large number OF lives on board the Golden Gate.
New gold minos had been discovered; but the labors
of the dggers were greatly retarded in consequence
Of the lengthy drought.


Politicians Of all creeds viii again find great
deal Of interesting information In our telegraphic
columns this morning. Aecordingto our dispatches,
the democratic mass meeting held at Reading, Pa,
yesterday was ono Of the greatest affairs of the sea-
sen This was % have been anticipated, from the
Act that extensive preparations had been made TO
concentrate, not only the masses, but Likewise The",The News.,The New York herald. [volume] (New York [N.Y.]) 1840-1920
1852-04-25,"ERANKLIN MUSEUM, IT'S CHATHAM sQUARE.-GE0.
Lea, Proprietor.-Two performances given every
day, encing a O'Clock the afternoon, and half


past in the evening This estabhment 10 the only place
The Of Of Artists selected
""Mlle CABINET, Premier Model to this establishment
magnificent series Of groupings will be produced carefully
new properties and appointnepts ""Leas Female Opera
will appear eyory afternoon aud evening Mons Lafarge
original Antpodean Pedestrian will walk head down.
i,Sm she ground and eighteen in which shroy


world ever produced Monsieur CAIN the strongest In
che world, will break with his naked dst any the
suence nay choose with other unparalleled feat
Of strength The unrvaed tribe Of ""Acrobatio Sisters""
producing great excitement by their extraordinary cxhib


ons. variety Of miscellaneous entort ailments given
afternoon and evening such other
in the world For full Of each


Sests in Private Boxes 90 cents Orchestra Seats with
cushioned chairs 1s cents; Boxes, Is cents. Gallery",,The New York herald. [volume] (New York [N.Y.]) 1840-1920
1852-04-14,"NOTICE TO HORSE OWNERSHIP JUSTICE TO Alb
former customers for the Equnran Condition Pow
dcs prepared by and which had gained such uniyor
cal commendaton hereby caution them against all nnoya-
ons attempts Of substitution and also to make known
10 them that in selling store that did not To the pur-
chaser oft give sell make known the composition of the
Equsrian Condition Powders; but have since sold the right
ute and interest with the and original recipe 20 VIM
Dunha who Il alone the only that supply the
i1G Broadway. w n, WYATT.
TIVE EQUARIAN CONDITION POWDERS HAVE


rom Their own merits become staple and most salts
factory medicine FOR the OF Dstcmpor Pink Colds
Soldering fascey Jumps on the skin lido Bound
Rough Coat Mango and Surfe Distracted Urnc SweIed
Legs Less Of Appetite Impurities Of the Blood want
condition Perfectly safe and convenient 20 be given
sold only at the Principal Depot 40 Broadway Rushton
Clark Co. no. 10 Aston House, 273 Broadway my
appointed Agents. Price 90 cents package.


WINS. DUNLAP.",HORSES.,The New York herald. [volume] (New York [N.Y.]) 1840-1920
1852-09-06,"The rsEArAEa--The Bowsry introduces 10 night .
bssut6ul drana called ~ Flowers Of the Forest wh
new scenery appropriate costumes music and every pro
Derty which add to it's effective representation At
the broadway the Irish comedian and
hit M Collins viii appear In two Avorite pieces the
Irish AmbS sador"" and Teddy the rer."" AT Niblos
Garden Miss Fitzpatrick and Mrs John Drew will appear
in the Hunchhackn and Nile. de Melsse and M.gein
agrand Pes De Deur At Bnrton the amons pieces Of
the School 4 Reform"" and the Mummy with cast
Of characters that cannot be equalled The Nstiona
presents drama for the frst time called Laid up in
Port and tight rope rfcrmsnoes BY Leon Javeli The
amssements at Castle Garden for the benefit OF the
Dramatic Fund. Eliza Logan takes her benefit at the
New York theatre. The pieces selected Romeo and
Juliet"" and the burlstta Of Ohlor0form The Ameri-
Museum presents bill Of great variety and Chrlsty
and Wood offer negro amusements Of every charaster
Mad Abon gives her grand concert Tuesday evening,
and Wallack opens the Lyceum with fine company On
Wednesday evening next",,The New York herald. [volume] (New York [N.Y.]) 1840-1920
1852-06-20,"Town AND CoUNTRY.-The extreme heat of the
weather for tho past three or four days. has operated
in hurrying out Of the city great number Of those
who had determined on ruralzing for the summer.
Many private houses within that time have become
emptied Of their occupants, and the crowds at the
hotels arc also considerably diminished. The
churches are losing their congregations, and the
pastors preparing to close the concerns for the
season. The theatres, too, but thinly attended,
with the exception Of the monkcyfed Astor Opera
House, Niblo's, and Burtons, which still continue
to De crowded. There are, however, a great many
who have deferred their departure until after
Alboni's first concerts, and then the rush out Of
town WILDE tremendous. Those who long for cool
shades and delicious sea bathing, can be gratifed
to the full extent OF their desires at Fort Hamilton
and Coney Island, which offer the finest beaches in.
the world. Hoboken il delightful in the morning
and evening, ard viii attract immense crowds Of
vsitcls Sundays and through the week: and
there besides some dozens Of beautiful retrrnts
IN every diueciion with,n half an hours drive or
sal from Now York Which viii AFFORD shade. aud
pgasuc. and relaxation, ~ the oseivrupgbl dcni.
zcns a The city.",,The New York herald. [volume] (New York [N.Y.]) 1840-1920
1852-09-29,"61J and upwards and 'Cnrtmon, ""wednesday, got NOV.
Persons desiring licenses, Will apply after tse
November The numbers must DO newly painted caoh
sds q Tho cards according TO law and the carts 70
the south side Of Chambers street, opposite the City Hail.
whore they viii be inspected and the old after being
E,sst Marshal renewal Cartmcn particularly
goed appy tho designated above for their
syesvs nuhers II 10 moo lawful 70 renew hceneep after
tho day October The attention VI all keep
ing ueing express wagons baggage wagons and other
articles from psce TO place
within the city directed 10 tpe following extracts from
abe Ordinance .
aestion /. Every cart truck, wagon, avay other
vehicle, drawn by horses or other animals
which shall DO kcpt used driven employed tor shs trana
YsRaton OF anything whatsoever from place
10 place within the city OF New York for hire wages pay
Der sach transportation shal be deemed Pabe caEt
within She meaning Of this ordnance and person who
sa up Keep, drive or employ any such public
aid city hereinafter sided shall DO deemed salty
II violation Of this ordinance"" and subject 20 no rot
exceeding ten doars, Imprisonment net exceeding ten
Sestjon 4 ""ft shall not be lawsnl for
Any pcyson TO receive 10 hold license 60 keep Public
Carts be Public Gaftmap unless he citiseH OF
the United States and hes family and resides with his
ny IN said city not having family shall have resided
himself therein aujng tho six months preceding and the
actual OF the cart CARTS with good horses therefor
licensed TO be kept public CARTS AID the Mayor may
examine under oath all persons applying or holding such
Noanse kho reueva thereof touching their qualifications
sfoycsad and all licenses oher than 10 quail
hai, shan bo void""


NJ oydsr Of lie Honor, The Mayoy


ASHER TAYLOR, Eigtt Marshal",,The New York herald. [volume] (New York [N.Y.]) 1840-1920
1852-12-18,"The ladies Of the Home Missionary Society held their
annual celebration for the benefit Of the Five Points
Mission. yesterday The afternoon concert
ously and ashionaby attended and the performances
very pleasing and satisfactory The orchestra
played overture from Auber, which followed by
romanza surg by Sgnor yett and Lovers ballad My
Mother. Dear by Mrs. Stuart The children Of the
Mission School, clean and comfortably clad, occupied
the ,tage and sung with great effect hymn composed
for the occasion Signore Petit. Mr. Kyle the lat!st
gienor Coetti aud Mr. Robert Heller the pianist


buted their services and gave cca to the concert In
the evening crowded meeting was held In Metropolitan
Hall with Jacob A. Westervet Mayor elect in the chair
The proc edipps opened by prayer after which the
Rev j.. D. Hagany read the following


ADDRESS.


Four year. ago the Ladies' Home Missionary Society Of
the Methodist Episcopal Church resolved to establish
tee Of nemen surveyed the entire field and reported
that there opening that no building could be OBJ





their suggestions But during the succeeding year:
hopes prayers and determinations centered more and
more around that neglected spot until, ere Its
close, they resolved to apply TO the Conference
for missionary, believing tina, an open door would
with their request and missionary sent. The ladies'
feeling the cicultie that beset tnsm In sphere liKe
that and s Y the na%ss Of Of sss
tlemsn, Of high rcspec,abil,ty and standing who
formed into Advisory Committee to the Board. who
empower to find suitable place, and to make all
necessary arrangements for the opening of Sabbath
school Obstacles seemed 20 vanish before them. A
found at the OF Little Water aud Cross
streets twenty feet by forty thoroughly clcaned
ard seated at the expense OF the committee and thus
made capable OF accommodating two hundred persons.
The Sabbath school imme diatey organized with
about seventy scholars.


The first lev ssb5aths they unruly, but
yielded to the bdy influence thai surrounded them,
and became very attentive and Interested Immediately
the organization Of the mission the necessity OF
day school becSme apparent IL was found that weekly


impressions too to be Of much benefit to
children who during the other six days exposed to
the inHu, which ever rested upon those residing
there Preparations made for Its organization Do
OF books maps and states received teacher
was rejected With the approval Of the entire board and
the ladies rejoicing in prosp.ct Of the dlment OF
their most cherished Plans when In this intiatory
fage adverse Influences interviewed which, by placing the
school in other hands removed entirely from the con-
troll OF the society and Of Ia degree from the d
rect rluencc Of the mission Intenperancc prevailed
fearfuy in this region that all immedistely felt that
nothing could he effected until this evil was restrained.
Temperance meetings Immediately instituted and
held frequently In tho mission room The friends raj.
lied there, sang temperance songs, and msde earnest
speeches During the FIRST year thousand sgned he
pledge and since then there has been steasy increase
and II has been confidently stated that In large ma
iority Of the pledge has been faithfully kept


The second year opened with the appointment cf Rev
j. Luckey aie Chaplain to the Sing Sing STATE PRISON.
10 that Geld Of labor


He and bis devoted wife have penetrated its DARK al
lsys and explored every Of Cow nay and che Old
Brewery The vretcbed Inhabitants Of garrets and Gel
lars have had their word Of counsel and their cheering
aid Their utmost influence has bsen exered induce
the children to attend day school instituted and sup
yhited he sick aud watched With and dre,ted the dy
irg 10 him who could TO tho utternost And We
y,Itufe h through them aided 81 laaies and
1leEen connected With the Mission, moral influence","Celeb, alton OF the Old Brewery School",The New York herald. [volume] (New York [N.Y.]) 1840-1920
1852-12-04,"HABEAs coRPus-FAMILY JARs-GosE TO con-





Dec. 3-Tbe petition Of Otis Ormsbee OF Glen Cove,
Queens county states that Otis Haskn 0rmsbee his
aged between seven and eight years and Anna Holmes
kins and Mary Haskins without any legal process The
petitioner married 10 Della, daughter Of the other
defendants, Mr. and Mrs. Haskins who subsequently
left him the 10th Of November 1852 taking with her
the two children under the pretext Of ling her birth
day with her father and mother In Williamsburg Long
Island. The petitioner in short time went to the
bouse Of Usskns TO ask after bis wife and children the
door locked and be spoke from the outside; Mrs
akns refused TO open the do and he enqured where
the wife and children her first reply sbe left
this roof at day light yesterday morning with her father
70 TO the convento Petitioner went afterwards to Mr.
Haskins Office and asked him where be could find his
wife and children but he refused to give him any further
information than that they were gone TO converts the
petitioner has not since been able to ascertain where they
are The wit Of haJeas corpus has been issued and the
ase wn be heard ON Monday. The petitioner formerly
KEEP, ine Waverly Hotel, New York and keeps the
Pavilion Glen Cove","Court of Common Plsas--In Chambers.


Before Hon Ju jqe Daly",The New York herald. [volume] (New York [N.Y.]) 1840-1920
1852-04-07,"The law provides that tive governors arc to be
elected ~ the same time. but that no eecor shall
vote for more than one. The two candidates having
the highest number Of votes are declared duly
elected


III necessarily follows. that tho two candidates no
minated by the two great parties respectively, must
tc the persons elected.


In other words. the whg nominating convention
has the absolute and unchecked appointment OF one
half the governors, and the democratic convention
the other half.


The pretended election by the people is all moon
shine-a palpablc fraud-eyen greater than those OF
Louis Napoleon on the French electors.
This single board has the authority to increase
the taxes of the city of New York, at will. 70 any
amount,


Are tho two political nominating conventions fit
repositories OF the power of appointment
TO whom, and to what extent, are they response
bic for the exercise Of this power
let the citizens who foot the bills answer,


yvg.s, psg OF TIL N..Tig,,",,The New York herald. [volume] (New York [N.Y.]) 1840-1920
1852-03-17,"The following account is given Of the loss of the
propeller Sea Gull, which cast away on Hum
boldt bar, on the 10Th January. A correspondent
OF the San Francisco Herald, in a communication,
dated Humboldt Bay, Feb. 4. 1852, says-The Sea
Gull was lost the morning of her arrival in the Bay
(Monday) while attempting to the bar. on the
way out The tide was ebb. after crossing the bar,
being struck by heavy sea, her steam chest and
pipe were broken. thereby rendering her unnanage
able. She then driven inside the bar. by two
successive seas. when the anchor was let go in five
fathoms water. she laid at anchor, pitching and
rolling most numerically, and shipping heavy seas.
Had the wind been from the proper quarter, or the
machinery III seryiceable order. the Sea Gull would
have been relieved from her embarrassing situation;
but. nO-her doom was sealed The chan-cable
parted. She, Of course, drifted on to the shoals,
nto the worst OF the breakers. humping hard
enough, at every surge almost TO shake the toterng
masts from their foundation Seas then over her.
with tremendous force and great lapidity, carrying
away something At every dash Finding further efforts
to avoid the fate which awaited his vessel unavaing,
and anxious that his passengers should not suffer,
Captain Iichenor Immediately headed the steamer
towards the beach, on which we all assembled,
viewing the awful scene, and awaiting the result;
and, setting her head sails, through false channel
approached the shore that boat could be
dispatched with lines, kedge, &c. by which means
she was soon brought to position on the land. that
enabled the passengers TO reach tern tana with
dry feet-a disappointed yet thankful company.
Too mneh praise cannot DC awarded to Captain
Tichenor for his GOODNESS and great presence Of
mind. well as his kind and gentemaniy conduct
towards those under his charge on this occasion.
The accident occurred from no fault or mismanage-
ment of his, but caused purely and undenably
by the engines being disabled at trying moment;
and sincerely trust, that upon proper explana-
ton of the circumstances the affair will be consider
ed in the right light The passengers of the Sea
Gull have presented Captain Tichenor with COM
pimcntary card, and voted him silver trumpet.",Loss Of the PrODelIer Sea Chill.,The New York herald. [volume] (New York [N.Y.]) 1840-1920
1852-07-05,"ATA LARGE AND ENTHUSIASTIC MEETING OF


the 9th Ward Pierce and King Association held at the
sceTs duly siaeses Wis @ Jam Lyneh
Claim, David Rordan Patrick Larkey, Thomas Gmsrtn
Henry v vultse and Michael Mclaughlin secrstaries-
ratio r. Carr john G. Phelan. When motion the fol-
lowing resolutions were unanimously adopted


Resolved That in Franklin Pierce recognise true,
firm and Incorporating democrat modest unassuming
but talented man. ana whose entire pubc and private
lite has been based his love and strict adherence
principles calculated to these United States the
highest state Of prosperity and home aud
their character among the nations of the earth.


Resolved That in Wilism r. King, recognise tried,
uninehng veteran in the democratic ranks
past life and services guarantee of his ncor
rurtiby towards and attachment democratic priaci
Resolved That the platform lately adopted by the De-
platform upon which the democracy of the whole
can do battle that heartily endorse the and that
by the triumph Of the principles embodied therein fully
believe that the greatest good will be secured the greatest
number.


Resolved That Judging by the signs of the times. and by
the expressions Of popular feeling daily exhibited,
democratic party have only to remain true to themselves
able means within their to achieve great national
victory.


stnets and her love for democratic principles DESTROYS
ready and for the ght and that in the
Presidential contest she will exhibit her love
ment to the democratic nominees and the prip cipes
forth and adopted in the platform at Baltimore by rolling
M such majority as will secure her the we'll deserved
can the truth Of her The first to enter and the
last TO leave""


Hawkes. Silas Lvermore Ira b. Davis Captain Isaiah Ryn-
ders, Hon. Thomas A. Carr aud Enoch +. Camp. and the
procession marched the ward and after giving
rinc hearty cheers for Pierce King
JAMES N. swEENY. President.


JAMES MCGOWAN, Vice President.
WIN elt syss; am {secretaries.",POLITICAL.,The New York herald. [volume] (New York [N.Y.]) 1840-1920
1852-07-13,"R0ARDING. FOR TIE SUMMER MONTHS, CAN BE
~ had within uie of the pleasant little village Of Mad
Morris county New Jersey at the late well nd
oeghful residence Of Joseph vannin ESQ Parents viii
hnd the above location In desirable little
for their children IL being retired
end shady The Cor aud ferry several times
daily for Nadson. the Morris aud Essex Railroad The


first trsn leaves New York about eight oclo the
Ing and reforming Madison ahout hroe o'clock in the
afternnon-nyng vsters ample time to the country
dine &c The charge for boz I'd will he reasonable aud viii
depend the number Of chambers occupied Carraves
ere always in waiting at the Madison depot tressonae
prices.","pOARDINc FOR TIE SUMMER MONTHS, CAN BE",The New York herald. [volume] (New York [N.Y.]) 1840-1920
1852-05-19,"FROM the MICS hich kepublcan, May 10


Most unfortunately it becomes our duty to an
nounce another accident upon tho Central Railroad,
which happened at this place, on Tuesday, about
twelve O'Clock, NJ, by which two persons were killed
instantly, and two Others died shortly after. A
special train loaded with emigrants, arrived about
noon, and were left standing with tail of train
about thirty feet above the SWITCH both ends being
upon each track, and the engine was uncoupled
and taken down to the depot grounds for another
car. While standing in this position train Of
twenty four cars, loaded with ties came ND at its
usual speed, and plunged into them, dashing tho
first car 1t struck into hundred pieces, and break
ing and throwing the second high into tho air land
ing it on its side. One man, named Gucrett Wise,
from Prussia, was instantly killed-his head being
entirely smashed off, and ono arm and leg. Mary
Higgins, killed. Was on her way to Milwaukee to
the other 8, both of whom escaped with slight
bruises. Martin Elizabeth Jacabo, from Luton
burg, Germany. killed. Was on her way to Mil
waukie; we believe had with her husband and one
or two small children but slightly injured. Thomas
Hamilton, lrishman, injured badly on leg and head
not dangerous. His father killed by blow upon
the head His mother, Eliza, badly injured on fog,
breast and head Sarah, his sister, cut in back of
head, and otherwise badly injured-censidercd dan
gerous Jane Hamilton, body bruised badly OK
pected to recover. Thomas Osborn, Hishman
wounded on head, arm, and side, severely, but not
dangerously. Catharnc Gilman; wounded on
head and breast-not dangerous. Valentine Caten-
bury, shoulder dslocated and bruised insidc-not
dangerous; his daughter Maria, right badly
broken. Peter Denzer, badly wounded head,
left leg iniured-not dangerous; his little boy of
five years, injured ON head. Nicholas Stus, a man
of seycnty-fse years, foil his head, and
is injured in his legs-not dangerous. Ncho-
las Mayer, several cuts and bruises on his
head, and right leg brusad-not dangerous
Frederick Kregcr, right arm badly bruised,
and wounded III tho leg and shoulder. not dangerous;
daughter augusta, bruised. in the breast and both
legs ana foot-not seriously. Nicholas Decker, in
jnrcd internally, on tho back one wound on head
nd M baryy IS. tie cI-- dor Il.
right leg brokon below tho knce--amputation pro-
bnhly necessary sister injured in feet, badly in
fant slightly. Anna Maria Fluck, leg broken badly,
shoulder much bruised. Two sons with her uniil-
broken, and badly bruised internally, probably
fatally William Keys, lrishman, slightly bruised;
daughter. nine years old, scalded from hor middle
TO her feet, arm scalded and out Of joint. [died
Wednesday, about II o'clock.) Wife scalded on
arm, and the other out of joint-not dangerous.
Little girl, Agnes bruised in back-not seriously.
Infant badly scalded on back of head-not danger
Gus. John Fluck, injured on his side and other
wise-not serious. His brother, August, slightly
injured on hip and head Susan Elizabeth Brach
injured on both legs-not seriously. Her son in
jurcd on leg and head-net dangerous. Catha-
rine, her daughter. scalded on left arm-not very
serious. Her son Michael, badly cut on head and
face, over left eye and the cheek-not dan
gerous.. Peter Hurt, bruised on back, legs,
and side-not serious. Wife, Anna Maria, badly
injured on her right side and right leg-not ia
tally. Infant slightly injured. Philip Minich
shoulder blade broken, otherwise bruised, not dan
gerous. His wife, thigh broken at the hip and her
head badly bruised-considered dangerous; infant
slightly injured; his brother, Peter, badly injured
on head and cut on neck, not dangerous. Henry
Smith, slightly injured; wife unnjurcd; son badly
burned on knee and thigh. Daughter, Louisa,
badly injured on log, not dangerous; daughter Ter
Smith, one arm out of joints his wife slightly in
jured in shoulder son bad bruse on head, not dan
gerous. Thomas Shank badly wounded ON side and
NJ Ia. d. n


injured on hip, not seriously; his wife Kegs, feet,
and hands, and otherwise bruised badly; little
badly cut on lead, not dangerous. Peter Jacabe
(wife killed, above stately, uninjurcd; two sons,
one probably fatal, the other seriously injured
Nnrs Nicholas, bruised very bad on head and
breast, considered dangerous. Single man. Has ac-
quaintances in Wisconsin. John Cramer, bruised,
not dangerous; wife bruised slightly, and wounded
in the head bad, not dangerous; son injured on
the head and under the arm, not dangerous; child,
arm badly cut, and otherwise bruised: dau gh ter.
agod IL, injured on face and side, not considered
dangerous. Another daughter aged q, bruised
badly on the body and cut on the head-not danger
GUS. Another child (boy) cut on the forehead and
eye injured. The above list comprises all of the
killed and wounded which, with the aid of an inter-
prefer we procured with much care. All, save
few mentioned, were Germans mostly destined for
Wisconsin. Some half dozen who were wounded
went on in the train--onc woman supposed to
be dangerous. Our physicians and surgeons
the spot Immediately after the accident
and showed themselves equal to the emergency
and all ofthe wounded were attended to with great
alacrity. Two agents Of the company, Mr.. Darius
Clark and Mr.. Tielson, arrived in the four o'clock
tran aad used every exerton to provide for the
wounded. h. p. Barker threw open the Niles Ex-
change to the wounded, which fortunately was va
can't but contained all its beds and bedding, into
which the wounded removed. They are now
in most comfortable quarters, and every possible
care is taken of them, by the best physicans sur
geons and nurses. The ladies Of our village are
some Of them in constant attendance day and night
""a well az sufficient number of gentlemen. The
jury arc investigating the matter, and will report
soon.",The Michigan Railroad Accident.,The New York herald. [volume] (New York [N.Y.]) 1840-1920
1852-10-21,"DECISION IN THE METHODIST CHURCH CASE.


CINCINNATI October 20. 1852
In the Of the Methodist Church Book Concern
Judge Leayit United States Court has decided adverse
to the claim Of the Church South An appeal has
taken


THE PENNSYLVANIA PRESBYTERIAN SYNOD.


HARRISBURG, Oct. 20. 1852
The Pennsylvania Presbyterian Synod met in the Pres
byteran church here last evening The sermon wa
preached by the Rev Mr. Sterling, Moderator of the las
meeting Rev. Mr. Handy chosen Moderator for the
ensuing year The Synod met again this morning and
accepted invitation visit the State Lunatic Asylum
This afternoon has been appointed for the hearing
narratives as to the state of religion.


OLD SCHOOL PRESBYTERIAN SYNOD.


PuILADELPHIA, Oct. 90 1852
The Synod OF the Old School Presbyterian Church met
here to day. Rev. Alexander Mackn of Philadephis,
has been chosen Moderator Nothing except preliminary
business has yet been transacted.",Religious Intelligence.,The New York herald. [volume] (New York [N.Y.]) 1840-1920
1852-10-21,"GREss, STATE SENATOR'S, ETC.


BosroN, Oct %, 1852
TIE Middleex county Democratic ana fes sol. conyeu
tiors met at Concord to-day The free r-.r.sa,
coalition the senatorial ticket which the democratic
convention after brief bat spirited debate-thc dele
gates from several towns protestingagreed to. coa
ton ticket formed consisting Of three democrats and
three free soilers The democratic convention adopted
resolution declaring that while eoaloscirg with the free
soers State matters National matters they adopted
and stood on the Baltimore platform


The democratic convention of the Fourth district have
nominated Chas Hazewel editor Of the Boston Times
to I'll the vacancy occssioBed By the death OF Benjamin
Thompson. The free aoilers i'm the district have
nom mated John A. Bolles.


In the seventh district the free solers have xomi-
mated Charles Francis Adams Of John Quincy Adams
for Congress, ard Il. l.. Keycs, Presidential elector","Movements OF Parties IN Massachusetts.
DEMOCRATIC AND FREE SOIL NOMINATIONS FOR CON-


GREss. STATE SLNAToRS. ETC.",The New York herald. [volume] (New York [N.Y.]) 1840-1920
1852-08-10,"The SOUTHERN PRESS GONE DowN--The last
remnant of the Southern secession party has gone
down with the Southern Press. II died natural
death; and Edward Fisher has now the sole consoa-
ton left Of having wasted his time his labor, and
his money, and all for nothing, and worse than no.
thing The concern went down without bidder.
and with heavy groan, which lasted from Pierce's
nomination to the day Of It's death. The nomina,
ton Of Pierce was the end Of secession, and of tho
secession organ Fisher has, however, fully realized,
in this Quixotic enterprise, the truth of the old
maxm-that ""a fool and his money are soon
parted""",,The New York herald. [volume] (New York [N.Y.]) 1840-1920
1852-12-24,"EXTENSIVE CoNFLAGRATIoN IN LOUISVILLE -
Last night about 10 o'clock fire bre Ike out In arbr
shop adjoining the Fulton House. Thrd street.
the river occupied by Ja,ob Arnold The fire commune
Gated to the Fulton Houe the Of rnrd street,
which entirely destroyed The flames then spread to
four adjoining buildings toward Main street. occupied by
John Arnold. eegar maker jacob Arnold barber, John
A. Block Union Hall coffee house and Ernest Kinsel,
bakery, which were all consumed The Fulton House
occupied by John Trau man, coffee house, STRAIT Coins,
barber Mrs johnson eating house Frank Moore bakery
Peter Winter, stgar Manufacturer. DR. Coffee and
eight ten families in the upper stories The Fulton
House. and all the adjoining buildings ~hsh were de-
etroy belonged to Samuel Page Esq and were par
TALLY insured Frank Smith, Director Of the Union Fire
Company was severely injured by the falling of wall.
will not fall far short Of $4,000 or $780, Lowspin
Democrat, Dec. 10,",,The New York herald. [volume] (New York [N.Y.]) 1840-1920
1852-11-10,"SERIOUS AFFAIR-THBEE PERSONS SH0T. -
About O'Clock this morning serious affair took
place at ilarpers brick yard corner ofschuyl Seventh
ana Federal streets, in West Moyamensing young
fellow named George Gillespie nictnamed suplen who
employ sd at the yard there drunk. The fore
man consequence OF his condition would not let him
90 in the gang to work and put colored man In his
place mouder Gilleipie Went away in rage, and
icon sier back with gun loaded with duck shot
while the coored man was standing at the table mouldBg
and the faDg working all around, and boy w
the act Of bearing away the newly made bricks eespe
ton Of the load lodged in the back Of the head and
neck Of tie coored man and boy-the latter being dan
gerousy wounded and the former 20 much hurt as to
profuse hemorrhaee shot also hit white man,


stranger who stood the colored man, under the
eye The other workmen escaped. The desperate young
afterwards arrested by police officer Taggsrt
and locked up At noon TO day he underwent examf
nation before Alderman Fletcher, at the Mos amensing
station house and was committed --Piadeipiss Bulletin
Nan",,The New York herald. [volume] (New York [N.Y.]) 1840-1920
1852-08-06,"From Washingt0h City.
INTERVIEW BETWEEN PUEBLO INDIANS AND THE
PREsDENT-LGHT HOUSE DUTIES AND THE FISH.
INGB USINEsS.


WASHINGTON, August 8, 1852
delegation of Pueblo Indians under the direction of
Captain Love who arrived here last Friday an intcr
view to day with President in which they mar
rated their grievances and complained bitterly Of the
conduct of the Mexcans The President responded in
suitable terms promising them the protection of this
The Secretary of the Interior was present
and number of the government officials Colonel Lea
commissioner OF Indian Affairs having left this morning
for Virginia Springs with family to recruit his health
which is somewhat impaired, was not present.


hr Evans (of Maryand) amendment to the General
Apprf priaon bill carried yesterday proposing light
house duties on foreign vessels it believed will settle
the mackerel and Goldfish que stion.","N p WS BY L Ell RAPH.
>~~>-~~~>~~~>>~>>>>>~e
CONGRESSIONAL PROC EEDINGS.


~>~~~~~~>~>>~~>~~~~o~.
THR FISHING QUESTION IN T3E SENATE.
>>~SNNy>~~>~~~~oeNo<~NNNN
Humphrey Marshall and the Chinese Commis-
siOnership in the Eouse.


~>NN>~N~~~~~N~~N~N>-U
THE RECENT ELECTIONS.


so~No->N-e>>~-~>@yN>-N~>-
COL. BENTON REPORTED TO BE ELECTED


TO CONGRESS-


NNNNNeN>NNNNNonNaNo,
The Observation-Disclosures Robbery,


&o., &c.. TO.

THE RECENT ELECTIONS.

From Washington City.",The New York herald. [volume] (New York [N.Y.]) 1840-1920
1852-04-24,"SUPPOSED ISrn1icipt.-lhe body OF male infant
much mutatod evidently by rats. found in the sink
rear ufa house in Twenty first street Third
Gowsnus. Wednesday morning lat. The Coroner
Immediately notified aud pos'lRortem examination was
nade tho result Of which Proved that the child had been
born alive. An in estigation into the circumstance
th entered into and from the evidence saduced
before the jury warrant issued inr the arrest of n
young female, named Margaret Ann Fitzgerald. the
suppclcd guilty party She taken into custody
sisrday and committed Cor examination the cha e


nfhp EonY FouNn.-Jhc body Of an unknown man


oatod lahore at Corey leland Point Ihursday after.
noon Deceased had evidently been in the water for
weeks End appeared 10 he about - Year. old The
clothing con-ted OF black coat. dark plaid pantai
End calf skin boots. Some rapcrs and snail sum II
money found in his pockets An in quest held
upon the body Ly Coroner Dony and verdict ~ found
drowned rendered. The remains taken ~ the
Kings county almshousc for in,ermen..",RYOokJyn civ Intelligence.,The New York herald. [volume] (New York [N.Y.]) 1840-1920
1852-04-24,"Hence II is at no time psvigablo.


The main tributary streams Of tho Nebraska river
are the Eikhorn river, Loup Fork and Wood Greek
the north and Saline river on the south. The
Elkhorn is considerable stream of rapid clear water
II rises between the forty second and forty-thrd
degrees Of north latitude, from several spring brooks
and has a length, running a southerly course, Of
over two hundred miles. It's confluence with the
Nebraska riyers distant from the Missouri between
thirty and forty miles. About seventy Ave miles
west Of the Elkhorn, tho oup Fork adds its waters
to the Nebraska. This river is comprised of three
other streams, which rise from spring brooks near
tho line of the forty-secOnd degree ofnorth latitude
and which unite their waters at n point twenty five
thirty miles from its mouth. Tho courses of the
Loup Fork. and its three principal branches are
south eastw&dly. The wators ct the Loup Fork
are about twice tho quantity of the Elkhorn but
the river has greater length by either Of III forks


Wood creek Is II stream less than the Elkhorn Ii
rises from the spring brooks between the forty first
and fortysecond degrees Of north latitude, distant
about four hundred miles from the Missouri
river, and running an eas.wardly course, empes its
waters into the Nebraska river, distant about two
hundred and twenty five miles above its mouth.
Saline river rises the forty first degree of north


latitude, and its is distant about two hgnd cd
miles from the Missouri river, and its waters pursue
enthusiastically course dempty into tho Nebraska
river, distant between thirty and forty miles above
its mouth. 1t has four or five forks, the principal
Of which is the outlet of pond of brackish water,
called Salt Lake. In and around this pond there
saline springs, from which salt in a sufficient
quantity could be Manufactured for the preservation
Of hall ofthe sinners of the earh-providing murate
of soda, or common salt, would save them.


The Eau quco river or Eunning Water, (Which
is called by tho Indians Nobrara,) is stream of
considerable magnitude, Of brisk water, traversing
almost the entire extent of the territory of Neb ask
from west to east, between the forty-socOnd and
forty third degrees Of north latitude 1t has many
small tributaries and two principal forks The north
or main fork, called by tho Indians kaha Paha, has
its source in the Rocky Mountains.


Kansas river, ON the south, is n considerable
stream. emptyng its waters into tbs Missouri river,
near the line OF the thirtv-ninth degree of north
latitude. This river has an immense number of
small tributaries, and, at the distance of about two
hundred miles from its mouth, branches into two
forks, which have their sources the Rocky Noun
tains; one of which, called the Republican Fork,
has course running through Nebrass from west to
east, near the line of the fortieth degree of north
latitude, until within about two hundred miles of
the Missouri river when it turns its waters south
wardly and unites them with those of the othor
branch call the Smoky Hill Fork; which last is not
included within Nebraska. There are two minor
branches of the Kansas river, called Solomons Fork
and Grand Saline Fork, both of which have their
sources within the bounds Of Nebraska, between the
line of the thirty and fortieth degrees Of north
latitude, and run southwardy to the Indian territory
wherc they empty their waters into the Smoky Hill
Fork.


Blue river is another considerable branch Of me
Kansas, which rises upon the plains, near the south
shore Of the Nebraska river It's source is about
three hundred miles west OF the Missouri river. It's
course is southeast, and it empties its waters into
the Kansas, distant seventy-fve one hundred
miles west from the Missouri rvcr.*


The Grand Nemaha is considerable stream, W hich
has its source between the fortieth and fortyfrs
degrees Of North latitude distant about hundred
miles from the Missouri river. 1t has numerous
tributaries. and its course is somewhat southoast-
wardly. 1t empties its waters into the Missouri
river just below tho line of the fortieth degree Of
North latitude The Little Nelnaha is o stream Of
about the same lengh, but with less water, running
nearly parallel with the Grand Nemaha, and empty
ing into the Missouri river, distant about twenty
miles to the north.


The waters Of the Nebraska and Missouri rivers
can never be used for the purposes Of hydraulic
power. Both Of these streams flow through beds Of
quick sands, and the channels ever changing
Then, they are subject to annual risings of their
waters, produced by the melting Of the SHOWS on the
mountains in which they have their sources, which
forbid the erection of mills on their shores. The
rivers begin to swell about the first Of June, and by
the first of July their waters not unfrequerty
above their banks and the bottoms submerged. The
Kansas is river Of like character; but there are no
lack of mill streams in the territory.


The tributaries of the Elkhorn, Loup Fork, and
Wood Creek afford abundance Of mill sites for the
country through which they Cow. Between the
mouth Of the Nebraska river and that of the Mo
brara. there are numerous small streams running
eostwardIy, and emptying their waters into the
Missouri river. These offer much available water
power, for mills and machinery; and the Mo
brara, from mouth to source, has succession Of
convenient mill sites. These streams, which empty
their waters into the Missouri river, we'll those
which feed the Niobrara and Nebraska rivers, have
gravel bottoms, and high banks, with rock imbedded
therein thus offering easy facilities for the construc-
tion Of permanent and efficient mill dams


Water courses available for running mills and ma
chinery, are as many on the south Of the Nebraska
river the north. Saline river and several
smaller streams, which empty their waters into the
!, braska, afford number OF good mill sites; and
the tributaries of the Republican Fork of the Kansas
river will afford the full amount of water power that
will ever be required for the Of the people who
may inhabit the country watcred by those streams
The tributaries of Blue river, and the main stream
throughout its upper section, oGor succession Of
the finest mill privileges in the world; ut least, there
are Ione better.


Along the Missouri. with easterly courses rnd
emptyng their waters into that river, there the
full requisite number of mill streams. Next below
the mouth Of the Nebraska river, comes pouring its
water into the Missouri beautiful mill stream called
Weeping Water. Then, at distances from each other
from five to twenty miles, come Table creek Rainy
Weather river, Little Nemaha river, Grand Nemaha
river, Wolf creek, Independence creek and many
intermediate streams, al affording numbers of good
mill sites. There are also several good mill streams
which meander through the part of tie territory ""
ing between the Blue and Missouri l.yers, and dis
charge their waters into til KGnsas. All the
small rivers and spring broots which water the
country lying on the westerly de of Tho Missouri,
and between the Nebraska md Kansas rivers. have
gravel bottoms, with high banks, and plenty of i'm
bedded ard boulder stone along their shores thus
offering ready facilities for the erection Of mill
dams


The number Of streams in the territory Of Nebras-
ka available for water power to be applied 70 mills
and machinery. promises that the day is not far dis
tant when the region will be renowned for its plnu-
factories Let the remnants Of the bands of Indians
who now claim lands lying within the bounds Of the
territory and whose condition there is wretched in
the extreme, and who. while they remain there, must
be subject to the EXTREMIST priyation and want be
removed to position more favorable to savage life,
and let the citizens of the United States have the
lands for improvement, whcL the Indians refuse to
cultivate, ana few years will give to Nebraska
population that shall make the rich soil OF the prai
RE hng forth grain and fruit in abundance, and
The b.us alorg he rivers ard creeks to awake with
the clank of hammers and the buzz Of the wheels OF
machinery.


Brooklyn CITY Intelligence.


81 pPosrp ISr,rIicipN.--1he body OF n male infant
much mutatod evidently by rats. found in tho sink
Of house in Twcpiy first street Third
G0warus. Wednesday morning lat. The Coroner
Immediately notified aud post-inorem examination was",,The New York herald. [volume] (New York [N.Y.]) 1840-1920
1852-03-15,"NOR SAN FRANCISCO-PACKET OF 2OrH MARCH,
The aynihcont clipper ship EMPIRE, l272
Capt Thorndiks. having the most superb state
odation in frat cabin raloon and second cabin,
rerlcte with convenience will take limited number
Of at the following low ratesFrst eabr. $2
saloon $500 second cabin $780, The splendid model
beautiful clipper and tho experience Thorn
dixie (ths being his third voyage San Francisco
most positive ASSURANCE Of extraordinary short
Ample provisions do for the comfort
families will find in this vessel requisites
seldom before provided Tho number Of tickets will
be strictly limited and passengers takon than oAn
DO handsomely and comfortably accommodated Saloon
passengers have same fare as first cabin.


L. II. SUTTON. 81 Wall street.",,The New York herald. [volume] (New York [N.Y.]) 1840-1920
1852-07-09,"Two CAPITALISTS AND BUILDING ASS, CITATIONS


For salea Farm tract 81 land suitable for build
ing los containing forty three acres with dwe
ing houses barns stables and ether outhousc m ated
astoria, Long Island. directly opposite the city New
street half mile from the stcamhoat isndns four miles
from Wlliamshurgh and Eve from Wall lines
stages running 70 the city every few moment superior
steamboats, are santly making their trips in forty
nutes Within We hundred yards OF this one the
very bost free schools similar the At Flushing There
Is not such tract OF land for budng within
distance II the city of New York overlooking New
York. WILLIAMSBURG and Brooklyn and the North and
Fast rivers This place possesses too many advantages to
eBumerate here For terms further ston apply
30 Cole Chiffon No. 9Ws street where the
mses be James Cole 43 Fulton street Brooklyn
Lawrence, rs Nassau street. Trimble. Archi,ect
No naa etroef",,The New York herald. [volume] (New York [N.Y.]) 1840-1920
1852-05-20,"TNOSTEAM BOAT OWNERS AND CAPTAINS-I


would cali your attention to superior vulcan
lied Rubber Ilose for steamboat purposes warrant
Hose to be affected by either heat codreanres
grease and leaks. 1t be carried through the
bin saloon private without wetng Is also
from nails rough edges and does deface the
paint Is cheaper and durable than any other hose
in ii. IL. DAY, % Cortlandt street.
INDIA RUBBER SHOES 100000 PAIRS OF DAYS
i patent Vulcanized Rubber md Japauned Overshoes.
These goods received the first premium silver
last annual Fair Of the American Institute Exporters
and extensive dealers advised save profit


ing and purchasing Days facilities equal 1900 pairs day.
Buyers cautioned that tho Combination are again ut


all for effect that they still for year plumber
the pockets Of the people, HORACE III. DAY. Oldest
acurer of India Rubber Shoes in the United Sta,c
ownerof over twenty patent rights. Warehouse % Cor
landt street, New York.",INDIA RUBBER GOODS.,The New York herald. [volume] (New York [N.Y.]) 1840-1920
1852-12-23,"STAND AsIDE.-At recent political meet
ing at the West, young and ambitious son
of Demosthenes mounted the stump, and
throwing off his coat, proceeded to speak as
follows:


'Mr. Speaker-When / open my eyes
and leok over this vast expanse of country /:
when see how the years of freedom has
cause it to rise in the scale of civilization,
and expand on either side; when see it
growing, swelling, roaring like a spring
freshet; cannot resist the idea, sir, that
the day will come when this great nation,
like young school boy, will burst its straps,
and become entirely too big for it's boots.
Sir, we want elbow room, the continent, the
entire continent, and nothing but the CONT
nent, and we will hayeit. Then shall Uncle
Sam, placing his hat upon the Canadas,
rest his right arm upon the Oregon coast,
his left upon the Eastern seaboard, whittle
away the British power, while reposing his
leg like freeman upon Cape Horn. Sir,
the day will come-the day MUST come""",,Daily evening star. [volume] (Washington [D.C.]) 1852-1854
1852-07-20,"A CaRD.-ATA SPECIAL MEETING OF FHs HILL
IA Gr Social Club, the following resouti


MIN uty adoI edTo Mr. Alexander rhnp. proprietor Of
Washington Hotel High Bridge teadar thanks for
his kind reception and many attentions while with him
FIRST rnnus excursion. His tiudness and hberality
has placed under ohr atoms His table lusded
With the CHI icest yspd and the obng
conduct OF all with him be forgotten


To George, for his uutriug exerons to make visit
agreeable for his Gentena cnduct snd many eonrtesea


will cherish kind feelings. Committee tt Thomas,
Jr, NJ. w. Proctor 9. Mlnforl, 7. Ugrove SNYDER.",,The New York herald. [volume] (New York [N.Y.]) 1840-1920
1852-10-06,"Aboni would give her seventh and last concert yester
day evening. very large and fashionable audience
sembled at Metropolitan Hall in order to take farewell
os this gifted cantatrice and show her the last honors
which the public bestow, namely, enthusiastic
adieu. The concert opened by the band executing
Rossinis overture to Gazza Lara and the audience
rewarded the panstakng efforts which Sgnor Ardit had
displayed as conductor, by applaudng him loudly.
Messrs sargoyanni and Revere then forward and
sang duet from "" Ita'iana in Alger and would have
received call had the audience not been impatient to
hear Madame Albon whose name appeared next in the
programme When she appeared at the door, perfect
Ji1ore was exhibited and at almost every step she
took in advancing to the front, there was found
Of applause which taken up again and again, and
prevented her for some moments from proceeding. At
length silence was restored but she had got through


few bars Of the Una Vocc POGO fan when she was in
terrupted by plaudits. On the conclusion Of the song
which had we'll displayed the extraordinary range OF her
voice there loud cries Of bravo insermixed with
did not till after she had reapPeared The
piece grand chorus from yerdi's 'Ernan which
manner. signos sangiovanni next gave the romanza


In c divessero from Mercadantes llustr Rival
H. and on the conclusion was loudly sppauded Again
Madame Albon appeared, and almost the same enthu
STA was displayed by the audience She went through
her allotted song Musical Difficulties Solved"" with
nonchaence that showed that nothing in the shape
OF difficult passages with which the music abounded
had effect the sutory that was long notice
able for after she had been recalled murmurs Of adj
miration were heard buzzing about the room Webers
overture to Oberonh formed the introduction to the
second part Of the concert and Signor Ard received the
same applause before Impatience then unequvo
caIy eynced by the audience to hear Madame Alboni
sing the celebrated Song Of from La Figa
del Reggmento and her appearance the signal for
instantaneous burst Of applause Assisted by the gentle
choristers she executed the song with fire and
yyacity that caused the audience to applaud and cheer
retired but the continued psudits forced III her to
again repeat the song She next went through
duettino with signor sangioyanni, from ""Ceneren.
nd naUQ har tim mill GrYah md
volume that she almost drowned the Signors voice.
An encore was demanded but there being few dsen-
an aria from the same opera, MIR. Brough stepped
forward and saidL Ladies and gentlemen, am deputed
by Madame boni to return her grateful thanks for the
kindness which has been exhibited her her
rival in the United States and to notify that in compli
anee with several requests she will give two more con
ment was received with enthusiastic cheers and when
Madame AlbcD herself came forward the applause
tremendous and lasted fully five minutes the audience
hustesying how grateful they felt for the condescen
sion which Madame Albon had exhibited in allowing the
public opportunities of hearing her again On finishing
her song from La sonnambula . !"" All Non Giunge,""
which she rendered In superb manner the enthusiasm
displayed by the audience such as we have never
seen since Jenny Linds day. Bouquets showered
on Madame, and the audience sat still several minutes
before rising to depart.


MADAME soNTAG's CONCERTS.


The musical feass to which for several weeks past
the public Of the metropolis have been treated
now drawing to close Madame Marietta Albion;
gave her final concert last night, and this evening
Is the last but which for time at least
shall have the qualification Of listening to the enchant
ing tones Of the Countess de Ros Those concerts have
unquestonably been the grandest competes and most
admirably arranged that have ever been offered to New
York audience presenting, as they have done comb.
nation Of artse Of the highest abilities in their several
walks Madame Sontag Is now acknowledged almost In
deputaby to be the greatest canatce that delight
ed and satisfied musical cravings with her
delicious notes. Paul Julien as violnist-young
he issands Superior to all his predecessors and with
Baa and Pozzolini baso and tenor and Carl Eckert
leader of the orchestra the troupe excellent in


liberal catering the public taste have been evnced in
the immense popularity Of Madame Sontags concerts
which, instead OF suffering any dimnuon falling Off
have only increased and become decided with each
successive evenings performance. There is doubt
but she will create the greatest sensation in Boston,
Philadelphia, and the other cities which she may visit
but the only regret here that have arrived
at the last Of her concerts.


PAUL JULIEN.


The performances Of this wonderful child have excited
quite enthusiasm In our musical circles There
is chasteness delcacy, truthfuness sound judg
ment correct taste and power Of expression in his de-
lneaons that not only wonderful for child Of his
age but have perhaps surpassed by performers
Of any sge In common with many other persons. we
like him better than Ole Bull and considering the differ
in years he is far greater wonder than the Nor
weginn. He is evidently possessed with deep passion for
his and out Of the abundance of the heart his instru
ment all but speaks. lie has genius Of the highest
order.","Musical.

MADAME ALBoNI's CONCERT.",The New York herald. [volume] (New York [N.Y.]) 1840-1920
1852-12-13,"CORPORATION EOuCE.-PUBLIC NOTICE IS
~ hereby Civ 10 the owners, occupant
crpsnts Of all houses and lots, improved animproved
lands affected thereby that the following
have been completed the and lodged in
the Office Of The Bureau Of Asessment for sI.mn.tioa
by all interested For paving Thirty eighth
street. between Fourth aud Seventh avenues and tagging
four feet wide through the sidewalks whore the
ssesspens include a. the several houses and iot Of
both sides Of Thiry-eghth street. between Fourth and
sevcnth ALL whose interests affected
the above named nts and who opposed 20 the
same either Of them requested to present their OBJ
jections in writing to ths lergnsd ~ their office, No.
Hall Of Records thirty days from the date Of this
notice. SAMUEL n. DE MOTT,


FRANCIS NICHOLSON, Assessors


ISAAC WIN. SMITH.


Once, Bureau Of Assessments Street Department., Dcc
4",,The New York herald. [volume] (New York [N.Y.]) 1840-1920
1852-09-19,"DIVISION AND UNION or PARrYKs. - There are
now two wing parties in the field. The nomination
Of Webster divides the wing party into two orga.
nized factions--one the Union wings and the other
the abolition wings Webster is the leader Of the
wbg Unionists, and Scott Of the wing abolitionsts
Really, it would seem that division and disaster
have afflicted all parties except the rampant demo-
cracy. The free sellers divided into two orga-
nixations, and have made two sets Of nominations
There is no union anywhere but among the demo-
cracy who appear determined to have the spoils, at
all hazards",,The New York herald. [volume] (New York [N.Y.]) 1840-1920
1852-08-08,"Ho ron AusTRALrA--on Friday. the bark Madison
sailed for Port Philip with another cargo of emgrauts
for the Australian gold diggngs; and the ship Epan
nondas will leave to morrow, with emigrants for the
port. The Madison makes the fourth emigrant
vessel which has spread her sails for those regions from
this port and all of them have carried large number
Of emigrants the vessels, with due regard for the
health and comfort Of the passengers could conveniently
accommodate.


The following is list of the vessels and the number Of
passengers now their way to the Australian gold
gions from this portthe only American port from which",,The New York herald. [volume] (New York [N.Y.]) 1840-1920
1852-11-21,"MORTALITY ON THE WESTERN WATERS Our
Western Exchanges give Fad accounts Of the mortality
among the emgrants the Western waters The ste
er Norma which recently arrived at Louisville from
New Orleans had eighteen deaths among the deck pas
1t seems that the poor had eaten freely
Of wild grapes and then psrtaken Largely of whkey
They we're all Germans. The Sultanan had sixteen
deaths on board and the Brider had ten deaths The
sDe Vernon"" also had seventeen. Among the victims
five members Of family Of eight who travel
ling from Texas to Alabama. The survivors = ia
Their and children",MORTALITY ON THE WESTERN WATERS,The New York herald. [volume] (New York [N.Y.]) 1840-1920
1852-04-17,"MORE BANK BILL5 PASSED-VKTO, ETC.


HARRisBuRo, April 16. 1852
The House Of Representatives passed this morning the
charter of the Harrisburg Mechanics Savings Institu
ton the recharter Of the Tradcsmcn's Bank and the
Bank Of the Northern Liberties the charter Of the Valley
Bank the Monongahea Bank. the Newcastle Warren
county, Bank and the Bank Of Hanovera OF which had
previously passed the Senate.


The bill to increase tho capital of the Southwark Bank,
Pottstown, was lost


Governor Biicr sent in his veto the bill author
zng tho Pennsylvania Railroad Company to purchase
ninety acres Of land in West Philadelphia, known
the Roweltcn estate.","Pennsylvania Lcgislat uro.

MORE BANK BILLS PAssED-vBTO, ETC.",The New York herald. [volume] (New York [N.Y.]) 1840-1920
1852-01-01,"JAmopg the eonvicts now in the Tombs Eve
under sentence Of death for murder Their names
Henry Carmel Edward Clark, James Sullivan Antonio
Lopez and Otto Grunzg the latter two sentenced to
be executed on 22d inst. trial has been granted
Carmel and stay OF proceedings has bsen nade in me
cases Of Clark and Sullivan. Bernard shaGer and
John Stiknertz both indicted for muir
der, awaiting their trial The next conspicuous
characters confined for trial Capt Augustus Rowe,
Benjamin White, George Bovine, and Richard Earl,
charged with forgery number OF other prisoners,
severay charged with grand larceny, burglary 60, ct
particular interest make up the total confined in
Ii.",White Whtte Black Black TOT,The New York herald. [volume] (New York [N.Y.]) 1840-1920
1852-11-15,"CORP GRAFTON NOTICE-PUBLIC NOTICE ID
~ hereby given to the occupant 90
supAnts 81 all houses and let's improved unmproved
lands affected thereby that the following have
been completed the and In the ONCE
interested For repavng street, Duane 10
Jay street. Tho limits embraced by suoh ASSESSMENT in
sude all the several houses and lots Of ground
pieces AID parcels Of land situated both sides of West
street, between Duane and Jay streets All persons whose
interests affected by the above named and
Who opposed 70 the same either Of them are request
Signed their ONCE No Hs Of Records, within thirty
days from the date Of this notice.


SAMUEL 81. DE MOTT,


FRANCIS NICHOLSON, Assessors.


ISAAC WIN. SMITH,


Oss. Bureau Of Assessments Street Department Nov9",,The New York herald. [volume] (New York [N.Y.]) 1840-1920
1852-11-15,"DAPfD AND RADICAL CURES, SUCH AS WILL NOT
~ be months but three If early


and whose permanently DO relied will noS
10 your perpetual chasn and oss be breaking again
certainly he osained by aud all the nnfor
tunate from DR. Ward THIS h recommended TO the serous
attention Of those whs would be erred well and quick ana
escape the bod secondary Affections and khe tnevsbo
detection and digsss that follow their appearance
New and important disco enable him full
fill his promises Of impossible TO BIO effected under
any antiquated method Every convenience for
ment provided. Attention bestowed suoh youwfhre-
eeve where else. Renember that hundreds being
other doctors SOLELY from want OF It, Attention


all that needed besides skill AM with both, his para
the unfortun under him nost magsAy. Once.
Of Canal street broadway Book
vice. rratid Medicine. dollar.","DAPID AND RADICAL CURES, SUCH as WILL NOT",The New York herald. [volume] (New York [N.Y.]) 1840-1920
1852-10-01,"HoRRrp RAILROAD ACCIDENT An accident es-
CURED on me freight train OF the Ohio and Pennsylvsui
Railroad, yesterday morning. by which one man ~.
k.d sno enotber dangerously, fro mortaily wounded
GeorIe williams and John Murphy, breakmeu on the
mght IRAN we're the names Of the unfortunate persons
They were standing on top OF the cars locking behind
Nhen betseen Baden and Freedom the train ran under


b,use npd they were both struck the back BY the
bridge. Williams was instantly killed ana Murphy so
naoy injured that he cannot survive The body Of VIII
was brought To the city yesterday afternoon Both
on the unfortunate men unmarried They hsd been
repeatedly warned by persons connected With the road
against looking back while they ON the top OF the
cars but they did not heed the warning hence the sAS
accident atsbprg Post, Sspt. 20,",,The New York herald. [volume] (New York [N.Y.]) 1840-1920
1852-05-24,"VANDERBILT LINE FOR SAN FRANCIsCO.-THE


shortest and cheapest route Through tickets without
detention The and powerful double engine
NORTHERN LIGHT, $500 tons burthen, will leave from
Pier No. North river, at o'clock ?. precisely, Sa


the double engine steamships Pioneer and Independence
the Nicaragua Transit Route hsyng but twelve miles
OF land transportation These steamers have unsurpassed
cabin and steerag and with the increased
facilities Of the Transit Co. for crossing
upon going through without detention at point Storage
taken through for $780, S1i5 they paying
their transit For information passage apply only
to d. B. ALLEN Agent. No. Battery place, up stairs",,The New York herald. [volume] (New York [N.Y.]) 1840-1920
1852-12-23,"ACTION AGA1NSf EAILWAY CVNFANr


Ore n John h Wesi rs. The New Ysrk snd Hsriem
Railyead Company This was action for damages,
against the defendants, under the following crcum-
stances III appears that in 1876 the plaxtf was walk
ing dovn Centre street. and whom near Anthony street.
Whilst crossing he was struck and knocked down by
mIlknAns carrisge, whish going ct rapid rate
across the track OF the Harlem Railroad The driver ofthe
milk wagon was fined BY the magistrate At the NAILS o.
Justice Tor fast driving and afterwards brought
seant tie owner Of the wagon for the injury and that
suit was settled and receipt In full given for the d.
maess soms two years after this settlement the plain
t brought suit against this company believing to
cover uages from the railroad company for the same
injury though II did not appear that any ear belonging
10 the company had touched the milk wagon. Judge
Paine charged the jury who being unable to agree were
asshUgsd The case tried before and resulted
n the same way.","sapsrior Court-Part Firat.
Before Hon. Judge Paine.",The New York herald. [volume] (New York [N.Y.]) 1840-1920
1852-09-15,"GTREET DEPARTMENT, NO. 4 HALL OF RECORDS
~ Public notice hereby given that the following petit
tons have been in tho Board OF Aldermen TO
flag the sidewalks along the old Buryng Groung in Twsnty


first street between Sixth and Seventh to fence
vacant lots Madison between Twenty sixth and
Twenty streets Twenty seventh street. between
Fourth and Fifth Also tho following resolution
TO rea sidewalks set and react curb and gutter north side
Of White street. between Church street and West Broad
way west side Of Church street between White and walker
streets All interested having objections thereto,
requested them writing the undersigned
his 0ec before tho eighteenth day of September
in tant. JOHN I. DODGE, Street Commissioner.


September 9, 1852",,The New York herald. [volume] (New York [N.Y.]) 1840-1920
1852-09-29,"THE SHAWNEE AND OTHER INDIANs-THE JAPAN


OBSERVATION-DISCLOSURES ETC.


WASHINGTON, Sept. IS, 1852
The Shawnee Indians, who have been here since last
winter have concluded their business with the Indian
Bureau to-day and have received s3sO0o to be stri-
buted among their people at home.


Orders have been issued TO Major Murray superin-
tendent, for the removal of the Menomine Indians to
their location in Wisconsin The sum OF $4,000
appropriated by Congress for this purpose
Commodore Skinner has assumed the duties Of Acting
Secretary Of the navy.


The government is theoretically pushing forward the
Japan expedition.


Mr. kenton Harper of stunton Va has been appointed
chief clerk Of the Pension Office vice Mr. Triplett
resigned.


Mr. Samuel McMenamy was yesterday appointed
Military storekeeper for Philadelphia vice Fosyoux de.
sensed


George Greenough, the sculptor has arrived in this
rity from Rome


During the last quarter the Post Office Department an.
bounce that they have opened million and quarter
aead letters from which the department obtained over
pieyou thousand dollars,","From Washington.

THE SHAWNEE AND OTHER ISDIANs-THE JAPAl


ACKNOWLEDGEMENTS ETC.",The New York herald. [volume] (New York [N.Y.]) 1840-1920
1852-09-29,"The Shooting Case in he Fourth Greu.-0n the 18th OF
August last an ARRAY took place in James street. between
two sailors named Frank Straus and Bernard Walter In
which the latter shot By Straus with revolver pistol
Several discharges made and the balls took effect on
Walter two passing through his arm and one lodged in
his neck just under the chin This was at the time
considered fatal wound but under the proper treat
ment at the City Hospital the injured has been
stored to health Yesterday Walter appeared before the
magistrate at the Tombs and made his complaint against
straus charging him with assault with nm intent to
take his life The accused was fully committed to await
his trial",,The New York herald. [volume] (New York [N.Y.]) 1840-1920
1852-09-29,"WING COUNTY CONVENTION


The delegates TO this convention mot yesterday evening""
at the Broadway House for the purpose of nominating
Sheriff County Clerk. and four Coroners. There was
considerable excitement amongst the outsiders az the
time for organizing approached but had relation more
to the nomiusion for Sheriff than that OF the other
officers Each candidate had his supporters stern aud
noisy, but il was easy that Mr. james Kelly was
the favorits with the majority. His name stood him
good service ami tickled in strong Irish out door
support.


The meeting called to order at hslf-past seven
O'Clock when M r. Nesbtt, of the Eighteenth ward,
was called to the ohair. Mr. r. II Shannon Sixteenth
ward, and Mr.. Elias Combs Eighteenth ward were ap
pointed secretaries.


An irregular org apiza.ion first had owing to pro-
test against the ticket from the Twentieth ward. This
was settled the ticket being received unanimously


At the ular organization the delegates proceeded to
ballot for Sheriff An informal ballot was made and tho
numbers stood thus


James Kelly, Second ward. Observation-Disclosures.
Henry Houston Twentieth ward ..................33
Z0phsr Mills, Seventh ward


At the first regular ballot which then taken, the
numbers stood


James Kelly. Second ward
Zophar Mills Seventh ward


Mr. Kelly was declared unanimously nominated by the
ention there only ballot The band out
side struck up lively airs and it resolved that the
delegates should visit him in body at the close of the
meeting.


There was only ballot taken for County Clerk also
the Plumbers stood as follows upon announcement -
G. w. Rblett, 18th ward. .....75 votes",CITY Politics.,The New York herald. [volume] (New York [N.Y.]) 1840-1920
1852-07-07,"RETURN FROM THEIR EXCURSION TO ALBANY AND


TRoy-REoEPTIoN IN THIS CITY.


The remnant Of the gallant regiment Of New York
Volunteers, under the command Of Col W. b Burnett
returned yesterday afternoon from their Fourth OF July
visit to Albany and Troy They received at the foot
Of Jay street North river, by the Baxter Guards The
latter drawn up the side Of the street and the
Volunteers marched past they presented and gave
the salute The Volunteers then halted and permitted
the Baxter Guards march to the front giving them the
salute passing Both companies then took up the line
Of march, headed by the Empire band and proceeded
through Jay, Greenwich and Warren streets into the
Park, where they halted and piled arms The yolun
then accompanied their entertainers the Baxter
Guards to the III Dorado House. In Centre street. where",THE NEW YORK (MExIoAN) VOLUNTEERS.,The New York herald. [volume] (New York [N.Y.]) 1840-1920
1852-10-05,"CORPORATION EOTICE.-PUBLIC NOTICE rs
~ hereby given, to the
cupants houses and lots improved snd
ted thereby that the following assessments have been
completed by the Assessors and lodged nthe office the
Bureau Of Asesmentt for examination by all persons
rested vzFor regulating paving setting curb
and tagging street from the Eighth to the Tenth
The limits embraced by such Jude
all the several houses and lots of ground vacant lots
pieces and parcels of land situated both sides of Fifty
first street. the Eighth the Tenth avenue the
westerly side Of Eighth and both sides of Ninth
100 south from street. persons
whose interests affected by the above-named assess
ments who opposed TO the either tham
are present their writing the
.ndsrsigned at their office, No. Hall Of Records within
thirty days from the day Of this nstice.


SAMUEL ii. DE MOTIF


FRANCIS NICHOLSON, Assessors.


ISAAC WIN. SMITH,


Once, Bureau Of Assessments Street Department, Oct",,The New York herald. [volume] (New York [N.Y.]) 1840-1920
1852-08-04,"Last evening the most enchanting place Of Amusement
In New Of the best halls for enjoying refresh.
ing breeHes Castle Gardonwas numerousy attended by


fashionable audience who gave to the French artists
magnificent reception The first piece performed a
French vaudeville in act, called LES hpglais en-
Voyage in which the celebrated Menehand, the best
comic artist and singer who appeared the stage in
this city play ed parts with talent and
which excited the plaudits and the universal laughter Of
Oil present This vaudeville. full Of spirit, like oil the
French pieces Of that kind admirably well performed
by tie three artists who appeared in the principal parts
Mons Mentband and GRAFT and Mime. Diguct Tho beau
tfuI ballet sstbane danced by the four celebrated sis
Rousset succeeded the vaudeville The charming dan
whose fame veil known In Paris and BRUSSELS
have pure and lively style Of dancing which attracts
the most enthusiastic paudts, The ballet taken from
the plot Of Robert the Devil Is quite interesting and
was admiralty well executed by the celebrated Mile
Caroline and her three sisters who form together qua
Of admirable elegance and talent This evening, tue
opera Of the Crown Diamondsn will be repeated with
Nine Tleury jolly Cahsrina in which she plays and
rngs with the most remarkable talent The opera will
be followed by advertisement in which Nile Caroline
end Adelaide, will dance La banoler and Theresino


Hungarian pas Castle Garden will be crowded with the
admirers Of elegant and classic dancing and those who
enjoy q charming opera.","The French Vaudeville md Ballet Troupes


Mt CDsyic Garden.",The New York herald. [volume] (New York [N.Y.]) 1840-1920
1852-03-25,"The demand continues to improve though Southern
business concluded for the season The Wcsterw
dealers beginning to arrive and are putbases
against the opening Of navigation All speculation seems
out of the question and the business doing OF salts,
factory kind, nothing is stimulated Prices are
low, but that docs not tempt to heavy individual mr.
cbaes The Western merchants do not seem to he want


ing in money the exports Of staple goods continue large
being over 90 per cent greater than last year Brown
shrtngs and sheetngs are very steadytbec has beer
little deviation in prices since January Heavy GOOD,
are senlng ri oss GAc Mcached goods are in limited
supply ana prices steady; drills very firm there Is
snort supply browns sell to arrive at 4 79,c o..
nabugs are steady with demand equal 10 the receipts
Demns are active nj full prices Stripes and ticks are
moderately active. but prices continue low Printing
cloths are inactiveprne Of good designs and qualities
are active but the poorer descriptions are yery hcavv
6nghams are in good request, at uniform prices Lawns
are IN moderate request and steady in picp DcIanes
arc in light supply but sufficient for the demand whol
y not active Clothsar in large supply dun and bcovv
cothiers have bought unusually light this season CAST


mefs and saincts are IN limited request and rates are
ueclnins; printed satincts however Grmer Ken.
lucky Jeans are IN good rcque, but low price Tweeds


are uu ana heavy Fanncls IN request at fun prices
Foreign goods are active but mostly French goods at auc
uon Figured and clangoablc silks are in request and
rather scarce 81 good qualities Foulard silks are active
Nv auction NJ prices favoring buyers Black and plain
SUNS are active Delaines dull Printed cottons are
no. la'onteA Just now but good styles plenty
hlp.oh are active and the new importations command
io""d eee Cloths are dicult to sel and stock 10 aesu-","rURs.

",The New York herald. [volume] (New York [N.Y.]) 1840-1920
1852-09-22,"COTTON FACTORY PROPERTY FOR sALE.-THE
"" "" viii sell Al public suction on the premises on the
9th day Of October next At IL o'clock M all their real
ssrss Land With one large three story brick Factory %
and boiler attached having steam and gas pipes
through all the rooms for heating and lighting the
used Tor and four large three
The Dam, Fumes and Bulkheads made in the best
manner Tor strength durability and beauty Of finish The
SON on fall Of 2s feet The Machinery Of 5000
all other necessary machinery for operating the
coarse or fine cottons Was built in M in the expen
order The present the property
half mile from the Hudson River Railroad sixty miles from
New York and directly the proposed line (now being
surveyed) of the Hartford Providence and Fishk Rail-
road making il desirable location for locomotive
turing purpose The real estate and machinery will be sold
separately The property can be viewed 1T time Maps
OF the property and all information given to paid
munications Address Wissapss Company fshkill Land


fishkill Landing, July 10, 1862","COTTON FACTORY PROPERTY FOR sALE.-THE
~ WiccApee Compauv rishkiIl LANDING Dutch cou ~",The New York herald. [volume] (New York [N.Y.]) 1840-1920
1852-01-31,"T'I'tF 1IUu' q uuSV HIsVFs - ,


JAN 2p.-Sdmfei Shoemaker against Thomas UT3k
others This action brought foS the recovery
the value of certain goods taken California ~ the
defendants. as common carriers, board their snip
Sutton. The consjepee Angelo Schoonmsker,
drowned the voyage aad the arrival Of che vesae
at San Francisco the captan on his responsibility
delivered the 60 eds commission houcs there which
subsequently sold by said house and the proceed,
retained by them IL also alleged that defendant
Thomas Warde partner If the house that received
the goods For the defence the partnership denied
ard conterded that the defendant. being common
rers their liabilities such ceased che delivery Of the
goods az San Ffanei co; and that the captain in deli
verng the goods acted in the capacity az factor and not
agent OF the defendants Toe jury tound verdict
for the defendants ana that the captain acted in good
fat",,The New York herald. [volume] (New York [N.Y.]) 1840-1920
1852-07-12,"Before Judge BceDc, ana Aldermen W ara anu IWtId.


SEASON


jury 1c-lt has been remarked that the number OF
in this court always increases the thermometer
rises consisting chiefly Of assaults and batteries This year
has proved exception TO the rule and this morning
there were eighty prisoners awaiting trial The facts
presented features Of novelty general interest
Many of the prisoner discharged and the remain
der dealt with after their dcscrtsn


""nARpo LOT.


Patrick Foy. William Foy. James Soan John Turbot,
James Hines, and Patrick Joy-all hard looking boys
from the Emerald Islewere placed at the bar charged
with creating a riot and violently assaultipg the police
The evidence showed that Saturday night there was
"" dance ut the Hquer and grocery store In Thirty
second street, between Lexington and Third avenues
whore the prisoners all lodge That there arose some
dispute among them below stairs, and they went up to
settle IT. for which purpose they armed themselves with
pckaxea. hatchets knives stove pipe and clubs, and
proceeding to adjust their differences when officer
John Cannon attracted by the noise, went In about one
o'clock on Sunday morning and they Immediately turned
their wrath on him. knocked him down, struck az MN
with hachets and clubs and guarded the door 20 ~ 70
prevent any assistance coming Cannon appcaroa ~
court will his head and hand bound up nsng reserved
some wounds. Captain Nigham ana some o1ieI
officers had afterwards looked into the ROOM rescued
him from the mufdcrous hands OF ms assalnt' s,u NJ
rested the uri,onors Of whom he recognized Patrick
Toy and Turbot as having been active ~ tnc Tray.


There wos some evidence to show that william roy
was in bed and JOY seemed TO have conducted himself
rrnrenbv These two were therefore dcborpd and the
others were sent for three month 70 'he pcht'""'hAS
Adjourned 70 Tucfdoy morning","Court of Special Sessions.

Before Judge Beebc, and Aldermen Ward aud IL",The New York herald. [volume] (New York [N.Y.]) 1840-1920
1852-02-12,"Before Recorder Tlou and Aldermen Smith and Cornell


FEB. l0-.a NarToU Escape Of the State Prison-Jo-
seph Newman, . respectable looking young man, was
charged with petit larceny In stealing gold watch
ued ct $685. from Patrick Coyle who keeps liquor store
next TO the Chatham street theatre the property
was taken, together with chain worth $28 about
the 10th Of October last The watch found in the
possession OF young who stated that hs bought
IL Of enc James Travis Travis found and he gave


clear account Of purchasing the pawn ticket 1.-THE
being then pledged Of the prisoner who thsreupon
arrested These facts clearly proved by Mr. Coyle
and Travis, and the prisoner Offering defence was
found guilty The Court observed that it very bold
robbery, and amounted very nearly not quite in fact,
to grand larceny The nature Of the charge prefer
red, however would the prisoner from the State
prison. but they weud send him to the pententiary
the utmost period. viz, six months


Enforcing an argument--Edward Cole, man OF quiet
demeanor and apparently beyond the period Of mpetu
youth placed at the bar charged with assault
and battery Robert Browning, young man who exhi-
bted tremendous ecar extending from the front Of his
head round his temple stated that he had met With the
defendant one evening and they conversng the
number OF fues he had steam boiler Witness
hazarded the assertion that he had certain
ber which defendant denied and impeached his vera
city in terms expressive than courteous Witness
took issue Immediately in language equally plain, aud
defendant, seziHg tumbler inflicted the wound which
had made such an indeible impression He iuterceded
however for the prisoner he only wished for proec
ton from future attacks and the Court observing that
the wound was dangerous one, but that judgment
held in terem the strongest kind Of bonds found
the prisoner guilty and suspended sentence during his
good behavior.",Court OF Special Sessions,The New York herald. [volume] (New York [N.Y.]) 1840-1920
1852-01-03,"SPECIAL CORRESPONDENCE OF THE NEW YORK HERALD.


PHILADELPHIA Jan 2 1862
United States Marshal Roberts yesterday took niue Of
the Chrtiana prisoners to Lancaster The prosecuting
teer there hncng that there was no evidence against
them, except Kline discharged them.


One Of these prisoners was George Williams runaway
slave. Recorder Lee, of this city had obtained
rant from Commissioner Ingrsham to arrest Williams
fugitive kee and the owner of Williams went to
Lancaster yesterday, and as 5000 as Williams dis
Kline got frightened and about eleven clock he hired
carriage sLd pair OF bores and started with Williams
ard bis tor Pennngtonville, where they arrived
towards morning, greatly atgued They entered room
lockd the door and all but Williams fell asleep when
Williams escaped through window. lie has not been
rettken.","The Christians Rioters-Escape of n Flu


gitiye.",The New York herald. [volume] (New York [N.Y.]) 1840-1920
1852-03-07,"WASHINGTON, March 4, 1852
The Tia, Of me BaacHs E6ect-71e Presidential More


,nen- General Butler, Little Douglas and the Democratic


Retieo.


The Baltic has given her blowout and departed. The
political waters have been troubled disappointment
angry feelings have bceu aroused from sheer bungng and
bad management, which admitted Unfortunately with
out tickets Of invitation crowds Of oaers and rowdes
who reveled in Of good liquor and choice wines
while many members Of Congress crowded and
ostled out Of all patience and some with ladies' were
get board until the chances all gone The enter
tainmen ample and luxurious especially in liquors
and Wines but ii flowed too freely and besides spelling
many beautiful ladies' dresses and compilations caused
reeling and staggering among members which
brought them into close contact and collision with
the mobocracy, and left them cursing and
dissatisfied with headaches next day The thing
might have been anticipated. The extravagant finish
ment the enormous outlay. the evident extravaganza
and bad management will have bighting effect upon
their golden prospects One Of the owners stopped with
Corcoran the banker Tickets were issued which gave
it exclusive and arsocratc character That charac
preserved but broken down by rowdies and
rcvcry The nationality Of the line lost the moment
the departed from her line Of running and entered
the Potomac She then in shoa water and meandcr
ing her way through strange currents and crooked


Mr. breckenridge, of Kentucky, is making a
speech in the House in reply to an attack made on VIM
o. Butler by the Democratic Rerer The editor of the
present having returned this morning with the
Young Giant. from ball in Baltimore The Young Giant
and the editor of the Democratic Reew are inseparabc


Mr. Breckenridge is a very eloquent man. and in the
Of his truly able and eloquent defence Of General
Butler he gave the Young Giant Billy Patterson icks
Mr. Richardson the friend of the Young Giant inter-
ruptcd Mr. b. in order TO set the Young Giant right 1t
actually edit the Deia6a'ic Re,iec; but gentleman from
ST. Louis here knows how much he is interested in it.
and this winter. when complained to that the Rerier
would not publish the biographies of other candidates
Judge Douglas told the person complaining that he
would write to Geo Sanders and tell him to publish all
their lives This proves that there is wheel within
wheel. ABEL.",Our Washington Correspondence.,The New York herald. [volume] (New York [N.Y.]) 1840-1920
1852-03-07,"BALTIMORE, March g. 1852
James white residing in Maiden lane East street
returned his home drunk at four O'Clock this morning
lie immediately commenced beating his two Children
girl of fourteen. and boy three years Of age lie after
wards seized razor both their throats and bis
and set the house The frcmen on the
spot and extinruished the flames When the bodies of
all three found they considerably charrcd by
the fire aud their threats gashcd from ear to ear
The skulls Of the children also broken with an
axe His wife He'd from the house last evening on ec
count his drunken violence, having fear for the
been kind.","Horrible Tragedy In Baltimore.
TWO CHILDREN RuTCHERED BY THEIR FATHER-sUI-


eide OF THE MURDERER.",The New York herald. [volume] (New York [N.Y.]) 1840-1920
1852-10-12,"TJ,O LET--AT HoBoKEN, TWO CONVENIENT AND


handsome three story and under cellar brick
within four blocks Of the ferry In the in
Hudson known Franklin Terrace The houses
upen OF the desirable sites in the vicinity Of New
York upon high ground and good SOIL having view Of The
bay and river Each house has twelve pantes and
large under cellar flower garden thirty three feet Deep
10 'front.' and yard fotyfvs feet deep In the These
finished with the Kitchens hot and cold
at the washtubs and sinks with every convenees
for hot and cold baths shower baths 40 They within
half OF Wall street. and will be lot much below the
York Inquire the Hoboken Land Office, of


w. SHTPPEN. Arant-",,The New York herald. [volume] (New York [N.Y.]) 1840-1920
1852-06-30,"BY A. BANKS.
Deep deep 70 his mother earth.
Which late he molly trod,
They'll bear him midst the anthem peal
While the death plumes mournful nod
The poorest mortal who departs,
To scape from trouble here
Leaves his trace on friendly hearts
Cd some fond sbeeka tesr.
Such IL the history Of an.
Yet circumscrieed their lot
Zach mortal has his halloged grief,
Nor bonors stranger spot.
The great and good have wider fame
The hearts Of nations bleed
On many a stone lnscribeS the name,
For future men TO READ
And future men will read he name
stern fate inscribed today,
And freedoms sons hand down 10 fame
The glorious name Ct Clay
New York june 20 1852",TRIBUTE TO TIE GREAT AND GOOD.,The New York herald. [volume] (New York [N.Y.]) 1840-1920
1852-03-21,"WASHINGTON. MsToh 20, 1859


CALIFORNIA
Mr. MARsaA of California, presented the Join. reso-
buttons of that State asking the rcfundng Of certain
moneys collected therein prior to her admission into the
Tno~ ard for increase Of the solarle3 OF the District
judges OF California.


DEFICIENCY APPROPRIATION RtLL.
Ey unanimous consent the time for closing the debate
tho deficiency bill was extended two hours.
The House then won't into Committee of the Whole
the state Of tho Union the BIZ for supplying defcien-
cics In the appropriations for tho present fiscal yoar
Mr. JOHNSON, Ark. made explanations 10 tao items
for the support the Indian Department and compsiped
that the Committee Of Ways aud Means Lave rejected
onc-haf Of them.


Mr. Bnooys, (whig) Of New York, defended tho bill,
contcnpg that the duty OF Congress to the e
mates and when Congress votes for and adopts the then
Coppross responsible well tic executive fer the
which at bost but guosses year eighteen
months ahead.


The committee rosa, and the House adjourned.","TUIRTY-SECOED CONGIsNgs.
FIRST SESSION.",The New York herald. [volume] (New York [N.Y.]) 1840-1920
1852-05-04,"PHILADELrnIA, May 3, 1862.
Tho frcnon's procession to-day splendid affair.
1t is thought to have been the greatest display the kind
that took place in the United States Sixty nine
Philadelphia companies and twenty -hve visiting
companies wcro in the procession The line formed
in Arch street. and moved at 10 o'clock 1t supposed
to be four miles in length, and occupied two hours in
passing given spot Tho city presented very gay ap-
pearance being dccked with flags arches &c Nearly all
the choice bands Of New York Philadelphia Baltimore,
and Boston were in tho procession Company H. from
New York arrived last night and escorted to the
United States Hotel


The actual number Of equipped hremen in the parade,
was $3.50 exclusive of bands, persons In carriages &c
While the procession the route fire occurred
in st. John street destroying stable carpenters
shop, and lager beer establishment and damaging
several frames.


The procession halted and the fremen went into ser
vice with their spare apparatus and after exngushng
the flames they again moved on finally Diminishing at
about six o'clock.


Numerous dinners and balls took place this evening.
Not the slightest disturbance has occurred and the
police arrangements were excellent.",,The New York herald. [volume] (New York [N.Y.]) 1840-1920
1852-08-16,"BALTIMORE Aug. 10 1852
Three fires occurred in this city last night all Of which
traced to incendiaries The first fire consumed
small dwelling houses Harrisburg street. the second
small school house Canten and the third stable
Schroeder street.


The fremen rioting all night in various sections
of the city The Columbian engine taken from her
company by the yigant boys, and thrown into the falls
Guns fred stones thrown, and many persons seri
ously injured The Mechanical and the Paapsco two Of
most orderly fire companies, attacked by the
rowdies, and Of their membership John Gregory
afterward found lying the walk with fifteen dirk
wounds on his body, and willnot survive man named
Owen Shield, who had had quarrel with Gregory the
previous night has been arrested suspicion of being
the assassin.


Jacob Peacock and Alexander Didier, charged with
burglary and horse thief named Connor broke of
the jail Saturday afternoon Connor re-arrested
at Towsontoun and the others have been tracked to Har
rsburg.","Incendiary Fires In Baltimore-Firemen's


Riots, SC.",The New York herald. [volume] (New York [N.Y.]) 1840-1920
1852-09-16,"YENHE LOTTERY or LIFE
J. IT lifes n lottery 'tis surely wise,


From the revolving wheel to sock n prYe.


Now would ynn know how fortune may b. won,
And dangers 'scapca that thousands have uudoAo?
let ROBAtk read the stars that your birth
We're called TO rule your dentny earth


Each day, with evil pregnant ne can name


And each Of happy too, tho same.


Have Won had loss? nell teach you to regain
The wealth you yainly struggled to retain.


Wbatecr mischanee you've known amid the strife
OF this Wild skirmish with tho world, called Life
lie can repair by astroloRic lore,


And bid success all your acts once move
The in life Of hundreds who consulted Dr.
ROBACk, has bccn acrihed by the parties themselyes
their signatures Co the advice founded upon his
mneu calculations. lie bo consulted all hours
fnl nativos obtained-prioe Stat his residence 10
White street.",ASCRCEOGY.,The New York herald. [volume] (New York [N.Y.]) 1840-1920
1852-09-16,"CTREEr DEPARTMENT, NO. HALL. OF RECORDS =
- Public notice hereby givcn that the following pcti
have been tho Board of Aldermen TO
Nag the sidewalks along the old Buryng Groung in Twenty
brst street, between Sixth and Seventh to fence
vacant lots Madison between Twcntysixh and
streets Twenty seventh street. between
Fourth and Fifth Also the following resolution
To rag sidewalks set and reset curb and gutter north size
White street, between Church street and West Broad
west ride Of Church street. between htc aud walker
streets All persons Interested having objections thereto
requested them writing the yndersi5


at his ose before the eighteenth day Of September
instant JOHN T. DODGE, Street C0mni5 sioner.


Scntcnher & 1867.",,The New York herald. [volume] (New York [N.Y.]) 1840-1920
1852-10-04,"ENRY II. LEEDS, AUCTI0NEER.-SPLENDI Din
Sale Of First Glass Cabinet Furniture
for the Private Sale of John Deorest Esq who resrt
from tho busnessHenry H. Leeds Co. will sell by
ton at the extensive warerooms Of John Deforest
No 292 Broadway, near Reade street. Wednesday. 6c


and Thursday 9TH October half past 10 O'clock the bes
assortment OF richly made Cabinet Furniture offered kS
auction this season all warranted to be Of superior
serption and either in manufacture styJ
by any stock in this city The above will comprise his ensr
stock, and the sale will be without Of
Eegeres with plate glass and lined with carved columns
and plate glass rosewood carved Rosewood Enoe
Dressing Cabinets and French Bed
seads ali richly carved Rosewood Couohes covered
gold and crimson ssue also rich Arm Chairs
match Music Etegcres lined with satniwood richly
Centre Tables with stationary Sterna and Italian marble
tops amoura gsce engraved and enameled Basketwork
Tables Extension Dining Tables in rosewood oak black
walnut and mahcgan superb suites Of Paror Furniture
eolored troeate9 consisting Of Sofas, TeteaT es,
tissue tapestry and other fashionable coverings
pearl niaid Reception Chair Sewing ditto medallion Rose
wood Furniture, superb gothic carved rosewood Dining
Room Etegere Plato Glass Bull Furniture Centre Tables
Work Tables Writing Desks, &c.. Reclining Chairs blsc
walnut and oak Dining Room Furnture also. very
CANT suite of richly carved rosewood paror suite


IN Goben tapestry together with every variety Of ohe
hrs class furniture not enumerated Catalogues
ready and the Furniture be examined at time
vious to the SALE Purchasers have their


for shipment on the premises. if required.","HENRY IT. LEEDS, ACKNOWLEDGEMENTS",The New York herald. [volume] (New York [N.Y.]) 1840-1920
1852-11-27,"FRE-THRILLING SCENE About half past one
O'Clock yesterday morning fire broke out in building
Lombard street. below Ninth The place was occupied
by DIR. J. 8. Rock. . drug store and dwelling The
flames spread quickly, and the inmates were aroused


from their sumbers on the upper stories by the dense
smoke and hest When they awakened the flames had
by that passage It in such moment a. this that
the unconscious deepers awakened to their
danger. A ooorsd woman With her infant sprang from
bed, and with her babe casped to her bosom, rushed
franticaly to the window Some remen and citizens In
font told her to throw the child out which she did and
II caught In the Of the hored spectators and
escaped injury The then sprang from the same
place jus her night clothes which she had
catching fire The spectators caught her. but nowith
standing their praisevohy efforts che badly injured
Another inmate sprspg from window but fortunately es-
capped with slight Injury In few moments after the en-


tire house was wrapped In flames and with its contcnts
was entirely destroyed The surrounding nrsperty was
somewhat In jured - Philadelphia Sim, Nor. q",,The New York herald. [volume] (New York [N.Y.]) 1840-1920
1852-11-27,"ANOTHER RAILROAD ACCIDENT -Yesteriay
mornings htful transpred on the susq ue-
hanna Railroad, about two miles and half from the
City At the Eagle Factory 1t appears that the
train was coming a. very rapid towards the CITY
when the locomotive came in contact with COW which
was on the track The locomotive with the tender at
and passing the amman escaped much injury but the
three large passenger we're not fortunate They
were thrown violently of the tn OK and about twenty
yards on the brink Of precpice soat forty feet in depth


the Falls At the time the passen gave themselves
up Tor lost but fortunately their des ructon pre-
prevented the foremost car from ttpr over into the
Belsmc1s Sur Ner 25 -",rH RAILROAD,The New York herald. [volume] (New York [N.Y.]) 1840-1920
1852-08-01,"TO THE EDITOR OF THE HERALD.
perceive by the papers that Impression has gone
broad that the steamboat Armenia racing with the
,ttom,r Henry CJny the day OF her accident Thai
Impression y erroneous. Captain ISaac +. Smth-cap.
tin ana owDer-waa not board aud had gven strict
cIous rot to with the Clay and ordered tde engi-
nttr not to carry any extra steam under any crcum
stances


hpo her statement made by the papers which the Of
fctrs wi corrected is that the Armenia passed the
Clay without rendering any assistance The Armcnia
stopped as near the Clay safety from q burning
boat wouo justify lowered her boat and rescued
ber OF Passengers. The boat laid about one hour
lbe wreck ana brought down Capt rnlimau aud nun
Der of tbe wounded passengers o justice tho officers
OF the Armepia, would desire you to insert this
rected statement Signed


CAPTAIN ISAAC P0LHAMUS


Pilot Of the steamer Armenia.","THE RACING OF THE HENRY CLAY AND


ApMENIa",The New York herald. [volume] (New York [N.Y.]) 1840-1920
1852-09-10,"GTRFFT DEPARTMENT, NO. HALL OF RECORDS
"" Pu Bile notice is hereby even that the following petit


lions have been presented in the Board Of Aldermen
fla the sidewalks along the old Buryng Ground Twenty
trst street, between Sixth and Seventh
yaetntlots on Madison between Tweutyeixh and
streets Twentyseyenth street. between
Fourth and Fifth Also the following resolution
To lag Sidewalks set and reset curb and gutter aide
OF hte street. between Church street aud West Broad
way west Nc Of Church street. White and Walker


streets All persons nteretod having objections thereto.
requested to present them In writing tho Undersigned
HE Office, before the eighteenth Gay of september
iLttant. JOHN 4. DODGE, Street Commissioner.


septenbe. s, 1852.",,The New York herald. [volume] (New York [N.Y.]) 1840-1920
1852-05-27,"Last evening the Scott Committee met at their head
quarters the Florence Hotel but did not transact any
business Of Importance. 1t the weekly formal
meeting. They congratulated each other very warmly
the victory in Hudson county. N. J. One Of the
members who attended the election Of delegates the
Baltimore Convention in that county reported the


cess Of the Scott party to be thirty votes for Gen Scott


and ten for FILLMORE and Webster, together The Scott
Committee laid some pipe last night they shrewd
set of fellows They have managed the fifth district
convention where they found that they could carry
il for Scott that il will not 80 for anybody This


mittcc are in high spirits They confidently reckon upon
larger majority in New jersey than even in New York
state New Jersey being the State in which Scott resides",The Scott Com mittee.,The New York herald. [volume] (New York [N.Y.]) 1840-1920
1852-09-24,"CTREET DEPARTMENT, NO. 4 HALL OF RECORDS
- Public notice hereby given that the following petit


have been presented the Boord of AldermenTo
lay railroad sundry from Abingdon street
Broadway and Canal railroad through
various Streets from of Broadway and Fourteenth
street. through Ninth and Tenth to
street, lay railroad from of Broadway and Fulton
street through Church. and other streets and Fifth
to Harlem rver lay railroad from South ferry through
Greenwich street. Ninth and Boomngdale road to
Harlem river lay railroad from of Canal street
and Broadway through Mercer street. Waverley place. and
Fifth to Mount Morris square, to pave set curb and
gutter and flag four feet through sidewalks of Eleventh
from Thrtieth to Fortyth street; to macada
mize and build embankment wall in Seventh from
Fynnth to Seventyseco street. to set curb and gut


and flag four feet wide, in street.


between Third and Fourth


Also, following resolutions: To repair Fourteenth
street. between Sixth and Seventh and raise and
relay crosswalks between Thirteenth and Fourteenth
Streets lay erosswak from the Grand and Mad
streets 70 corner of Grand and Lewis strets to nag
sidewalk of Second street between First
d; to fence the vacant lot of Broad
and Forty street All persons intere sted having
objections thereto requested to present the
writing to the undersigned, at his Office before the
fourth day Of October next. JOHN I. DODGE,


Sept. %, 1862. Street Commissioner.","STREET. DEPARrMENr, NO HALL OF RECORDS",The New York herald. [volume] (New York [N.Y.]) 1840-1920
1852-06-03,"BAITIMoRE, june I-2Ia p 81.
Since yesterday, of the Southern Buchanan men
have declared they will scccde from convention rather
than submit to accept Douglas of his very ami-
liar relations with the bheys. This coos down their
enthusiasm somewhat but Douglas Is still strong. The
New York delegation have the game in their hands II
they can unite upon Dickinson Or Marcy They may
possibly be driven to Douglas.


The convention will probably adokt-the Fugitive Slave
law in terms and oycrrule the extreme South
tho Cuba question. in committee.


The convention may continue in session till Saturday
the present indications point that way",SPECULATIVE DISPATCHES,The New York herald. [volume] (New York [N.Y.]) 1840-1920
1852-06-18,"LOVE AND JEALousY-A RcH ScENE-A rich
scene took place in dwelling on Washington street
RoHbury, on Tuesday afternoon. II appears that a.
respectable denizen of that city went to California,
not long since, leaving behind him a wife. about
forty years old the mother Of eight children. Tho
good lady has been visited often, and very kindly
treated, since her husbands departure, by gontlc-
man OF about fifty provision dealer in the neigh.
borhood, and withal husband and father His


frequent visits to the California widow excited the
suspicion Of his ""better hail."" who suddenly became
tormented with the .'green.eyed monstcr,-iea-


lousy She watched diligently bis every step. deter.
mined upon hearing with her own ears his vows of
love to another, and witnessing with her own eyes
his infdelity. Tuesday last was the time Her
husband made one of his accustomed calls upon the
gold hunters wife. He was ushered into the par
lor Some fifteen minutes elapsed. when suddenly
the door burst open, and the provision dealers wife
stood before the false pair. We will not attempt to
describe the scene. The injured wife seized tho
false one of her sex by the hair of her head and
dragged her from the sofa, tore her clothes into
strings, said all manner of naughty words to her.
and then, turning upon her husband pulled his hair
from his head, scratched his face, BACKED both his
eyes, and frightened him so that the poor old man
has not been seen nor heard of in Roxburv since.
The whole matter may yet result in legal prosecu.
cuton; until then we suppress the names of the
parties.-Boston Herald, I7h inst.",,The New York herald. [volume] (New York [N.Y.]) 1840-1920
1852-11-13,"CORPORATION NOTICE : PUBLIC NOTICE is
~ hereby given 70 the owners, occupant or
eupants Of sll houses and lots improved unmprovei
lands aet ted thereby that the following Assessments have
been completed by the Assessors and lodged in the Of
Zee of the Bureau Of ADJUSTMENTS for examination BY all
interested vEI setting the and gutter
Thirty ninth street. between the Fifth and Sixth avenues
paving Thirty ninth street from Madison tho
Sixth The limits embraced by such
sude all The several houses and lot. Of ground yacan.
ThtS ninth street from Madison tho Sixth
nue. All PERSONS whose interests aected the above
named affeesmnts and who opposed the same,
either Of them requested to present their obeetons in
Records within thirty day from the date of this not


SAMUEL H. DE MOTT,


FRANCIS NICHOLSON, Assessors.


ISAAC WIN. SMITH,
Once, Bureau Of Assessments Street Department, Nov.
IL. 1854",,The New York herald. [volume] (New York [N.Y.]) 1840-1920
1852-11-13,"DAPID AND RADICAL CURES, SUCH As WILL NOT
N be nths but two three days. taken early


ard whose permanently be relied and that will nsS
to perpetual ehagn aud loss be breaking out again
certainly he obtained and all Of the nnfor
tNpate, from DIR ward This recommended to the serious
attention of tbose who would DO cured well land quok and
the horrd secondary Affections and the inevitable
detection and dfgrace that follow their appearanoe
New and important discoveries enable him than full
fill his promises of impossible be effected under
antuated method Every convenience for the treat
ment provided. Attention bestowed, such will
eeiye where else Romember that hundreds being
lost under other doctors solely from OF IT, Attention
Is all that needed besides skill with BOTH his para
tho unfortunate under him get nost magcl ally. Once,
the Can and Broadway Book ad
vice, gratis Medicine, dollsr.",,The New York herald. [volume] (New York [N.Y.]) 1840-1920
1852-10-23,"The fame of this has extended with
Irsng rapdt only to be accounted for the ground of
its great merit One trial alone is sufficient establish


title the only specific for liver complaint The follow
ing from New York druggist gives evidence of the high
estimation in wh these pills held in that section Of
country


Hemlock Lane, Livingston county, N. Y.-Dr. MLane-
Dear sir-I have sold all Liver Pills and anxi-
have another lot Immediately. These pills
take most wonderfully could have sold much larger
quantity if had been provided with them. The iuhabi
snts sending Rochester for Them but whether
there not, do not know. Please send
other supply Immediately. +. SHORT Druggist


For sale by the principal druggists in New York city.
Druggists referred toBOYD Il PAUL 40 rtland street;
and c. v. CLICkENER CO., 81 Barclay street.","DIR. M,Lnne,s Liver pills in New York.",The New York herald. [volume] (New York [N.Y.]) 1840-1920
1852-12-03,"ROW IN TAMMANY HALL-TRoUBLE AMONG THE


DEMOCRACY.


The General Democratic Committee met last evening,
at Tammany Hail. for the purpose Of choosing inspectors
for the several wards to supenend the election Of the
members Of the General Committee for the coming year.
and while in session. disturbance occurred outside the
door, and SIGHT ensued in the of which the door
Of the committee broken in, and an indiscri.
inmate assault made upon the members Of the COM
mtee with chairs and other such missiles hand
Mr.. Augustus Schel the chairman received some hard
knocks upon the head Djuring him severay and
others slightly wounded. The committee we're dis
persed but resssembed subsequently at the Aston House.
where they were still in session at midnight. The
offence Of the committee for whichthey were expelled by
the rowdy party from their own committee roon was
the appointment Of inspectors for the election the
Eers Committee in the Second ward which the Assaants
wished to appoint from among themselves and in their
own way This is sorry specimen Of harmony for the
unterriied democracy.",City Politics.,The New York herald. [volume] (New York [N.Y.]) 1840-1920
1852-08-16,"""
Increase in the first weeks Of August 1852 $ 351


The trade become very active and prices steady
having apparently attained a maximum Stocks are
not in excess though ampio for fair demand. There
has been slight addition TO the stock Of staple cotton
goods Heavy brown sheetings are In coed demand and
scarce Bleached goods moderately acve-stock is
accommodating and prices are steady. Drills are not
active but are firm, with light supply at old prices.
Osnabugs quiet but firm, with on upward tendency;
this description of goods than other sympathizng
In mcdiately with the rise fall Of the raw material
when the stock 1t is is short Denms are firm at
9{ &c., with limited business. Stripes In mode
request at steady rates. and ticks rather higher
Canton snnels in demand and firm Printing cloths
have slightly advanced but with avery limited demand
The quotations are 37S a5Ic. Prints active,
with good and well assorted supply attractive to buy
ers from all parts-south East West and North Cling
hams are brisk Of at the steady uniform price Of
1osc Delaines active and next to prints, the
most OF any. Dunnclps prints favorites. Cloths
in great demand at full prices but the supply Is be-
low the demand and sales arrive have been freely made
Manufacturers working ordera pleasure they have
rarely experienced till lately. In month or two the
supply will improve In the meanwhile the consumption
Of German and French cloths Is greatly extending
Sleeps greys firm and moderately active. Satinetts
wanted at full regular rates. and the supply not
more than enough Cassmeres in good request both


in plain colors black and fancy styles prices steady
Lndsys slow Of sae at 10 To Tweeds heavy Of
sac Jeans quiet but steady. Flannels In good
request without change in prices Blankets fair de-


mand and firm. shaws attracting the attention OF
the trade who providing themselves with assort


ment for the opening demand of tho fall season The
supply il large varied and attractive at moderate prices


and will insure large business. French goods very
active and Of all kinds dress ard staple goods nne ard
coarse wooens and cottonf. The fine dslainos in
good demand at full rates. Ribbons sell more brisky
at asking prices silks-colored figured and pAin-are
rather buoyant from the increasing cost Of Importation


and the mpossiby Of the orders sent out being led


except at advance Blacks have advanced Vestings
scarce and wanted. Fine cloths are more wanted.
and are higher in price, Black casmeres and doeekins
active. British goods also in demand, especially
sus There have been fair sales Of delanss and linens


at regular prices Staple goods cell brshy at asking
rates InGerman goods there unremitting activity
ct full and sveS advancing prices Ssr cloths,",,The New York herald. [volume] (New York [N.Y.]) 1840-1920
1852-12-17,"The Young Mems Light Guard, Captain Felix Hart
made their second annual excursion yesterday to Pol
locks Mansion House Hoboken accom- panied by Mana
hams Cornet Band. They numbered thirty muskets ex
clueiye Of officers and made very sodierke and
sIectsble appearance. They shot for seven prizes.


afternoon upon their return from target practice Ia the
country They numbered about fifty muskets and were
attended by shtltons Band In physical appearance
and order Of march the kncksrbockes have not been
equslsd this eaop; whilst their uniform in she style
OF the Evolutionary times, introduced and nspirt-
ing feature Into the equipment 81 citizen troops In
front marched tbre members habited with gray wigs
and with slightly ttooppg gait. recalling 10 mind the
ra'riarchs Of the soul stirring period The target was
literally fddled In the esntS that rohpg remained of
IL but the outer ring.",military Pa rasies,The New York herald. [volume] (New York [N.Y.]) 1840-1920
1852-05-13,"CTREET DEPARTMENT. NO. f-HALL OF RECORDS.
- Public notice hereby given that the following petit
tions been presented 70 the Board OF Aldermen
grade set curb and gutter and flag sidewalk north side
Of street, from the side Third
70 the line Of the public school property To regulate
and Seventeenth street from TO the East
river To flag four feet wide through sidewalks OF
street between Fourth and seventh avenues
where already tagged Also the following
To pave Thirtieh street from Eighth to Tenth


Cherry street from Corears street
interested having objections thereto
quested present them in writing 20 the undersigned
his Office. before the 18th day Of May inst.


May 6ls62. JOHN I. DODGE Street Commis sioaer.",,The New York herald. [volume] (New York [N.Y.]) 1840-1920
1852-05-17,"From the London Times, May


Intelligence has been received to-day (Mondny) from
the Superintendent and Cashier of the Nouvcau Monde
Company, in California which may tend to enlightcn
the public 10 the value Of the leases and claims in
that State which have lately been yended prizes to
English specuators The report beth with respect to
the difficulties connected with Colonel Frcmonts ttlo
and with his powers to put partes INTO possession OF
uncyal grants such To yrcvent their making any
attempt at present to establish themselves his pro-
pcrty. The Superintendent accordingly about to
writ other localities, 10 the north of California
where favorable positions for works and abundance of
gold quartz unde rsiood by him to exist.


[From the London Sun, May


California gold mine shares fiat, in consequence of
the Novenu Monde manager having written home to say
that he contemplated taking the lease of other pro-
perty in preference to Colonel Fremonts II appears
however that violence difficulty from squatcrs had
had arisen but that the title considered to be not
yet adequately defined The Agm Fria mine. believe
is in different position being already located and even
If Colonel Fremont not the reehodcr, the company
would sustain no loss worth speaking Of having kept its
resources well under command, The Australian mines
may perhaps benefit Royal Australian and Lewis Hill
about onc.eighh premium. South Australian and
English Australian copper have been firm The Great Pol
gooth have risen, and several English mines being in
quiIed for.","The California Mining shares ,n London.",The New York herald. [volume] (New York [N.Y.]) 1840-1920
1852-09-10,"The Lone Star


voyager lfe's stormy sea,
Whose guidisg star was woman love,
Net all its tempests TRANQUILITY
Fer to his ark, like Nvah's dove.
Young beauty from the world without,
Brought hope nd peace, and naught could mar
His rapture Of love devout-
While shone, undmmed, his guiding star.
But death his cold sepulchral hand
Placed 'twixt the voyager and the light;
His dove had joined the an ell band
The world below grew dark night.
Yet, though the lips he loved mute,
One bliss remained-death could not mar
In the Daguerreotype of Root
He saw his loved, lost guiding star


ROOTS Daguerrean Gallery, 1863 Broadway.",The Lone STAR,The New York herald. [volume] (New York [N.Y.]) 1840-1920
1852-09-25,"Trade continues animated in tho highest degree, at
full prices No signs Of weakness appear from stocks
in disproporonate abundance to the demand and the
demand is entirely for consumption. UnbleAched sheet
ipgs and shirtings in request at regular rates
Heavy goods bring * 7kc Biesched goods


are In good supply, with steady, we'll sustain
ed demand. Drills moderately active, ct firm
rates. Osnaburgs quiet, but steady Benims
firm At &c. for all stamps Stripes in demand at full
rates. Ticks are firmer with an Indifferent supply
Canton annels active with rather deficient supply
Of the better qualities Printing cloths less Arm
but are dull, and prices nomina3H $40. Prints
quick of sales at full prices The amount Of sales Is
very large Gipghams active at 10 1910. Deaines
moving freely at opening prices The demand has
scarcely abated, though the sales have been immense
The country trade is far from satisfied. Cloths arc
brisk, with better supply and prices are regular.
Fancy casmeres and satnets yet active and at
good The trade has been well sustained Lnseys
are steady at 1Sc Tweeds are active and firm. Ken
lucky jeans cell quickly. Flannes in light stock
ana buoyant Blankets steady. Shaws are in fair
quest at regular rates Fgepch goods are very re-
narkably brisk both at auction and at private sale
The large supply is yet below the still large demand and
prices firm accordingly Importers find it their In.
teret to send the goods from ship to the auction to in
vito competition among the buyers. Black silks have
advanced Figured and colored silks firm Ribbons
steady and brisk Satins buoyant Velvets aud
veatings in good request Cloths and doeskins are
selling readily at full rates The arrivals not large
the steamers and packets do not bring full oorgoe
British goods less active with better supply; bat
prices steady The reduced stocks Of dress goods
delanes and prints and sinehams sell freely for good
qualities. Woollens in demand for the winter des-
cnptons, and Of kinds, for spring garments, to
supply distant markets The wocllen jobbing trade
never was active now, aud as it has been from
the commencement, which earlier than usual. The
cothiers still buying. The western. northern this
State and the by trade large buyers in the
neral market",,The New York herald. [volume] (New York [N.Y.]) 1840-1920
1852-06-24,"REFUSAL OF CUSTOMS UNION WITH AUSTRIA.


The zollyeren meeting, at which Prussia was to de-
clare its determination the present crisis of the union
took place Monday The Prussian Commission re-
piled definitely TO the Darmstadt Commisson:--Frst.
that Prussia rejected aog ther. Customs Union with
Austria. Second That Prussia will not enter into the
discussion of commercial questions with Austria Tho
treaties for the renewal OF the Zoycr,in shall be
pleted,


Prussia demands an immediate and unconditional
answer from all the States Of the Iolvcren whether not
they agree to the proposition in order that Pra may
Immediately establish crstom houses the frontiers OF
such dissent.


The friendly relations other topics with Prussia and
Austria viii not however be disturbed",,The New York herald. [volume] (New York [N.Y.]) 1840-1920
1852-12-18,"THE SOUTHERN AND WESTERN TRADE CONVENTION


SAVANNAH COUPON BONDS, ETC.


BALTIMORE, Dec. 16, 1852
Delegates to the souther2 and Western Trade Convcn
tion to meet In this city to arriving In large
numbers. All the Southern members Of Congress have
been invited and about sixty have expressed their nten
iion OF attending The convention sits for day only
and closes with grand banquet.


Two nsis arrived to night from New Orleans leaving
one still due.


The aayor Of Savannah publishes c,rd In the papers
Of that city 10 The sct that savannah has fiscal
rection vith the Phouix Bank of New York that the
coupons Of bonds payable in New York city able
the Manhattan Bank and at thu city Bank aud that
the pay due IN Augmt last provided for Mt the
time to the last cent due.


The subs to the Pensacola railroad Ia favau-
nah have reached Slt0Oto.",Elnil feu Saufn.,The New York herald. [volume] (New York [N.Y.]) 1840-1920
1852-01-11,"DEATH OF WILLIAM GRIMsHAw William Grim
shaw, Esq gentleman widely known for his literary
attaipme died at his residence philadepha
the Sth inst at the Of seventy Mr. Grmshaw
native of Ireland but has resided in this
for many years the time being divided between Phiia-
dephia and Harrisburg He the author Of numerous
excellent school histories, which were ~ the time uni
versay received text books and which stl highly
esteemed. He also the American Cha.terheldo
the Ladies' Lexicon and numerous smaller works,
all evincpg very enlarged iufor nation and clear,
vigorous intellect His reading very extensive and
his knowledge of the progress Of things during his lite
time particularly in relation TO British politics.
probably thorough that OF any this country
His mind lost of its vgor with the approach Of age
and in his fine intellectual nance bis imposing
and active figure there we're appearances decay
His love Of reading continued to the last aud he has,
within year, frequently employed his pen upon such
subjects as he took.an especial interest inPiadepha
Erening Bulletin oh inst.",,The New York herald. [volume] (New York [N.Y.]) 1840-1920
1852-01-11,"FEARFUL RESULT OF PRACTICAL JoKK.-A
checking occurrence recently took place In the Female
Seminary 1t Washington Pa. II appears that several
yeurR ladies wishne to have fun, undertook to
convert the h.rtett u their Number into gigantic s
partition. broom was firmly bound spliced to the
young adys person in such that 1t projected
two or three feet above her head pillow tied ound
the middle and arranged In such . nsnner to offer
rude representation Of head and shoulders fas-
tened to the top ofthe broom Drapery then
fully arranged to make the figure complete The pre-
tended appartion followed by her companions started
to try the eject Of their contrvsnce They entered the
room Of young lady, who fitting with her bssk
toward the door The apparition stepped forward and


leaned the chair. The young lady. hearing noise


mediately behind her suddenly threw back her head
The moment she the strange object her upturned
eyes became immovsbly fixed and she remained motion
lees The others that something the mat
ter and attempted to rouse her They succeeded in
short time but the change ON unconscious stupor
to rasipg madness At the last the
girl much better and hopes entertained that
she would soon recover her reason, She has however
euf red great deal Her incoherent rawlings showed
that the horid spectre created in her imagination by
a nomentsry glance still haunted her Pinsbu Jour
nal",,The New York herald. [volume] (New York [N.Y.]) 1840-1920
1852-04-22,"Trade is active with obbers and distributing houses
but not with wholesale houses, who do not break pack
ages. From the West and North there is continual


how OF custom for which jobbers fully supplied and
themselves only buy sparDgy keep assortments The
export demand is still good for domestic cottons Brown
sheetngs and shrtings large stock and prices favor
buyers Bleachcd goods steady but the demand Is
not active Drills and denins the most active goods
and the rmest in price, On the latter observe i'm
provement. Osnaburgs in overstock. Stripes and
ticks are duh. Printing cloths steady, with light
but improving demand though still limited. Prints
lower and dull with large stock Ginghams uniform
in price with steady demand. Delaines not active
and prices in favor buyers the trade has been
Done the supply both from abroad and home having
been greater than the demand Cloths have been rather
active but the large supply of German fabrics and
the over supply of domestcs, have depressed prices
below cost of production. From 81 37h So %,
fair sales Of colored cloths being made Tweeds
re dull. great deal is doing in carpets The
Bay State Mills have produced a domestic article Of
Brussels styles of pattern, which is selling retail at
one dollar per yard, and is in considerable request
The same company have now commenced in the
facurc of their fall style shaws British goods in
moderate request Dry goods especially dclanes have
sold freely this season. but the demand is over
Linens in overtock and have crowded the auction
rooms. to the damage of prices Cloths, however,
steady though low in price The mportatons light,


from the unfavorabe returns to those of last season
French goods except for silks and ribbons very de-
pressed in price. The public sales have been numerous
Thin dress goods have suffered materially in price owing
to the cold spring Silks firm and good ribbons
There is complaint making of the backward
OF Western payments but all consider tho trade done
and doing very good. though limited. Stocks are
scany in the interior and yet there haste to lay
heavy supplies This State has not yet presented its de-
mand and that is larger tbar ny other The absence Of
brisk Southern demand 4a pressed heavy certain
and rsmedable drawback has been the prolonged winter
We shall pass at once from winter to extreme summer
clothing and the trade will miss altogether that inter
mediate demand for spring stycs OF intermediate sub
staura",Drv GOnfyo nrsrEef,The New York herald. [volume] (New York [N.Y.]) 1840-1920
1852-07-24,"VANDERBILT LINE, FOR SAN FRANcIsco-THE


shortestend cheapest route and only line giving
cts fer crossing The isthmus The fayorte double engine
steamship PROMETHEUS, 00 TONS will leave from Pier
No. North river, at o'clock =. M precisely Thurs
day Angus 9TH for San Juan del Nore direct
with the Pacific steamer the Nicaragua transit ronte
having but "" miles land transportation These steamers
hsye unsurpassed accommodating with superior yentila
ton ard passengers through without delay the
pache teamer being In waiting and the last crossing from
Virgin BAY occupying only day THIS offers
reror ADVANTAGES TO families going 10 California IL being
NC only one by which passengers are always under the
charge 81 oeers attached to the line and this time
much more hostility and comfortable than by any other
For or passage at the lowest rates applyonly
at the Once, Nos Battery place, M stairs, TO


ID. u. ALLEN, A gent.","VASSlp.E,.Rs,B.,nLr LINE, FOR san EsANcIsco-THE",The New York herald. [volume] (New York [N.Y.]) 1840-1920
1852-11-27,"CPLENDID VILLA SITEs-sTATEN ISLAND. TWEEN
- tytwo the south side OF Staten Island on the
brow Of the hill Prospect avenue about two and hha
bate nbcr Of building sites each having almost unur
the and staten
Island aud New Jersey and each wooded with everreen
and shade trees The convenience OF Staten Isandthe
taking thirty minutes about the time
an omnibus from the upper part Of the eisy,the sea
exemption from fever and and Tho fall diseases d
80 othcr Places renders Statn Island most dosra
ble residence to those wishing the
An inspccton Of the premises win show Of the
Vouls DO taken IL sold tosether. Apply TO


JOSEPH EGBERT, Richmond road",splendid VILLA sIrEs-sTATENIs ISLAND TWEEN,The New York herald. [volume] (New York [N.Y.]) 1840-1920
1852-07-27,"DurrALo. July 90 1852
Three fires occurred In this city lad night. all sup
pos 20 have been the work Of inoeudisrios but they
we're neither Of them of much Consequence


Fred Emmons. ~ this city. wei known boat ngens,
was assaulted In Cleveland late on saturday night Tic
had been wing Joke tina. hr a raturned Cali
fornan with $4,000 about him. and some men, be
,ieving the ale wayaid him. near Balcyne House AMI
knocked him down with siung shot His lie ed
a. William Ferguson. Watson Dean Samuel Max we'll
and John Kelly have been arrested suspicion Of being
the perpetrators Of the act.",Fruitlcss Attempt nj Highway Robbery,The New York herald. [volume] (New York [N.Y.]) 1840-1920
1852-05-08,"The Columbian Fire Company, Of New York arrived
In Washington this morning seven O'Clock and were
received by our Columbia Fire Company and deputs--
tons from other companies, and escorted through
the principal streets to tho Columbia Eneine House
where they breakfsted after which with their enter
taners. they marched to the steamboat wharf and en-
barked on the steamer Collier for Mount Vernon The
vsters present fine appearance and hig,AlV
favorable impression of their efficiency remen Thay
return to Baltimore this evening.


BALTIMORE, May 7-P NJ.
The Columbian Engine Company returned here TO-
day from Washington They the guests Of vigiani
company at a supper tonight, and return home -
morrow.",The New York Columbian Fire Company.,The New York herald. [volume] (New York [N.Y.]) 1840-1920
1852-07-06,"HUNDREDS OF PEOPLE ovERBoARD--A GREAT NUN


BER DROWNED. ETC.


Yesterday aftainoon the ferry boat uunchback was
leaving Staten Island at FIVE o'clock p NJ the bridge
between The boat and the shore gave way and precip
tated about hundred assongers into the water There
great crowds Of persons around both on the shore
and board the boat and the excitement might be
expected great The cries Of the drowning were not
heartrepdDg than those Of their friends board
the boat and the dock Every exe,ton was made to
the persons who immersed and by great good
fortune most Of them were saved Many taken
from the water in critical stae-ndeed almost drown
ed-hut most of these resuscated before the boat
reached this city One body, that Of female some
thirty eight forty Of age taken up from the
bottom quite feess Among the number who went down
with the bridge Was laboripg man his wife and child
four months old. The and woman we're both saved
and up to late hour looking for their child The
Gather would not believe that his infant was drowned
and he looked for its arrival by every boat But II Ia too
probable that the little Is long before this out Of The
worlds troubles.


qhe sight presented when the Hunchback landed at
New York. was ptiable in the extreme. Females we're
brought ashore in numbers, with dripping garments
some of them swsoning st from the over exerton of
the scene through which they had passed One hand
some looking woman, In half conscious state was
still In that strange condition between lie and death
called half drowned and last Of all the party Of the
ocat crew. bearing the dead body Of the drowned fe
male No one knew who che was but each We'd with the
other IN paying those small attentions TO the dccease
which are becoming from the living the dead and a.
they md hf our on her humble bier in the ferry house
and arranged her clothes struggling tresscs close
observer might see that those hardy eyes wore
hlled with mauly tears They did all they could and
then lef their charge to be claimed by her friends
But that bcreoved fathsr-his was pitnbc IIe
bad gone down with the rest into the water nd his viz
and child with him. when he rerained tho doct
Ms wife had already been saved They were both on
board the boat when shc came up and he confidently
expected that the next boat would bring his child


hut the next boat came, and child hni the.


father lett to he agoniging conclusion iha Ill darling
drowned. Oh how hs scout heart yielded tbop aui
ho tow,d down ~ il stricken hp tate There were hun
drcd aonpd him at tho time and oil sncled - fyp5a
thc with tho bcfeayed parent lie when hs learned","FRIGHTFUL CALAMITY AT STATEN ISLAND

HUNDREDS OF PEOPLE ovERBoARD--A GREAT NUN


BER DROWNED ETC",The New York herald. [volume] (New York [N.Y.]) 1840-1920
1852-07-06,"THE FIREWORKS IN MADISON SQUARE.


The usual display of fireworks in Madison square was
more than ordinarily grand and imposing raised stage
erected in the centre OF the square from which they
discharged The fierce and beauty Of the rockets
remarkable and, together with the Roman candles
colored lights and ornamental wheels, afforded inde
scribsble exhibition Of brancy which rendered
chanting by the effect produced on the numerous grace
full and stslwart trees The display ended with rium
plant arch. forty feet in length on which was in
scribcd Liberty and having underneath equestrian
delineation Of the immortal Washington nearly twenty
feet in heighr-he whole Of flaming fire, and
hibtng exquisite illustration of the attainment Of
perfection in the potytecnic art This beautiful square
crowded with delighted spectators, and Dodsworh 8
band which had been engaged for the OCCASION greatly
contributed TO the enchanting pleasures Of the evening
by their erly strains The display little
otter 0 clock having lasted nearly an hour",THE FIREWORKS IN MADISON SQUARE.,The New York herald. [volume] (New York [N.Y.]) 1840-1920
1852-01-01,"This week is as dull week as is almost pos.ibls
The cothiers still withhold their large purchases and
few the spring goods yet selling for the far
markets Of the Southwest and South Unbeacnsd sheet
ings and hrtings very qnie New goods freely
arriving, Jet prices firm, Bleached goods are in
considerable stack except of the lower qualities b..
the demand is very dull though prices are steady
Drills are less plenty, and holders frmer from
&c a &C. for browns, which are the only kinds in
quest osuaburgs selling freely, and the stock is
very much reduced prices are firm DENNIS ara WITH
out change. but dull Stripes dull and heavy. Ticks
are shade easier. Canton iannels are in increased
supply and the light demand is met with rather lower
prices. Printing cloths are very dull ran-iug at &c.
4s4c the market seems not likely to improve. Prints
quiet spring styles srri yiDg and few sales
the south are making Gin CHAINS and delaines are ia
the quiet state goods begin to arrive for the su,
ply Of the demand anticipated in the coming months;
early buyers are few and those satisfied full price
from the old stock. Cotton panlaloonery is dull at


slight decline for old stock Cloths also shade lower
owing to the light demand. and accumulation Of stock


Low priced coored broojs under So are most wanted
Cassimeres Of fancy style have been in request but the
demand is limited to few clothiers and supplied at
slight decline Satines friner, with slight i'm
provement in the enquiry Tweeds dull, but good
styles and wantes Jeans inactive Sleeps
greys now cut OF seasoua few heavy goods all
that have sold Linseys very depressed in price
parcels have been sold at Ii 4c the latter price
iof Prime auaites fannels are IN limited request out
steady Blankets are moderately active but only for
heavy kinds. shaws active only in retail trade The
sales have been immense this season. This trade is
growing domestic one and has be OF the most
profitable The year winds well for he domestic trade.
The fall trade in staple cotons and woosns has proved
better than anticipated prices for the last few
months have been uniform, while articles the
demand has been active at good profits We sllude
recialy to Deaines: Gipghams Prints and shawis. In
these Articles the increased consumption has been very
large and the dems nd has kept with the large
ply The most depression has been in foreign goods. Yet
this year the importations OF silk goods from France
likely to be in greater than last year The sprng
goods are not yet opened for sae here but the goods
irving to special order are distributing in the Southern
markets British goods are in moderate request for the
clothing trade and prices steady The mportations
are yet light.",New York Dry Goods Market.,The New York herald. [volume] (New York [N.Y.]) 1840-1920
1852-04-17,"VNITHIN ONE HUNDRED MILES OF NEW YUKk-


w 100 Of Land aud Building for three hundred dol
hundred dollars to bond and mortgage
space Of five years. more This the best chance
ever offered The ground is one-han with
but not that will interfere with cultivation aud IA
mIy may realize oderate living the year. The build
,ups unon each will be stories high, with
npon with excellent water aud power in
abundnnce; party contemplating going the frat
dav of July and all persons wishing comfortable home
will lind this their advantage Further particulars be
Nod Nv apnlypg at OF tho New York Legal ohscr
YER * Nassau Street by letter, post paid, directed
John HUDSON, Land Agent.",,The New York herald. [volume] (New York [N.Y.]) 1840-1920
1852-02-05,"ATLANTIC OCEAN FROZEN The Sag Harbor
Coueef Of the 2Sth Jan has the folio wing
relative to the cold in that REGION: During the late
remarkably weather. we have been told that the
Atlantic Ocean, the south aide OF this Island has
bee frozen say and ahalf miles --ohers over
Eve miles out; while others affirm that nothing but ice
be as far as the eye reach. One thing Ia
certain which may further this assertiop which IT, that
this Island has been constant lee ehore that has kspt
the sea down, thus giving 1t an unusual chance to
freegeD",,The New York herald. [volume] (New York [N.Y.]) 1840-1920
1852-04-26,"TNOR SALE-LEASE OF EIGHT YEARS. TOGETHER


with fixtures and furniture Of Of the most exten-


ve eating and drinking Hotels in New York located
venient to Wall street and Post Office. The above house.
without exception not eaualed by for location style
business Also excellent business OF the
character much smaller East river and atod
up in the best Also, fine large House, centrally
located and Of tho most business streets doing
extensive business with lease Of six years. Also tempe
House the best locations Also Porter
House; al.o.a emo Drug Store ALSO aud Ice
Cream Saloon; and Grocery and Liquor Stores In
good locations Apply ROBINSON IS Nassau street. up
stairs Nos 4and5.",,The New York herald. [volume] (New York [N.Y.]) 1840-1920
1852-06-05,"The general results of 1851 indicate progress
The proportion orecoyeries has been increased and
the proportion Of deaths diminished over any pre-
vious year. But besides the general advancement
changes, the coed influence of which will be per-
manent In two Of the halls ""prison help"" has
been dispensed with leaving only one hall and the
Lodge building "" under the old arrangement. The
Croton water has been brought into each room in
the octagon, and the proper fixtures applied for
shower and warm baths. The ground about the
building has undergone various improvements. Be-
tween the south wing and river walks have been
ing pleasant grove in which the female patients pa
may have exercise and amusement. From thirty
to forty patients have been daily employed under
the direction Of the gardener, in horticultural and
general improvements. The changes of the exte-
rior, however, require personal examination to BIO
appreciated. Another important step has been made
k fitting up two Of tho halls for the better class Of
patients The following is the average weekly num-","nd the amosnt Of money expended during the same

",The New York herald. [volume] (New York [N.Y.]) 1840-1920
1852-04-28,"EXPLOSION OF THE PRAIRIE STATE-TwENTY PER-


SONS KILLED OR SCALDED.


- ST.. LOUIS April 30 1852.
The steamer Prairie State, while rounding ont from her
landing at Pekin. on the Illinois, between nine and ten
o'clock yesterday morning collapsed the of her lar
board boiler killing scading and wounding some TWEEN
~ persons mostly hands the boat and deck passcn-
gers The boiler blew out both forward and aft and but
for quantity of hay stored in the engine room the loss
would have been much greater. The head engineer
named WILSON, was but slightly wounded An assistant
was instantly killed. The steamer afterwards caught
ire but the flames cxtinguished by tho crew
Of the steamer Avalanche which was on the point of
landing short dhtance Off and to the assistance
OF those on the Prairie State Captain Sprgg thinks the
Killed and missing are mostly the Of the boat.
TWO STEAMERS suNK-TwENTY PERSONS DROWNED
- LOUISVILLE. April q. 1852
The steamers w. b. Clifton and Chckasaw came in col
ision above Evansville Ohio river last night and the
latter sunk immediately. 1t is reported about twenty
lives were lost. The Chckasaw had on board locomo
tive for the Memphis railroad


II i also reported that the Pontiac No. sunk in the
Missouri rive. the boat having broken in two.


ANOTHER STEAMER SUNK.


NEW ORLEANS. April %, 1852
The steamer Beacon bound for Montgomery. Alabana
with full cargo mostly provisions sunk last night On
Lake Ponchanrtran. The passengers and crew were all
saved but the greater part of the cargo will be lost
Tie reported frost in the interior few nights ago
probably done slight injury TO the growing crops
bn nothing serious. The weather to-day summer
like.","More AWFUL stc.mbon, D,s..,crs",The New York herald. [volume] (New York [N.Y.]) 1840-1920
1852-03-25,"WRECK OF BARK SUEBEAM-L0SS or THE CAPTAIN


WIFE AND CHILD ETC.


HAMPTON, March II, 1852.
The bark ashore miles north Of Assateague
Light before reported has been ascertaned to be the
Sunbeam Lincoln from Havana via Matanzas for Phila-
dclphia with full cargo Of sugar and segars She went
ashore the night of the 18th Captain Lincoln and hs
wife and child washed overheard, and perished
One account states that the body OF Capt Lincoln bad
recovered and buried The bodies Of his wife and
daughter not yet found The of the Sunbeam
saved themselves by getting into the forotop where they
remained until relief came. The captain. his wife, and
child another account says perishcd in the rigging, and
fell overheard


LOSS OF THE SCHOONER HENRY CURTIS, WITH THE


CAPTAIN AND COOK.


New BEDFORD, March 81 1852.
The schooner Henry Curtis, Captain Anthony fioni
Philadelphia with coal for this port struck, Sunday
morning, of No Mans Land and sunk in five fathoms
water The captain drowned and the cook frozen
10 death Three of the reached here to-day from
Nantucket


VESSELS IN DISTRESS, ETC.


NoRroLE March 81 1867.
The brig Royal Sailor hence for the West Indies,
Sunday Last put back leaky.


The brig Mary u farroy from Camden, with lime for
wilmington put in with loss of masts &c.
The schooner Lalla Rookh Of Truro after dscharging
ballast started the river to load with oysters and
capszcd Croney Island.


The schooner swan, from Apalachicoa, with cotton,
for New York Ia also ashore three miles above ASA
league.",Marine Disasters.,The New York herald. [volume] (New York [N.Y.]) 1840-1920
1852-03-25,"VINHE DISTILLERS, INSPECTORS AND SPIRIT


Dealers of the city and State Of New York. inform
ed that the subscribers prepared to supply them with
Silver Hydromeer in strict accordance with the law


atng Of domestic spirits The temperature scale,
to Herewith correct and it is presumed
venent than any hitherto used They have both
been examined James r. Chiffon, M D., chemist, and
Cogsweil Crane& Co. dstiers New York-copies
approval may bo obtained below They have also
puted Sliding Rules for mixing spirits Of different
strengths, according to the hydrometer for domestic
spirits and also for tn hydrometer fixing tho strength Of
imported spirits and showing the cost Of the compound
with full and ample drssons for working and compare
derence-a point of considerable Importance These two
rules is confidently asserted, will be found invaluable to
n dealers grocers They also manufacture Silver lily
drometers for imported spirits Saccharometers aad Oeom
eers and pledge themselves TO supply their with
useful instrumentsJames Adams attending
and graduating sent out All the above instrn
ments repaired and eadustcd JAS. ADAMS G. TAGLI-
BUE 298 Pearl street N "" q. Taglabue continues as
usual the manufacture OF and other Barometers and
Thermometers with the made thereon Bark
ometers for tanner Glass Hydrometers for acids akae
salts syrups milk &c. &c. and generally all glass instru
ment with scientific pursuits BGlass Blow
ing for philosophical and chemical experiments.",,The New York herald. [volume] (New York [N.Y.]) 1840-1920
1852-10-01,"ALBANY. September "", 1897.


Ihe steamer Rip Van Wrinkle. on her passage mp tho
river last night was run into Yonkcrs by sloop,
hesvhy laden which was coming down under full sait
and @ it supposed broke her ter rope and becoming
unnanageabe struck the forward guard Of the steamer
with her bowsprit breaking short OH The sioop then
swung round and raked the guards and braces OF the
steamer and her PADDLE boz.


soop evidently received serious damage at tho tmo
ol the conoutsion for she got clear Of
steamer she topped SUNK leaving only part Of
ner prsast out OF water. Whether drowned
could not De ascertansd but boat With light board
could be seen rowing around the wreck the
out FOR some


WihAle is said to nave been ;atense","CollissOn Between the Steamer Nip Van


Wrinkle and a SlOOp.",The New York herald. [volume] (New York [N.Y.]) 1840-1920
1852-10-01,"The convention re assembled at two o'clock,
shaker said the Shakers were Spiritual lie said
marriage was the root OF all the worlds sin. folly and
suffering. 1t was the basis Of ali selihncss until
iiage and family abolished the world could be
regenerated


A red faced, fat brawny Icsi woman from High Rock
tose with her eyes shut and her head hanging down and
spoke a lot of bad English IL q harsh voice.


At the same tine young behind her whired his
hands about rolled his head cspped his handS and then
selling mans hat. began to write with pencil and
paper on the crown thereof


About four yards from these two unatics tall idiot
with pale cadaverous face and black beard got upon
his feet and whire round like top clappng his hands,
shaking ana mntteripg At last he made dead point
with one OF his hands at the Irish medium who
gruntpg blowing aud rolling her head like person
der the influence of opium.


Mr.. BIsGuAM Objected these demonstrations
A member much excited demanded that the spirits
should be allowed to talk,


big fat man. Of the John Rogers breed who sat
lie platform cried out obey God rather than man.
Let the spirits speak Amen, Amen


This scene exceeded al tnat could be imagined of Bed
laH'em and folly The chairman rapudiated all such
ta1aticism and folly this. If these spiritual
communications he preferred the communications We
could have from the spirits Of living lie wonld not
allow his reason to be imposed upon by such irrational
demonstrations.


Jhc chairman is a nal 0, talent apparently and has
canJor and How he got into such squad is be-
Jcnd comp iehenson.


The convention adjourned for three months to meet at
some other locality in this State,","AFTEENOON sEsslOY,",The New York herald. [volume] (New York [N.Y.]) 1840-1920
1852-10-08,"The coalition democrats OF Norfolk county met in
convention at Dedham day also the free soers Of
the county After considerable talk and trouble,
the two conventions managed to agree upon a union
ticket for Senators consisting Of two free soers and
democrat. portion Of the convention in favor Of
poeponng actien upon the coalition till after the Pres
Dental election but this voted down This is the
first county which has formed coalition during the
present campaign


George UDderh and Caleb Stctson, of Braintree, for
Presidential Elector Thus in this district there two
candidates Congress- and two for Presidential Eector
the boers having nominated separate candidates at their
conventio yesterday


portion of the bunker democrats repudiate Bishop,
the democ attic candidate Governor and win probably
put up David Henshaw.",The Massachusetts Coalitionists.,The New York herald. [volume] (New York [N.Y.]) 1840-1920
1852-07-09,"ACCIDENT AT MoRRrsTowN.-Wc learn that an
noon, Of the most shocking character just previ-
ous to tho coming down of the o'clock train from
Dover to Newark, two men were walking on the
track near the Morristown depot, both intoxicated
and they were warned of their danger, but replied
that they were not afraid AS the train approached
one of them, however, stepped off, but the other,
person named Milton Reynolds, was struck by the
COW catcher, and thrown upon the track, the car
wheels passing him and literally crushing him
into mass, perfectly irrecognizable. He wasabout
~ years OF age, carpenter, and resided at Madi-
spn-ygsy CITY ddpatlsg. Jidy9.",,The New York herald. [volume] (New York [N.Y.]) 1840-1920
1852-07-09,"LARGE PRocEssIoN-sYMBoLs or MOURNING, ETC.


CINCINNATI, July s. 1852
The remains Of Henry Clay arrived in this city by the
cars at eleven clock this morning very large process
sion Of military Free Masons Odd Fellows remen and
citizens conducted the remains through portion Of the
city and deposited them the Louisville mail boat at
one O'Clock The procession nearly hour in pass
ing given point. The business houses generally
closed and all the public offices. The streets through
Which the procession passed draped in mourning
bea were toled and minute guns fred throughout
the day Deep soemnity pervaded throughout the city,
and little or no business transacted.",Mr.. Clay's Remains In Cincinnati.,The New York herald. [volume] (New York [N.Y.]) 1840-1920
1852-06-04,"CTREET DEPARTMENT, NO. 4 HALL OF RECORDS -
~ Public notice is hereby von that tho following reso-
tons hsye been presented in the Dosrd of Assistant Alder
To fence vacant lots Seventeenth street and
eighth street, between Fifth and Madison to
flag side walk north side Twenty sroot, between
Fifth and Madison avenues TO flag fopr feet through


sidewalk Of Twenty ninth street between Third and
to fcnoc vacant lots south
ninth street and Fourth avenue Alo the following ret


onto open Lexington avenue from Fifteth 10 Fifty tn
street. All persons interested having objections thereto
requested to present them in writing
his office, before the tenth day june next.


May 20, 1852. JOHN T. DODGE. Street Commissioner.","CTREEr DEPARTMENT, NO. 4HALL or RECORDS :",The New York herald. [volume] (New York [N.Y.]) 1840-1920
1852-08-06,"Important .7rrest Of Bugns--EIperi Policemen OH
GERS Ecalis Mclaughlin, and Gaugham Of the Sixth
ward police succeeded early yesterday morning in cap
turing burglars in the OF robong the clothing
store No liz Chatham street. occupied by Julius Levi
Brothers. The rogues. when taken before Justice 30
CART, gave their names Heniy Lawrence and james
Williams. These burglars had when discovered, packed
mp fifty satin vests six pair of panaloons i've
coats valued in all at S97 all ready to carry off Tue


facts and circumstances attending the arrest appeared
before the Police Court one o'clock
Thursday morning. during the storm Of rain the OIL
GERS were informed tina. suspicious light was visible In


ftorc they accordingly proceeded to the premises
and from silent view Of the store they felt satisfied
that The inmates robbers 1t evident also that
the robbers had obtained tn the by the


One officer hei eorc stationed at the front door
Chatham street while the other officers made the attack
the deprcdaors from the On the approach of the
officers the thieves became alarmed and endcavored to
escape the fences but the police, being too
quick for them succeeded In capturing the third
making his The officers then entered the store
aud found that the burglars had effected entrance by
cutting out the panel of the door. The clothing
pacfed up by the thieves was found placed in the
yard all ready for transportation The tools by which
yard. consisting Of brace and bit, and two chises
While the officers IN the rear were securing the
pifopers incident occurred In the front OF the store
Officer Mclaughlin, who was keeping watch there obsery
ed The door open of the next store and his
appearance. The officer, suspecpg he might be of
robbers seized bin by the collar at the time ecyat.
ing his club threatening to knock the man down II he
dared 10 make any resistance Tho fellow terri
bly, charmed. fearing The policeman would knock him
down frat and ASCERTAIN who he was afterwards luckily.
however, the man made himsau under TODD lie oc-
cupied The etore and hearing the noise out 10 A.
certain the trouble, when the policeman nccked him be-
heyng HIM TO be Of tho burglars. The mistake,
when properly undcrtocd justified the policeman In the
prompt ncon and the storekecper aughea ~ the affair
more especially he ,scaped without broken head,
vboh lie Rould undoubtedly have received mad he
tsted The accused parties wore both committed 70 te
T,mba hy Justice I3sgrt itT trial The prisOners
recognized fbiavae Nv Captain Brennan having been
undcr h'ssVsPision f. some .me Tast.",Police Intelligence.,The New York herald. [volume] (New York [N.Y.]) 1840-1920
1852-03-11,"INDEPENDENT LINE FOR OBSERVATION-DISCLOSURES


ton TO monopoy-sMh cheap rates geed fare and gress
speed. Tho new and splendid steamer BROTHER JONA-
THAN 800 tons tho fastest the with superior
eommodaton for seven hundred passoaers will sail for
Chsgres and San frsnosco, Friday March 20 at az
M from Pier No North River Arrangements have been
made with independent steamers tho Pacific which will


prevent the possibility of any delay the Ithmus Tho
books open for the sale Of limited number Of
through ekes properly guaranteed and at reduced rates
Apply the subscriber tho only uhozed agent for tho
Brother Jonathan. L. MILLS, 81 Cortlandt street.",,The New York herald. [volume] (New York [N.Y.]) 1840-1920
1852-11-14,"II he months bus two three days. IL talon sasy


ard whose oan be relied aud thss win ns<
etusl chag,in and loss be breaking agn
most certainly be obtained by one sni m Of the
tunate from DIR Wari This IL 10 the sersao
ESCAPE the horrd secondary affections and sho inevs
rejection and dgraoe that follow their sppearss
New and important discoveries enable him THAI suS
I'll his promises Of cure imposbl TO be effected under
aptquated method Every convenience for the
mept provided Attention bestowed such - you win
ceve where else Renemher that buhdre is bdiug
lost under ether doctors soeiv from want o. IT, Atsnsa
10 all that needed besides skill and with both his pssS
the unfortunate under him get most msgcslly Once
At the Of Canal street and Broadway Book ast -
vice, gratis. Medicine. dollar.",RArID ANp EADICAL cUnEs. sUcH As WILL VOC,The New York herald. [volume] (New York [N.Y.]) 1840-1920
1852-10-20,"CORPORATION N0TICE.-PUBLTC NOTICE IS
~ hereby given to the owner occupant
oupant Of all houses and lots improved unimproved
lands thereby that the following have
been completed by the Assessors and are lodged in the
Office of the Bureau of Assessments for examination by all
persons interested vzFor paving Broadway and Seventh
avenue from Forty second to Forty sixth streets Tho
limits embraced by such include all the
houses and lots of lots and parcels of
land situated both sides of Broadway between Forty
second and Fortysixh streets both des of Seventh
avenue between Fortythrd and Fortysixth Streets
both sides Forty third street. between Sixth and Seventh
both sides Of Forty fourth and Forty fifth
streets and southerly side of Fortsxth street. between
Broadway and lines running caterly and westerly half
to the adjoining All whoec interests
affected by the above named and who
opposed the same either of them requested to
present their objections in writing to the undersigned
their Office. No Hall Of Records within thirty days from
the date OF this notice.


FRANCIS NICHOLSON Assessors.


ISAAC WIN. SMITH.


ONCE Bureau Of Assessments, Street Department, Oct",,The New York herald. [volume] (New York [N.Y.]) 1840-1920
1852-03-16,"TIE CANAL LETTING ISyESTIG ATION-GREAT Ex-


CITEMESr, ETC.


SPECIAL CORRESPONDENTS THE NEW YORK HERALD.


Albany. March Is. 1852
The canal fraud investigating joint committee presented
their reports this morning to the House There three
Senator CoEgcr one; Mr.. Cahng of the Assembly,
other and Senator Uphum and Messrs Morse and Bull of
the Asst mly another Mr. Congcrs is the most eabo-
rate specific and emphatic lie presents review of tho
testimony had in considerable detail and scrunizcs the
material portion great length lie occupies five
paper columns


his matter will be made the special order for
particular day. as the reports testimony,
and accompanying documents shall be printed. Tho
most exciting and interesting debates which have occurred
for many year will then come up. and likely consume
the Of the time remaining of the session The lobby
will be filed with contractors selected and disap
pointed who will form unprecedented phaanx to
the legislature but the present contracts how
vanously obtained will remain undisturbed",Affairs III Albany.,The New York herald. [volume] (New York [N.Y.]) 1840-1920
1852-08-18,"New ORLEANS, Aug. Is, 1852.
letter from Fort Smith, dated the first August reports
that nothing further had been heard there respecting
the alleged massacre Of Captain Marcy and his COM
mand, and it was feared tue report was too true.


LOUISVILLE, Aug. II, 1852.
We have just received despatch with the information
that Captain Marcy aud his party arc safo at Fort
Arbuckle. -


BALrlMoRr, August IT. 1852.
The SouR Western .9rerican speaking OF the reported
massacre Of Captain Marcys command says We are
informed that Gen Harvey has received express from
Major sibey stating that they In possession OF in
formation st Fort Graham which renders morally Ger
tain that the reports relative to Captain Marcy are 1T
terly unfounded.",'aptain Marcy and his Men.,The New York herald. [volume] (New York [N.Y.]) 1840-1920
1852-09-07,"TAMMANY SOCIETY.
There was large gathering last night Of the Tammaay
Society at the old wigwsm. Among the number noAaL
mated, were the following distinguished gentlemen-.
Hon Colin NJ. Ingerol, Conn.
Hon Wm. III Polk Tenn.
Hon Jas b. Bowiin, Missouri.
Hon John A Wilcox Mississippi.
Hon. Frederick p. stanton. Tenn.
Hon. Harry Hibbard. New Hampshire.
Hon. Arnold Harris. La.


Hon Emanuel D. Hart, Of this city
After which, speeches made by Messrs. Stanton
Polk. Dowlin, and Harry Hibbard of New Hampshire
giving the enthusiastic and glowing accounts Of the
Of their respective States for Pierce and King
The greatest harmony prevailed among all present.","

nAuuAux nncIrry",The New York herald. [volume] (New York [N.Y.]) 1840-1920
1852-01-07,"PucLIsM-A prize fight came of yesterday afternoon
in Putnam county short distance from the Patterson
Station Of the Harlem Railroad between Orvle Gard
ner and William Hastings, alias Dublin Tricks. The
combatants were engaged IS minutes, during which
time sixteen rounds were fought In point Of pugstio
skill and scientific Developments they out about
equal but to the connosseurs in the art assembled they
appeared not to give general satisfaction High opinions
had been formed Of BOTH buffers Of the first water
but from their scientific mode OF backing and filing, to
avoid punishment throughout general feeling Of dis.
appointment manifest;-in fact, doubt whether
more tame affair of the kind ever occurred in the
prize ring. Sixteen rounds fought, occupying
thirty five minutes, during which time neither Of the
men was much Injured An accident, however, put an
end to the contest the shoulder Of Gardner having
dislocated on the fourteenth round and the ff
teenth and sixteenth rounds he fought that disabled
condition after which he was withdrawn by his back.
ers About one thousand people Witnessed the fight,
without the behtest molestatior from the high officials
in the neghborhood, many Of whom present, and
enjoyed the exhibition with apparent relish The peo
pie of the vicinity would doubt, be pleased to have
repetition Of this Ito certain CLASSY delightful and
much admired amusement-particuarly the tavern
keeper at the station who this occasion handsomely
feathered his nest For further particulars apply
seconds and bottle. holders.",Sporting Intelligence.,The New York herald. [volume] (New York [N.Y.]) 1840-1920
1852-01-07,"A Coup d'etat:--to Cure the Coughs and
CeAs new pzeyaihngs by Mrs. Jsrvis's Cold Candy.


Wheexinx and meeting,


Two neighbors together,


Began to exclAim


A. the horrible weather""


Now raining moving""


:"" Now freezing, now blowing -
Thus they talked with sort Of asthmaticsl GROWING
Not checked in the midst Of their croakng
With this sort Of chorus Of coughing and choking


""Eh-hough-ugh this phlegm


Eh-hugh !-ah Ah-hem""


Up Broadway-shat bright atrset,


They pantngly wendell.


But no further than White street


Their journey extended.
The sign stretching DER Mrs. Jervis's door,
Disclosed the best method their health TO restore:


They entered, they bought,


ana ewo cures were soon vrou ght
By the candy that acts with the quickness OF


theught.
Nov their chorus 10 changed form ehhough and ahem!
Ana Mhee.r9 and :trusgiing and splitting mp phlegm,
TO HuIAh for this candy how lucky we are
Mrs. Jervis for ever Ria bah ha-hs hal""
Bold wholesale and retail. by MRS. W. JERVIS, $3.50
Broadway, and By druggists generally.
Hair Dressers and Hair Dyers Will find
and sreat in using Aliens certain Liquid
Hair Dye II acts Instantly, and stands washing War
ranted taken. IS franklin street. Broadway",,The New York herald. [volume] (New York [N.Y.]) 1840-1920
1852-01-07,"AMERICAN Art UnIOn.-A committee OF
Artists and gentlemen friendly the art are
sitous of obtaining from artists and other of
the pictures which they have sold to the American
Unicn and the prces obtained for them They wish
lear Of and what artists have been paid in trade
the paint store annexed to the Art Union They also
sire that a subscribers who have parted with their
prizes in this city will state the facts and
names the past- and whether of the officers OF the
art Union nowin possession OF works obtained Ad
dress, post pat, Committee, Herald office. Answers


these questions desired be Necessary apply
to the legal authorities for injunction stay pro-
ceedngs and investigate the books of this corporation",,The New York herald. [volume] (New York [N.Y.]) 1840-1920
1852-06-12,"STksET DEPARTMENT. NO. HALL OF RECORDS
- Public notice is hereby that Tho folio wing resou
lions have been the Board of Assistant Alder
To fence vacant lots Seventeenth street and
Second to fence vacant lots south side Twenty
eighth street. between Fifth and Madison to
Gag side wah north side Tventyeighth street. between
Fifth and Madison avenues TO flag four feet through


sidewalk Of Twenty ninth street. between Third and Lcxnk
to fence lots south
ninth and Fourth Also the folio wing pe
fonto open Lexington from Ttieth TO Fifty sixth
street. All interested having objections thereto
requested to present them in writing "" the undergnsd
at his ofce before the tenth day Of June next


Nav ~. JOHN T. DODGE. Street Comm iss0non",,The New York herald. [volume] (New York [N.Y.]) 1840-1920
1852-10-06,"VTU LEI-AT HUBUkEN, TWO CONVENIENT AND


handsome three story basement and under cellar brick
houses within four blocks of the ferry in the
Hudson street known Franklin Terrace The houses
upon one OF the most sites 10 the vicinity New
York upon high ground and good SOIL haviog view Of the
bay ano river Each house has twelve panres and
large under cellar flower garden
in front and yard forty five feet deep
houses finished with in tho kitchens hot cold
water at the washtubs and sinks with every onvenenoo
for hot and cold baths shower baths &C. They within
half hour Of Wall street, and will be let
New York rates Inquire a. the oboken Land oico Of


W. w. SHIPPEN, Agent",,The New York herald. [volume] (New York [N.Y.]) 1840-1920
1852-12-17,"USTRALIA.-P1ONEER LINE-TBE NOBLE NEW


""A York built packet ship Baltimore, 1400 TONS b.
NorthuP commander surfing the lowest rats and being
January from New York for Melbourne PORT Philip lii
finest and in the world The Baltimore the a
vore ship Of the New York and Havre line and with her
superior aocommodations fitting together with her
IRENE height between decks eight and half feet Ard her
that has been despatched for Australia aud
proper The in which the ships
this line have been fitted and provoned has obtain
cd for them decided preference over all others
John OGDEN. R. W. CAMERON, ZIG wall street.",,The New York herald. [volume] (New York [N.Y.]) 1840-1920
1852-07-06,"ITO THE VIRGINIA sPRINGs-MOsT AGREEABLE
Il and economical route.-yisiters to the Virginia
tom, va, are reminded that the steamer MARY
bsrths leaves Baltimore for Eshmond, Va via Hcquia
Greek and the Richmond Frsaerchsburg and Potgmsc
class passage Richmond by this agreeable route S. only
Al Richmond passengers either take the Danvlle
Boyd Edmond. which leave daily Pm. BY these last
and the stages connecting Herewith they conveyed
from Richmond the White Sulphur Springs expense
only the staging this route being reduced 70 fifty
Springs without any loss Of rest in four days from Bs


Passengers for Staunton take stages at Scottsve
and those Lexington the North the staging
sauntcn being miles and that Lexinsto, ten miles
only the time occupied between Richmond and Stanton
being twsnty-sey hours, and between Richmond and
Lexington two days Whole fare between Baltimore aud
the White Sulphur Springs Sl2 whole fare between Ba-
and Lynehburg do Baltimore and LexingtOn,
to the Captain Of the Maryland. or to


CHARLES MORTHINGT0N, Agent,


Conn street wharf baltimore.",,The New York herald. [volume] (New York [N.Y.]) 1840-1920
1852-04-05,"This being the first Monday il. the month the April
term Of the Law Courts commences ; and though the
calendars still heavy, cannot find many Of
special importance The few past terms have disposed Of
Of the most important and exciting trials that have
been law calendars for Forrest divorce
casethe Willis assault and the alleged Cuban expe
dtion-and those that remain comparatively uninte
resting We heard it rumored that the jury having
disagreed in the Cuban the accused parties will be
brought TO trai ,nrtcu Con-+ Tn the
Superior Court there the trial calendar six hun
drcd and seventy two causes amongst the FIRST of whok
is that Of Jones against wilkes for libel there sixty


five the general term and eighty the special
term. The Common Pleas and the Supreme Court, spc-
oia term and circuit have also a vast number of
tti their calendars and in the United States Circuit
Court which opens tomorrow there will be the usual
amount Of patent cases for disposal",,The New York herald. [volume] (New York [N.Y.]) 1840-1920
1852-10-26,"HARRIsBuRe, Oct %, 1852,
Passengers who arrived last evening give the following
particulars of crash the Portage Railroad Adams
Co.'S Express car, heavily freighed assembled plane
and arriving at the crest of the plane which is 200
yards long, unhtched and descended with fearful
rspdity The alarm communicated to the foot of the
plane in time for the passengers in two of the below
to escape the collision but the third filled with
ladies who unable 10 get out before the descending
reached the foot The engineer of the locomotive
ordered to the engine which he did promptly
thus aDg AT yirg rate the containing the ladies'
The engineer now becoming alarmed himself jumped of,
Leaving the locomotive and passenger dsshiDg along
the level towards plane Fortunately. the became
detached permitting the locomotive to plunge down No
8, by which il demolished


When the express struck the baggage the force
great as TO demoh both and the goods
tered N every direction.


But person materially injured lie had his
ankle broken


Col Van swa-twout jumped from the express, and
much injured.


The accident occurred at O'Clock yesterday morning.",Frightful Railroad Accident.,The New York herald. [volume] (New York [N.Y.]) 1840-1920
1852-10-10,"NOMINATION FOR CONGRESS IN THE TWENTIETH AS
sEMBLY DISTRICT CANDIDATES FOR ASSEMBLY.


Urea, Oct ., 1852.
Certain boilers have nominated the Hon. Joshua A.
Spencer, Of this city, for Congress.


The wings Of the Third district Of Oneida have nom
mated for Assembly General LYMAN Curtis of Camden.
In the First district Dexter Gilmore, of Utica was To-.
day nominated by the democrats, for the Assembly
TWENTY. FOURTH DISTRICT FREE DEMOCRATIC N0MI-


NATION.


SYRACUSE, Oct. o. 1852.
The free democracy met here, and nominated Robert
r. Raymond for Congress and made out county ticket
THIRTEENTH DISTRICT WING OBSERVATION-DISCLOSURES


BLY, AND COUNTY NOMINATIONS.


ALBANY, Oct 0, 1852
The Whig Congressional Convention Of this district
nominated Mr. Egbcrt Of Cohoes their candidate for
Congress He was selected the third ballot against
John L. schoocraft and Friend Humphrey. This is an
emphatic silver gray victory.


The Whig County Convention nominated David Has
nell for Sheriff, and S. Il. Sheppard for County Clerk
The wings say that neither Of these candidates
anti.rsnters


Tho democrats of the city assembly district nominated
day VIM. N Forsyth their capddats for Assembly.",New York state Politics.,The New York herald. [volume] (New York [N.Y.]) 1840-1920
1852-04-01,"Trade has become very active. The opening Of tho
canal, hos had magic influence on the demand JOB.
bcrs very busy The commission houses and importers
not 80 much So az the obbers try emily keep up their
assortmcnts already made to meet the present demand
Western merchants arriving daily and in great
want Of goods having reduced their stock unusually low
scarcely show less activity in comparison with the bust
ness Of March 1901 when the river had been navgabe
for dore than bali the month coed shipping demand
also continues the experts from the LIST Of January


being 4 packages against il $50 for the period
last year The staples mostly wanted for shipment are
drills Brown hceDgs and shrtings are In moderate but
steady demand, With an ample supply; prices very
uniform Deached goods rather the
lower qualities but fine goods firm and sell previous
paly to the East prices are firm Osnaburgs are dull aud
the supply very small DENNIS are In steady request at
regular prices Stripes and ticks active, but
the supply large and prices low. Printing cloths
dull and quotations nominal. Prints are very active
and all good styles are rm low qualities depressed
oiDghomsare active at stereotype prices both Lancaster
and Glasgow sell at 10hc. Lawns quiet Delaincs
active but tho large supply renders competition ac
tive, and prices favor the buyer. We have now
domestic dclaines and the supply extedg the demand
Cloths dull and heavy. The excessive supply has
been ruinous to manufacturers. The Wool dsowers'
Manufacturing Association has been compelled to
suspend payments and operations Cassimeres and
eatccts duh In first hands and prices heavy Tweeds
and jeans are more active but prices continue low
goods continue 10 eor freely through the auction room
and largo parcels thus distributed through the conn
Wy y. 10"" PAosS' ~. k""ous vi hst years Importation
which many, and good prices fresh goods arrived
this year which are scarce There Is great disposition
to sell observable at private trade and prices thus favor
buyers considerably Messrs. Coffin & Hsydock had q
large sale last week Of French goods and have another
this Boston and Philadelphia large buyers here
and gooda which are sold N these cities for the West Il
ehould be rceolocted are FIRST bought in New York
Hence the New York market Is always the most desr
able market for buyers whether from the South, West
or North as Is the most central market and the port
Of importation, par excellence, for the whole Union
Brltish goods are firm, with improving demand The
chief demand A usual at this for dress goods
whether foreign domesc but staple linens and cottons
IN considerable request. with regard to prices
wooens heavy except for deafness but oottons
very steady In price Silks are less finn than they wefe
except for very choice qualities and designs An acTs
businese + nov insured COZ 4 eouplq ?. month""; Eay
meats continue good.",New York Dry Goods Market.,The New York herald. [volume] (New York [N.Y.]) 1840-1920
1852-01-06,"TO BE LEARNT ~ LOUIS NAroirox
There was diver once, whose boast
Was that he brought up treasures LOST,
However deep beneath the sea,
OF GLOSSY haired Parthenope.
To try him people oft threw in
silver cup, or gold zecchin.
Down went the diver /"" fathoms ninea-
And you might see the metal shine
Between his lips or on his head
While lazy Tetbys lay abed,
And not Nereid round her beard
The green pearl spaBgled curtain stirr'd.
One day tempting fend threw down
Where whirl'd the waves-a tinsel crown,
And said


Oh, diver you who dive
Better than any ms n alive,
And zee where ether folks are bind
And what all others miss can find
You saw the glorious crown threw
Into the whiripool-now, can yea
Recover It. thus won. you mag
Wear it Lot once, but every day
20 may your sons.'


Down, down he sprang-
A hundred Nereids heard the clang.
And clo,ed him round and held him fast
The diver there had dived his last,


WALTER SAVAGE LANDoR.",Fable.,The New York herald. [volume] (New York [N.Y.]) 1840-1920
1852-09-27,"HEAvr DAMAGES RECOVERED AGAINST THE Cry
BosIoS1be case of Ann NJ Clark against the city Of
Boston for damages sustar,d in consequence OF failing
ipto open cellar door In Hawkins street about
year since was trial In the Supreme Court yesterday
and this forenoon The given to the jury under
n charge Iom Judge Fletcher aud after short alb
they returned verdict for the plaintiff and assessed
dsusges ~ $3.50 The testimony OF the Massachusetts,
General Hospital phykicsn where Miss Clark has remain
cd for NEARLY the whole time since the accident dissoses
the following ingular facts Miss Clark L. about nine


etn years 81 ase previous TO the accident she
ntytd worsttd worker at Maiden, and enjoyed good
htalth On the sst evening Of the railroad jubilee she
troce ctd With some friends TO witness the fireworks In
ICHdoin square, On their return homo they passed
through Clarendon and Hawkins streets wbere she fell
through cellar way which had been accidentally left


open after the grade Of the street and side walk had been
altered After she taken out she complained OF
fciirg a. y she had been struck In the stomach The
scsd WITH vomiting and violent pains In the stomach


hc returned to this city was conveyed to the Maschu
setts General Hospital where she has remained
since The physicians cay that In her fall she received
an nuiy to her spine and the result Is that she
http upon rstomach but very small quantity Of food
amount barely sufficient to sustain life but not
enough to stay The drawings Of appetite Her chief all
mtrt moaser and water and any amount above tvo
ounces given TO her her tomach rejects IL. vs


ous eSpedents have been devised By tho physicsns T.
sdninister pourirbment Among others blsters hav,


appled and then cod liver oil rubbed the soarif


suriace and thus absorbed into the system The deor


unste yCung woman Is little better than sksesou ana
her suferngs doubt very severe Two obysejsu


ray tbst there Is recorded In the books bit o1a
~-te -Hoa,N~ Jg.srei Srt. 20",,The New York herald. [volume] (New York [N.Y.]) 1840-1920
1852-07-16,"PHILADELPHIA, July 10, 1852
The steamer Kennebec from New York came in COLI
sion with the soop Ohio of Philadelphia, when passing
Newcastle. injurng the sloop. She then took her in
tow. One knocked overheard, but was after.
wards pickedup.


The steamer Gen Mcdonald in coming up from Cape
May foul of the schooner War Eagle near Fort Milf
fin crushing in her bulwarks. Two men leapei over.
board but saved The steamer took the cho oner
in and afterwards she ashore prevent her
sinking


On Wednesday. while tho passengers landing at
Cape May heavy sea tore away fifty feet of the pier
The few who 1t succeeded in escaping to the
shore The boat landed the rest Of her passengers at
another wharf",Marine Disasters-Accidcnt.,The New York herald. [volume] (New York [N.Y.]) 1840-1920
1852-11-19,"SERIOUS AcoIDETr.-At Cambridge, Indiana,
while Robnon's Atheneum exhibiting, on the OH
int the seats gave way, which two to three hundred
persons collected and by the falling quite
Der Of the citizens badly injured among them J.
G. Lntz had leg broken and badly bruized In diff


rent portions OF his body g. r. Cotton foo. aud ANGLE
feverely fractured, and otherwise seriously injured
Jacob tsiemar two or three rib. broken and otherwise
injured; Mrs Jno Wiao badly bruised; Daniel Harter
had one Of hiS legs much injured James Wallace
(coorcd mar) was dangerously hurt by the hesvy tim
bers falling upon his brcast and other portions Of his
bcdy",,The New York herald. [volume] (New York [N.Y.]) 1840-1920
1852-11-19,"RESCUE OF THE SCHOONER EAGLES CREw, ON
LAKE ERIE Captain Hooper OF the schooner Congress-
FURNISHES the Buffalo Commercial With the following par
tcuars of the Of the Of the schooner Eagle
lost in the recent storm Lake Erie The Congress
ran into Grand River Harbor Friday night while the
storm raging in all IT'S fury As che went in the can
tain heard the cries OF distress from the Of the E


gle who all cngipg to the rigging the hull Of the
vessel being under water They some distance from
the shore in the midst Of breakers which dashed fur


ously over them, benumbing them with the cold and
compelling them to exhaust their strength in their efforts
to retain their position Capt Hooper Immediately went
ashore and proceeding down the beach in company with
others endeavored to drag the schooner amlat boat
the spot where the Eagle lay aud make attempt
get the crew ashore Their efforts unavalng how
ever until they were joined by Capt HOLLYWOOD Of the
steamer Mohawk Who with his and passengers vol
nneered their services in the The boat was now
dragged along the beach and launched rope being at
tacbed TO it and held by those shore The mate Of the
Mohawk and four searneD went out in the boat. when
they reached the wreck which only accomplished
after great exerons they found the almost
ed and took six Of them OF the rigging Capt. Fyfed
and one hand remaining until the boat could return for
them. When making for the shore the rope parted and
the boat was Immediately upset in the breakers The
Of the Eagle too weak to swim and Capt Hol-
owood and Of his passengers rushed the water
ard rescued five OF them at tue imminent risk Of their
Own lives. The sixth young man. lost. Captain
Hoowood then returned in the boat and rescued
Fyfeld and bis companion from the wreck.",,The New York herald. [volume] (New York [N.Y.]) 1840-1920
1852-10-12,"MADAME SONTAG'S SEVENTH CONCERN


Last evening Madame sontag gave her seventh
cert at Metropolitan Hail. being the last Of the present
series. The house crowded to overlooking and the
concert completely successful The looked
exceedingly WE'LL aud dressed with that elegance Of
taste which she always displays She has fine person
and charming cheerful, sunny expression Of counte-
nance that at wins the good will Of the audience
and presdisposes it in her favor. She admirably
supp by magnificent orchestra by Badia-whose
voice has lost Of its pathos depth
that extraordinary boy performer the VIOLIN Paul Ju
hen who fails to win the most plaudis
f,om the audience. The programme not good rs
usual was it arranged with that judgment that
might expect In every concert it is OF great Importance
to have the finale the best song, and ought
duet, but exclusively the song of the prma donna
Madame Sontag however, delighted the audience with
all her role and acquitted herself with great ecat She
never was more happy-she sung with unusual fire and
viyacity, and showered upon the audience the most
sparkling and brilliant yet chaste aud classic emoesh-
ments. In every song she exhibited that wonderful
mastery her organ which places 1t much under
her control the piano is under the control of Ja
the violin under the control of Paul Julien.
Extreme purity Of ntonaton beautiful and deli
cacy, consummate skll and judgment character
lied her whole performance Her method Is aultless.
She has not much power great volume of voice
a. other distinguished vocalists bat she is gifted
with organ which is exqustely fine and even through
out having the uneIring certainty ola musical instru-
me Mt and possessing the most hexiblity Difficult
ties which would appa and bewildtr other singers
nothing to her. She winds her way through
them with The most perfect and the most grace
full ease ana in all that she does she stands
vesed as the most highly finished artistic that hiss
ever visited this country. In singing English and
Scotch ballads her pronunciation Is excellent good
the ntive-and she siDgs them win
originality that she gives new idea OF them,
su prefer her Italian music every tnng else she
sings excepting her Swiss soDg.-espscially the
sparkling lively joyous melodies OF Donzett aud Ros
tlpi which the is always at home, and which pear
10 us 70 be more suted to her voice and her orirnt
mpiis than the works Of any poser
She has wei. sustaud in this city. the high reputation
Philadelphia, where on Thureday next as the Musical
Fund Hall she Will give her concert to dscrmin-
atipg and scientific audience as any in the United
States


MANAGER BUNN's LECTURE.


rich treat spread last night before those
innate Engdsh drama, who attended Manager BunDs
literary and dramatic lecture at Nblos saloon. 1t
was q sketcby ciscursivc, witty. and amusing az
tir hitting of the most celebrated actors and com
men,aors the works of sbakspesre-exposng what
ridiculous in their style apnotations and
keeping the audience all the time amused aud nteres ed
by appropriate anecdotes and quaint remarks The leo
illustrated by series Of paintings representing
shakspeares birth place at stratford Avon Anne
Hatbaways cottage, the village church and Shakespeare
monument and the BlackfTsrs aud Globe theatres in
London The whole medley Of philosophy and
humbug seriousness and comicslty research and org
naiy, witticms and stale jokes all mixed up in
terly style which exqui,itey enjoyed by those who
partook Of the chowder entertainment",,The New York herald. [volume] (New York [N.Y.]) 1840-1920
1852-05-06,"BOARDERS vs.. BOARDING HOUSE KEEPERS.


Many boarding house keepers labor under tho
erroneous impression that they have the legal
who arc indebted to them for board, But tho case
below will settle the question. The boarders, man
and wife, had paid 9 part Of the board due, but
could not make up the balance. They then desired
to leave the house, but the boarding house keeper
refused to give them their trunks Of clothing, and
they applied to Enoch f. Camp, Esq. for assist
ance, being without clothes or money. An action
was commenced in the name Of an assignee for the
were called a. witnesses.to prove its value The
defence presented witness TO show TINT the board
ors had agreed TO leave the clothing until the mo-
ney was paid; but the magistrate ruled out this
testimony, and gave q decision 10 favor Of the
boarders, who received their trunks and clothing
Boarders and clearinghouse keepers viii note this
decision.","First Judicial District Court.


n.fA nd",The New York herald. [volume] (New York [N.Y.]) 1840-1920
1852-08-20,"FOUR AMERICA VESSELS CAPTURED-ONE HUNDRED
FRENCH FISHERMEN DRIVEN OFF FROM BELLE
ISLE, ETC.


Bosros, August 10, 1852.
The steamer Sir John Harvey brings Halifax papers
to the 18th Of August The story repeated that the
English steamer Devastation had arrived with four Anne
rcan prizes at Charlotetown. This Is two than
We have before had accounts of
The catch fish, thus far has been, on the whole, mo-
derately fair.


Accounts from Labrador state that the ship Charles,
and portion Of the of the ship Sappho had driven
twenty nine French batteaux and ono hundred
frenchmen, of Bellese, that they did not catch
Perry","PRICE TWO CENTS.

",The New York herald. [volume] (New York [N.Y.]) 1840-1920
1852-04-01,"I uClNA CORDIAL. OR TIE ELIXIR OF LOVE,
IL All hail Lueiua Cordial haiii
Fountain OF Love, ne er known 10 tpil,
hen IN The chain Tint Hylneu wcsves
lie blends no buds amid the leaves
AND fate forlds the wife should claim
The boon She crayes--a mother name
Iucina Cordial! itis thino
10 make her fruitful n tho vine:
Or to the husband--if It's he
RCr:crc hss lost vrility.


II geet, fu.anly strength tho bane.
Tie Suffering victim would restrain
AND from his system drive Tor aye.
Thls ereipn Cordial let him try.
Tho Iluor Aibos, meath whose sway
The vital powers fast ebb away,
Beneath its influence quickly flies,
hnd light returns to tho dull eyes,
Oh maid or matron, who ut length
Feel in each nerve returning strength.
II fate, by come malign conjunction,
Supprosgcs any female function,
Or the reversc-ifa repleti0n
OF any delicate secretion
Exhansts the powers--thop drink and live,
Behold tho sure restorative.
Maiden, decaying ere thy primo
Take II, and steal amareh on limo.
Young man--whom pleasure has begu,i
Into her baunts and left dehled
With Tho sad liugerngs Of disease,
For health and purity, and ease,
Come 10 Lucina's Fountain, como,
or all Health's Elements the sum.
Ircipient Consumption, too,
Twill cure and health once moro rene'v,
Pluck from the cheek the rose Of death,
and lend new yigor Go tho breath.
in short, for each disease that springs
Fy nature, accident, abuse,
from organs DER which love filings
The shadow Of his rosy wings,
This vital Cordial Is Of use
Trice So per bottle. Othco10t Greenwich street.",I udlNA CORDIAL. or rIE ELlxiR OF LOVE,The New York herald. [volume] (New York [N.Y.]) 1840-1920
1852-04-01,"I LIGHTNING BOOKSTORE NO. loo BROADWAY
IL Rogers Patent Improved Rods sold and put up any
part Of the Union All orders addressed Boyer 56 Broad
way VIII be attended to- Silver medal awarded at the
Worlds Fair for best points and rode Boyer. Fifty
agents wanted Immediately. Call at the store.


DLUMBING ESTABLISHMENT IN BROOKLYN. FOR
4 SaleA well situated store under low lease with
good run of jobbing custom work for three fou hands
All necessary fixtures tools Also good stock Of cop
persmhs implements OF trade; Also horse wagon
for sale bargain. Apply to LATHAM ~ BROTHERS,
259 Water street, New York.",MISCELLANEOUS.,The New York herald. [volume] (New York [N.Y.]) 1840-1920
1852-10-11,"FROM SALT LAKE.-The Deseret Ners, of August
10 states that the crops through the valleys heavy
and coed health is prevailing Peace and plenty every
where abound. Times are close for money, and mer.
chapdise consequently dull The cmcrants pourag


in thicker and Flour worth So per hundred
The St Louis mornon company, Capt Jcpson. met
on the Goth Of Augut sixty Fix miles from Salt Lake
city. The company had prosperous and pleasant jonr
ney there having hut death that of English
man named John Jones, aged fortyonc years who had
been fic for ten menths before joining the company
Among the deaths al Salt Lake those OF John
Gooch, Jr Bahop Lane, and Mrs Winters.",,The New York herald. [volume] (New York [N.Y.]) 1840-1920
1852-08-07,"Last evening"" in spite Of the rainy weather. the magn


cent hall Of Castle Garden presented numerous


lagc who attcstcd their appreciation of the principal
srsts appearing before them with enthusiastic plau
cts The first piece performed the beautiful opera
well known by the music with which Auber ole-
ganty tmbellisbed interesting hbreo written by the
celebrated Scribe and st. Georges the two best authors
the Crown Diamonds school, and tn whose reputa-
ton beth hemisphores familiar The part Of Cata-
rns admirably sung, and played with grace and
vocalization deyng criticism The Incompatible sweet
justly given without any effort appear to spring out
of the musical throat of charming MISUNDERSTANDING
to the brecxcs Of night Nine. Fleury Jolly has been
educated by Of the best music teachers, and her
magnificent and bright tones never fail to be produced
with an excessive purity which atonishes those who
enjoy the pleasure of hearing her often The admirable
sweetness and purity Of voice she displayed in the
cayatina of the first act, som cest moi ce rore com
pagneD appauded TO the echo also the same
with the rondo, which commences with the following
words lie beau Pedrine paurre tendre which
was sung with grace and style never equallcd in
New York To do her Justice, we should have to cite
all the passages Of the music which seemed composed
for her and which were rendered with admirable talent
but VIC cite only the two songs Of the second act4d
Monsieur ut payir"" and Je briso chaime'
in which her admirable science attained the highest de-
gree OF pure and expressive vocaization Her
to RI ceive the enthusiastic applause she had veil
.rited The other parts were also perfectly sung by
sIMs rEot ELo received nuinsious plau L., and ~
NM piguet, the celebrated hnger, pshrinay, and","he French Opera and Ballet Trou pes, al


Castle Ga rtlen.",The New York herald. [volume] (New York [N.Y.]) 1840-1920
1852-12-06,"We are panied to report that the pnotboat Yankee,
with crew of nine men lost Friday niuht last,
while Laying to under double reefed mainsa thirty five
miles east Of Sandy Hook Almost instantly after she
struck what the pilots board considered wreck the
Yankee settled by the head and went down.


The persons hoard had barely time to launch their
yawls before she disappeared


One boat contsiniDg four Of the crew kept constantly
with the other for about hour but after that she
neither seen heard Of any The terrible con-
ouson is that the kost fwamped and all have persisted


The other beats afer aborng at their eleven
hours discovered by the pilotbsst u. X. Collins
which rendered every assistance and comfort to the five
unfortunate survivors The Cous after learning the
facts continued crung the ground during the next
day but did not hear anything OF the missing
yawl and her crew.


The names Of the survivors John Mckee, Chas
W HathoIn, pilots; Andrew Collier, William Ga.enby
andlrhonss Dennis


The names OF the four missing Henry Blu Id, John
Curtis, pilots; Henry Smith and Frederick West","Loss Of IN. Pilot Boat Yankee.

FOUR PERSONS DROWNED.",The New York herald. [volume] (New York [N.Y.]) 1840-1920
1852-09-10,"The delegates elected for the purpose of nominating
candidate for Comptroller Street Commissioner Commits
sioner Of Repairs and Supplies City Inspector and Gov
ernor Of Almshouse met last evening at Tammany Hall
The whole Of the evening occupied in admitting dele
gates from the disputed wards Those who came with
the Inspectors certificate the Syracuse platform of the
9th August We're after discussion admitted the
legal candidates The last ward only admitted at
O'Clock this morning Richard Norris of the Tenth ward
was then chosen the permanent chairman and the
vention adjourned until Thursday next


MEETING OF GERMAN DEMOCRATS.


Last night meeting Of German citizens, for the
purpose of ratifying the democratic nominations for
the Presidency and Vice Presidency held at Mayors
Hail. Elizabeth street. The meeting was small, but
much enthusiasm peryaded it. Mr.. Lux was called
to the chair and the meeting addressed by several
German gentlemen advising their Germen brethren
their duties and responsibilities citizens At the con
clusion resolutions were promising support to the
democratic nominations and condemnng the corruption
and violence exhibited at the primary elections after
which the meeting dispersed","City Politics.
Dvxncp PANIC xrnxsY~y wynSy.",The New York herald. [volume] (New York [N.Y.]) 1840-1920
1852-09-10,"1T ENRY T. LEEDS, AUCTlONEER.-LARGE SALE OF
new and second hand Furniture, rosewood and maho-
gany OF the best quality and superior workman
snip Henry T. Leeds will sell above, large and beaut


full Of superior and mahogany Fun


ture Of the best quality and workmanship Rosewood pAor
Furniture SUITE covered in rich satin brocatele and
crimson and maroon velvet push carved mahogany Sofas


TSGing and Chairs and mohogany centre
extension dining Table work and fancy Tables Hastand


painted chamber Furniture suite mahogany French
bead8teads dressing Bureaus, Marble Washstauds
feather Beds Boster and cottage
plated Ware, fancy Ware ETC. Catalogues the morning","HENRY I. LEEDS, AUCTIoNEER.-LARGE SALE OF",The New York herald. [volume] (New York [N.Y.]) 1840-1920
1852-06-17,"MRS. RUSSELL tLADY OF CAPTAIN RUS sTLL) OF
1vA The s. would respectfully inform the ladies and
ges tlemeu 81 New York that she opened
Saloon, the Of Broadway Howard street. Ea
trance eet ne will devote her ssna
attendance ard kindly aoits the patronage OF the public
Parts after tng the Theatre concerts and other places
be provided with ppars and refresh
mfnts either the Laie and Gent enens Ordinary.
private parora IL preferred Mrs Russell will endeavor
give ntet tior t. al who fav her with call aud kGd
"" tenders her hanks the public for the liberal patronage
she has already received.",,The New York herald. [volume] (New York [N.Y.]) 1840-1920
1852-12-22,"Kind words do not cost much. And they
nevet blister the tongue or lips. And we
have never heard Of any mental trouble
arising from this quarter.


Though they do not cost much, yet they
accomplish much.


They help ones good nature and good
will. Soft words soften our own SOUL
Angry words are fuel to fame of wrath,
and make it blaze the more fercely.


Kind words make other people good ma
tured. Cold words freeze people, and hot
words scOrch them, and bitter words make
them biterer, and wrathful words make
them wrahful.


There is such rush of all other kinds of
words, in our days, that it seems desirable
to give XII I'd words chance among them.
There are vain words, and idle words, and
hasty words, and spiteful words, and silly
words, and.mpty words, and profane words,
and boistertus words, and warlike words.


Kind wors also produce their own image
on mems souls And a beautiful image it is.
They sooth, and quiet, and comfort the hear
er. They shame him out of his sour morose.
unkind feelings.


1t is not the height to which men are ad-
vanced that makes them giddy; it is the
looking down with contempt upon those be-
meath.",Kind Words,Daily evening star. [volume] (Washington [D.C.]) 1852-1854
1852-05-11,"MovEansrs OF Miss CATHERINE HAyrs-This amiabls
and distinguished vocalist returned to this city tive
days since after very successful professional tour to the
South and West where she sustained the brilliant rcputa-
ton she Ind acquired in Europe and this metropolis We
understand that the fair cantarice left town yesterday
ternoon for Niagara Falls where shc will remain for week.
and afterwards proceed tour through Canada New
England, and New York. during the summer. We doubt
not that she will experience patronage in those quarters
equal to that which she has already received wherever she
has hitherto visited.


Jer ny Lind, Madame Goldschmiit arrived in this
city last evening and will remain until after her thrcs
farewell concerts which advertised to take place next
Tuesday, and the following Friday and Monday.


Miss Julia Bennett, we perceive, takes q benefit to-
night in the Lyceum theatre. Broadway Miss Benncte
Is charming talented and deservcdy popular actress
and we hope she will not ail this OCCASION receive
substantial proofs Of the appreciation Of the public",,The New York herald. [volume] (New York [N.Y.]) 1840-1920
1852-02-28,"MANCHESTER STATE TRADE, Feb 10 Tuesday even
ng-We have had many inquiries for cloths during the
last few days; but still not many extensive sales nave
been effected nor have prices for any kind advanced
the market, however, may be called firm. The demand
export qualities Of yarn continues good, and prices
firm The demand for cloth o India account Is hmited
that it, not quite extensive this day might
The German houses not doing much this week, why
It IL hard to explain but such is the fact The home
trade 10 not over active but stocks In first hands remain
moderate. The dyers better empleysd-this is o.
ways good sign The market, on the whole, closes
firmly.


CARprrss Feb lo.-Therei is large stock Of noasses
and sugar coming in, but freights are dull",Foreign Marke t. .,The New York herald. [volume] (New York [N.Y.]) 1840-1920
1852-12-27,"PEAcE.-How beautiful is peace, at the
home, hearth, in society, in the nation, and
over oil the earth. Obliterator of feuds-
washer-out of blood stains, and uniter of
earth's races in loving brotherhood. Six
thousand years since, Cain smote his brother
at the altar, the earth has travelled with
war and in blood. The only landmarks
spared by the ages, have been trophies of
ferocious conquest. Ruin and terror have
swept over the hills and valleys and seas
aud humanity born with such a noble and
glorious village, has walked perturbed and
terrible spirit, in this earth garden and
paradise Of God. Peace which should have
been the companion of man, and the inspi-
rer of joy, has only flashed at brief, and
wide intervals through the cloud aud storm
of earth's life. But it will not be ever So.
The war of humanity with itself-its suici-
dial Acknowledgements from it's original
nature, and from God, cannot always last.
Eighteen hundred years ago, one came upon
the earth, heralded by angels, who sang
Peace on earth and good will unto men. -
And the prophecy of that song will come to
pass. The unnatural war among men, So
cieties, and nations, must cease Slowly.
and certainly, the cloud and tempest will
roll back, unwilling the clear and serene
sky, and humanity, self bound, like Prone
theus to the rock, will shake on the yulture
which fortunes it to agony. Peace will
come to all the earth, for God has sent a
token and given promise of it. Then shall
the dove fly out FROM the human ark, over
the wide sea of earth's ruin, plucking the
olive leaf, and the bow of promise shall be
hung in the heavens, that the water of
wars desolation shall no more cover the
earth.-.Selected",,Daily evening star. [volume] (Washington [D.C.]) 1852-1854
1852-03-27,"The STEAMSHIP BROTHER JONATHAN. which was TO have
sailed yesterday for Chagrcs has been withdrawn from
the line owing having gone into other hands We
dcrstand she has lccn bought by Commodore Vanderbilt
who intend, her as addition to his line Of
running between Juan and San Francisco. Her pas
sengers were transferred to the United States Her late
owner Mr. i. Mills intends to Immediately commence
the construction of superior steamship Of some 800
tons burthen to supply Ler place. She win be ready
about the LIST Of October


THE STEAMER UNITED STATES. Capt Perry, left yester-
day afternoon for Chagrcs She carried away upwards of
four hundred passengers. Their viii be found in
another column


Quick PAssAGE.-The clipper bark Southerner Of
Baltimore capt trickland, ION Baltimore, arrived
here yesterday after most capital ef sixteen hours
from ape Henry and two days from this city She will
load for San Francisco",Marine Affairs.,The New York herald. [volume] (New York [N.Y.]) 1840-1920
1852-11-21,"Before Judge Beehee and Aldermen Boyce snd Barr.


NOVEMBER 20 Last Day IF Jerm-Sentences. The
following prisoners, convicted during the November
term, were sentenced this morning after which the
Court adjourned till the first Monday in December
James Judge for assault Captain lrgler Of the
police, fined $40 and discharged. Lawrence Mcdonald
petit larceny discharged James McQuade burglary in
tne third degree, imprisonment ia States prison for
years and months. William Carr, grand larceny the
came. John Chase pleaded guilty Of grand larceny,
States prison for years. Edward IL shephafd forgery
in the third degree States prison years and months
Philip Meang grand larceny, States prison for years
James Walker pleaded guilty OF grand larceny States
prison for years and 10 months John Bishop grand
larceny, States prison for years and months John
Dixon and Charles Johntone pleaded guilty Of burglary
Fischer, grand larceny States prison years and
months David Stickney pleaded guilty of bigamy,
States prison years Richard Lankenow assault with
slung shot, States prison one year","Cnu,f or General ssss,o,a.",The New York herald. [volume] (New York [N.Y.]) 1840-1920
1852-11-21,"Loss OF SCHOONER ASA WILCOX AND THREE MEN
LAKE McHIGAS.-The schooner Asa Wilcox of Ra
cine wrecked November 7th, near Pier Marquette,
the west shore Of Lake Michigan and s total loss
The Milwaukee Sentinel has the following particulars Of
the wreck and melancholy loss Of feA the time word
was brought to the village of the vessel being ashore
large party Of went her assistance at They
found that four still board the vessel rolling
heavily in the waves violent gale blowing at the tne
The second mate Provost washed overheard but got
ashore safe Shortly after both nasts overheard
bringing the whole side Of the vessel with them.
man, named Christian kidar, from Norway, Racine
county, attempted to swim ashore, but drowned
The shore tried to get 70 the wreck with boat
but without the boat being stove in the attempt
David Francis tho captain having stood by the tmber
till this time put out for shore but became entsngled in
the Raging alongside andwas rescued with difficulty
James Rogers OF the seamen, followed the captain
but entapglsd In the same manner and Wnsd He
jefferson Soupty, New York At this time the
tmbsrs which still held together wsshed the
shore and line was got aboard ty which MIR. Hancock
saved having barely strength enough to make him
SELF fast with It. The remaining seaman was too far gene
10 avail himself of this aid and was drowned He was
only known By the Of Bill aud shipped at Chi
cagO",,The New York herald. [volume] (New York [N.Y.]) 1840-1920
1852-10-14,"Great Webster Demonstration In Boston.
GRAND ToRCHLIGHT PROCESSION AND ILLUMIEA-
OBSERVATION-DISCLOSURES ENTHUSIASM M-NINE CHEERS
FOR THE NEW YORK ELHCToRAL TICKET, ETC.


BosToN, October 1910 NJ.
The under voters Of Boston made splendid display
this evening, in torchlight procession About
thousand torches carried in the column, together
with transparencies, banners &c.


Upwards of twelve hundred young men joined in the
procession, accompanied by two bands Of music.


The streets through which the procession passed
brilliantly Illuminated, and fireworks displayed at
various points The greatest enthusiasm prevailed
State street presented magnificent appearance, being
almost solid mass of variegated lights.


From the Bee buildings rockets were let off, and bril-
liant display of fireworks made while the procession
passing.


The whole city Ia alive with the utmost enthusiasm
and the Webster feeling pervades all GLASSES.


The electoral ticket for the Empire State has given
great satisfaction 1t announced from the columns
Of the New YoRK HERALD this evening"" the Webster
head quarters and nine rousing cheers given
New York The work goes bravey on


Rumors current here to-day, and published in
evening paper, that Daniel Webster dangerously i'll
at Marshhed Considerable excitement caused but
from good authority learn that the matter exag
gersted Mr. Webster is slowly recovering frem serious
attack of diarrlma",Great Webster Demonstration In Boston.,The New York herald. [volume] (New York [N.Y.]) 1840-1920
1852-05-25,"CTRFET DEPARTMENT., NO. HALL OF RECORDS.
- Public notice is hereby given that the folio wing


gtions have been presented in the BOARD Of Aldermen


To regulate and regrsde Wall street. from the nterse elton
of Water and South streets grades to fence
cant lots the block bounded by Twent and Thr
teth streets and Fifth and Bowery; 30 lay
walks in Delaney Eldrdge, Forsyth; Norfolk. Ludlow,
Grand Essex Division, Ales, and Chrytie streets and
Bowery. persons interested having objections thereto
requested 10 present them, in writing to the under
cd his before the Goth day May


May ~ 1869. JOHN T. DODGE, Street Commissioner","CTREET DEPARTMENT, NO. 4 HALL or RECORDS.",The New York herald. [volume] (New York [N.Y.]) 1840-1920
1852-05-25,"Jenny Lind, laH ccrcertthc farewell onc-vas given
last night at Castle Garden, and, according all ac-
counts must have produced six thousand dollars
deducting the expenses Her three concerts here have
been very profitable yielding IN the aggregate net sum
of over ten thousand dollars, exclusive all expenses
The spectators in the tickets have also made some two
three thousand dollars while some Of them have got
stuck There expectations that Madame Gold
schmidt will give another concert she doe not leave
the country till Saturday in the Atlantic She hesclf
wants 10 give private musical ore one Of the orl
nary zed halls principally inviting her friends bat no
tickets to be sold, otto roldschmdt, We under- and
would rather like to give another for The
public and dispense with the private sopte. We
yet tell which of the two plans viii be adopted.


olc Bulls first concert at Metropolitan IIall yielded
little over eight hundred dollars The expenses were
calculated at four hundred ana the profits went one half
Ia the Gcrmoia Band and the other half Ole Du-two
hundred piece Til was not by any ucccssfua


nt concert ole Bulls nrst appearance in the Park
theatre, New York. nine years ago, when lie cleared a


thousand dollars nislt but the country very much
changed since then He has announced his intention to
give another concert during the week. aud probably will
give few other concerts ia ohr parts Of the country
We understand. however that II l. his intention. after
having arranged .lawsuit il Baltimore his eighty
Of land in Virginia and the Norwegian settlers in the
West, to rake trip TO South America, Of professional
character This il is said hy those who understand lis
movements. IL his present intention but lac may change
bis purposes next week,


Lola Monies. the Other noabiy Of ths day has L.en
dancing in her old stylcNhicl i not much OF style
eithcr-to very good houses at the Broadway theatre
Her receptions have been very good consdfina the
great musical opposition d.ing the last week ana The
net profits TO herself have generally been two hundred
dollars night and sometimes over She /. announced
jr tonight al The Broadway tLeane, in a new piece.",Musical Intelligence.,The New York herald. [volume] (New York [N.Y.]) 1840-1920
1852-10-11,"TISHE ADVERTISER, SAMUEL PROCTOR, OF NEW
town, Long Island has got three hundred Grape Vines
SALE the Isabella three old all bearing
fruit of the finest quality lie wishes to sell them cheap to
persons Warranted Inquire for him ct the
scanck farm plank road, Newtown, Long Island.


SAMUEL PROCTOR.
vVNO BREEDERS OF SHEEP.-50 OR 90 WELL SCI
Iected Blu and lambs Of the Leicester and
Southdown breeds, for sale. They the progeny Of
Pekerings celebrated Importation, and were bred by
Thomas Coleman, Esq, Of Canada West and have
perors in ths country in pedt price. Apply to


JOSEPH BEERS, keyp0rt, Now Jersey.",,The New York herald. [volume] (New York [N.Y.]) 1840-1920
1852-11-17,"The following companies passed the HERALD Office ON
Monday upon their return from target practice in the
country The day very favorable for marching
exercise and the men turned out with great enthusiasm
and vgor.


The Protector Guard composed of the members Of %
Engine Co., Captain Edward Lauthey numbered twenty
five muskets and made fine appearance They at
tended by Adkins Band.


The Shaw Guard, Captain Wlloughby numbered about
forty mufkets and were attended by Shelton's Band
very fine company.


The Burden Guard Of Brooklyn passed in the evening
They numbered 100 muskets and had large number Of
splendid prizes


The John Slane Guard Captain p. Muin, went to the
River House, Harlem, accompanied by Sheltons Ameri-
can Brass Band. They numbered sixty mu skets and
perhaps company during the made better dis
play, in regard to appearance Of men, uniform and Of
drill They had some magnificent precision prizes, and
target riddled in first rate style",Military Parade.,The New York herald. [volume] (New York [N.Y.]) 1840-1920
1852-10-13,"REIN AND THE UNITED STATES, ETC.


The Cologne Gazette states that negotiations are In
contemplation between the United States and the Zove
ren respecting mutual reduction Of import duties It
Is said that the United States has
It's willingness to favor the importation into America
certain articles Of the Zovesein ana the crisis in which
the customs question has recently been placed has alone
prevented the completion Of the matter.
Negotiations opened for ccnoOrdaf between Austria
and the Pap see and ratications of the extradtion
treaty between Austria and the Netherlands have been
exchanged.


The cholera was rapidly decreasing In Poland and
Prussia.


change in the Tuscan ministry is again imminent
Serious damage has been done recently by inundations
ct Naples","Germany, &c.

REDUCTION IN IMPORT DUTIES BETWEEN THE z0LLvE-


REIN AND THE UNITED srATEa. ETC.",The New York herald. [volume] (New York [N.Y.]) 1840-1920
1852-02-26,"The DEPARTURE OF THE STEAMSHIP BALIic WASH.
According to arrangement the noble steamship
Baltic started on her pleasure trip to Washington city
yesterday She had been dsomey painted and deco
rated for the event and presented both inside and OUT
. most magnificent appearance. The company assembled
beard included many notablite., and the an.icipa
ton OF having pleasant cruse very general though
the prospective pleasure somewhat modified the
part of few by the anticipated arrangement Of the sys
TEN produced most apdsmen by the rollokugs of
Old Neptune. The fact Of her intended trip having
become pretty generally known, there was large
assembly Of persons the docks to witness her depar
ture At 10 o'clock everything being ready, the word
was given to let CO. and Immediately the noble vessel
moved gracefully from her berth amid the shouts Of the
crowd tie PIERS and the firing Of her cannon and in
few mDutes more, with the stars and stripe. floating at
her msn speeding swiftly down the river On passing
Jersey City che exchanged sautes with the steam ship
Canada then preparing staff for Liverpool and also
received End returned similar a1tes from the Battery
and other places she tped awsy accompanied by the
rpg.rgs CT the bells CT the various river steamboats,
until she faced in the distance She is expected to
reach Washington Friday morning, where her spisn-
and curiosity


Owing 10 the Illness Of Capt. Comsock the Baltic left
in charge OF her first officer.


THE s1FAnsHIr CANADA, Capt Harrison, left st noon
yesterday, for Liverpool She carries thirty pas
sepRcrs, the names OF whom will be found under the
proper head.",Marine Affairs.,The New York herald. [volume] (New York [N.Y.]) 1840-1920
1852-08-30,"MEXICAN MUSICAL FUND SOCIETY.--GRAND
""A Military Musical Festival at Castle Garden Saturday
Sept. 4. AFTERNOON AND EVENING,
which occasion the folio extraordinary combination
of musical talent will appear
Dodworth's Cornet Band.


hheitop's American Brass Band.


Adkins Washington Brass Band.


Wallaco's Impire Brass Band.


Wannemaehers Now York Brass Band.


Schiebela National Brass Rand.


Poore's City Brass Band.


Fishers Brass Band, and


Wous 7th Regiment Band.
The Brooklyn Cornet Band.


The Troy Brass Band.
Becks Philadelphia Brass Band, and


The Boston Brigade Brass Band.
Each Band will play solo pieces and the whole body
numbering nearly TWO HUNDRED PERFORMERS. viii
perform several splendid ensemble pieces among which will
be foundOverture to Fra DiavOo. March from Athalie
March from the Prophete Musical Fund March, by Sig Ar
diti. and Dio Kossenden Waltz by Lannar.
HERR MENGiS N. BOULANGEK, Pianist. and PAUL
JULIEN Volinst have volunteered their services to-
gether with many other eminent artists, whose will
be duly announced.


Tickets for Afternoon and Evening"" so cents; cheeks
given Afternoon oors open AT o'clock Concert at So
O'Clock. Evening Concert ut ~ o'clock.
To prevent crowdng the public
to buy their tickets at the Seoretarys oce 479 Broadway
n he Musio Store oteI nc.",,The New York herald. [volume] (New York [N.Y.]) 1840-1920
