date,text,headline,publisher
1838-08-28,"FAN OF THE MEcnASIcs' ISsTITsTE.-The direc-
tors of this excellent institution commence their an
nual Far at the Castle Garden next Monday. Every
worthy man and lovely woman in the city will be
there We shall have the most splendid exhibition of
works of art, mechanism, science and skill, probably
ever seen in this country. The managers are most
excellent men-they have made excellent arrange
ments for the occasion and their exerlions have been
most praseworthy. We have followed and ""cot-
toned to this institute from the first jump, for ito en-
beavers and objects laudable aad philanthro-
pic we'll be imagined. All iisesicers act eya-
tutously, and very heavy are their duties; yet they
bear one another burthens and murnur not In adj
diton TO what they have already accomplished, they
intend to support school for children with the funds
obtained from the exhibitions of this and future years
Who IS there then in this city that will hesitate mo-
ment to contribute their mite on the occasion when
they can derive much instruction, amusemeH nj and
Said satisfaction from 30 small outlay and have
the xpressible satisfaction Of knowing further that
their money will be appropriated righteous and
godlkc a cause.",,Morning herald. [volume] (New York [N.Y.]) 1837-1840
1838-05-16,"Ipgits-- Or, the Scholars WooiAa


~ Macy AowiTr.
Bcrny Tibbie Inglis.


Through sun and stormy weather,
She kept upon the brosny niiis


Her fathers hocks sogesher'
e;xtrer SUNNI srs had she seem
A rosebud jsst unseaiing-
Without sorrow, without fear,
Ia her mountain Smelling.
she was made for happy thoughts,
For playful Wit and laughter,
Singing on the hills alone.
With Echo singing after.
She had hair as deeply black
AS the cloud oi thunder;
She had erows beautiful,
And darA eyessParkling under.
Bright and witty shepherd girl!
Beside mountain wafer
found her, whon the king himself
Would prouaiy call his daughter.
She was sitting 'mong the er4gs,
Wild and mossed and hoary,
Reading in m ancio book
Some old martyr story.
Tears were starting To her eyes
Solemn thought was Ger her
When she saw IN that lone place,
stranger stand before ker
Crimson was her snnny cheek,
And her lips seemed moving
With Tho beatlngs OF her hs art
How could help loving
Amsng the crags sa, me down.
Upon the mou Ttain hoary,
And made her read aglia tome
That old pathetic sioly.
And then she sang nae nounan sengs
Till all tre air was ringing
With her clear aad warsng voice,
As when the lark Is singing.
And when the eve came on at length,
Among the blooming heather,
W. herded on the y ountaia's SIDE
Her fathers flock together.
And near unto ser fathers house.
Isau"" Good night"" with sorrow
And only wished that might say,
We'll meet aga ain tomorrow""
Wandered to my scholars home
Silent II locked and dreary;
took my oooas, bat could not read
Methoagbt that was weary.
i laid me down upon NY bed,


n heart with sadness laden;
dreamt but Of the mountains wild,


And of The mo uBtaln N alden.
The dream was like the days delight,
life of pains DER payment;
rose and with ua wonted care,


Puton my sabbath rainent
gat me to The bills again,


Where the little ,ck was feeding,
And there young rIbsie Ings safe,
butnot tne CID BOOK reading.
She safe a IL absorbing thought


With heavy spell had bound her,
As silent as the messy crsgs


Upon the mountains round her.
thought not Of my sabbath dress,
Thought not ofmy learning;
thought but Of that gent E maid,
Who, believed, was mourning.
Benny Tibbie 1nsts.


How her beauty frightened,
LIE king at me; half abashed,


With eyes that flashed and lightened.
There was no sorrow then, saw,
There was no thought OF sadness,
Oh. life what after joy hast thou
Like Loves first certain gladness.
SITE me down among the crags,
Upon the mountaia noary;
B ut read not then the ancient book
Love was our pleasant story,
Butthen she sang me songs again,
Old ngs Of love and sorrow,
For cur sufficient happiness,
Great charm from woe could borrow.
And many hours We talked in joy,
Yet too much blessed tor laughter;
Twas happy nan that Gay.
And happy ever after.","

wrom ..~ Ewsssx Edssoa q yessrssy.t",Morning herald. [volume] (New York [N.Y.]) 1837-1840
1838-01-08,"Doctor Carpenter having had the advantages of regular
medical education and having received his Diploma for the
practice OF Physc and Surgery from the New York State
Medical Society, tavHg bad years general
and very successful practice in this city, devoes his personal
and undivided attention 10 the of I'll diseases
ai humanity and particularly certain class train
diseases Tor which many and plans Of medicine
abound in the columns OF the newspapers Diseases require
he treated asreeahly 10 the symptoms that may prev
and the various stages and changes they may
the least Election satisfy discerning that
no specific no>irum can be applicable 10 all cases


The extensive experience OF DR. Carpenter all and
varieties Of this disease, enables Kim speedy
thorough and adept class medicines arrsnp
and compounded 10 offend the suspicion
compounds totally unknown 10 the ordinary quacks Of the
day.


the privacy of patients who n contact
Charges moderate and adapted 10 the capacity Of the patient


nfabe preventive rain diseases TO be obtaned at
the ofice-Price 50. iI-2ms","nUCIOIs CARPENTEI,S PECK SLIP
"" DEAPENSAA wv. NO. a. PECK SLIP. Ersi door",Morning herald. [volume] (New York [N.Y.]) 1837-1840
1838-01-08,"""Joscph GiIIotrs Celebrated Patent Elon-


gated Metallic Pen.v
JOSEPH elliott begs 10 INFORM the pUbis that he
constantly receiving from kis mandatory, In Birmng
regular supply OF his approved Metallic PcrS
The sock hand offers the best in the United
States and warranted good quahy-zmongst whch b
sound his


""Psteut Magnum Bonum Commercial PEN
aOrignsi Patent Slip Pen""


""originsl Patent Ladies Pen,""


Eagle PENS""


Doube Damascus Barre"" Lunarsr Peruvisn, = ""New
York Feunair ssd Damascus Pens"" put In variety
styes-viz. each, with al
holders each with holders
roccocases shen boxes and morocco cards.
Absts Kverpoint, and Pen and Everpoini Pencils""


CAUTION TO THE PUBLIC
From well merea and universal celeby Of the above
Pens assested blythe whole mercantile Community EUROPE
vorcd impose the public by spurious imitation. pu
porting be the original Joseph GBss PATENT but which
utterly worthless and entirely destitute Of those qualities
requisite fine writing which have established such unpa
rallied demand for the original in every country where
10 knswn !!


The public are hereby cautioned To- BE- I'd gusro
sgsias counters; they be readily Diet ced ny
their unfinished appearance and by the inferior style which
they sent into the market IN their attempt TO impose uper
The unwnry.


Zach gross ofbe genuine pen s envelopedn neatly prin
ed wrapper descriptive Of the aricen contains.
Further 10 guard the fraud, tho public viii please
observe that the p~rs ~ the following mark
always reading from tne point o. the pen:


Joseph Joseph Joseph


Suious Glors Cllott


Patrni Warranted Maker
The shove be bad his No.
aeret. ONE door below Pearl. New york. ole-sns",,Morning herald. [volume] (New York [N.Y.]) 1837-1840
1838-02-02,"THURSDAY, Feb. liz NJ.
We are in pretty condition truly The money market in
dicatss commercial position and 1t is gepg fast below
Zero. Stocks are falling Business end, nearly
and the banks after winding the merchants, will have
wind up themselves


New York 10 in bad plight The sudden and continued
contraction OF the banks their decsig any facility the
merchant Immediately after they had been lavish
facilities. places him the situation Of
usomed to ardent drinks, ard which
the consequence fatal. The banks merchants will
alike feel the sad effects Thus CO. Thus does man
asemen, in almost every department OF a.r-sroug head
edaess and best energies,
and bring usto the verge OF ruin. May stop there",N % N K Y M A X X y II.,Morning herald. [volume] (New York [N.Y.]) 1837-1840
1838-10-18,"III THE Subscribers beg leave respectfully to intern their


friends and the public that they have eopened the above
establishment after makng many alterations ard additions
TOT They prepared and ready 10 accommodate those
may be pleased them with their patronage
Hitherto they have had liberal share OF public supper and
they hope from their late important improvements, and by
The Library present contains 5000 volumes OF works
OF felton, and is the intention OF the subscribe enlarge


from time 10 time. the wants OF their paens deem IL
necessary IL systematically arranged, and comprises the
greater of the most approved work. the following sub
ccts-istory, Biography Voyages aud Travels Natural His
tory, Natural and Experimental Philosophy Classical and
Literature. In addition foregoing, they
would parc ulary call the attention OF The reading
community 70 their excessive collection OF wo'ks Of fiction
Perhaps Library In the city produce greater
varied collection No effort expense has been spared
reader Tia department of their Library complete pos
sbe II contains present $500 subject,
and daily receiving accesens of works from the
both of this couary and Europe II is also suppl with 10
American and Emepeaa periodical works with fine
collection OF 500 Plays, acting and standard.


In conclusion they beg leave state that exeron
their shall be wanting make their Library SUPERIOR il
possible in the CITY, and thereby rendering the
worthy Of general patronage and support


IelS.t, ] IL g. LANGLEY.",Chathaaa Circulating Library,Morning herald. [volume] (New York [N.Y.]) 1837-1840
1838-08-10,"~ The subscribers, Sole Propreprs and anuscturers,


prepared execute, with despatch, all orders for their
UHrvRIed Sweled Beam Windiass Beiste which
almost universally ued being the best article
yet nven ed-combining convenience ard durabiy


The sackisg acted the wndass AVID swecd beam


made perisciy light and tree from all ssltyto sag stu
savng elasticity In uane which renders particularly
essy, snple In consuconi the matter Of putting up and
taking dewn be found Of but little trouble IN comparison
with hose other construction whilst the precsiwn with
which the component fitted, acts az safeguard
against the introduction sf any kind Of vermin


From taken render each Bedaead perfect their
qualities for dura ,ily will recommend them I, porchsssrs
invited call and examine large assortnes now
hand


Also large assortment Of elegant Furniture, Aatirassss
Feather Beds, kc constantly ON hand,
wv 4 G. S0UrHACK, No. 1876 Broadway,
lsl5y opposite The frankin house.","PATENT wINDLAss
IL Ed STE AID.",Morning herald. [volume] (New York [N.Y.]) 1837-1840
1838-01-18,"DATENr LAMPS, WAKKANTED-Impro


Mechanical and Ornamental Lamps recently
Mesrs Ocean Co Paris superior former invention
their uti and beauty.


for Messrs Decau Co begs respectfully TO in.
form the ladies and geEtempn Of this city that OPEN
rd store No TO- junction Maiden Lane and Liberty streets
stairs with coapee of the above
ri@r ashona lie Lamps, which he intends keep
hand and invites all those who be- interested
thereof favor him with CALL being confident hat
ce entirely from the popularity has already
qurcd among the fashionable circles In Paris
orders which constantly received merits
niy lew seconds being besides sufficient
recognize all ITS useful properties the mechanism being
ecy plain Units construction and operation and being the
same tin an object OF curiosity by itself


These Lamps can be adapted purpose in the
illumination and he asserted without hesitation exag-
geration-ha one alone produces light equal To IS sperm
candies Ono OF these lamps he used discretion
the least teraoa on the mantle piece, the table,
very sinple combination adapted as chandelier.


that il is the glass tube aud the wick regulates the
light the latter not the least increased by raising
diminished by the lowering Of the wick except when
total extinction Is required.


Another peculiarly else OF is the common amp
II can be used becoming clarified by the functions
mechanism, which latter wound In the evening
The light suitably regulated .nung further attention
$ required for the whole night.


The subscriber has also hand full plain
easily adapted Candles which gives dece ptve ap
of fancy lamps and they agreeable
gentle light very rsconmendahe Industrious
and writers There also such
scrptoa and fancy gsbcs attached TO the above lamps


jl2SR' AUG'N DIACON.","DATENr LAMPS, WAnRANTED-rmpr",Morning herald. [volume] (New York [N.Y.]) 1837-1840
1838-06-26,""" This elegant establishment tits opened
anew and principle The subscriber has taken the
premises lease lie accommodate loo dodgers with
excellent beds The prices reduced 81 Is per day
transient Including lodging a per week fer rsgu-
lar boardera


The subscriber respectfully reques trial; and he would
remind his old s.oson friends In hat particular
tsnlon will be paid the comfort md Ia Of all
whe may homo. him with their PATRONAGE


His stock Of wines recherche his table spread with every
seicacy The Affords and purcuaty, cviy. cean
and despatch will be prominent throughout bis
bishmsnt. s7-lms AMOS q ALLEN


III BRANCH OF THE SHADES Ann street, near
respectfully informs his friends and the public gensrsy
that the encouragement receive since the opening sf
shades, has induced HIM take the above hensc with
view TO accommoose those who reside the side OF
the city The honse 6ed similarly, and viii be conduct
ed In all respects the the Shades.


jelv r.. EVANS",,Morning herald. [volume] (New York [N.Y.]) 1837-1840
1838-08-16,"FLOYD'S SALOCN-No. SO BEEKMAN
""A STKEETThe public be lated all hours
with Breakfsst Dinner Tea and Supper, and luxury
surpassed ;he Bar well stocked with choices wines
quors and cgsreading Room supplied with all the leading
papers in the Union Attached To the establishment there
neat and retired Billiard saloon where gentlemen who are
fond OF his fashionable game, uniting exercise with
ment will hns speno,d tables, with Convenience
for the erjoy ment OF players and spectators.


The Undersigned grateful for favors, would
opportunity return her ackno far the liberal
patronage heretofore bestowed and promises that expense
exeruon shall be spared afford comfort
modaioR to those who favor her with their patronage
Dnner-r Supper Parties and Clubs
with private aeatly furnished and good
with the choicest wines and viands


SARAH FLOYD, Proprietor.
B-Tbe business will be under the immediate superin-
tendence OF Floyd who takes tins opportunity of i'm
forming his friends and the public, that
shate spared atterten
10 hose who favor the establishment with CALI


an I'm","AT FLOYD,s sALoGN-No. So BEEKMAN",Morning herald. [volume] (New York [N.Y.]) 1837-1840
1838-08-16,"NEW YORK TATTE LLS-The sul,scri.


Der having the lease Of the wei kpewn
and from Orlando Moore begs
puhic,
establishment that he intends to devote his personal
please and sly all who favor him
With their commands To buyer seller OF horses
rsge he will endeavor to give satisfaction Gentlemen
fnni bed by the day. week mon, with superior
modaons for their bores and carriages al livery and the best
attention paid Them.


fully dealers irons he country,
when visiting The city, and having good horses for sae give
the New York Taitersals' cslhe superior accomno.
dstons place, giving the advantage other
establish Of the Kind in the city. O. W. MILLER,


auI6Iw AS Breadway.",,Morning herald. [volume] (New York [N.Y.]) 1837-1840
1838-10-16,"FATAL RAIL ROAD CAsUALTY.-The Coroner was
called on yesterday % hod an inquest William
Bell, city Marshall, who came 10 his death under
the following painful circumstances. The deceased
who held the Office OF driver Of the Police vans
al Haraem on Sunday afternoon, and hailed the
driver Of the clock lraln 10 bring him back the
city. The train not stopping, Bell, very inprudenty
attempted TO jump on the first car and SO far succee-
ded TO lay hold OF the rail that protects the outside
passengers, with one hand, but owing 10 the velocity
with which the train was proceeding he was ncapa
bic Of keeping bis hold and was thrown on the Sec
ond and then under the whole of the following cars
all Of which went over his limbs. He was taken to
the hospital in a most deporable state and died al
10 o'clock Sunday night. DIS. Hurd and Mitchell
deposed that both the deceaseds legs broken 10
splnters between the knee aud the ancle and his
boots and trousers completely damned up with the
flesh. One OF his arms was also fractured dreadfuy
and he only rallied once which was short time before
he expired. the jury returned verdict of accidental
DEATH No blame was attached 10 the conductor by
either the Coroner or the jury.",,Morning herald. [volume] (New York [N.Y.]) 1837-1840
1838-09-07,"County CORK, CRIMINAL Couar, July 27-Before
she Hon. Baron Richards-Honora Mccarthy was in
aietea for offering boy named William Crolly, aged
years to an apothecary for SALE and proposing him
ts pui the said child % death. There were several
counts.


Mr. Bennett the Queens counsel, said he would
the case most extraordinary one to the jury
without comment She was charged with having
Brought the child TO medical and proposing to
him put the child 10 DEATH that he might have sub
ject for dissection.


Has Lordship on ascerainlng that the prisoner had
counsel agent, appointed Mr.. Scannel for


She appeared Unlocking wretch, about fifty years
old.


Mr. Lefebure the medical man. was called, but, net
appearing, the court ordered his recognsarce to be
eeuested.


The Crown then called


Robert Armstrong policeman-He said he knew DR..
Lefe ebure he for witness the lst OF April and
showed HIM both the prisoner and boy Crolly who was
produced the table does not think the woman saw
him the doctor put witness into pantry Between the
shop and kitchen where ne eoua no. oe seen ana ae
ness heard her ask the doctor 20 buy the boy She
perfectly sober The doctor asked IT the bcy was any
relation OF hers and she said not He then asked how
long she had MIN. She replied about two years. He
asked how she by him. add she said she osk him
Through charity. The little boy quite drunk the
time The doctor then said is Is too much NO.""
said she ""it 10 over little, but will just do what want""
The child was screaming all this time, and calling pri-
sener anty, and she said ""Doctor give him something
that will put him aside once"" The doctor asked her
wheR she could have another child she paused at the
question and he asked her, Gould she have in
month or six weeks 2"" Idon't know"" said she, ""but
i might"" The doctor then proceeded to GO up stairs,
and the boy crying. and she said, Hold your
tongue dear the doctor will give you something sweet
Witness opened the door and went into the kitchen
where the woman and the little boy were, and said,
""You old wicked wretch do you want TO commit murder
an that innocent child 7"" She said she in red
den her pipe. Witness then took her to Bridewell
nd rr,o1t litfle hav in He odrupE
as not to be able stand


John Matthew Lefebure.-ls an aPothecary in Dun
lanway. The prisoner TO his house the 3lst
darch; he never knew her before; 1t in the
ing betweea six and sc ven His brother. in law was


the shop, and she asked to the doctor. Witness
topped forward, and asked what she wanted She
aid she could not speak before those persons in the
hop. Witness then took her into room back of the
,hop, and she told him she had child to SELL Witness
asked her what she thought he wanted OF the child
On y said she "" the likes Of you always them ""
she said he fine likely boy witness asked her if
the boy her and she said not, that she took
him keep him for charity witness said then that she
had right sell the child-she reaied, mo had
beuer-he bad boy, ano Joi ned against her in
bad words"" she perfectly sober and she then
went away out his house the market place and
witness after her, and she returned and took him
into a gateway of Mr.. Everetts, witnesses house
but there was a there, and she said she could
speak 20 witness while the man was ,here When the
went away, she again offered TO sell witness the
child, aRd he asked why she wanted to sell him She
made the as before-that he was bad
boy and going against her In bad words Witness asked
her how much she wasted for the boy She said is.
Witness replied that was too much-hat grown subjects
were got for e.. ""Oh!"" said she those who sell the
like told that very cheap Witness then off.red
i3 t3 los and IA at different times out she refused,
and he finally agreed with her for f5 and
morning; she said she would that after the boy
put aside she should long day to leave the town
and the country She said too, that she would send the
boy walk up and down before his door that night and
that he would have corduroy breechss, with blue
patches the frent and leather cap. Witness
the boy thus dressed walk up and down before his door
in the evening Witness asked her To bring him al niae
o'clock for the would be quie,er, and the people
not going mass she then said she would bring him
about ten and that she should knock the Of
him, for he was cunning chap and would not 60 near
a doctors shop. Witness asked how she would do
that and she replied, ""by giving him porter and
glass"" She then said when she came she would sit
exactly opposite the wnesss house. and said she would
to the house when he beckened to her. The
next morning when he sitting At breakfast, about
o'clock. he her walking up and dow: with the
boy. Witness put up his hand, and she went away The
supposes to give the boy the porter and whiskeyJ for
when she returned the child quite drunk On the
preceding night witness desired Armstrong the
Bile, TO be in attendance in the morning. and he
cordingly and witness put him into pantry between
the shop and kitchen When witness beckoned the
prsoner the street into the house saying to
the Soy Come in wants to light my pipe"" Witness
again asked why she wanted sell him, and she made
the same answer before Witness said he thought
the BOY was eleven. I'm, she, - the Dctter
for that"" Witness then agreed take him, and the boy
began cry, and said Anty, let rae out, and God
knows I'll come in again"" ""Whisht, alea,"" said she,
and the doctor will give you something sweet"" and
turning TO witness said him give him something
put him aside at once, as she should be going the
road. He again asked her If she could have another
boy for him in month, and she said she thought she
could. Witness then desired her 10 wait there while
he for the money and he went out and let in the
policemen, who arrested her. She gave her
name Mr. Holmes, the magistrate, as Honora Santry
alias Nearby.


On Mr. Lefebure's cross examination by Mr.. Scan.
nell he said he ed for FIVE years in Dunmanway.


The boy then put upon the table, but was too
Young 10 be exsmined-he did not know the OF
an OATH and had never said his prayers


Mr. Scanne addressed the jury for the prisoner, on
the plea Of insanity.


The maron OF the goal was sworn, and examined by
his Lordship-She said the prisoner was four months
under her charge She considered her to be perfectly
ss,sbls and know the differ ence between right aad
wrong.


His Lordship said the indictment was laid under q
peculiar act Of the 10Th Of George w chap.
a. sec. g. And be II enacted that every person who
shall solicit encourage persuade, or endoavor to pur-
suade, or who shall propose TO any perssn to murder
any other person shall be guilty OF felony, and being
convicted thereof shall suffer death feon."" IL
was capital charge. There must be soliciting or
endesvoring To persuade person 10 commit mur.
der Nothing short Of other Of these ingredients
would constitute the crime. The passed for the
purpose OF reaching those persons who not themselves
bold daring enough commit murder, proposed 10
others do so. The mere circumstance therefore, OF
this woman going TO the doctor with the child without


Atuu L..","

Ivroa eur Eveai>g EdhisAl
Extraorsfnary Trfal-- OfEsrAng . Doy % N
Aposh sheeary for Dissection.",Morning herald.
1838-04-30,"II
- WAITING PILLS, FROM GERMANY-An efectual re-
NEEDY for suppression cguay and all cases where nature
does not have her regular and prsper course.


N. "" Not to be taken during preg nancy.


Sold only by Mrs. BIRD, Midwife and Female Physi'
eian No 7 Division 81. New York


Also her celebrated Soothing Syrup for children teeth
ing, safe and efsctual remedy


Also, excellent remedy for sore nipples, prepared and
sold as absve. N-SmE
SIENLING,S ORIENTAL BALSAMIC COM
- POUND-An sicacious. sautary and efectual remedy
in all of Involuaiary Emissions Seminal
Weakness reg uarity the Menses lrtaed diseased
ton Of the Bladder and in all diseases Of the Urinary Organs
The immediate relief generally afforded by the Of the Bal
samic Compound, short space of has height
eaed its celebrity The cure Of the above diseases conf
IDENTITY offered with accompanying certificates OF the
the British facaty which will stamp the high reputa
ton In which the unique preparation Is valued.


Prepared only by w. Sterling White Chapel Londen Sold
wholesale and retail by


NATHAN B. GRAHAM,","nK. VANDENBURGH,S FEMALE RENO
IL VATING PILLS FRlIM GERMANY-An efectual re",Morning herald. [volume] (New York [N.Y.]) 1837-1840
1838-04-10,"SUICIDES Two sad suicides occurred on Sunday
last. lady named Hannah Hichson, residing at
465 Washington street. had little girl articed 10 her
from the Aims House. For some trisiinr offence she
whipped the child severely with strap and buckle
The child was then taken from her by the commits.
soners she was afraid that the story would get into
the newspapers and after telling her friends that she
would rather die than be published by the newspapers
she became detected, and swallowed arsenic.


second case was that of a gentleman named
John Caswel an Enghshman. He was a wealthy
merchant in England, but sad reversions reduced
him. lie and his brother came TO this country, and
the brother went crazy, and taken to the Luna
tic Asylum. Mr.. Tanatt the hardware merchant
took Mr.. Caswell into their employ as book keeper
and he was quite easy in his pecunpry circum-
stances but his brothers lunacy preyed his mind
made him melancholy and at las, blew out his brains
with heavily loaded pistol. Part Of his head and
brans were blown out Of the window on to the side
walk. Several Of his family il was stated, have CON-
mIitst suicide. The verdict, in each cases death
by suicide.",,Morning herald. [volume] (New York [N.Y.]) 1837-1840
1838-10-05,"10 The Great Western left her moorines to the dock
at the foot Of Pike street precisely at half past three
o'clock Thursday afternoon, and proceeded TO sea
She has on board one hundred and twenty-five pas
sengers being all she could with any convenience &C
eemrnodote For some days past her agents have been
compelled 10 refuse receive any more passengers,
though numerous applications were made 70 them and
premium offered ne established price 81 the pas.
sage She has also al the merchandise on freight she
can carry aud informed larger number Of let.
tiers Than she carried before. Besides the freigLi
and passengers, she takes fifty thousand soveregns
miued doubt of the advanced 81 x.
rhsnge.


TIE steamboats, Robert l. Stevens and Pasaals &C.
companed the Great Western down the Bay, filed
with passengers, and the of people on the
wharyes and Battery, collected 10 Witness her dePar
tue showed that the public interest IN the success q
Atlantic steam navigation is ways diminished","EVENING HERALD.

Friday Evening, October D, 1888",Morning herald. [volume] (New York [N.Y.]) 1837-1840
1838-10-05,"CoroSERs OFrIcE--SuPposed Lore and Saiciac.-
An elderly lady called on THURSDAY evening At the
Coroner's Cities and Showed his clerk letter which
had been that morning found the dressing table Of
young lady who had few hours before left home since
which no trace could be found Of her and her friends
feared tha: she had committed suicide. The letter was
written by Miss Mary Cecilia Rodgers, who resided
nj III Pitt street and directed her mother In
this letter the yosng lady took afectonae farewell
OF her mother and informed her thai she had left home
with the fixed and unaterabe determination TO destroy
herself. AS the mother ofthe young lady
ceived the letter, she messengers in different d.


rectons in arch Of her daughter but up late hour
on Thursday evening they had not succeeded in dis
covering any Of her The young lady appears.
had some time back attended in IN Broad way.
and while there, lad been for several months, raid
particular attention 10 by gentleman, who since ceased
his attentions and left the city, and it is supposed that
This Circumstance had operated uPonte young lady
mind as 10 produce the occurrence relate. When
leaving her mothers house Thursday morning, she
was dressed in brown satin frock, Tuscan hat, ana
wore small red silk handkerchief on her neck",,Morning herald. [volume] (New York [N.Y.]) 1837-1840
1838-03-26,"The week closed asst began attended with the king
contradictory symptoms which have marked the whole opesng
spring far Thestock market continues extremely
inactive Foreign exchange slssed 1851 and the inland
probably than has been since the suspension
or specie payments Yeterc Is large portion OF business
revving and forcing itself into acos In spite Of the dersngs
ment the currency. The number Of arrivals port
ring the week days. and the aggregate values OF
regs costwse imports greater thsn taken
place the space any former period of
history Frsm the 18th March the 3h March about
arrived here and the vspe the eagoes may
very reasonably be emsted The arrivals from
Interior the breaking up OF the rivers equally nu-
unerousn vsue travellers, money and produce. At this
moment all the cast Of party New
York ssusacng real healthy, prudent business than
Philadelphia Baltimore and Boston put together There
tive and certain


We have received from Albany the Bank statements OF","M % N r. Y M A n X r. Il.


Sunday. March 25-0, p.",Morning herald. [volume] (New York [N.Y.]) 1837-1840
1838-09-17,"Five per Gent Certificates the New York Loan
Company May and November.


Five Cent Certificates OF Deposit with she New York
Life Insurance and Trust Jaousr end JAY


Five Cent Certificates OF Deposit with the American Life
Insurance and Trust Comp ny, January and july.


Six ent Bonds OF the Morris Canal and Banking Com
pany, January and July.


Six per OF the Camden and Amboy Railwa and
Delaware I'd Raan Canal Company February and August


LONDON, August Z, 1888


The English market continued heavy throughout the
whole Of last week. and decline of to took place
Consos TIE quantity OF stock brough. TO market
been bat small end speculation cannot be said
brisk has taken place this week and Csnscls
which done s3i Oh for money, 49,
fortune In the foreign market there bees little no bust
doing and varston of shy consequence taken
plaza. The tolowin the closing OF this dayt",,Morning herald. [volume] (New York [N.Y.]) 1837-1840
1838-09-17,"TIE weather has seen extremely chsn-sabie daring the
week and conside rate deal OF rain has en The


from the also speak ofwet bat there
complaints of the grow crops beHg laid Rumo blight
and other damage however con to Increase and these
tn The unsettled the her which greatly
tard maturing the sops and prorac the
lave caused considerable rise in the price Of wheat in
al the leading markets Fsur has likewise every where adj
ia price Today the sdancc OF bayers Mark Lane
large and there good mInd for shipment,
Scoans. Nearly The whole offering cleared eli
vance Of per quarter upon the price this day week


For bonded wheat there animated uatc and The
rise since asst Monday Is abou; s. per guar


FIour under Jock much sought scr, aza fine fresh
could Be boug pn6er 5 per sarc Of
y s. per barrel",,Morning herald. [volume] (New York [N.Y.]) 1837-1840
1838-06-15,"% Th elegant establishment Is regenerated. Tits opened
anew and on principle. The subscriber has taken the
premises on lease He accommodate 100 dodgers with
excellent beds The prices reduced per day.
transient boarders including lodging ""a week fer regu


The subscriber respectfully reques trial; and he would
remind hisold Boston friends in particular. hat particular al
tenlion will he paid the comfort iSa Of all
who may homo. him with their patronage


His stock Of wines recherche his table spread with every
deicscy the affords purctuaity cvty clean-
and despatch will ever be prominent throughout bis
bshment jeT-lms Ell AMOS 8. ALLEN",,Morning herald. [volume] (New York [N.Y.]) 1837-1840
1838-10-15,"SUGGESTED DEATH or Tine MUCH LAMErTrp Mis-
v. LATE o. wArERLy Place
Why hurl thy darts Death
Amid the young and fair,
While oanv aged phi grim bends
Beneath his load Of care
We trace thy awful seal
Upon this youthful brow,
AMI as some early withered flower
she lies before now.
Her sunny eye Is dim


Her cheek has lost its bloorr;
And the home her presence giaddened oace
Is the house Of tears and gloom.
The cofis and the sbroud
Are her dread psgenuy
And soen the silent grave shall claim
All but her memory.
And yet we should mourn
Tho she has passed away,
For her pure and sainted spirit forms
One Of that bright array.
Which stands be fore that throne
Where golden batp are strung,
Aad sings the lofty pratss Of Him
The Ugh and Holy One. n.
New York oct ilth, 1888.",,Morning herald. [volume] (New York [N.Y.]) 1837-1840
1838-07-16,""" THE subscribers Sole Proprietors and
execute, with despat h. all for their
Unrvalrd Pates Sweed 1eam windass Bedsteads which
almost universally used beng the best article
yet inventsd-combniug ease convenience and bIy.
The sacking acted upon windass
smade perfectly light and free from ali liability sag. still
leaving elasticity same, which renders particularly
taking down, will ouad of but t trouble in comparison
those otser construction whilst the preeisea with
which component parts fitted, safeguard
aga INST the ntroductioa OF any kind Of vermn.


taken reader each Betead perfect their
qualities FOR durability will recommend them purchaser
who invited call and examine large assortment
hasd


Also lsrg. Of elegant Furniture Mattresses
Feather Beds, &c. constantly on hant.


Wv. C. SOU THACK, No 1886 Broadway,
jel5y opposite he Franklin fInuse","PATENT wlNDLAss
Il NJ ID = II IL A ID !.",Morning herald. [volume] (New York [N.Y.]) 1837-1840
1838-07-09,"T THE subscribers Sole Proprciors ard Manufacturers
with despa h. oil for their
Unrvsled Paep Sweled genm windass Bedstcads whieh
universally used, beng the best article
yet nv.ntedcembinug convenience and durability.


The saekrr acted ny the wnh and sweied beam,
hsmsde perfectly eh sni free from al liability 10 sag still
leaving elasticity n I've which renders particularly
easy, supple ~ the matter of putting and
taking down, will fousd NJ but al nhe in comparison
with those any whilst the prrcise- with
which the romppnent paris httsd, acts safeguard
aga nst the introauc,ios OF any kind "" verniu.


Frem tho care taken reader each Beasead perfect their
snsies durability will recommend them e. purchasers
who are Invited TO call and examine large assortment now
on hasd


Also iarg, assortment OF elegant Furniture, Mattresses
Feather Beds, &C. constantly ON haar.


NV h G. SOU fBACK. No ies Broadway,


ei5y opposHe the Fraaklr House.","PATENT WlNDLAss
IL t. ID - IT ~ A I'D i.",Morning herald. [volume] (New York [N.Y.]) 1837-1840
1838-07-09,"BILLIARDS IMpROyED.-SpringS Steel India


- Rubber and cloth cushions, with and wood
ABM. BASSFORD respectfully invites the public examine
his late improvements. just fitting of Amer
car Museum, most splendid bar with 10 blia tables
this II for sale and let reasonable terms


ahpcsed ofby Thursday the 7h Jnne, the whole will
then be offered auction those Who wish in this
sine will find this the st stand in New York.
well established and respectable Saloon 2S Broadway,
largest in the world, Is jus. perfect repair Players
purchasers nvted-seven tables in this Entrance
both The above the Doramas Broadway
No. IL Ann street. my3f",IMPNOVED.-sprinr slcel,Morning herald. [volume] (New York [N.Y.]) 1837-1840
1838-05-29,"Ladies wonderfully. myl1-1mtf
DGAPHANOUS WINDOW SHADES,


WARRANTED


TO WASH WITH SPONGE AND WATER


AND TO STAND ALL CLIMATES.
These elegant and graceful creations of faacyso much
tronized by the fashonabes Of Paris and Londonu be
to he appreciated. They


UNITE FASHION WITH TASTE AND ECONOMY,
equally suited Tor the drawing room, paror, koudor
bedreom and universally admired for their novelty,
variety and beauty for pleasing and cheerful appearance
sponge wipes these shades clean and restores r original
freshness beauty With ordinary they NIL last for
and consequently, at their low prices they
NOT ONLY THE MOST ORNAMENTAL


BUT THE CHEAPEST AND


THE MOST ECONOMICAL


WINDOW SHADES


EVER OFFERED TO THE PUBLIC.
Z Sold wholesale and retail, by t. CHRISTY co,


NO 65 Maiden lane corner of William street.
And by BURKE Il OLSEN, 465 Broadway.
myS-im Third door Grand street",NEW YORK BAZAAR,Morning herald. [volume] (New York [N.Y.]) 1837-1840
1838-08-21,"The Sleet.
Av.se awake the sua il up. awake AID sally FORTH,
we've OF jswelry. from out the froIen norh
The earth ROBBED in dszzlias white each Tree hass WIN
And dsasnds ten thousand shapes hanging from their
Zach bush and every humble shrub, with precious stones
Aal ali the pures brightest things, by handfDls round are
The em'rsd. and the amethyst! the tepaces! behold
And here ami ruby red, IS sparkling in,he cold
The cysoe and jasper and that bright Serdne stone
The belly Pstmo propnetsaw upon the Heavenly throne
Here all The gold oophr shlnss via all Gocoadas store
The holly its dsrkes, green with Grim fruit looks gay
Eachased IN solid silver rich Ia It's display
In and gold The shaggy pine almosi IL baze
with oil the suns reflected light yet sonsnsd 10 the gaze
The cedar an thou favord in scripture i told
They lad thee in the house OF God ana co'erd hee VIM
But gf King solomon he, the house ne made;
Were dress'd ~ such magnihcence as 'hou mas"" ""e
The beach tree stands rich army OF long and shining
It's br;ue bough all bendisg earth their dropping
And aud the. broken limb crashing from on
And shswering world Of gems that sparkle as they
Tie lofty oak-,he hundred nbd Brareus e the trees!
Spreads his ponarous icy sra loud cracxing in the
And reused up lion shakes the dewdrops from his



plain


would fail tell Of ell that bright and host
The Rownd brings. 10 witch the world from out the


realms of frost:


The thing the Seformd-the d. and sapess


bougb


The brase rude the rugged thorn, pure and 2ocss





We ceuneiior OF earihv FORTH we princes vino have


god's


Your diadems kings bring tere-,he jewepd


hed


thine in all their costly she~n
And LEI them be The loveest that graced queen
This foot this weed with branch
Thus gering in The sum- hath fifty iod their harR
Then cast baubes vile ans bend solemn thought
To Hr who hast This scene fre storm and tempest


wrought


this fair pageant fade before the ath Of
Ana by the nat from hgh wealth shall fade
Ohlay not worthless riches which moth and ussal
But those which the Judgement day. iough Christ will


then avail


what though the must ms this frsstwork and


its forms,


He speaks into lie again. whs rides amid the
st. the tsunkting Of eye his last trumpet dread,
Our bodies fashioned giorioSy shall rise rom the dead
goes his destined wsy-bow e do heed my calls
in vision melts away, the baseiess fabric falls
ceuId shea ass that this is


passed;


Fer scenes sweet brngste mind which fled away","

IFroa COR Evening kditsoA",Morning herald. [volume] (New York [N.Y.]) 1837-1840
1838-05-02,"DEPARTURE OF THE SIRIUs.-The Sirius left for Lon
don this day, at little past one. Thousands were
the wharf to witness her departure and sauted her
with hearty cheers, and cordial wishes that the first
steam ship that left this pert for Europe might
turn safely and speedily and the contamination Of
Of the greatest enterprises undertaken by the
coarage and perseverance Of man.


The steamer OlirT ELLSWORTH in attendance the
Whitehall Dock, 10 convey passengers on board they
and their friends fairly filed the boat and should
think il never before had such living freight.


Mr.. Bennett, the proprietor of this paper departs
our readers aware, the Sirius. His absence will
be of long duration, and expect hear from him
by the first of June when have the
of presenting of his views Of British polite,
finance, social and moral philosophy, that public by
whom his remarks and dispositions of American az
fairs have been highly app eciated.",,Morning herald. [volume] (New York [N.Y.]) 1837-1840
1838-03-31,"FROM ALBANY.-In the Senate on Wednesday, Mr..
Tallmadge introduced bill revise the ncorpora
ting the New York Statistical Society long debate
enssed on the proposed amendments the Constitu-
ton relative 10 The Judiciary and the practice plead
ings, and proceedings of the Court of Chancery.


In the House, Mr.. w. Hall presented petition from
mechanics and others of New York. to repeal the usury
laws


Mr.. Ogden, from the judiciary committee, to which
was referred the petition from Livingston Columbia
county, for the abolition of capital punishment submit
ted report adverse to the prayer Of the petition and
concluding with resolution that effect On divi-
sion, the report disagreed with, and the resolution
rejected-4s for, and SO against.


The general banking law taken up, and ssndry
amendments were proposed and rejected.",,Morning herald. [volume] (New York [N.Y.]) 1837-1840
1838-03-26,"REGULAR COMMUNICATIONS


~ Remances and drafts with freight and passage
from Great Britain and Ireland-ROCHEs COMMERCIAL
LINE The Subscribers respectfully intimate their friends
and the public cnerzy that they early
engagements with them tor the bringing OF their families
friends by the early spring shps-he which
running from Liverpool the Isl February 1885,
and will continue regularly week Afterwards,
aordpg enrants the desirable and eligible convey
they can have.


The detention Of vessels Liverpool this trade
having heretofore been great and just Of complaint
the subscribers DESTROYS of removing
ing vessel every week from Liverpool effect
establishment of such regulations their days sailing
will give entire satisfaction shippers further In
ducenent fer them give preference their Line all
any transient vessels, they shall invariably
sail the appointed day, full FULL take freight
when opposed TO transient vessel such will In
the support and preference shippers by this Line.


The employed for the convenience OF their
gers Live rpoo of the first cassrunnng regularly
every day from the dferen ports Of Ireland and Scotland
convenience Of importance 10 those residing the
pers.


In relation remances their drafts and post the
Of Ireland are paid al sight free Of diseoua!
charge In province and counybe sides In the inland
towns answering the same Bank Of ireland notes.
aconvenience only by this establishment


Their drafts well passage orders be forwarded
the regular packets ng the t sth 16t and 24th Of
zach month In the Those residing In the
address BY letters pos pad) which win be punctuay
tended Further be appea


daosms ROCHE BROTHERS CO.","MERCIAL ME PACKETS.
iii III III ii",Morning herald. [volume] (New York [N.Y.]) 1837-1840
1838-08-23,"-, Ell LIIZ WAfnn-Mrssrs. YOUNG u KENT
- having made arrangements with the propretes Of the
celebrated Sedltz Spring in Germany, supply
crystals Of the salts these contain enabled
offer the American public their powders the
producing the original Seidz possess.
ed e all its inherent virtues The powders long known
Seidu pesess other prop rites with the
Selz water than their effects well produ.
ced Epson Saltsl being entirely devoid OF tonic md
Alternative qualities OF the pure waters Hence
of the common Sedlrz powders produces
companies with much nausea whilst the other hand, the
of the Germ spring give the
health being attended with Sickness other
pleasant effects. These powders neatly put
apers, Mesrs Youug Kent sis Broome
1hoapson, who the Importers OF the crysaed


mi Sans","J. CONNOLLY, Sole Agent for New York.",Morning herald. [volume] (New York [N.Y.]) 1837-1840
1838-05-31,"FEMALE FRIESDsnIr-I think there 10 nothing more
lovely tbsn the love Of two beautfu women. who
envious ofeseh others charms How Delightfully.""- they
frlii How charuipgly they sntrust slight sen.
der secret about tnting flower, netting pursel
Nov one leans the other and guides her sexpe.
renced hand, a. moves in the mysteries OF some novel
work and then the other looks up with eye be aiming
with devotion; and then again the first lean: down
little lower, and gently presses her aromatic iPs upon
her friends polished forehead These are sghn whch
where 10 take M safe position occasisnsy enjoy, but
which your noisy fellows who think tbs, women never
want TO be alone-a sad mstske-snd consequently


mcneil ar srl;uipp q crow qsill overturning the
gold ink or scripblng pattern or doing any other
~ ~. ,ho, nd acts OF mischief debsrred from. w",,Morning herald. [volume] (New York [N.Y.]) 1837-1840
1838-08-27,"Few circumstances present more serious matter
for reflection than when the hand of disease stretch
ed out against the young and the beautiful. How
sad the feelings Of the mother when she beholds the
lovely flower she has so Oft cherished on her bosom
gradually pning and whitening before the chill blasts
Of unsparing death-te watch the sunken eye-the
pale cheek-the wasted form-and TO think that soon
the cold grave will hold her whom not sun beam
or a zephyr s permitted to stray for moment The
mother wceps-the father burles his head in his hands


Tho big tears gush through his closed eve Ids ans
the sorrow al his heart seem struggling Tor relief
while the parched throat refuses II uiterance But
the lover-he that should have led 10 the altar her
whom he must now follew to the tomb-who shall
describe hi. sufIerinqs-his GREET 1t must be sa'
cred from my pen. Eight days snd nights no sat
by the bed slde-his hand smooihed the pillow
his eye detected every wish and fulfilled nbsfere II
could be expressed-when sleep visited her ms care
called gentle brcszo upon her temples, and cooled
the fever Of her brsin--bst his own eye closed mot
wor could he look save on the treasure that seemed
about to quit s rsl bot beautiful essket fer an eier
nifty Reader, can yos recognise IN inss pale youth,
the careless Dashne orin that form beside him the
lovely Emly7",,Morning herald. [volume] (New York [N.Y.]) 1837-1840
1838-03-20,"IA WILMINGTON, IN. C)NEw LINE OF
%14& PACKETS-This line OF packets will hereafter be
York punctualy asadvertised, viz


Schr. ALFRED =. THORN. tHew) H. Sanford, master.


Schr REGULUS, C. Mills, master.


Schr REPEATER, d. III. Sanford, master.


Schr TELL X. Hawkins, master.


Schr. TOPIC jacob Smith, master.


sells bnt for This fast saers
ed by able and experienced and will regularly
to and from Wilmington throughoutthe year.
having heretofore been great and OF complaint the
uscrbers DESTROYS emoving despatchng


vessel OF this line every nine days and 10 effect the erma
establishment Of regulations In their days OF sailing
will give entire satisfaction the shippers and further
nduceme for them % give the preference the vessels
this line ALL any transient vessels which preference
they justly entitled regular packets throughout the
year, through thick and thin We guarantee that they shall
invariably sail the day appointed, full not fu and take
will insure the support and preference OF all
ged in this trade both nonresident and resident shippers
at the same rates as taken by such regular vessel


The subscribers feel grateful for the liberal support and
tronage which they have always received from the date OF
their rst establishing this line OF packets sx years
and respectfully solicit continuance OF public favor and In
return beg leave all shippers that while exertions
topease and give perfect satisfaction shall be wanngo their
part they will solicit their freight in any other than
throughthe advertisements which they again them
they can rely upon with certainty OF their vessels Away
neither will they circulate false reports order
their freight but depend solely straight forward
course uniformly pursued by them for continuance OF


For the accommodation Of Shippers the subscribers have
removed from 1870 South street. their locatonand
for their further their vessels will always load
or As near the feet OF Wall street as possible.


All goods forwarded the subscribers Will be shipped free
OF commission other expense, except what actually
incurred.


Insurance by any Of the vessels OF this Ene warranted athe
very lowest rates.


For freight passage, all the above vessels having hand
jas HALLETT BRowN 50 South st. cor Wall.",,Morning herald. [volume] (New York [N.Y.]) 1837-1840
1838-01-25,"""-By yon heaven, my stern


Impotence chides his ardy gated day,


Who, like foul and ugly witch, does limp


So tediously away :""


Such was the exclamation of fiery youth, who had
been honored with delicate pink, lodged and per
fumed billet. that conveyed Madame IS compliments
and solicited his presence in her brilliant drawing rooms
Mr. Wtherspleen beliered be wealthy and his sta
ton among the of Wall is such, that it
would be ungenerous doubt it, especially after visit
ing his palace in Suyvesant Place, which was thrswn
open on Wednesday evening, the 18th inst. Cards of
invitation distributed weeks in advances every
preparation and preliminary arrangement made to
excite the highest expectation, and curiosity on the
tptoe this night selected for the debut of his
young and beautiful daughter, whose charms had long
been the subject of speculation among the galants and
enveus givings out among the practical belles-nor
was expectation curiosity disappointed. more
magnificent fete has been served up in this great
city every thing in the perfect keeping;
harmony Of arrangement prevailed throughout the
sion the drawing rooms halls saloons, the furniture
ornaments the lights the banquet the music, and the
array sparkling eyes and aashing of wit
the graceful whirng Of the dancers and the pensive
sghings ofoving duos and the bright stir OF animated
hirtations-by the way


like n slight artaon,' by the light of Chandelier,
With play in the pauses, and nobody vernear,
or give with glass OF especial wine
And blind discover the snail white hand in mine


The young debutanie this occasion was the object
Of special attention. She is beautiful creature her
form faultessy graceful her eyes deeply expressive
n brow like the yenus-and then, the color in her
cheek","Grand Dress Ball i'm Stuyvesant Place.


Our ritsers are unwrung."" HAMLE EFT.",Morning herald. [volume] (New York [N.Y.]) 1837-1840
1838-01-25,"Her 6ist young blush had got entapgled there""


her lips would melt Greek. l wished myself fly,
that might find her in sleep, 10 bite aud die and
then her teeth, what peary purity But mol can com
pare them nothing but these same teeth. could
scarcely gaze upoR her for my emotion and so lclosed
my eyes keep the flow of my new feelings, swelling
like a fountain. dared raise my eyes yet could
not resist one look more-only one Dear enchantress
What 7-Confuson she gone dared not follow
II turned and wandered through the crowd rejecting
upon the beautiful vision just departed when saw that
purest pattern of e>celling nature the enchanting
Juliana she attired-but what OF her attire Let
describe her il language ""therewith cope with
al"" She is IN truth, a wtching creatures the bright
wings Of eighteen summers have scarce flown Ter her
head her light form spread a-oand with mosesy 5
spotess drapery beauty like zone encirces her
and her wild gances with their bewildering trance, en-
chain, spell-bound, every beholder.


The pencil would be baified trace her varied
charms: for the rich depths OF her umined mind give
TO her loved face such ul CLEANS that the sPelltaken
eye will ever find some charm unseen before vii
levy grace plays in the movements Of her form which
is just moulded into roundness, like an unfolded rose
her step is light the wanon breeze, and graceful
the hight vapors the sea-but stop: I'm rhapsodi
zng She is but mortal after all and will re married
i suppese-weil, mote il be, my heart is home again
almost Her sweet sister Sybla. ""the betrothed,
among the giddy threng. He that was wdower
has returned with the laurel his krow, to claim the
jewel OF his heart saw them few days since to-
getherhs eye beat its soft pressure upon her face,
and the warm blood in her cheek and went, vary
ing each with the flow Of her pure thoughts for
each emotion within her bosom seemed struggling 10
glow apon her upturned face, while the tetale dim.
pies that appeared upon her cheek said that sweet
lovethoughis stirring her heart They SAT- be-
meath the rich drapery Of the window in her hap
by home he played with the stray Of her hair
and gazed muely in her melting eyes, while from their
gances each seemed drink the passionate love that
was sinking in their hearts. Father and mother too,
appeared live again their days OF ~oong the
picture Of those hslcyon hours pencied TO their
gaze by their FIRST and deares, pledge Of mutual love-


as she revelled in the aeconse smiles OF one who has
not only been honored by his country bat has done his
country honsr


IL tonight an unusual brightness in his eye and added
s~ile upon his face more than his wonted animation
in his manner though his loved daughter il not present
She is happy with one who Is worthy OF her. such
scenes as this are to her ho~ery nothngs. The
CAV and fascr ating Miss Heneysuckes are more beau
tful and radiant than the gayety OF the season
seems TO give freshness their compilations and buoy
ancy to their spirits instead o. anguor ana
They are beautiful Hebe, and draw around them
crowds of admirers, and probably sutors should be
at loss which Of the two 10 choose think their beau
ties of person and intellecsal characteriscs about
equally balanced, and he Is blessed who wins eher;
~iah knew how 10 WOO one Of them--tesch me that
fair lady and III try. Miss Trsnsportnients favored
this assembage with the kndling influence OF her pres
gracious eondescenson, rarely induged since
her foreign travels and the sensations created atvarious
courts she seldom yields the general desire to appear
in public appearing satisfied with the ecist she has ex
cited aad the fame already acquired in the world As
usual she was surrounded with aspiring Rallants pay
ing court her distinguished Vaccinations She appears
10 receive all with dgnihed courtesy but with
marked attention she is truly proud. splendid
beauty


was there with his young daughter who has come 70
greet her twin debnane in the great empire of fashion
She is really pretty, and her father seems determined
she shall create sensation. Her pcrsonsi chsrms are
certainly very considerable and the solids in perspec
live no small consideration His colsborer in the none",Her FIST Young blush had got entaHgled the,Morning herald. [volume] (New York [N.Y.]) 1837-1840
1838-02-13,"D TIRE subscribers, since the year 1884, have aimed At
furnishing the public with elegant and substantial
Mat OF the most graceful form q the accommodating
price Of ~ They can say that their efforts have
seen crowned with triumphant The Hats manufac
ured by them during the last months surpass beauty
and finish heretofore offered, and pre-eminent
among those higher prices by the fashion able part
the uSity.


They have just completed their arrangements sell plain
Caster Hat tor S. So which in point OF yle and finish els
OF form and general will compare with those
OF the highest prices All sales for cash. and deviation In
price.


BROWN co.
al6-3ms ia Cbatkam Square cor. Mott \.",,Morning herald. [volume] (New York [N.Y.]) 1837-1840
1838-10-04,"W SECOND WARD no TEL-Nsxt to the corner Of
Fulton street. In Nassau strset-Ths well known establish
pete order for accommodation OF tose who may honor
with tbeir patronage. n :.


There are in ks house. besides the lower story which
thrown entirely open public bar large room upon
the stery IS well suited for the acconmod
public neetngs, together with several smaller ones
adapted for clubs referees for the tran sacioh oil
other private business


Clubs private parties accommodated with rooms and
may furnished with dinners suppers composed OF every
decacy which the markets Afford at shcr.
notice EDMUND JONES, rroprietof. JcH",,Morning herald. [volume] (New York [N.Y.]) 1837-1840
1838-08-20,"It's my loves last layi-and soon


It's echoes will have died.
And thou wit list its low. wild tones


No more, pale victim-bride
wsulN not lovely one, that thou
Shousd'st wrong the he art that deems thee now


Its glory End its pride;
would not thou should's dim with tears
The vision OF its better years.
And yet love thee! Memory's voice


Comes eer me, like the tone
OF blossoms VIXEN their dewy leaves


In autnmns nicnt.winds moan
II love thee still-thatlook of thine
Deep in my spirit has its shrine,


And beautiful and lone;
And there II gows--ihat holy form
The rainbow Of iifes evening storm
And. dear one, when gaze on thee,


so pallid, sweet, and frai
And muse upon thy cheek, I well


Can read its meurnful tale;
know the aews Of me mory of
Are falling, beautiful ard son,


Upon loves blossoms pale.
know that tears thou fain wondst hide
Are on thy lids, sweet yictlm-bride.
1, too, have wept. Yon moons pale light


Has round my pillow strayed,
While was mourning DER the dreams


That blossoned but 10 fade.
The memory OF each holy eve,
To which our burning spirits cIeave,


Seems like some stars sweet shade
That once shone bright and pare on high,
But now has parted from the sky.
Immortal visions OF the heart


Again, again farewell!
will not listen to the tones


That in wild music swell
Fiom the dim pas Those tones now fade,
And leave me nothing hut the shade,


The cypress, and the knell!
Adieu-sdeu,-ny task Is done;
And now, God bless thee, gentle one!",To Mary.,Morning herald. [volume] (New York [N.Y.]) 1837-1840
1838-10-02,"II THE subcribsrs sole Propresrs and Msnufscturers
prepared with despatch, all orders for then
Unrvalsd Patent swelcd Beam wisd Besdseads which
universally used being the best article as
yet invented combining eonveniencs snd dursbiy
The sacking upon wndlss and swelcd beam
perfectly light and free from all liability to sag sll
leaving an as,icity in the which readers
easy simple in construction matter Of putting up and
takisr own viii Of little tresble In
with those OF snv ether construction whilst The precision with
which the component parts h,tcd acts ssfeguars
against the iatrsductor OF any hind Of vcrmin.


FROM taken render each Bedstead perfect their
Qualities for Durability will recommend them 10 purchssers
wbs invited call and esamisc large asormsnL sow
hand.


Aiso large Of elegant Frsiture, Maussea
Feather beds, nc. CONSTANTLY on hand,


yW a. G. sOUrHACK, No. iee sroaswsy,
ienv Opposite the rrsnklin House","NEW YORK BAZAAR

PATENT wINDLAss
Il EDS IL ID A ID.",Morning herald. [volume] (New York [N.Y.]) 1837-1840
1838-08-04,"~ The ,ubscrbsrs Soe Proprsors I'd anu facurers,


prepared execute with despatch all orders for their
Patent Swerd Beam WiDdsss Beds ads, which
almost universally uses being the best article
yet Hboing convenience and durability.


The saeksg upon by wiadlas ssd sweed beam
perfectly light and tree from all sslityto sag, still
lsavag elasticity same which READERS particularly
easy, simple The alter Of putting and
taking down. found OF but little trouble II compsrsos
with those Of anv Other whilst the prccsen with
which the component parts hited acts as safeguard
against the introduction VI any kind "" yermln


each bedstead perfect, their
quse dura ,ity will recommend th q pnrchassrs-
invited call and examine large assortmes now
hand


Also large assortment OF elegant Furniture, Mstirasss
Feather Beds, lie. constsntly on hand,


wv. L c. soUrHtCK, No. Ig6 Broadway,
is15v opposite the Franklin House.","PATENT WINDLAss
IL Ed STE AID.",Morning herald. [volume] (New York [N.Y.]) 1837-1840
1838-05-15,"Banta's Hats!i Banta's Hats!I!
That gentleman has graceful air.


heard one say who wouldn't haer,)
How much is owing to the care


And talent (think you) Of his halter!
More than many would suppose


Who the subject have rot ponder'd,
For may wear the choicest clothes


And ornaments that e'er were squander'd-
Yet, wears he an ungrsceful hat,


His splendid dress ppears unfnih'd-
His fine appearance uhink of thst0


Without doubt is much diminsn'd.
Where is that article of dress


Found finished in complete perfection!
Where all the fashionable press


And hnd IL ready for Inspection.
Substantial, beautiful asd light,


Made with most critical attention.
Color Of the blacklist bright,


And paer shades need not mention.
Materials of the richest sort,


From beaver to selected CASTOR,
Proof that no better can be bought


They're selling each day fast and faster,
myi22w* ALVIN BANTAs $50 Chatsam st.
CARD ESTABLISHMENT.
Visiting Cards, Cards at Home, Store Cards,


sc. &c.


VALEN TINES
ENGRAVING, PRINTING, AND FASHIONABLE VISITING
AND STORE CARD ESTABLISHMENT,


90 John st. corner of WiHsnn IT.


NEW YORK.
III Visiting Cards, Cards Home for Wedding Parties
Mercantile and Store Cards, engraved superior and
printed with the utmost in the latest and most
received of Porcelain Cards which whiteness
and brancy of polish cannot be exceed Persons furnish
own Gard Plates can printed at hours
notice.


Mercantile and Store Cards; either copper plate letter
press executed in neat manner and on terms
All orders personally and promptly attended to-
Silver Plated and Brass Door and Number Plates Of the
approved Patterns with bronze edges silver plated
Bell Pulls engraved to ORDER In superior style Letter",Banta's Hats!l Banta's Hats!I!,Morning herald. [volume] (New York [N.Y.]) 1837-1840
1838-06-26,"Ma. Eprroa .-Itis not generally known that seve-
raj of eur river steamboats, are unprovidcd with small
boats and that consequently in case Of fire, or other
accident grea, less OF liis wI ~ inevitably take
wards from the shore. Among those alude TO, are
the steamboats, Arrow and Warren, between this city
and Tappan, Nyack and Haverstraw, which have no
small boat The former has iron ter ropes, but the
latter has only hempen ones. Owners OF all steam
boats navigating our waters are earnestly implored
10 provide small boats and iron tllcr ropes and pas
senrers are warned 70 avoid those that shall hereaf.
tsr Be unprevided with them. G.",,Morning herald. [volume] (New York [N.Y.]) 1837-1840
1838-01-16,"From our Evesisg Edition Of yesterday.l


The Oak Tree.


nv MARY Howrrr.
Sing for the Oak Tree,


The monarch ofthe wood
Sing for the Oak Tree,


That groweth green and good
That groweth broad and branching
Within the forest shade
That groweth now, and yet shall grow
When we are lowly laid
The Oak Tree was an acorn once,
And fell upon the earth;
And sun and showers nsurishedit,
And gave the Oak Tree birth.
The little sprouting Oak Tree.


Two leaves it'll had al FIRST.
Till sun and showers had nourishedit,
Then out the branc hes berst.
The little sapling Oak Tree


Its root was like a thread,
Till the kindly earlhhad Rourished II,
Then Quit freely spread;
On this side and on that sise N
1t grsppled with the ground;
And In the ancient ritted rock


Its firnest footing found.
The winds came and the rain fell;


The gusty tempests blew;
All, all were friends IN the Oak Tree,
And stronger yetii grew.
The hey that saw the acorn fall,


He feeble grew and grey;
But the Oak wa, sill irving tree,
And strengthened every day
Four centuries Crews the Oak Tree,
Nor doesits verdurr fail;
Its heart is like the iron wood,


Its bark like plated mail.
Now, cut us down the Oak Treei


The monarch ofthe wood;
And Of its timbers stout and strong


Wen build a vessel good!
The Oak Tree OF the forest


Both east and west shall fly;
And the blessings OF thousand lands
Upon our ships,a lie
For she shall not he man-ot-war,
Nor pirate shall she be;
But noble, Christian merchant shin,
To sail upon the sea.","

From our Evesisg Edition Of yesterday


The Oak Tree.",Morning herald. [volume] (New York [N.Y.]) 1837-1840
1838-06-21,"Mr. Bddle has declared his readiness
the government shall have ceased hostility have been
deprived Of its ability do HARM Accordingly all eyes
directed the result Of struggle at Washington
But suppose that the administration defeated Mr. Bdde
has also stated that Of for him to resume until all


the banks do likewise. Now the loss Of the Sub Treasury
Bill will in wise benefit the South Western Banks parcu-
larry those Of Mississippi which have wild expan-


since the SUSPENSIONS the following table will show


Previous to Tbs suspension of specie payments May 1887


the following banks were In operation with good credit
home and abroad their capital and circulation","N u N E Y NJ RK EFT.


Wednesday, juno 2O,-e, p. M.",Morning herald. [volume] (New York [N.Y.]) 1837-1840
1838-09-03,"THE KIDNAPPING cAsH.-Anether hearing ofthe case
of the French runaways had before the Mayor on
Saturday. Gilbert Hays swore that Glchrst told
him, that he and Lyons ""gor or ""put' the two
Frenchmen on board the ship, and received 500 for
their pains The officers were xous to state to the
contrary but his honor ruled out their statement
The French consul, whom we understand was sum-
moned TO attend and testify, did not appear. SO the
case remains 10 statue quo; meanwhile thetwo mon
ssurs are getting along rapidly towards France,
where they will doubt get Their threats Get as they
deserve.",,Morning herald. [volume] (New York [N.Y.]) 1837-1840
1838-10-02,"TRADE OF THE SoUTH-It seems that the southern
cities determined place Charleston in competition
with New York. The Bank of England BY its readi.
ness negotiate the South Carolina Loan seems SINH.
arly disposed. If Charleston purchases or steam
ships and her rail road Louisville Cincinnati,
and Nashville she will export direct Europe all the
Kentucky tobacco Ohio corn, and Tennessee cotton
The Norfolk Beacon observes.


""Its factnotorous all that each spring and fall near
y all the money is collected by the merchants in almost
every county in the state and taken otto New York
purchase goods This drain is seriously felt that
after the merchant leaves for the NORTH it is i'm.
possible for the independent TO raise few
hundred dollars. The amount ofhis drain each spring
and fall is several millions Of dollars These millions
20 twice year northern city, swell the profits Of
northern merchants, and 10 keep active the circulation
Of the northern states. Suppose these millions were
laid out in cities Norfolk, Petersburg and
Richmond. The effort would be, first, 10 make our
circulation active 10 trite phrase to make
msney plenty"" which would benefit all classes Sc.
condy, it would transfer the profits contributed
by US 10 northern merchants 70 o0n merchants""",,Morning herald. [volume] (New York [N.Y.]) 1837-1840
1838-08-07,"Hosxrs OF THE GREAT WEsrKnx.-This man has
again reached our shores, and now that the vessel
which he is hired and paid to command 10 safely
moored, il behoves him 10 lose time in explaining
why he or his myrnidons in gold laced caps grossly
tnsuIted sereral American ladies when they were
here las, ""Trip, by sending them tom FOOLS errand
through the to the Agent Office for tickets where
tickets there were none7


Come out Mr.. Hoskn, and explain why these la
dies were nsulteda Come out Mr.. Hoskin in the
tsady papers with ""Csrd' (Heaven save the mark)
and explain Why you, or yeur myrmidons insulted
car gallant American tars, and amongst them Capt
Pennoyer better man than whom never graced
the British Navy2


Come out and explains why yos tried to tear the
laures from the brow of the noble Capt Roberts, who
did his best to shield you from popular indignation
when you were here the first trip Come out and ex-
plain these thiBgs


There is little of the blood of Bunker Hill still
left in the breasts Of our citizens and they will
tamely submit to an insult even though James Wat
son Webb hmself-whiskers and ALL should attempt
to shield you!","MORNING III E r AL y.

TUEsDAY. AUGUST =. lsss.",Morning herald. [volume] (New York [N.Y.]) 1837-1840
1838-05-10,"II tits with pleasure we learn that Capt. Rocket,
Of the Havrc packet ship Burgundy, was honorably
acquitted the other day by the authorities, of the
charge made against him bya beautiful young Ger
man lady, Of having detained her in his cabin and
seduoed her daring the passage Of that vessel from
Hsvre 10 New York, in April, 1887. The young
girl, however, still persists in her story, which il
simple one, that the captain is legally and morally


liable for the little responsibility that has emanated
from some quarter. Mr.. Western was the captains
eounsel Mr.. Buher conducted The case for the
yosnalady.",,Morning herald. [volume] (New York [N.Y.]) 1837-1840
1838-01-12,"IVl BANK AGENCY AND DISCOUNT OFFICE No
rs Wallst Now YorThe Company havisg the bank.
ing house 81 Messrs - NJ Allen ca services u
buying, setng dscounfg and collecting dra
most o. the states favorable terms bu wing and sell


ling gold silver and uncuren bank notes generally. The
which this Institution have taken giving
ino the hands OF dnterested geneen OF reputation and
WORTH have gained for the undoubted coadenceso
much 50 that their checks drafts the Banks are
taken by the principal kroer and pass readily and Al the
rates the bs OF the banks which they drawn


ulI SIM",nS SNk satsc1 EX xSs ySSMsASYs,Morning herald. [volume] (New York [N.Y.]) 1837-1840
1838-01-12,"Brown a. Co... One Priced Hat store.
III the subsc, ibers, since the year 1884, have
furnishing the poblic with elegant and substantial
Mat OF the graceful iorm the scconn o,iaiinr
price Of ~. They say that their efforts have
seen with triumphant TIE Hats
by during the last surpass beauty
and finish any heretofore offered. and pre-eminen,
among those higher prices by the fashion able part
the community.
They have just completed their arrangements sell plain
Caster HAT Tor $780, which In point OF style md Gns ele
gance and general will those
OF the highest prices All sales for csh and deviation In
price


BROWN co.
,16-sus Chatham Square cor. Mott Al",,Morning herald. [volume] (New York [N.Y.]) 1837-1840
1838-06-02,"NHw Yoax PIors--Or cd friends, the brothers
Asiso' arc net only daring, bat kind hearted and
gratsfsl fellows Oas Of the New York Pilot boats,
the Santa Anns. ives driven ashore on the Jersey
coast; and Messrs. White 4 Hssesrty Of Deal
Beach, behaved towards them with great kindness
The first thing they did reaching the city was to
come and ask us to return their sincere thanks to
those who befrisnded them, which we do with plea
sure. Here is their card:


The Sandy Hook Pilots Pilot Scat Santa Anna express
their warmes thanks and gratitude Mess White Hag
gsry Deal Beach, and Mr. James Green, Wreck
ter Tor their Kind and valuable services which they rendered
In getting the beat of the beach They also express their
Mr.. white, who afforded them valuable
timber from his own land for the occasion.


Very Resp eetuly,


JAMES KELSO,


JOSEPH BROI HERT0N,


GEORGE BROTHERTOM,


THOMAS CONKLlN,


WILLIAM LYONS,


JACKSON KELSO.


BERNARD COSTER


THOMAS KELSO",,Morning herald. [volume] (New York [N.Y.]) 1837-1840
1838-08-27,"VNHk VtCTOHIA III AITtlC UT iN GNUVWS
Corner OF Fulton street and Broadway lwest side J.
CLR has opened the above room, In connection
with his where ladies gentlemen III
always him home prepared cut and arrange their
hair in The prevailing stye Of fashion.


CLIREHUGHS SYSTEM


OF cutting gentemeas hair Is entirely original has been
adopted ny The most talented artists in London and farls and
well calculated display the luxsance and beauty OF
fine hair The arsign and execution have been de-
nominated scientific and whether for The pulpit the ba
the stage clac and elegant arrangement add
dignity and grace 10 the whole contour OF Ia tee humane
The philosophy Of the hair dresses art 80 to arrange
the hair while the finest features be improved by
this most estimated Of natures eits the pain coune
made appear lively handsome Tns glu
Cirehurb has attained eminent and acknow
Wy thousands whe have changed counienance under
the mag OF his touch. - :.
Eau the first door from broadway an2l lea",HAIRCUT IN G.E ooMs,Morning herald. [volume] (New York [N.Y.]) 1837-1840
1838-05-08,"General Sessions.


The following curious ease was the only one tried


Reuben d. Swift, alias George Hunt, was put upon
trial. charged with grand larceny and stealing trunk
the property of Mrs. Mary Facey. bureau in the
room, where the trunk was deposited, was also bro
ken open and rfied of its contents.


Mrs. Mary Facey deposed that she became &c.
quainted with the prisoner the evening before she
moved from Military Hail. where she boarded, TO No.
IL Varck street. where the robbery was committed.
On the day of the robbery the witness stated that
she left her apartment between and o'clock, in
company with the prisoner. She went with the pr-
sonsr in his own carriage, which he drove far
Bloomingdale They stopped at tavern, and the
prisoner requested her to take some wlnc She refus-
ed. She returned with him as far as the bowery,and
prisoner offering to wait for her, but when she came
of the store the prisoner had driven OIL. Was IN
the store about quarter of an hour. When she got
home there was false key IN her bedroom door, aAd
spen entering the room she discovered the robbery.
Saw the articles little time before she left the ROOM
When the prisoner was arrested, he had breastpn
belonging 10 her, one Of the articles stolen, IN his
shirt. Her husband was IN her company when they
met the prisoner. Witness said Richard that's the
man who broke open my voem. Seize him."" Her
husband collared the prisoner, and took him TO the
police Office. Part of the stolen property was recov-
cd.


soner in Broadway. She had been seeking board
ing house, and was very faint The prisoner accog.
ed her and asked what was the matter. She replied,
!"" am tired and faint"" The prisoner offered 10 see
her he knew a boarding house that would suit the
witness. He introduced the witness TO Mrs Jones'
who kept the house where the robbery was commit
ted, Ne. IL varck street. She had been there abo1t
week before she went to Bleoningdae; had been
10 the theatre with the prisoner Has walked ont
with him in the evening.


Question.-Have you not been to other places Of
an evening with the prisoner besides the theatre7


Answer have walked out with him.


Quesiion.-Have you not been 10 house Of assg-
nation with the pnsoner7


Answer-Thats not being tried now. refuse to
answer any such questions.


Questionable you not give the property 20 the pri-
soner 10 sell for you1


Answer.-I swear positively did not.


Richard A. Facey deposed that he was the husband
OF the Prosecuirix Mrs. Mary Facey, adding, ""And
witness went into the country. Was gone FIVE weeks
and few days. Whilst witness was gone Mrs. Fa-
cey removed from Cherry street. where they boarded
together, 70 Military Hall BowGy Witness learned
this fact by enquiry. When witness returned from
the country, Mrs. Facey returned to her boarding
house in Cherry street. About fortnight after wit
ness returned he was about teproceed to Albany with
Mrs Facey; did not 90; the steamboat left them be-
sets; found IL sovereigns sewed up in them overhaul
ed her trunks, and found Sos in bills; when witness
started for the country, he had about 495 in moneys
wrote letters while he was gone to his wife; did not
go away with the intention Of abandoning his wife
the robbery took place while he was gone; his
turn, he was wakRR with his wife, when they met
the prisoner. Mrs. Facey said Richard, that's the
man who robbed me; he is your prisoner-take hold
OF him.. Witness arrested the prisoner. and took
him to the police Office.


Cross examinsd-Has said he wished the prison
or might get clear. Said 30 because he then believed
that the property was given the prisoner by Mrs Fa
cey Believed at first that the prisoner had stolen the
property. Does net believe now. Has come to
THIS conclusion by reason Of the shameful conduct of
Mrs. Facey. Hsshsd the prosecutrix taken TO the
waoh-house. Changed her with having been in .
dsreputable house. The Captain Of the watch dis
charged her, she told such fine story.&


Mr.. Phoonix---Did not the captain tell you he knew
the house, and tina, the people were respectable",General Sessions.,Morning herald. [volume] (New York [N.Y.]) 1837-1840
1838-05-08,"3. The thousands in the boats that charged fifty
cents


The New York, C. Vanderbilt,


BROOKLYN Water Witch,


Hoboken, Arrow,


Hercules, Highlander,


Cinderella, American Eagle.


4. The thousands that went the twsnty-fiv cent
boats.


The Osiris, Sun,


Norfolk, South Ferry.


S. The thousands that went on the Battery and paid
a shilling for their sight,


6. The many loafers that paid six cents to be al
lowed to look from wood pile for half an hour.


There were some that paid three cents for sight
from the top of shanty, but their numbers were
scanty.


The decks of the big ship were not Ruek crowded
with the gear Of the shp-all was in excellent order
the officers dressed in their best bit blue and gold
clean shaved and clean shirts OR. The enormous
long boat was crammed with fowl which lad was
examining with balls of meal. A COW was licking
her calf in the cow house-deek hands were hauling
in the chain cable-adies handsome and handsomely
dressed were running down TO the cabin 10 take
last fond look of the dear, dear love of SHIP"" as
they term her. The cook was fixing his steaming ap-
Paratus in the caboose.


Dodsworih's baad was playing, ""Of, off, said the
stranger"" on the poop. Webb came on board with
his son-Gov. Marcy, and Charles Della, an, and De
Witt Clintens son followed. Stone, Hall, George
JONES' Seward, Charles King, id est gsnss omnes,
came to see their friends off. TIE quarter deck was
strewed with trunks, pertmanteaus, carpet bags,
dressing cases, writing desks, letter bags, paper
parcels, valises, and vegetables. Forward the main
mast there about ten tons Of butchers msat fur
nished by those excellent butchers Warner & Rlda-
beck, and others of Falton Market.


Capt. Hosken tried TO clear the poop-gave up In
despar-republcans are too sturdy-love liberty and
equality too well to be dictated to the mate tried
met with the same success. Two o'clock eame-the
word passed"" Cast off, forward"" the splendid ship
swung proudly off by the head, and sarged forwards
Cast off the stern line p ""'ts done-she floats p
she's off or England, no (! for England, home and
beauty Three cheers-hip, hip, hip-hurrah hurrah!
harrah"" and the shouts rent the air.


She moved najesticay up the North river a short
dstance-received a salute--returned t--turned
round and glided gracefully down the bay to Sandy
Hook. The cheering from all sides was stunning
the fags-the ladies-the nusic-ihe smiles-the
shouts-the bennets-the brandy-the petticoa,s-
the pretty faces--the white handkerchiefs--:
crowded mountaineering after her down the bay
now shooting ahead-now dropping astern-now
ranging alongside-formed a tout ensemble, that nel
Their tongue, pen, nor pencil could do justice to.


Business stood stl-teeth stood still-eating stood
still-drinkng did not stand st-Reither did steam
the sun seemed to stand stl-the ferry boats
stood Tor lay) STILL in the stream, as wepassed.


The boat neared the Narrows-Hosken came on
deck"" Gentlemen and Ladies gobelow and lunch
in half an hour shall clear you out""


took the arm of Charley Delavan and Marcy and
went below. We met Webb.


Webb. Let US SIT at a table to ourselves.


We did so-the lunch was delicious delicious is
the best phrase Dswnings oysters flew down divers
throats. All were comfortably seated. There was
abundance Of the best roast and boiled beef, hams
tongues shad fowls veal lamb elhes wines, sherry,
Madeira, Burgundy, claret, Sauterne, and Chamber
tine and Romance Though not equal to Bayer's of
New street)


Delaras. Edward, let's have bottle of port


Wsbb-Right Charley-humble port makes high
spirts-Drink Marcy-I wish Phil Hone was with
us-I sink the shop and politics when get ts sea.


Marcy-Charles Delavan, you're the best caterer
in creation. should have had ne wine if it had net
been for you.


We came on deck--white handkerchiefs were seen
waving from the shore in the dstance-whte hand.
kerchiefs were waving from the windows on Staten
Island-and beautiful girls waved theirs from the
Great Western. 1t was an enchanting sight and
scene.


The steamboat Providence came alongside at the Mar
rows-some other state houses on deck were crush
ed by collision with the ladder Of the Western-her
ca,-head was crushed aso-she backed water-car-
red away the Westerns first cntier-it dropped and
filed with water she made fast and took eff all the
visitors hundred sad good byes-and only sixty
sweet kisses. One fair girl was leaving eur shores
in her for oversize was young widow-the scene
had no charms for her-she was a mother


ruby Tipped child DER her shoulder is STOPPING.
~ she hears not he sweet words her


Fer her long siken clashes with their DARK drcopinr
Lie tear beHt and glitterirg upon her fsr cheeks


The Providence swept round and headed for New
York-the Great Western went proudly on her way
the bar and bid our shores farewell-the last
saw Of her was a white handkerchief waved by
sweet girl over the tafral OH wsman's life! oh |!
woman's love what charm il lends to life-oh I
the myst1y-the beauty--the poeiry---of a white
handkerchief waved b fair female hand-t speaks
Of sympathy, and fond, unfnching affection, get
fsrth in simplicity Of purpose and proceeding.


The maid Of Branksome Tower bcaned not more
beautifully than that fair girl at the sffrsl Of the
Great Western. invoked the Blessed Virgin TO",,Morning herald. [volume] (New York [N.Y.]) 1837-1840
1838-08-25,"Inc Onua0 - kHSyOAs
Twas mmmers evs-ths rosy hight
Had FADED from the SKY,
AID ssan came twinkhng pure and bright
Through the blse arch on high;
AID the western breeses sottly stole,
TO khs the weeping sower,
And nature wore her sweetea smile,


To bless the twilight hour.
There sal withis q curtained room,
mother ysung and fair
what voice GENES softly through the gloom!
iris chilsho0ds voice in prayer!
A eherub Wy "" kueeiiRg now,


Beside that ms'her's ksee-
she who had tsut BIT him when % bew
Before the Deity.
A father on the distant deep,


A sister slumbering near,
A babe upon the moiher'x bresst.
And that kind mother dear;
For every living thing be loves,
His prayer ,scends o heaven,
And, for himself he humbly asks
Each sin may be forgiven.
And, in after years, when grief
Shall bow bis spirit own.
And the world the cold and bitter worid,
shall meet him with frown--
And wees, Allared from virtues path,


He ueads dangerous way
On! be will turn To the blesi hour


When be first knelt 70 pray.
And The kind hand which thea was laid
Upon his silh en- hair
And the soft voice which taught him frst
His simple words Of prayer
will come again with ing power
To still his pulses wild,
And lure him back, in that dark hour,
As sinle Sc as child.
The prayer is o'er-the last fond kiss
BY that kind me,her givea;
But rises not from scene like Shis
That childish prayer 10 heaven
IL does. IL does-an angels wing
Mas borne its tone with Joy.
And the earnest blessings which II sought
Comes ON the sleeping boy.","

",Morning herald. [volume] (New York [N.Y.]) 1837-1840
1838-01-08,"0UR PRoeREss.-On Saturday ard yesterday we
published FIRE several editions of the Herald, and
sold mere papers that time than all the other esab
hshmenis of New York. During the past week the
increase of the Herald has been very greatour ag-
gregate sales reaching nearly one hundred thousand
Impressions Our circulation is now greater than at
any former period, and increasing also rapidly.


This extraordinary popularity arises from the eff
cheney Of the system have adopted. Wepay talent
ed assistants, reporters collec tors and cores
pondents in Washington, Albany, Buffalo, whenever
there any matters Of interest going on, more than
any paper in New York Oar system is cash through
out, and receipts reach from $1,000 to $500 per
week. according TO business season, and Interest,""
New York is becoming the great intellectual centre
of the Anglo Saxon empire formed of the different
governments called the United States, Great Britain
and the various other nations just emerging from
lonial dependence. We mean make the Herald
the greatest journal of modern times. Who can pre-
vent U.s. Our common"" cement suspicious.",,Morning herald. [volume] (New York [N.Y.]) 1837-1840
1838-03-09,"KJOLT,s HOTEL-The proprleiors OF ihi, well known
and popular establishment in conforming TO the wishes
and frequent Solicitations OF their friends and
topr determined that and after the l day ol Feb
ruay next they win their House the European
plan where travellers may their lodgng
apartments without board; and those who choose
have their meas the building, there will be regular
table breakfast also, table
from ~ till for dinner served In the best manner ws all the
uyures mark Affords dhea order. and tn he paid
tor according to bill OF fare placed daily bsior~
The bars Will be furnished with the best Of Wines asd Liquors


the cooks and walters OF the first csand thing done
the part OF the propI-ors render conf ,rtabe all ose
whs may please to fav~r them With call


B. The Lodging Department will be conducted by ASA
HOLT.


The Fatirg Department by ROBERT MOORE aad IRA
COBrRN


January 81 1855


The Morning ana Evening papers this city will please
by the above insert week, and send the hill
Hotel DIN",,Morning herald. [volume] (New York [N.Y.]) 1837-1840
1838-05-17,"ONES MOTHER. Around the idea Of ones mother
the mind Of man clings with fond affection IL is the
first dear thought sampt upon our infant hearts, when
yet soft and capable of receiving the profound i'm
pressons, and all the after feelings less
light in comparison Our passions and our wilfulness
Izay lead far from the object of our fli1l love we
may become wild, headstrong and angry at her coun
sells opposition but when death has stlled her mont
terry voice and nothing but calm memory remaiss re-
cspuaie her virtues and good deeds affection. like
flower beaten the ground by rude storm rises up
her head and sn lies amidst her Round that idea
and when the earlier period of loss forces mem
DRY TO be sent fancy takes the place of remembrance
and tWines the image Of departed parent, with
garland Of graces and beauties and virtues, which
doubt not that she possessed.",,Morning herald. [volume] (New York [N.Y.]) 1837-1840
1838-06-05,"40 CITY AND COUNTRY EALERs.


CORPORATION TICKETS


taken al par by


j.. C. MORRISON a. SON,
~ Nos. s6 and iss Greenwich st. between Fulton and
vrsey the Mort River side Of the city, who offer for
sale


Grocers Articles Painters Articles
Lamp Oils Bleaehers


Linseed Oils Paper Makers


Olive Oil Halters Articles
Dye Woods Calico Printers Articles
Dyers Articles Drugs and Medicines


Paints Patent Medicines
The for sale liberal credits, and large small
susnies. 1t the above establishment my29 imdkwf
III THE phENIx, Ann street, William strest-
BRANCH OF THE SHADES.-The subscriber, proprietor
OF the Shades respectfully informs friends and the public
generally received the opening
81 the Shades has induced take the shove house with
reside the side OF
the city The fitted up similarly and viii be conduct
jeay j. EVANS",,Morning herald. [volume] (New York [N.Y.]) 1837-1840
1838-10-16,"On ynnder shore, on yonder shore,


Now vsrdant with the depth OF shade,
Beneath the whte-afm'd sycamore,
There i a lille infant laid.
Forgive ibis tear--a br other werps-
IT'S there the faded tawret sleeps.
She SLEEPS alone, she Steers alone,


And summers forests DER her wave,
Aud signing winds al autumn moan


ArouRd The ilttle strangers grave,
As though they murmuPd at the fate
VI one 80 lone and desolate
In sounds that seem like sorrows own,
Their funeral dlrges fatally creep;
Then deepening To an Orgon tone,


In all their solemn cadence sweep,
And pou-. upheard, aIang the wild,
Their desert anthem DER child.
She came and passed. Can forget


How we whose hearts had hailed her birth,
Ere three autumnal suns had set,


Consig aed her TO her mother earth!
Joys and thei memories pass away
But griefs are deeper pioug he'd than they.
We laid her in her narrow cell,


Wei apea the soft mould on her breast,
And parting tears, like rain drops, fell


u 30 her lonely place rest
May angels guard it-msy they bless
Her sluBbers in the wilderness
She sleeps alone she sleeps alone;


For, all unheard, on yonder shore,
The sweeping hsod, with torrent moaa,
Al evening lit, its solena roar,
As in one bread, eternal tide,
The rolling waters onwardgllde.
There is no marble monument


There is no stsne with craven lie,
To tell af owe and virtue blent


In one almost TOO good to die.
We need no such useless trace
20 point us to her resting place.
She SLEEPS alone, she sle~ ps alone;


But midst the tears and April showers,
The Genius Of the Wild hath s,rown


eiis germs Offruit, his fair. st flowers,
And cast bis robe Of vsrnal bloom,
In guard ian fonaness Ger the tomb.
She sleeps alone she sleeps alone;


But yearly in her grave turf dressed,
And still the summer vines are thrown,


In annual wr~aths &C oss her breast
Aud still the sly hing autumn greves
And slrews the hallow ed spot with leaves.",On Passing the Grave 81 my Sister.,Morning herald. [volume] (New York [N.Y.]) 1837-1840
1838-01-27,"ASTOUNDING PsLIsE DIscLosuREs.-On Thursday
evening, the magistrates were privately engaged in
very extraordinary investigation, in which some per-
sons who figure largely in Wall street implicated
and the disclosures in which that have already been
elected are altogether astounding 1t appears that
one Of the Kenlscky banks had deposited the plates
from which its fifty dollar notes struck with one
of the Wall street banks, and that some irregular f.
nancers obtained an nkling of this fact and also
cured possession Of the plates, from which they pro-
ceeded TO take impressions TO the amount OF about
four hundred hsusand dollars! The police got
wind of the affair, and apprehended the parties with
the notes in their possession, all signed, and ready for
emission. The examination is progressing and what
has already ranspred occasioned great deal of in
terest and comment in Wall street yesterday. Per
sons of high reputa ton are implicated


Furthermore, the Police is busy in sitting the cir
camstances connected with the Poisoned Coffee""
affair."" about which there much talk few
weeksago. Additional particulars had been ascer,
tanned, and clue discovered which will most likely
rendera full exposure Of persons and events atogeih
or unavoidable.",ASTOUNDING PsLIsE DIscLosuREs.-On Thursday,Morning herald. [volume] (New York [N.Y.]) 1837-1840
1838-06-04,"~ Since the establishment Of the above
rant sPecustor who lazy work and have ksow
ledge OF whatever have taken theseves
in every way possible The mode packing forging imitation
respectfully requested, when going into said
ten fifteen established in New York
last year. dive their hands into the fall chests supposed
and they will fad abouttwo three inches Of he chests
having false botems and the few pounds oen literally baked
and double dried with the


The selector and ofteas for the New ysrk Tea
having had several parcels OF and coees from
other stores has induced him TO make this public
from his knowledge and in the New York Tea
Company, who have hitherto given the Subtraction
their patrons and the public generally He must further
plain that the majority Of respectable trademeD, with
out money or credit buy damsgedea In barrels sell sug.r
nducement to the At 10 cent less coffee
mixed with ground peas nc nc for purpose getting
OF their Young Hyson andother or a. which
be bought wholesale from l4to 6 holders
glad 70 get clear OF IT, More OF this OF usde
This day. Saturday, June I'd will be offered for
stock OF Fresh Teas OF every description Also, specimen
Of the teas above alluded from pence per pound
shillipgs


JOHN GOODBARNE,


24 Greenwich street.
Qbservs CoIdeu Figurex 10","BEWARE OF sWINDLING!
New York Tea Company,",Morning herald. [volume] (New York [N.Y.]) 1837-1840
1838-10-05,"~ SECOND WARD HO TEL-Next to the corner OF
Fulton street, In Nassau streetrhs well known establish.
having undergone thorough refttng, is in
pee order for the accommodation Of /; who honor
with their patronage


There house. besides the lower story which
thrown entirely as public bar ROOM large room upon
sry 10 feet 2 well suited the
OF public meetings. together with several smaller
adapted the of clubs referees for the tran sacoR OF
other private business.


CLUBS private parties accommodated with rooms and


may furnished with dinners suppers composed OF
species Of game decacy which the markets afford shor,
notice. EDMUND JONES, proprietor JeH","RlDAY EVENING, OCTOBER 5, 1885",Morning herald. [volume] (New York [N.Y.]) 1837-1840
1838-10-05,""" THE Subscribers Sole Prepeters and Manufacturers
prepare with despatch, all orders for then
Unrivaed Pstent Sweed Beam windass Hesdseads which
almost universally used, being the best article,
yet invencd-combinrg ease convenience snd durability


The sackng acted the windlsss sweed beam
made perfectly light and free from all liability still
leaving ascty which readers nlariy
easy simple In the matter Of putting up and
taking down will be found q but little trouble IN comparison
with those other csnsruc.r whilst the precision with
which the component parts are fitted acts . safeguard
against tse iatr sductioa Of any hind OF vcrmin.


From the taken render each Bedstead perfect their
qualities for durability will nd them purchaser
vba Invited to call and ersmse large ass0rtmest
hand


Aso large assortment Of elegant Firnture Mstus
Feather bets, he coustantlv on hand,


,. W. h G. SOgTHACK, No. 1876 Hroadvy,


ielbv opposite the Frsnkllr House","PATENT wINDLAss
II "" DIST ~ A Id.",Morning herald. [volume] (New York [N.Y.]) 1837-1840
1838-01-23,"REGULAR COMMUNICATION.


u Remittances and drafts with fright and passage and
from Great Britain and Irelsnd-ROCHES COMMERCIAL
LINE. The subscribers respectfully intimate their friends
and the public cneraly that they into early
with them for The bringing Of their families
and friends by the early spring shpshe FIRST OF which will
commence running from Liverpool the Isl February 1881
and will continue 10 regularly week
aodiDg enisrans the most desirable and eligible coevey
ance they can have.


The detention OF vessels Liverpool engaged in this trade
having heretofore been and just Of complaint
the subscribers DESTROYS OF removing the despatch
ing vessel every week from Liverpool to effect the perma
will give entire satisfscton TO shippers and further in
aucemcnt for them 10 give preference their Line all
transient vessels guarantee they shall invariably
sail on The appointed day. full not full, and take freight
when opposed 10 transient vessel nj such will
the support and preference shippers by this Line
The employed for the cfthe paeu
gers Live rpool Of the first cass-runnng regularly
every day from the different ports OF Ireland Scotland
convenience OF importance 10 those residing the
ports.


In relation remtances their drafts and post
Royal Bank Of Ireland paid sight % discount
charge every province and sides Ia the inland
answering the purpose Bank Of Ireland
q convenience only by this establishment


Their drafts well passage orders, be orw srded by
the regular packets sailing the lst sh, 6th and cath OF
each month In the Those residing in the
address by letters (pos psid which will be Puncuay
tended Further particulars be ascertnned sppca
dsos%. ROCHE BROTHERS CO.","MEScciAH LINE FxCKE1s.
iii Isl iii Iii",Morning herald. [volume] (New York [N.Y.]) 1837-1840
1838-10-03,""" SECOND WARD HO TEL-Nsxt 70 the corner OF
Fulton street, Nassau streerhis well known establish
having undergone thorough refng Is now In CON.
pete order fer the accommodation of those who may honor
with their patronage.


There this house, besides the lower story which is
thrown entirely public bar room large room upon
the second ssy IS feet IS well suited for the accomaod
tiDR OF public neeags together with several SMALLER
adapted for the OF Clubs referees fer the tran sacoR OF
other private business


Clues private parties accommodated with rooms and
furnished with dinners suppers composed of every
OF which the markets aord at shor
notice EDMUND JONES, Proprietor. Jell",,Morning herald. [volume] (New York [N.Y.]) 1837-1840
1838-02-15,"DATENI LAMPS, MARRANTE D-Improyed


Mechanical ars entail Lsmrs recently
Mesrs Ocean CO. Paris superior 10 former inventions
their utili and beauty.


The subseber sole agent and importer In the United
States for Messrs Decsu Co. begs leave respectfully
form the ladies and gentlemen of this city that he opeD
I'd store No 76 junction ofMasen Lane and Liberty
fashionable Lamps which he intends 10 Keep constantly
hand and invites all those who be interested the
thereof favor him with cali being confident that this srt
Gle. entirely from the great popularity has already
CURED the fashionable circles In Paris and from the
tensve orders which constantly received hat its merns
cannot fail to be duly appreciated Ivy this Intelligent
nifty ew seconds bcrg besides sufficient To and
ecy plain 10 It's and operation, and being
same ti.e object Of curiosity by itself


These Lamps be adapted purpose In the Of
illumination, and be asserted without be stioH
geraion-thzt alone produces light equal To IS sperm
candies One OF these lamps he used discretion without
the least terstoa the mantle piece the table bys
very simple combination adapted Is chandelier.


One of the peculiar perties this ingenious nvensr
that n the glass tube and the wick tst ulses the
diminished by the lowering Of the wick except when
total extinction isreeuires.


Another peculiarly also OF Vs. that the lamp


cen be used becoming clarified BY the uncsions Of the
mechansm which latter wound in the evening, and
The light suitably regulated suung further attention
Is required for the whole night


The subscriber has also hand fun OF plain
and fancy Candle screens article also entirely cheap
easily adapted 10 candles which gives them the deceptive APP
gentle light reconmendabie Industrious readers
and writer's There sse such fsucy OF larger de-


iia-3ns AUG'N DIACON",,Morning herald. [volume] (New York [N.Y.]) 1837-1840
1838-02-15,"YOUNG GEN rLEMEN are qualified for the duties
i OF the Counting House al Fosters Establishment, lSj
Broadway in expeditions and superior manner Book
keeping, Psnmsnshp &c taught improved pss by
which competent knowledge of these branches be OBJ
tanned third Of the time usually devoted TO that pur-
pose.


(From the Boston Evening Gazette.


The manner which Bookkeeping Is frequently taught
CONVEYS very imperfect idea OF the practice
The great difference between theory and
the study and its application, Is too well known to
and think Mr. Fosters plan advan-
tages worthy consideration all wish 10 acquire the
forms modes Of business in thorough and eecua mas



From the Boston Republican


We are personally acquainted with Mr.. Foster, and take
great pleasure recommending his establishment, 10 the mo-
detail observed hs modes Of Instruction. in full opera
on AID fully impressed with the praccabity and utility
his plan II facilitates beyond all other methods the attain
ment Of y free, eler ant, and rapid business hand .
III LESSONS IN FRENCH.-A genlem who has had
many wears teacher The Preach languare
forming classes above and viii give lessons day ssd
evening upon mpe and method, whereby
taught speak the language with 6uency and COT
r.rioess fI29ts",,Morning herald. [volume] (New York [N.Y.]) 1837-1840
1838-07-26,"~ THE subscribers Sole Propreters aad Manufacturers,
prepared to execute, with depa all orders for Their
Unrvaed Patent Swefed Beam Wndiass Bedsteads winch
almost universally used beisg the best article as
yet Misunderstanding ease, convenience and dur bll


The saskng upon by the win lass and sweied oea
smade perfectly light and free from ali liability 10 sag SIM
leaving the which renders particularly
easy simple in the matter Of putting up and
taking DOWN, will fouad of but little trouble IN comparon
with those any other whilst the precsoa with
which the component parts fitted, acts NJ safeguard
against the introduction OF any kind of vermin.


Frem the care taken 10 reader Beaead perfect their
qualities durability will recommend them to purchaser
who invited cali and examine large assortment now
hasd


Also larg, Of elegant Furniture, Mattresses
Feather Beds. &c. constantly on hand.


). W. C. SOU fHACK, No 1876 Broadway,
ieJ6y opposite the FRANKLIN House.","PATENT WINDLAss
il T. ID = IL E A I'D",Morning herald. [volume] (New York [N.Y.]) 1837-1840
1838-01-23,"MIND AND BopY.-Oh, what crushing sense of
impotence comes us when we feel out frame can
not support our mnd-when The hand can no longer
execute what the SOUL actively ever, conceives and
desires the quick life tied to the dead formhe ideas
fresh as Immortality gushed forth rich and golden,
and the broken nerves and the aching frame, and the
weary eyes, the spirit athlrst for liberty and heaven
and the damning choking consciousness, that we
are walled mp and prisoncd in dungeon that must be
onr burial. place! Talk not OF freedom-there is
such thing as freedom TO man whose body is the
jail, whose infrmties are the racks of his genius
Ernest Malfrdpers",,Morning herald. [volume] (New York [N.Y.]) 1837-1840
1838-09-07,"FOR DYING THE HAIR, from Grey Red To
y beautiful Black or Brown-MAHOMMEDS TURKISH
DYE universally admitted be the best article SEM
before the public daily supcrscdsg every other pres
ration for he purpose which mostly composed Of dceter
Gus materials, asa must eventually give way entirely thx
Turkish Dye It's operation almost being applied
70 the heaa ataigstbsore going to bedon rising the
ming the transformation complete. The skin suf
ers change either from aiscoiornent eruption
or other cause lis he attended with or
consequences whatever. Sold Wholesale and retail by


III. G.. HART, ITS Broadway,
ally rarper af Conr,i,n1,.,","FOR DYING THE nAIR, from Grey o. Red g",Morning herald. [volume] (New York [N.Y.]) 1837-1840
1838-09-07,"FOR COPYING LETTERS INVOICES,


DRAWINGS, PLANS, &c. nc.
THIS invention will produce letter with It's copy At one


operation; or, required letter with two fac SMILES U
send abroad with single pen stye) which Sc durable hs
II will Last for centuries without repair


This extraordinary apparatus m It's simplicity and dee
patch operation as well portability IN construction adj
mraby adapted solicitors merchants and persons travelling
going abrosd they also strongly recommended with
the recently improved Copying aad Cabonc Paper which
gstures, BaEkers Commission Merchants Brokers' and 70
all write much and desire To keep copies
duplicates abroad to whom VIII prove great saw
Ing OF time, trouble and expense.


Wilson'S Improved Noctagraphs.
ny this invention persons who have had the misfortune
lose their sight, others the da enabled 10 write e
ther single In duplicate without the aid person what
The apparatus simple IN its construction and
mode cooperation that impossible can fall Of answering
purpose with the least possible trouble to the writer


also particularly adapted the circumstances OF ner.
vous and aged persons, who find difficulty In managing
Pens and Iak the Pens requiring no repairs or iced
ing, and the Ink perfectly portable and cannot blot
Manuactery 4s Nassau street, Sdoorsrom Maiden lane","WILSO
HIGHLY IMPROVED
r n n II M LEO LID w NIT Il II D.",Morning herald. [volume] (New York [N.Y.]) 1837-1840
1838-05-09,"Boat ready


No boat to-day, sir, all going down the bay with
the Great Western.


ran round to the South Ferry, determined 10
snuff tho scented breeze from Brooklyn Heights
alas for human resolves-the ferry boats were
steamng round the Great Western. l made up my
mind to get away, even if | went to Boston. met
Capt. Woelsey, Ia handsome, gentlenanly captain
is Woolsey.)


noon.


Woolssy-Very sony-don't go-gong to take
the passengers from the Great Western""


twas Of no avail, and falling into the stream, con-
vnced Of the folly of stemming the tide of crcum-
stances, / was soon on the quarter deck of the
Great Western; and the sight thence-pen cannot
pourtray-imaginaen cannot conceive it.
The morning was lovely one-the sun shone
brightly, but not over warm-there was delightful
breeze that beautifully rpped the surface Of the bay.
The club boats were out manned handsomely, and
trimmed tastefully. Steamboats,, by dozens, were
skimming the surface of the two rivers. The Castle
Garden was literally filled with people; the Battery
was also crammed in every corner; every wood pile,
house top, tree DOCK slip, wharf, and roof; the rig
gng of the ships; the masts and yards, bowsprlts,
taffrais bulwarks, all, all were covered with human
DclngS. Sald we not tndt new Ork was the
leafer city of the Universe7


The bay was literally crowded with small boats
a dozen of bands of music were playing AT one time
the banners of all nations foated proudly IN the
breeze-ladies by hundreds and thousands were
walking talking running to and fro, laughing, crying,
kissing their Misunderstanding good bye""-and the
hallowed God bless you"" which comes sweetly
and 80 purely from ady's lips. Boys and men,
black, white yellow and oil ceors, carrying all
Of packages from all parts of the city to the
deck of the Great Western. 1t was a stirring sight!
The noble ship lay moored close to the wharf, at
pier No. North River. At the end of the pier was
wood pile. Every projecting part Of the
sides and top ofths was covered with anxious spec
taiors Let one say that there is NO distinction Of
persons in republic. There were no less than six
grades and standings in life amongst the spectators
videlieet, that is to say


l, The select few, say some two hundred on board
the Western.


2 The class in the boats that charged dollar, the
Providence and James Madison.


3. The thousands in the boats that charged fifty
cents:


The New York, c. Vanderbilt


Brooklyn, Water Witch,


Hoboken, Arrow,


Hercules, Highlander,


Cinderella, American Eagle.


A. The thousands that went in the twenty FIVE cent
boats.


The Osiris Sun,


Norfolk South Ferry.


s. The thousands that went on the Battery and paid
a shilling for their sight.


g. The many loafers that paid six cents 10 be al
lowed to look from wood pile for half an hour.


There were some that paid three cents for sight
from the top Of shanty, but their numbers were
scanty.


The decks Of the big ship were net nuoh crowded
with the gear Of the shipa was in excellent order
the officers dressed in their best Bit Of blue and gold
clean shaved and clean shirts on. The enormous
long boat was cram med with fowl, VIII c lad was
examining with balls OF meal. A COW was licking
her calf in the cow house-dcck hands were hauling
in the chain cable-lades handsome and handsomely
dressed, were running down to the cabin 10 take a
last fond look Of the dear, dear love Of SHIP"" as
they term her. The cook was fixing his stcamng APP
paratus in the caboose.


Dodsworhs baad was playing, ""Of of, said the
stranger"" on the poop. Webb came on beard with
his son-Gov Marcy, and Charles Della, an, and De
Witt Clinton's son followed. Stone, Hall, George
Jones, Seward, Charles King, I'd est gsnA omnes
came TO see their friends of. The quarter deck was
sucwed with trunks pertmantcaus, carpet bags
dressing cases, writing desks, letter bags, paper
parcels valises, and vegetables. Forward the main
mast there about ten tons Of butchers meat fur
nished by those excellent butchers, Wa rner & Rlda
beck, and others Of Fston Market.


Capt. Hosken tried 10 clear the poop-eave up in
despar-republicans are too sturdy-love liberty and
equality too well to be dictated ;the mate tried
met with the same success. Two o'clock came-the
word passed"" Cast off, forward r. the splendid ship
swung proudly off by the head, and ssrRed forwards
Cast of the stern line n ""'ts done she floats r'
she's of-tor England no for England home and
beauty! Three cheers-hIp hip, hip-hurrahl hurrahl
hunah"" and the shouts rent the air.


She moved majcsticalIy up the North river a short
dstance-rcccived a salute-returned it--turned
round and gllded gracefully down tho bay to Sandy
Hook. The cheering from all sides was stunning
the fags--the ladies--thc musIc--tho smIles-the
shouts-the bennets-the brandy--the petticoa,s--
the pretty faces--the white handkerchief
crowded misunderstanding after her down the bay
now shooting ahesd-now dropping astern--now",,Morning herald. [volume] (New York [N.Y.]) 1837-1840
1838-03-08,"Foreign exchange opened yesterday with degree OF firm
ness in price, bat little spirit the transactions On
England, the rate 1914 although very prime bills
were negotiated at 1914 and few bills at
10& The United States Bank supposed to be in the mar
ket lCs This the port France the prices
ruled from 5324 SIS, and Hamburg, Amsterdam and
Bremen, the rates the last packet Little was
done in either, and the whole sterling exchange
would hardly reach SSooo very sum at this
of the when the foreign imports taking place
for the season.


This state OF the foreign exchange be Influenced
course othe foreign trade large proportion of the goods
imported are shipped order English account
The revuson last spring and tho continued depression up
the cose eff 1887 caused the British merchants and
turers to entertain the opinion, that
peced IRON this side of the This opinion has been
correct TO certain extent. The packets indicate
vva Of the foreign trade but it is principally
action of British capital We have heard several English
houses the other side recently trade
who have this spring. opened with this city,
Considerable quantities have already arrived, and although
the goocs were laid In the the lowest prices yet
profits arising the sales here will hardly pay expenses
perhaps 10 10 per to the full amount


To this policy of British capitalists may be attributed the
tendency OF exchange advance and rper
may expect the of trade will influence
upon the exchange market The import Of specie will have
like tendency.


We also learn that the pinner the SIDE
transmitting funds here to be invested in
count In So 49, days. they viii be able get
from taking the


Liverpool speculation market until the prices recede
The mere cotton shippers, either here
not fortified sufficiently with capital hold
ture They must realize rapidly and hence
the spnners may precptae these upon falling
market There strong impression here that cottoH will
fall heavily in Liverpool in April


Stocks today rather fm-Unitcd States shares re-
seded slightly, but the others stood steady.


webavs received private intelligence from Boston, advising
US mat more bank seems


at the Commercial Bank OF that city deauded OF
by operation These were sued
shifting 10 make the entries the books return Of
the emission the directors became suspceusan examination
was ordered, and the discovery made.


The most important in Wall the Merchants
Meeting TO be held today called together by the
notice:


PUBLIc MEErsG.-The Merchants, Traders and Mecbap-
es OF me city OF New York, approving the design Of the
requested TO attend psbc meeting Exchange
day. THURSDAY al the o'clock order express their on
the fitness OF such AMI In the ability OF
Banks TO carry II successfully through


This .csl is headed by John Jacob Astor and fellow
eddy the leading merchants of the city. What partsu
lar policy they may recommend the banks copecura
What the mercantile community expansion Of
counts 10 meet the pring trade Many favorable
mediate resumpuon-o,hers for delay till the Convention
meet next month In the best monsd circles today
ported that Mr.. Bdde would specie payments
of banks for the special that he not
credd would be affected In Eurepe This highly pro-
bsbe


We have received from Correspondent Of West UsieB,
Ohio, valuable Tabular view OF the Ohio Banks, The
feIowisg table embraces the leading items","M . N Il Y M A K N EFT.


Wednesday, March 7-6P. N",Morning herald. [volume] (New York [N.Y.]) 1837-1840
1838-06-23,"~ AN important discovery for fhe treatment Of the Hair
fections of the skin the head, DANDklF, Ike kc.
Muludes of chemists, apothecaes and peruners have
successfully semnted that part Of the human body
without having sufficiently studied the subject By spreading
the ostcntaou exaggerated tamr, they have
fatigued the public with the words-wonder! Prodigy


Evprscgl EvDgNcE.To prevent the des ruction of -
Rne that gift a nature, requires
many expee with The identical part tor what kind
Composition could that be- invented by persons not fan
lar wh the study Of the skin on the head!


The OF the hair, Is called by some ceeb,a
doctors, who and recommended il specific
might effects be compared the reguatve activity
which takes place In each plant


The rmcnts Or andjean has made lsaye
doubt in his mild relative TO the course followed by the
sap and OF the which stop It's circulation In the ncrcel
uIar spaces which all communicate together so as TO form
the capillary tube infinitely divided The sap defs not
circulate In all with the facility. In most hair OF
which the vessels but little developed operates slowly,
tube itself being cssnuay filled with Il, snn
aes the pepraon then the ascending effect cannot take
place by application OF Grandean's Composition
which few days only will pentras through The hair TO The



The ascending power varies then not only according 10 the
quality Of the tube hut also the Of asng this Compost
which ought be employed Night before rcuring
then conceive that during the Sleep the surface of
the head produces poratior osn abun
dant The sap which degree Is In relation with that
phe rapidly ascends The result very easy 10
The friction that has been made before sleep refresh
asd repairs the skin the head then the growth continues
sraly ever; while by employing this Composition IN
The morn ony the results only b uncertain since the
aus unfavoraLle for receiving from This Composition all its
xnlns off","TIL 8 CREAM MYsTEKY FOUND oUI


I'll Al Il.",Morning herald. [volume] (New York [N.Y.]) 1837-1840
1838-03-21,"DATEN1' LAMPS, WARRANTED-Improve


Mechs al AVID Orname Lamps recently
MerS Ocean Co. Paris superior former inventes
their utili and beauty.


The subscriber sole agent and mrsrer in the United
States for Messrs Decau Co. begs leave respectfully
I'd No. 49, junction fMaden Lane and btry streets
stairs with complete of the above stated supe
fashionable hich he intends constantly
hand and invites all those who be interested
thereof favor him with call being confident that this
Gle, entirely from the popularity has already
qured among the fashionable circles in Paris and from ex
ensve orders which constantly received, kat It's mern
nifty, seconds being besides sufficient
recognize all its useful properties the mechanism being per-
fecy plain nis construction and operation and
time object OF curiosity by itself.


These Lamps be adapted any purpose In the
illumination, asserted without hesitation
gsrationhat alone produces light equal In IS
candles One of these ,mps he used
the least teratios the mantle piece the table
very sinpie combination adapted a chandelier.


OF peculiar properties this ingenious Ia
that II Is the glass tube and the wick that regulates the


light the latter not The least by the raising
diminished lowering Of the wick except when
total extinction Is required.


Another peculiarly OF II is the amr


can be used il becoming clarified by the functions of the
mechanism which latter wound the ng,
The light suitably regulated nung further auenlos
9 required for the whole night


The subscriber also hand full plain
fancy Candle Screens article also entirely cheap
easily adapted candles which gives them the deceptive
OF fancy lamps and ~ they agreeable
light recommending inAustrious
There also such fancy Of larger
scrp,oa, and fancy globes attachedto the above l.n


jl2-3n' AUG'N DIACON",,Morning herald. [volume] (New York [N.Y.]) 1837-1840
1838-10-06,"Cousr OF SESSIONS, Oct 6.-Catherine FInnegan,
indicted for smbezzpR a quantity OF cvred hair from
her employer, Mr. Francis Hewitt by whom she was
employed to work the same up into mattresses, was
tried and convicted. The jury recommended her to
mercy, snd the court sentenced her 10 remain in the
city prison TILL Monday next


William Hendey, charged with knocking down
William Bell, police officer, was tried and convicted
OF the offence.


Charles Davies and William Wilson indicted for
an assault and battery upon James Stevens and
Geo Howell, indicted for petit larceny not appearing
to answer, their rccognisances were forfeited.


William Brown was Hra,gned and pleaded not
guilty to FIVE several indictments charging him with
the crime of burglary, and one for grand larceny.


The csurt then adjourned",,Morning herald. [volume] (New York [N.Y.]) 1837-1840
1838-02-20,"The TINES. The WEATHER, The PooR-What Is
the Charitable Committee about? who are It's acting
nembers' what amount Of misery and distress have
they succouredl what is their cash account hsw did
my Soe amalgamate with the fashionable and financial
funds and how many public bodies, besides the hoard
Of brokers, have followed the example set7 The
weather is piercing the nights cherries IN the poor
mans apartment and all the circumstances OF the times
combine, to render this winter the most dreary sad
aud uncomfortable that thwart and checkthe efforts
OF unsuccessful industry. The ladies' like the divine
son of Mary, busy in their good work and In imita
ton of him. their errands Of mercy going about
doing good. We bid them God speed, and recommend
every body read slowly and with due emphasis the
following touching and philosophical appeal TO mans
best feelings il has immediate and direct reela
the actual necessities of life, aad the scenes
passing around them.


All little think the gay licentious proud.


Whom pleasure, power and al,uence surround;


They, who their ihougLtiess hours in giddy mirih.


And wanton, often cruel, lot waste


All little think they, while they dance along,


How many feel, this very moment DEATH


And all the s-id variety Of pain.


How many sink in the devourng flood,


or more devouring flame. Hew mary bleed,


BY shameful variance betwixt NJ an and Man.


How many pine in want and dungeon glooas;


shut from The common air and common use


Of their own limbs How many drink the sup


Ofbaleful grief, or eat the bitter bread


0f misery. Sore pierced by wintry winds,


How many shrink into the soidid hut


OF cherries poverty. Thought, fond man,


% these and all The thousand nameiessiis,


Tbatone incessant struggle render life,


One Of toll. OF su's ring and OF fac,


Vice in his high would stand appalpd
And needless rambling impulse learn 10 thisk; 81


The conscious hand o. charity would warm,


And her wide wish Benevoence ai,te;


The social tear would rise. the sociaisIeh;


And into clear perfection, gradual bliss


Rehnins stll, the social passions work.",,Morning herald. [volume] (New York [N.Y.]) 1837-1840
1838-02-20,"ORIGIN OF THE LAST AND PRESENT INDIAN WAR
The Black Hawk war had It's origin in ths-one Of the
sons othe chief had difficulty with atrader the msgs-
t-ate refused TO take the affidavit Of the Indian because
Indians allowed testify. This exasperaied
the Indian and he used expressions which the trader
re.eRied-hey fought and the latter wors,ed. A
short time after he when with party Of friends.
the Indian in the woods, tied him and whipt
him three hundred lashes.


The war with the Seminoes began in ihis-ihe wife
OF Oceoa was claimed a slave. taken from him and
sod and himself afterwards roned and imprisoned for
some expressions he used towards Col. Thompson.",,Morning herald. [volume] (New York [N.Y.]) 1837-1840
1838-01-12,"THE LADIES are respectfully invited 10 ex.


anime the Subscribers stock Of Lynx Genet and Squire
peeries, mufs boa neck ties trim.
ming Also acomplee assortment OF ladies' misses bes.
bonne OF variety OF shape and color fine
fur bodies warranted inpervous His have
taken ,hs premium at both the Fairs for successive years


GeniIsmen Informed that they will fad always
medsm and short nap beaver and silk hats ofh slae fashions
Also otter Seal and ether fur caps OF ety. Youths


and odrrn hats fur and cloth cups All the sSove goods
wiz be sold on the most reasonable terms wholesale
tail SYLVESTER TEXTILE


Ne. zoe Chatham Square, near the Bowery. n4-Ap.
DEAD TIL D. FOLLOWING ASTONISHING
IL CURE OF CONSUMPTlON-A gentleman whose
and residence will give ishng H. but
does not wish floating abost IN the public press
s:-He has sesa III for about with cough
occaoned by cold and attended pa in
the side and chest rass about pint day Of
lungs skortness Of BREATH emacaton times
raising Of blood lie attended for long time by the FIRST
physicians this city, who finally said they more
for hn he then resored 20 remedies and Of
took myrisdsgivng all fair trial bst all useless Al
length We took three bottles OF DR. Tsyors Bsam OF Liver
and daily attending his business, strong and
healthy lie willing To give any information necessary
respecting his Apply 375 Rowery where this
nsold. dls.im.",,Morning herald. [volume] (New York [N.Y.]) 1837-1840
1838-02-20,"OPROVED PAPER-wishing to reduce our present stock
offer for sale the finest selection Of Cutlery every I'M
ported into the Uated States consisting of Shams Whaobone,
Self Buck and Stag Tab and DESSERTS with Carvers TO
MATCH by the package from the heves Ivory Table Cut
ey with without Forks Carveis and Scers TO match, do
in mahogany Rodgers, Crooks aud Wastsnholmes
Scissors and small Cutlery, large sortmen; small Cutlery
makers almost variety Rodgers Butch
er and Mas Razor Evans Ian ets Butchers and Palette
Knives; Nut Picks and do Crackers Cork Screws and Cham
payne Openers London made Dressing Gases and Bagatee
Tables.


Just received fresh supply ofou celebrated Mathematical
Razors, which warrant good.


Merchants wishing this advised to examine our stock
previous purchasing down town, we import direct from
the manufacturers.


GkAvELEY 4 wREAKS,
lint House.",CMEAP GyTLEEY For CASH OR A Ie1,Morning herald. [volume] (New York [N.Y.]) 1837-1840
1838-05-14,"Banta's Hatsl! Bansa's Hatsiii
That gentleman has graceful air.
II heard say who wosldst hatter,)
How much is owing TO the care
And talent (ihnk you) Of his hatteri
Mere than many would suppose
Who on the subject have sot pondera,
For one may wear the choicest clothes
And ornaments that e'er were squasderd-
Yet, wears he an ungrsceful hat
Ms splendid dre,s appears ushnhhd-
His hns appearance think OF thst)
without doubt Is much dimnishd.
WARE Il that article Of dress


Found finished in complete perfesbong
WAsve ell the fashionable press,
Asd fad Il ready FOR Inspection
Substantial. beautiful ssd light
Made with most critical attsnuon-
Color Of the bsekest bright


And psler shades I need not mention.
Materials fthe richest sort,


PROM bcsverto selected CASTOR
Proof that no better he bought
They're sellrg each day fast and faster
Myl2aw ALVIN. BANTAs, is Chatssns.",,Morning herald. [volume] (New York [N.Y.]) 1837-1840
1838-05-14,"DIAPHANOUs M!ND0W SHADES,


TO WASH WITH SPONGE AND WATER


AND TO STAND ALL CLIMATES
onized by the ashionables Of Paris and
UNITE Fashion WITH TASTE AND ECONOMY.
equally suited for the drawing ROOM paror boudor
bedroom and universally admired for their novelty
variety and beauty for their pleasing and cheerful appear



sponge wipes these shades clean and restore their origins
freshness md beauty With ordinary they Mill years
and consequently at their present 10 prices, they


NOT ONLY THE MOST ORNAMENTAL


BUT THE CHEAPEST AND
. THE MOST ECONOMICAL


WINDOW SHADES


EVER OFFERED TO THE PUBLIC
Sold wholesale and retail, by T.. DOYLE,


aBeekman street. Clinton Hall
And by A. LENT, ST. Broadway,
myS.lm Opposite Nbls's Gardens.
Patent swelled BeaM Windiass 3cdste adj.
II THE subscribers, Sole Propeters
are prepared TO execute with despatch all orders their
Unrvaled Patent Sweed Beam wBdlass Becsteads which
almost universally used be ny the
yet invenied combining ease convenience aad durability
The sackng Noted by the windIa snd swesd BEAM
made perfectly light and free from all liability TO sag still
leaving elasticity In the which renders particularly
easy simple In construction; the matter OF putting up and
taking down. will be found Of but little trouble In comparison
with those Of other construction whilst the precision with
against the introduction Of any kind Of vermin.
From the taken To render each Bedsead perfect
qualities for durability will recommend them purchaser
who are invited To call and examine large
on hand


Also large OF elegant Furniture Mattresses
Feather Beds nc, constantly on hand.


w. c. SOUTHACK, No. 1876 Broadway,
my4xw opposite the Franklin House.","DIAPHANOUs Window SHADES,
WARRANTED",Morning herald. [volume] (New York [N.Y.]) 1837-1840
1838-02-06,"With nrth kIndling wine once more NIL your bowl,
Wash care from your clay, and enliven your sosi
And II Time droop frem pleasure decline,
Wen oil his rough joints with the snooihest OF wine
How free then his digit how gay then his soaring!
When his wing he's bsed where wine streams pouring
Ne shakes care from his pnions and wings glad light
Through regions OF bliss and joyous delight


That Pleasures in heaven, the ages have sung;


That she ncin The earth the sages wrong,
is fact TELL for Its truth we have felt,


Though they knew her not, where she hath dwell.
When fountains OF wse I'LL the gobles around
And baechus the bright eyed sends the song round,
And around the laugh nought then sadden as
Pleasure there cen deigns visit and gladden. u.s.
But her homes in bosom in the hearts she hes
When drink draughs OF love from the brightest OF eyes
Those beautiful eyes, with their basisk srieht.ess
Which thrill Through the eye and fill IL with ighness.
And the rubeund lip, kissed with trembling delights,
Sends stream TO the soul which loves fire uplehts;
Who believes rot in this and that Pleasure here regns,
Has heart that is ice and water his veins
Thes to your boson,s, We sages go clasp your IDEAL
While we fold to ours the rich and the real;
From wine p easere flows like ripping waters
But there's ocean Of joy inearths farest daug rs
Oa that dearest Of may life launch its bark,
Though long he the journey twill never be dark;
And If Pleasure we find not in the heaven Of love,
TheR well freely confess, tits in heaven above","Lays Of Rhoderick the Rhymer.


pt r.",Morning herald. [volume] (New York [N.Y.]) 1837-1840
1838-02-06,"STATISTICS OF PoRK-It 10 stated in the Kentucky
and Ohio Journal that the number Of hogs slaughtered
this in Cincinnati is 1884, and that they were
90 per lighter than those slaughtered last year
The Cincinnati Whe few days sgs estimated the
number about 100000 and stated that the hogs were
larger. #


The whole hog men of Ohio loudly and frequently
proclaimed 10 their fellow porkers, that when Martin
Van Buren, became President their staple would fetch
ten cents per pound, and then il was all hurrsh Tor
Mat and the pigs"" Although he has now been seated
in his predecessors chair tor nearly twelve monhs
vet pork IA only worth three aud quarter cents per
p0nnd.",,Morning herald. [volume] (New York [N.Y.]) 1837-1840
1838-10-01,"DISASTERS on TIE FLORIDA CoAsT.-Brig Franklin,
arrived Boston from Nstarzas which place she left
the 18Th inst brings information that the brig Abb.
gail, Mstanzas from Cheresos, reported that she
had spoken wrecker. and learned that an American
ship lost On Carysfort Reef, with cargo Of dry
goods, and all hands lost Also, that American brig
with cargo Of red cedar, went ashore north OF Key
Biscsyan in Florida, and all hands had been murdered
by the Indians, except man, who concealed himself
among the cargo. Also that American brig from
Matsnzss, with cargo of sugar, had been wrecked,
and seven only out Of eighteen Of the saved.
Three fishing smacks with their crews also los,
the Florida The Abigail alse spoke, anchor
of Indian River, Bremen brig disabled, and offered
assistance, but the crew had decided whether ""a
leave her or not.",,Morning herald. [volume] (New York [N.Y.]) 1837-1840
1838-10-01,"Coed Night.
We met sut in one giddy dance.


Good nigh! Joined hands with greeung'
And thousand things may chance


Before our second meeting"" -
Good night to thee, lady Though many


Have Joiaed IN the dance 10 night,
Toy form was the ialrest OF any,


Where all was seducing and bright;
Thy smile was the soitest and dearest,


Thy form the most syph like ola
And ihy voice the most gladstone aRd cleareA
That e'eT had partner IN thrall
Good night 10 thee lady its over,


The waltr-the quadrile-a The song
The whispered fare well"" Of the lover,
TIE beartless "" adieu"" OF The ihronR;
The heart that was throssing with plessure.-
TIE eyelia that ionged for rep0se,
The beaux that were dreaming Of lressure,-
The girls that were dreaming @f beaux
IT'S ever-the lights are all dying.
The coaches all driving away
Aad many fair one rs signing,
And many false one Is gay;
And beauty counts over her numbers
0fconquest home ard she drives
And some have gone home their sumbers,
And SO ne are gone back TO their wives
And I, while my cabin the shower
IL waiting, the last si the door,
Am locking all round for the flower
That fell frem your wreath on the feor;
ph keep Tiff but 10 renind me.
Though withersd and faded its hue,
Wherever aext season may fnd me-
OF Engand-of Amack's-and you!
There are tones that will hasn't us, though lonely
Our pain be Ger mountains or sea,
There are looks that will part from us only
When memory ceases 10 be;
There are hopes that our burden caa lighter,
Though toseme and steep be the way
And dreams that, like moonligh t can brighten,
With a light that is dearer than day.
There names that we cherish although nameless,
For aye en- the lip they may be-
There are hr arts that thong etterd, are tameles,
And Thoughts uaexpressed-but still free
And some are TOO grave for a rover.
And sonae Tor husband oa Light
The ball and my dram all ever
Good night 10 thee, lady Good night
pril 2Qth.","

Eros or Evening"" Edsisn. ]


Coed Night.",Morning herald. [volume] (New York [N.Y.]) 1837-1840
1838-10-01,"III. 4 STRAW HAT WAREHOUSE, and BRac ing,
Pressing and Tuscss Straw Hat Manufacturing Establish
81 Division street-hrs o. grateful for past svors
Inmates that having the fall
has hand full and elegant supply OF white asd


orcd Tuscan and Straw Hats ofevery Of the
htss srd approved shapes, all be import
ed and 10 slesa well Mrs g. also cosnuss clean bleach,
alter and pres cid Tuscan and Straw Hats her we'll
elegant styles IN. Of old good
when wi bout the rss. inuring the straw leaving
suphurou smell Colo, ed clesnei in superior
Terms very moderate. The newest Freach pat.
Of sik and millinery. Bonnes always hand
order Also mourning boenets maze the shortea


ce. All the above articles sold low prices any
the city. ""a eodlms","u GHAHAM,s FAsHIOSABLE TUsCAS
Ii. n STRAW HAT WAREHOIJsE and Besc I'M",Morning herald. [volume] (New York [N.Y.]) 1837-1840
1838-05-08,"IIOtT,S HOTEL-NEw YORK-Tke public and
III Strangers arriving respectfully In formed that this
tepsva and highly tlgbly located establishment per-
maneny arranged the European plan and offers induce
nents the OF eomsrt and convenience
which, pesumsd cannot be eaualed by any hotel in the
CITY, Strangers, particularly win find In every desc
rabe their meals BE- obtained IN the style any
and the charges made only for what ordered
they prefer At charge OF One Dollar and Half day
The lodging best condition. the
having three fronts admits OF the rees ventilation Families
can be either the ladies' ordinary
private hich the house affords large number
OF suits handsome y furnished The bar Is provide with the
best of liquors under the
r. HOLT who being well conversant with the French, Spa
nsh and Italian languages Wal be able to extend better fac
ties 10 gentlemen those who may pstronze the
house The dining department conducted by ASA HOLT,
where will found every variety Of the best which The
ket can furnis with superis hot coffee and the pre-
pairing which special attendance given TIE basement
story Is by STEPHEN HOLT, Sea where, upon
his good old fashioned PLAN he win be tappy serve bis
friends with the best oil fare his accustomed reasonable
terms. -.


g. Open at all hours Of the nighlI a23-m","IIOLT,s HOTEL-NEw YoRK-The public and",Morning herald. [volume] (New York [N.Y.]) 1837-1840
1838-03-16,"Doctor Carpenter having had the advantages OF regular
medical education, and having received his Dpoma for the
practice Physc and Surgery, from the New York State
Medical Society and having had twenty years general
practice In this city devotes his personal
fra humanity and particularly 10 certain class train OF
diseases for which many nosums and plans Of medicine
the columns OF the newspapers Diseases require
be treated agreesbly 10 the symptoms that may prevail
and various and changes they mvy assumeand
Ience the least reflections satisfy sny discerning mind
no specific poslrum can be applicable to ell cases


The extensive of DR. Carpenter all stages and
varieties of this disease, enables him offer speedy and
thorough and adept class OF medcses arranged
and compounded Offend lead suspcop


compounds totally unknown the ordinary quasks Of The
day.


the privacy Of patients. who contact
Charges moderate and adapted the capacity o the patient
he ohice-Prce, 81 ~ sms","nOCTOR CARPENTEH,s PECK sLIp


~ DIsPENsARf,N NO. a, PECK sLIP, first door",Morning herald. [volume] (New York [N.Y.]) 1837-1840
1838-08-27,"A CARD.


"" TIVE sabsc her returning his Acknowledgements
past fsvers would respect uy inform his customers and The
public In general that he bias received direct oa France
Of those superior French Calf Skins Civ
n much satisfaction for the last two years.


Gentlemen leaving their have their Boots
made substance without the least OF their breaking
This has consideration that has claimed the
ton of the subscriber for and has much plea
In assuring the public that his Boots usually
hs second or third sole without breaking


Customers requested leave their orders for their fall
work early possible particularly those for OPERA Cork
Sole or Water Proof Boots.


Strangers visiting the city invited call and exsmne
his much admrea Gentemens Caters, which have in great
measure supercedcd the use Of upera Boots.


southern and Western Merchants giving their orders for fall
work. requested 10 examine spenaid article OF Opera,
Dress Cork Sole Boots, Gentenns Caters, and Navy
Shoes making for the New Orleans Mobile and Vckburg
markets.


All orders thankfully received and psncualy attended to-
particularly those for CASH URtAH RYDER,
au24 dor No. 5 Beekman 81 Clinton Hall","A CARD,",Morning herald. [volume] (New York [N.Y.]) 1837-1840
1838-06-23,"SPECIAL SESSIONS, Friday June 22.-Rebecca
jackson was convicted of lifting a ladies straw hat
from the shop of Thomas Edwards. She Is an old
practitioner in the shop lifting line, and, according 10
officer Spark statement very expert hand at her
business. The court sentenced her to the Penltenta-
nv for months.


philip Lang, otherwise called Cuff a black, was
charged with stealing PAIR Of boatees and red
shirt. The evidence not strong enough to con-
vict the prisoner, aad he was discharged.


Mary Maine pleaded guilty TO the charge of steal
ing a handkerchief from a store door. The compal-
nant wished her be forgiven, and the court order
ed her 10 be discharged.


James Pigeon, Ann Pigeon, and Ellen Rooney,
neat flock, were put to the bar, accused with having
reside at 81 IL Cross street. Complainant swore
that the defendants broke down her door, without
argument, threw water about the floor without cor
rCspondence and banged her over the head with the
water pail. The male Pigeon was asked by the Re
cordcr how he came 10 go into the COMPLIMENTS
house. The prisoner gave a rather crooked account
OF himself, and his case was not much battered by
the statement of his wife. IL was all about a scrub
bing match; the complainant threw tub of dirty
water over the female pigeon, upon which the male
pigeon interfcred and received crack over the chops
with scrubbiBg bush, from the effects Of which he
did not recover il he had laid in Brdewe three days
Mrs. Rooney also stated that she was dreadfuy
bruised by the husband of the complainant, and the
court, thinking them all TO be equally guilty. told
them to go home and behave themselves.


Charlotte Smith, negress, was put to the bar



coat and a cston chemlse, the property Of Ellen
Kelly. There was not preof enough 10 convict. Dis
charged.


Caroline Thompson, little hoddy .doddy black
GIRL in red flannel petticoat and chemise, both lit
tie the worse for wear pleaded guilty 10 the charge Of
stealing a calico dress. Ii evident that the Pro-
perry had been restored TO the owner the prisoner
was almost in a state Of nudity. Penltentiary 4
months.


John Williams, black was convicted on his own
confession Of stealing silver watch from Timothy
Coleman. Six months.


Jacob Wallace, was convicted Of stealing bird
cage. Four months.


Chaunccy Benjamin, WINS brought out, charged
with knocking down his wife, and kicking her. The
complainant not appearing against him, he was dis.
charged.


John Dolan, stealing pig of iren-Penitentiary 4
months.


Philip Flood, habituel drunkenness, and abusing
his wife and misunderstanding them down and
breaking out their teeth-Peniientiary months.


James Anderson, picking pecke,s-sen,ence sus-
pended.


Owen Kllmartin, beating his wife, getting drunk,
and raising hell in the neinhborhosd-
months.


Eliza Glossin and Thomis Burns petit larceny
months each


Catherine Fox, petit larceny months.


Fourteen scapc graces were discharged upon pro-
clamatoR; and the Court adjourned",,Morning herald. [volume] (New York [N.Y.]) 1837-1840
1838-05-23,"COURT OF GENERAL SEssIoNs.-Sentcnce Day
large number of persons attended yesterday this
Court, to hear the Recorder tell fortunes. The first
placed at the bar


Patrick Tracy, convicted last week of highway rob-
berry in of public Streets and endangerng
the life of one Of our oldest and most respectable c
The prisoner appeared he did throughout his
trial. suen, dogged and caous. After recapituating
to him the circumstances and enormty OF the hcrrd
crime for which he had been Justly convicted the Re-
cerder pronounced the Of the Court viz four
years imprisonment in the State Prison at Sing
Sing


The following prisoners then sentenced to the
State prison for grand larceny, viz William Morris
years and month""; Jsha Baker, Joshua Smiley, John
Gillen and VIM. Ores, years each; Thos. McGewn,
3years and six months Joseph Smith, years and
months.


For petit larceny. the following prisoners were SEN
fenced to the peni:entiary- Lorenzo d. Matteson
months; Thos Snatcheu and Henry Stewart, 6 months
each; Bartholomew Magraw months.


Patterson, the young man who was convicted about
six months ago Of forgery, and whose case has been
laid before the Governor requiring the exercise
Of Executive clemency, brought ost for sentence
The prisoners counsel stated the court that comb
nation of circumstances having prevented them from
obtaining pardon, they had been led expect they
should before the present had expired, moved
for further suspension of the till term
The Recorder after having granted the application,
remarked that on account, and for reason what
ever would the execution Of the law be delayed beyond
that time. The prisoner was thereupon remanded, and
the Court adjourned without hearing the arguments
OF counsel the Of Gregory, which had been set
down for this day.",,Morning herald. [volume] (New York [N.Y.]) 1837-1840
1838-09-08,"Noon An August.
TIE quiet August roon has come.


suslberous silence nils Inc say,
The fields are still, The weeds are dumb,
In CLASSY sleep the waters lie.
And mark yo. white soN clouds that rest
Above oar vale, moveicss 'hrong!
The cattle on the moantaiH's breost,


knjoy the grateful shadows long.
Oh. how unlike those merry hours


1. sunny Jane, whea earth shines out.
When the fresh winds make love 10 towerA
Add woodlands sing and waters shout.
When In the grass sweet W ices talk,


And strains Of tiay music swell
From every moss Gu p of the rock,


From every nameiesa blossoms dell.
But nov JOY TOO deep Ton ssund.
A peace ne ether season ha0ws,
Hushcsthe heavens, and wraps The ground
The blessing OF supreme r-pose
Alas will not be today


The only slave o. toi and care
Away from desk and dust away


I'll be rs idle as the air.
3. meath the open sky abroad,


Anoag the plaais and breathing things
The sinless. peaceful works OF G""o,


I'll share the cain the season orings-
Come thou, in whose soft eyes 1 seq


The gentle n,r aling OF the heart,
One day amid the weeds nh thee,


From men and all their cares apart;
And where, upon the meadows breast,


Th- shadow 0f TIE thckttl es,
The blue wild n .wers thou therest
Shall glow Jet deeper near thine eyes,
Coms-and when mid The calm profound
turn th~se gentle ey es 10 seek,
They, like the lovely landscape round.
Ofinnocence sHd Ieaee shall speak
Rest here, beneath the unmoving shade,
And on the silent values gaze,
WindiaE and widening till they fade
IL you soil ring 81 SUMMER haze.
The village trees their SUBMITS rear.
Still a, its spires; IN yonder dock,
AT rest in those cain fields, APPEAR
As chssepd from the liiecss rock.
One tranquil mount the scene o'erlooks-
There the huslia winds the r bath keep,
While near hum from bees AID brooks,
Comes faiRlly like The breath of sleep.
Well might the gnzer deem. that when,
Worn with the strug gle and ne strife.
And hesrt-sick al the wrengs Of NEE,
The good forsaSe the see nes of life
Like this deep quiet, that awhile


Lipgers the lovely landscape DER,
Shall be the pc ace v hose holy smile
Welcomes him 10 a happier snore.","

(rron OR Eveaing Edltioa. !


Noon An August.",Morning herald. [volume] (New York [N.Y.]) 1837-1840
1838-02-19,"THEAP CUTLEKY FOH CASH OF Az.
OPROVED PAPEK-WishiDg to reduce our present stock
offer for sale the finest selection Of Cutlery every I'M
ported into the Uued Staes consisting of Shams Whaebone,
SeTp Buck and Stag Tables aud Desserts with Carvers TO
match, by the package from the shelves Ivory Table Cut
ey with without Forks CarveIs and scers 10 MATCH do
Scissors and small Cutlery, large sormen; small Cutlery
o. makers almost variety Kofgers Butch
Evans cts; Butchers and Palette
Knives; Nut Picks and do Crackers Cork Screws and Cham
pngne Openers London made Dressing Cases and Bagatelie
Tables.


Just received fresh supply ofour celebrated Mathematical
Razors, which warrant good.


Merchants wishing this city advised to examine our stock
previous purchasing down import direct from
the manufacturers.


II Retailers supplied as usual


GRAVELEY WREAKS,


-tns Asst",CHEAP CUTLERY FOR CASH OR APP,Morning herald. [volume] (New York [N.Y.]) 1837-1840
1838-08-03,"SOME THrSds CAN BE DONE AS WELL AZ OTHERS.


Some two or three weeks since, Mr.. Thurston, Of
Boston, had horse, chaise and harness stolen from
him by man calling himself Perkins, alias Capt.
Sever, alias half dozen other names. Thurston
came this city about two weeks age and gave in
formation of the loss. Bowyer and Welch succeed
ed in getting the property. The officers made search,
but the thief having left the city, they could not get
him until yesterday morning when they arrested
him, after his ARRIVAL from StoningtoB, after most
elaborate and difficult search through the city for him.


He had with him beautiful light gray horse, and
suky-stolen, no donbt, from near Stonneton-now
in possession Of Bowyer and Welch. Too much
credi, cannot be given to Bowyer and WEIGH these
indefatgablc officers the best men in the police
Office for the recovery Of property at small expense.",,Morning herald. [volume] (New York [N.Y.]) 1837-1840
1838-02-14,"PoucE.--Tucsday, Feb ia tolerably busy
day. Seven cases of larcenes came up for consdc-
ration.


Two fellows named Israel Rogers and Abra-
ham Vanderbeck stole horse and wagon. They
drove up the Bloomngdale road-stopped at gro
Gerry TO drink and then and there stole eight brosms.
This cut short their career, for they were committed
for both thefts


man named John Larkin was brought up with
eight small boys, all found gambling on Sunday
night in q hoHse at the corner OF Green and Anlty
streets. They were fined one dollar each and dis
charged.


A third case was tina, of a fellow brought mp for
ceivng stolen goods out as officer Tompkins was
90 polite as to say thahe would not give the particn-
lars, we cannot state them.


A fourth case was that Of Barnard Haley Barnard
friend of his, John Clancy, leave his horse and
wagon containing two pigs at the corner OF Laurens
and Grand streets. Barnard Jumped into the wagon,
drove off and sold the whole concern He stuck to il
like good fellow that he had not set eyes on any
part Of 1t.


A young servant girl named Hannah Day was
brought up for stealing ladys gold watch and chain,
the property of Mrs. Stone Of 50 Grand street. She
was left alone in room where the watch was for five
minutes, and stole it and cleared out She gave the
chain 10 another girl and the watch 10 her sweet
heart. She was committed.


Three fellows named John Williams, Elias Ccnoyer,
and Samuel Madden, went into store yesterday,
and Williams asked fer a pair Of boots Whilst the
store keeper was fitting him on pair of boots, Mad
den took another pair off the rack and handed them
10 Conover, who ran off with them. They were all
committed.


The other and last case was that of servant girl,
named Lucy Simmons who stole quantity of books
from Mrs. Ann Kerr % Bowery. Among the books
was prayer book printed all in gold. The girl con-
fessed that she stole several dresses bnt denied TAX
ing books. She was also committed",,Morning herald. [volume] (New York [N.Y.]) 1837-1840
1838-04-13,"REGULAR COMMUNICATIONS.


Remtancss and drafts with freight and passage and
from Great Britain and Ireland-ROChES COMMERCIAL
LIME. The Subscribers respectfully intimate their friends
and the public eneray that they early
with thrm tor the bringing OF their families
and friends by the early spring ships-tbe hrs OF which will
running from Liverpool the Isl February 1885,
and will continue regularly every week ards,
aordng enants the most desirable and eligible
ancethey San have.


The detention OF vessels Liverpool engaged In this trade
having heretofore been and just of
the subscribers desrous OF removing despatch
vessel every week from Liverpool effect the
OF such regulations In their days OF sailing
will give entire satisfaction shippers and further Il.
ducement for them give preference their Line al
any transient vessels, they shall invariably
sail the appointed day, full FULL aad take freight
opposed transient vessel such will In
sure ppor preference shippers by this Line


The employed for the Of their
ecrs 10 Live rpoo OF first cassrunnng regularly
every day the deeent pors Of Ireland and Scosnd
Of importance 10 those residing II The ous
porr-


In relation their drafts post the
Roy Bank Of Ireland paid sight free Of dssouni
charge province and countybt sides In the Inland
answering The Bank Of Ireland no,es
convenience ony ny this establishment


Their dras well passage orders be forwarded ~
tie gular packets sng the lst h. 18th, and f<sh N
zach month IN the Those residing ~ the country can
address b, letters tpost paid which viii be- runctnaly
tended Further particulars be ascsaned applisa
ID dscs%. '''"" ROCHE BROTHERS co.","LIVEsS POOL AM new YORK COM


MEkCIAL INE PACKETS.
ia SA SIS iii",Morning herald. [volume] (New York [N.Y.]) 1837-1840
1838-05-17,"DIAPHANUUS WINDOW SHADES,


WARRANTED


TO WASH WITH SPONGE AND WATER


AND TO STAND ALL CLIMATES.
These elegant and graceful fancy-so pa
onzed by the fasbionables Of Paris and
to be appreciated. They
UNITE FASHION WITH TASTE AND ECONOMY,
equally suited for the drawing room paor boudoir
bedroom and universally admired their novelty,
and beauty for their pleasing and cheerful appear.
ance


sponge wipes these shades clean and their original
freshness and beauty With ordinary they mill yays
and consequently at their present prices they are
NOT ONLY THE MOST ORNAMENTAL


BUT THE CHEAPEST AND


THE MOST ECONOMICAL


WINDOW SHADES


EVER OFFERED TO THE PUBLIC.
Sold wholesale and retail, by e. DOYLE,


8Beekman street, Clinton Hall
And by A. LENT, ST. Broadway
my3-lm Opposite Nibss Gardens.",,Morning herald. [volume] (New York [N.Y.]) 1837-1840
1838-08-20,"SEIOLITZ WATBR-Mesra YOUNG KENT
- having made arangemens with the prcpriesrs OF the
celebrated Seid Spring In Germany
crystals salts ccntan are enabled ID,
oAer the Anercsn public their powders, the OF
iRsananeousy producing the original Seaz possess
ed Of all lis inherent virtues The powders long known
Seidu possess other properties in with the
ced EPSON Salts beng entirely devoid OF the tonic
alternative qualities OF the pure waters. Hence continuous
Of the Sedl powders produces WEAKNESS,
companie with much whilst the other hand the
neral health being with sickness other
pleasant effects These powders are neatly put up 70 one do
papers, by Messrs YoaIg Kent SIS Broome ct
Of 1honpson, who the Importers OF the crysased
salts OF the Germsn Sedz Spring. See that The label bears
the signature OF Young KEN. NoBe Others genuine


AMI us",,Morning herald. [volume] (New York [N.Y.]) 1837-1840
1838-08-20,"THE EXPLORING SoUADRos.-Incredble as Il may
seem, voach for the fact. that the Exrler
ing Squadron is ready for and will depart with the
frst fair wind-ledsy if il should sfer The officers
are all on board and in ne spirits este with anticps
tons Of the peaceful trunphs not less worthy OF the
wreath Of fame than those % grim visaged war; which
await the successful results OF scientific research,
achieved with greater peril and hardship; and admit
ting the truth sf the cid sdsge that bad beginning
win have good ending"" they have glorious prospect
Of success to their expedition.


The squadron now rides calamity abreast Of Fort
Monroe IN the following order sloop Of War Vim
comes. Lieut. Wilkes. Commanding the Squadron ship
Relief, Lieut. Long; sloop Of war Peacock Lieut.. Hud.
sen; brig Porpese, Lieut. Ringgold sehr. Flying Fish,
Passed Midshipnsn Knox and schr. Sea Gull, Passed
Midshipmsn Reid Tbs schrs. pilot boat built and
of the rise Of 100 The sloops OF nearly
on the peace establishment, shelving ory eight guns
each.",,Morning herald. [volume] (New York [N.Y.]) 1837-1840
1838-01-13,"PlLLs.-MRs. BIRD, encouraged ny the many catering
escomums which she has received from her friends


aas DESTROYS OF bsnehng the human family, induced


Ter the public the above medicine ssfe and


Cor all diseases % The stomach and conpaints aSpg od


geon and Of bile. These pills have been
10 fail effect permanent and radical by proper APP
plcaton and indeed abundany ecscous
has been he result that bous snds testify their valuable
andbcnehcia properties The proprietor o. the receipt does
not tire patience ofhe pablo BY detailing long
putting preamble the many important qualifications OF these
few OF the disorders he body which they
and perfectly cureBieus and liver see
tions cosveness asthma piles settled pains dysp-psia chr


nc and in6ammatory rheuniatsh headache iupurity o
Vie fluids debility the sichncss incident females
delicate health and fact for description Of dordered
health they win be found certain and nfahbe
dy Mrs Bird offers her Itenovatng Pills the public
confident anticipation that they viii he found universally
invaluable family friend. Sold only AT Divsss street. by
NRs BIRD. Advice gratis. ox7-sms


IL CURE or CONsUMPTlON-A gentleman, whose
will give any ushing H. hut who
not wish floating about In public press coauun


He has seen III for about with cough
occaoned by cold and attended with pain
the side and chest rs about pint day Of matter from tia
lungs shorfn~ss ~ breath cmaciaop and time,
blood he attended for long time by the
physicians this city, who finally said they could 10
for h hr then esorted 10 patent remedies and Of these he
took myrisdsgiving all fair Trial bat all useless At
length took three bottles OF DR. Tayors Bssm of Liver
wort ard nov daily attending bis business strong and
healthy man He willing To give information
respeesg hs Apply SIS sowery where this medicine
IL sold. dlslmt",Mffsr . ans Pcsre kksdys4AEEss,Morning herald. [volume] (New York [N.Y.]) 1837-1840
1838-06-28,"THE subscribers respectfully 10 inform their
friends and the public that they have just reopened the above
establishment after making many alterations additions
H. The prepared and ready TO onmodse those
who may be pleased favor them with their patronage
Hitherto they have had liberal share OF public support and
hey hope from their late important improvements and BY
attention business, receive Increase
The Library 6Oc0 volumes,
the intention ofhe subscribers TO enlarge from line time,
the OF their patrons erm necessary. Is
systematically arrnnged sad comprises the
approved works the following subjects Bog
raphy Voyages and Travels, Natural history, katlral
Experyensl hlosopy, Classical and Miscellaneous Lera
In addition tho for~go Ding they would
ary call the Of the reading community their
tensivc collection Of works fiction. Perhaps Library
prodnce n greater collecteu-
No effort expense has been spared render this
ofthrir brary complete possible u contains
volumes this subject and daily
sg ofEew wok from the both Of this
try Europe Is also supplied with 10 American and
European Periodical works together with fine eclecsn OF
SO Plays, acting ana stand ard.


their shall be wanting to he cir Library superior, II
possible In the city, and thereby rensersg the
weEtsy ofgcnera patronage asd support


icl3.tf j. Il H. q. LANGLEY.","Chatham circulating Library,


Nh. 81 Chafham street",Morning herald. [volume] (New York [N.Y.]) 1837-1840
1838-01-18,"II MApAMs CARADoRI was welcomed last night
in La Somnambula at the Park theatre in the most
enthu siasc manner. The house was gay and fash
onable. Brough was announced TO play the Count
but before ersing Of the curtain, Mr.. Murdoch made
his appearance in plain dress now for an apology
said several. Ladies and gentlemen"" said Muir
dock, II am sorry, ladies and gentlemen, to inform
YOU ladies and gentlemen, that owing ladies and
gentlemen, TO indisposition, ladies and gentlemen,
that Mr.. Brough, ladies and gentlemen, will not be
able to perform tonight""


This brought ont prodgous applause, so glad were
the pretty, black eyed, smiling enchanting fair audi
ence that the donna was not to be indisposed.


Mr. Murdoch changed his right leg for his left and
went on-""Ladies and gentlemen, but have the
pleasure ladies and gentlemen TO say that ladies and
gentlemen, that Mr.. Richngs, ladies and gentlemen,
WILL ladies and gentlemen, supply, ladies and gentle
men, his place, ladies and gentlemen""


With this he made his bow and retired amidst thun-
ders of applause. Then followed a utter among the
charming young girls in the dress box, that sounded


like the signing of the morning breeze on the frat day
over the roses of Paradise, about an hour before
beauteous Eve moved down the fragrant walks after
hyacin,hs The opera then went on, in the usual
Jog rot style dot and go the aonna doing all the
beauty and the of the corps all the humbug ofthe
piece The house was near fall",,Morning herald. [volume] (New York [N.Y.]) 1837-1840
1838-06-22,"GRANDJEANs COMPOSITION,


III AN important discovery for fhe reatmen OF the Hair
nfabe all If.
fections Of the skin the head DANDHlFF, he he.
Mutudes OF chemists, apothecaries and perfume have
successfully attempted treat that OF the human body
without having sufficiently studied the subject ny spreading
the osenatous reports Of exaggerated fame they have


EVIDENCE! EvlDENcE-To prevent the des ruction Of
fine and that gift nature, Requires
with the identical part; for what kline
Compositions could that be- invented by not anil
lar with the study OF the Skin ON the head!


the h~r ID called by celeb
who used and a. Specfhc


might for effects be compared 10 the reguative activity


The numerous experiments Grandjesn has made. leave
doubt his mind relative the followed by the
and Of the which stop its In the nterce
lsar spaces which all communicate together Is 10 form
capillary tube infinitely divided The dess
In all hair with the facility. In most hair OF
which the vessels but little developed operates slow
tube itself being eeRtinuay filed with IT, annhi
the pasn then the ascending effect cannot take
place but by the application OF 0randeans Composition
which few days only, will pearas through the hair TO the
roots


quality OF the tube but also the using this Compost
ten which ought be employed every Night before retiring;


then conceive that during the Sleep the surface Of
skin the head produces often very abun
which In degree In relation With that
phenome rapidly ascends The result Is very
The m ton that has been made before slice prefesh
repsrs the skin the head then the growth copues
naturally ever while by enpoyi this Composition
mornag only the results only be uacersn since the
quite unfayorsLle Cor receiving from This Composition all Its
s.lus-x at","TIL & GREAT MYSTERY FOUND GUT.


I'll Al r.",Morning herald. [volume] (New York [N.Y.]) 1837-1840
1838-09-11,"The Doctors rivals Of course busy circulating
idle rumors TO his disadvantage but they fell sess
the ear Of his LADY Glove.


The course of true love did entirely smooth
and 40 the doctor found The father Of Mise C
was worthy, and well informed merchant who had by
his own excellent and irreproachable coudsct and un
firing industry amsssed handsome independence ard
retired from bsssess with the esteem and respec, Of all
who knew him. He somewhat averse early
marriage, and with tina, parental anxiety AID fondness
known only to those who have dutful daughters, he
wished make assurance doubly sure ere he
dered his childs happiness to the care Of another.
He hsd seen her Graded i- her fond mothers arms
he bad watched her pf.ntine freaks. had guided her
childish footsteps laughed a, her sirlish gambos,
watched ovet the budding promise Of her youth. and
now that the full blown was come to GLADDEN. his
heart and eyes-he unconscously wept as he though,
Of the herns that might beset her future through
tse garden Of life.


And nthsre be human tear


FROM passions dross refined and clear


tear 70 iimpld and 70 meek


ltveuld not stain an apgels cheek,


lis that which pious fathers shed


Upon duteous daughters head.


The best Of women, however are vsyward, and
whilst The warm blood Of youth eddyipg through
the pearly svenues Of existesce prudence and pres
eisnce 70 be among the things that were but
~ot.


So IN the present instance. The young couple had
planned runaway match, and called to their aid 8
sriehLeyed maid from New England, whose beauty
only exceeded by her innate talent tact and untr
ne good humor. The eopement was nipped in the
bud BY the good and generosity Of the father
who consented 20 bless those whom heaven had al
ready blessed with mutual love and Thursday las,
was named for the union",,Morning herald. [volume] (New York [N.Y.]) 1837-1840
1838-02-14,"- TO LET ON LEASE-Tbat beautiful Conn
E Try residence wherein the subscriber resides
Codspring liarbor, Long Island, and wards
OF the steamboat landing The consist of Kitchen
and Flower Garden, well stocked and shrub
berry The House situate in the of the grounds
immediately on the edge ef the harbor within yards
the waer where there beautiful sand ach bathing
The House Is new large and with wide hall
ming through the ce tre which looks both the
modern style. There is The premises new and con-
venent BARR coach house stables shea, fowl hou 2,
house, NC These premises admirably well calculated
for large genteel family residence geneel Board
lag Mouse, being in sight, and about half a mile dis
tant from the Episcopal Church Stages pass.
door twice aday 70 and from The Rail Road Depot which IS
CLAIMS and The land are very
tensive romantic and beautiful beyond description.


For particulars inquire OF HARRISON FLEET Is Rose
vel! & or OF the subscriber on the premises.


ff0-3t' THOMAS HARRISON",,Morning herald. [volume] (New York [N.Y.]) 1837-1840
1838-09-27,"Pressing and Tuscas straw Hat Manufacturing Eaasis.
usn 81 Division AIRS O. grateful for past tavors IN
Inmates thar having made arrangements for the ta trade
hand full and elegant supply of white AID
lored Tuscan and Straw Hats VARIETY OF the bestqus


les and approved shapes, all warranted be import
ed and 60 Mrs g. also continues Gle bleach
press old Tuscan and Straw Hasia her vel kaows
elegant style; the coloi of Old look
whes without the least nurng the straw, or leaving
sulphurous smell Coored cleaned In superior
manner Terms very moderate. The newest Preach pat.
terms of silk and millinery Bounets always hand made
ORDER Also, morning bornes made the shortest


lice All the above articles are sold al As low prices aany In
the city. 80 eodlms","u GaAHAM,s FAsHLO SABLE TUsCs",Morning herald. [volume] (New York [N.Y.]) 1837-1840
1838-08-17,"C SECOND WARD HO TEL-Next to the 81
Fulton street, Nassau sreefhis well known establish.
having undergone thorough refng i, in com.
pete order fer the accommodation of Il who may honor
with their patronage


There this house, besides lower story which
thrown entirely open public bar large upon
the second rs by 25 wesued the accommoda.
OF public meetings, together with several smaller
adapted for the OF cnb referees, for the sacoa OF
other private business.


Clubs private parties accommodated with and
may be furnished with dinners suppes composed OF every
species deicacy which the markets afford
notice. EDMUND JONES, Proprie tov. jeI1",,Morning herald. [volume] (New York [N.Y.]) 1837-1840
1838-08-10,"Thev lsid ,he corse of he Wild and brave
On the swses, fresh earth u The new duq grave,
q - rentle hill where wild weeds waved,
And lowers and gras were heurishing.
They laid within the peaceful bed,


Close by the TndiaR Chienains head,
His bow and arrows; end they said,


That be bad found sew hunting grounds.
where bounteous Nsiure enly uts,


The willing seils and Ger whose hih,
And down beside the shady rills,


The hero roams eternally.
And these fair isles TO the westward lie,
Beueath golden sun Get shy, e#
where yoush sad beauty never die,
And soGg and dance move endlcssly.
They tsld Of the tests orhis dog and gun,
They told Of the deeds his arm had done,
They Sung Of battles lost and won, ""a,
And % they paid his eulogy.
Ard DER his arms, and DER hisbones;


They raised a simple pile Of stones;
which, hallewed ny their tears AID mosns,
Was all the Indians monument
And Since the chieftain here has slept,


Full many q winters Winds hsveswepI
And many an age has softly crept


Over his humble sepulchre.","

[rrsa 60 Evening"" naitio&l
1he Grave q the Indian Chief.",Morning herald. [volume] (New York [N.Y.]) 1837-1840
1838-09-06,"Stocks have again fallen from ""a in prices, this
by scarcity of created by the
banks Del Had receeded Il cent the SAFES were
large State Bank declined per Ohio Life and Trust
per cent; vieksburg cent? Mohawk feoG cent;
Paterson cent; Bloomington closed cen, under
tina prices of yesterday.


As another for the fall Of stock uered that
retired from the market for the awaiting
che approaching expiration Of the mortgage law aatcipa
ten Of favorable investments.


The Phadephisns still continue their Discrimination pay
bot ceased altering threats against the Ne
York brokers fer resurng SPECIE they charge cent
prem for checks New York. and therefore those who
go to collect must draw the specie.


The Exchange Bank Of Virginia went into operaoa
LII inst The state Of half Of the stock Of this
sak the charter amply provides for the security Of
br hod%r There branches Of this institution located
Richnond. Petersburg and Clarksvlle.


Douestc exchanges preseat some changes from last
quotaoa very important. The fols wing","M u N e Y M A II X "" II.",Morning herald. [volume] (New York [N.Y.]) 1837-1840
1838-01-03,"PILLS.-MKS. Bird, Encouraged by the nduering
eacomums which she has received from her numerous friends


and DESTROYS OF benefng the human family IS induced TO Of


the public the above medicine and certain
for all diseases of the stomach and complaints arising from nd


geson and of bile These pills have been known
fail to effect permanent and radical by proper
and indeed abundanty ecacious
has their hous testify te their valuable
and properties The proprietor q the receipt does
intend tire the patience ofthe public by detailing long
putting preamble, the mportan, qualifications OF these
pills other In but merely enumerate


a 70 body, which have been
known and perfectly eure-Beus
TONS costveness asthma piles settled palms. dyspepsia cro
mic and inhammatory Rheumatism, headache, inpury of
the fluids debility sickness incident females in
delicate health and for description OF dsordercd
hea 18th they will be found easy certain and nfabe
cy. Mrs Bird offers her Pills the public in the
confident anticipation tha they win be found universally
invaluable family friend. Sold only Divcs street. by
MRS BIRD. Advice gratis oz7-5m*","MFRS. BIRDS CELEBKATED APERl-


NI ENT AND TONIC RENOyATlNG VEGETABl",Morning herald. [volume] (New York [N.Y.]) 1837-1840
1838-01-03,"DEAR BESrsrT-


Are you not goihgto give des-
cription OF the ball al Jamaica To tell us how the
kings and mobiles ofhe land threaded their through
the may dance in the COW. house-beg pardon-car.
house, and how the redoubtable, valiant, witty and
graceless Captain opened the ball and how the
ccmpllshed and beautiful red whiskered lawyer drew
up a writ Of attachment the person of fair one
round shoudersl Dogive the whole history Of that
splendid affair.


II you have no Ariel who winged his way TO that
exquisite ball room, sitiln rail, will write a
fall history of the affair myself and give you treat
that your numerous fair readers laugh over a
week al least-but hope you will spare the trou.
Bile. JuLrA.
! cannot spare you the trouble Let me have the
description.",,Morning herald. [volume] (New York [N.Y.]) 1837-1840
1838-03-31,"Lines written On leaving Great Britain.
THE above lines composed few days after sailing
from Great Britain They Intended preston
the sentiments of American for nearly years resi-
dent in that country.


Our sails expanded, bark sin notion
And proudly ride the of The oceap-
Oh mild be the bree yes that W aft along
From thee, islandqueen, famed in battle and song
Thy green va.es Britannia thy soft purIiny ris
Thy cities majestic thy snow-coverea hills
Like vision recede on Atanes smooth breast,
As we hasten away 10 the realms of the West.
In forsakisg the shores OF this glorious isle
Oh, who near the helm would not linz er q while
The fastfadlng landscape with rapture view,
And to sigh for regret, as he whispers, adieun
The patriots countryside land Of the brave
Zoe TO oppresson-to tyrants grave


Philosophy, freedom, and art, all combined,
Round the wreath, that encirces thy brow are enwined
Bat religion Britannia, yields the oveliest flowers
That grow in thy fields and embe lish by bowers;
This. this TO thy greatness and glory gives birth.
And fills with thy fragrance the realms of the earth.
May the Monarch Of nations contr ne 10 smile
On thy march Of true glory. instrous isle!
With lis halo, unblemished by years, NAV thy name
Meier ose its proud height in the annals OF fame
May peace, and religion With thee dwell
accept of this tribute-Britannia! Farewell!
Packet Ship North America, Feb'y Goth, 1885,",,Morning herald. [volume] (New York [N.Y.]) 1837-1840
1838-07-11,"MANS PILLs-A and speedy cur certain deb
cate diseases when taken together, the Detergent nu
her and tho Pills a. srengtener ~ the disssssd
These articles universally rsed that thing
which can Ds said In short sdverseen, would not add 70
their great reputation. Their popularity may he judged Of
IRON the fact that loo 600 and boxes have been
sold New York, Philsdeipr- boston and Washington dur
ing the last year Tnose by the
81 these medicines be entirely cured without the fear II
exposure


Of 6rant, Henry and Pike, and 4 Grand
Harris, Of Broadway ans Cbsmbsrs ST. and
Hudson North Moore snd Vim. n Hodmsns EST
Broadway cents per ssd boz with pl direcuen


nG","""a oStI5GA. Sc4pssqT .,s IL g5:",Morning herald. [volume] (New York [N.Y.]) 1837-1840
1838-03-07,"The Law Courts at the present period are all at
skies and sevens. Nothing has been doing in any of
them for the last week, and scarcely any thing will
be done for nearly week to come. The Superior
Court will be occupied for two three weeks in hear
ing arguments and giving judgments. The Com
mon Pleas opened yesterday, swore in Jury, and
adjourned, instanter. The United States Circuit
Court opened at 10, heard few arguments and dis
charged the Jury until Friday In the Court of Ses-
sions three prisoners tried, convicted and SEN
fenced and the Grand Jurors were sworn in. In the
Coroners Office, the returns for the day were a
blank and such also the case in Police Office
Half the city paraded Broadway, and though there
was no lack of civil behavior, not civil suit was
tried during the day.",Law Courts.,Morning herald. [volume] (New York [N.Y.]) 1837-1840
1838-05-05,"Here's the price of several pieces of INSULT
Callias lawyer a rogue see Days trial, $1,000
Calling "" all street broker scoundre, sec Fays


trial, =
Blacling mans eye see Cooks trial, IS
Cslir lover fool and allar W
Hiusg the head with a stick. see Van


Bsnihuysea's trial, -
Kicking a man, see Joness trial, ~
Calling Senator drunkard IVY
Rreaking promise of marriage varies from sno -VVu
seducing an innocent girl and stealing her honor, .


Sometimes as owas ~
Insulting magistrate, >
As the Jew said 10 Stephen kemble, when he
cheated HIM by passing on the stage for an Indian
Chief /"" You wash Fastaf-I wash lndian-ysuvash
humbug-I wash humbug-all wash humbug!'


Webb has challenged all creation-foaght some
body-killed nobody-loves hmsef-his friend and
bottle-has been abused-whipt- challenged
wosdn't fight except for his honor Bah


Man spurns the worm, but pauses ere he wake


The sleeping venom Of the folded snake


The unbeieving gatherer together of old clothes
men has been nsulted and beaten with many stripes
has he'd and wrggled himself into notoriety and is
called "" an honorable man r


What then is honor and INSULT No enc on earth
can tell. They ramble all over the world without
sense or meaning our pen has rambled over paper
in this present writing and like The Scotchman's
flea when yoa GO TO put your finger on II, It amt
there Honor-honesty-as Pierre says,


Honesty no more ont",,Morning herald. [volume] (New York [N.Y.]) 1837-1840
1838-08-16,"Fer foreign exchange there has been today fair
London and rs CSC Paris The moderate sup
ply OF bills however the extra demand
opportunity afforded by the departure the steamboat
Western. mskesa further advance probable.


Our evening paper Of will contain state Of the
market the latest moment OF the packets sailing


The resumption thus far the activity
the markets In fact the worst yet Phsde
phia being very differently situated with regard exchange
from the position New York occupied the time ct
SUMPTION balances from all being against Phi ade
pha. while the contrary and the with New York.
This liability u demand ahoug the banks amply able
Sustain themelves will them eurtai and thus
cranp the fail business viii take yet few months


line these balances and afford the growing time
send their crop market This will put the banks Of
those OF northern fuRd which equivalent
specie with them which In connection with the post
issued by hsm and due 10 months hsnee In will
give them ample Of resaming before the LIST January
BY that Time The prospect OF AFFAIRS all the solvent
banks will nte the meassreand when. in
qnence sfh merchants sell goods heretofore. AID
realize money them the OF
may expect tie commencement Of vigorous business
this reasonably expected before prg In dones
tic exchange there variations quote the following","M q N EY M A h X H II.


wetlnesda August 1876. p. NJ",Morning herald. [volume] (New York [N.Y.]) 1837-1840
1838-08-04,"SOME THINGS CAN BE DONE As WELL AZ OTHERS.
Some two or three weeks since, Mr. Thurs,on, Of
Boston, had horse, ehaise and harness stolen from
him by man calling himself Perkins alias Capt.
Sever, alias half dozen other names. Thurston
came to this city about two weeks age, and gave in
formation of the loss. Bower and welch succeed
ed in getting the property The officers made search,
but the thief having left the city they could not get
him until yesterday morning when they arrested
him, after his ARRIVAL from Stonington, after most
elaborate and difficult search through the city for him.
He bad with him beautiful light gray horse, and
sulky- stolen, no doubt from near Stoninston- now
IN POSSESSION Of Bower and Welch. Too much
credit cannot be given to Bowyer and WEIGH these
inaefaugabe ofcers are the best men in the police
Office for the recovery ofproperty 81 small expense",,Morning herald. [volume] (New York [N.Y.]) 1837-1840
1838-02-24,"GEESE IN RoME.--When | was IN Rome nothing
there reminded me of her former state until saw
goose in the grass under the Copoline hill This per-
haps the only of her inhabitants that had not
degenerated Even the dogs looked sleepy, NANCY,
suspicious perfdious and thievish. The goose mean
while making his choice of heritage about riumpha
arches and monumental columns, and picking up worms
the sures descendants the representatives, and
enjoying the nalenabe succession of the Caesars This
is all tia, goose do at Rome. She, think
will be the last city rise from the dead Unhappiiy
the weakest always think they least want helps
like the mad and the drunk Princes and geese are
fond Of standing leg and fancy it, 70 doubt
position of gracefuness and security until the cramp
they are and how much better il would have been if
they had employed all the support at their disposal
Wattcr Saragc Landor",,Morning herald. [volume] (New York [N.Y.]) 1837-1840
1838-01-05,"OLD ESTABLISHED PASSAGE OFFICES,


For CABIN Cabs and Steerage passengers and from


Great Britain and Ireland via Liverpool 81 and log South
The subscribers beg their friends and hepubc
that order 10 extend their business and give satisfaction
they have heretofore done, the the will
for Liverpool 10th January 1885, and visit
places OF Great Britain and Ireland for the purpose OF
gagng Of standing and responsibility act agents for
the payment Of drafts and forwarding passengers who be
engaged by their friends esidag this side OF the Atlantis
Those wishing their friends remit
them the money for that purpose requested this n<


trial. they depend that exeen viii be used
the of the subscribers and their agents the selection OF
first class ships and the punctual OF drafts kc a.
well despatch all those who
bark by all hen the passengers decline
coming the will be returned from whom
was received Persons returning the old country
have their passages secured by line OF ships
sailing for Liverpool weekly London 10Th and 10th
OF each MONTH For further particulars apply address by
letter, post paid, To .HERDMAN & KEENAN,


Southx ~.","HERDMAN kEENAN'S
III iii iii iii",Morning herald. [volume] (New York [N.Y.]) 1837-1840
1838-01-10,"The chairman explained that the Clinton Hall
members had not done much last year formerly
but Il was because there less TO dothey all had
the interest of the association at heart After some
debate, Mr.. Graham withdrew his two first resolu-
uons-hls last carried. Moved and seconded that
the thanks OF the associat on are due to Chas Rolf
the President


The President spoke in return and the meeting was
adjourned by the Chairman in due order, rather 10
the disturbance of Judge Irving who had been asleep
during the chief of the proceedings.


No sooner had the meeting adjourned than the
fever commenced-an shouts long and loud Of ""The
Second Ward and the Shakespeare"" were rung
out by those who were interested in the eleciion",,Morning herald. [volume] (New York [N.Y.]) 1837-1840
1838-10-03,"Mutudes of chemists, apothecares and perfumers
successfully attempted 70 that of human
without having sufficiently studied the subject
The eslenta reports OF exaggerated fame they
fatigued the public with the words-Woader! Prodigy!


EVIDENCE! EvIDENcE-To prevent the destruction


fine and that gift of requires
many years experience 18th the den part kind
composition could that be- nveaed by persons smiar
with he study of the skin the head!


The OF se hai, is called by ceebra
might for its eecis be compared the reguave activity
which takes place in each plant:


The numerous experimeE M Granajean has made leave
dc ubt In his mind relative the followed
the which stop It's ussn in the celular
spaces which all communicate Together form
psry tube SO infinitely divided The sap does not circulate
in all hair with the facility. In hair of which
vessels are but e developed operates slowly because
perspiraon; then The ascending fleet cannot take place bn
10y the appicat on OF Graudjean's Composition, which
few days only will penetrate through The hair to the


TIL ascending then, only according the
quality the tube but also the using this Compost


which ought to he employed every before retiring;
il easy, lh, conceive that during sleep surface
SKIN the head prodHcss evaporation, oop abun
dant the sap which ia degree in relation
ascends rapay The result very
The friction that has been sae fore Sleep rercshes
repairs the skin the head then the growth continues
luraly while by employing this Composition


orang only the result oaly be ssce pores
~ the skin closed and onsequeny disposition quite
uns vorabe for receiving this Composition all aluary
en~",ID A ~ ID II / r F.,Morning herald. [volume] (New York [N.Y.]) 1837-1840
1838-10-03,"II and does receive the eminence SURPRISES
that has yet employed the ohe hair One
bottle Of ought 10 be counted among the necessary articles
which should be purchased by all parents Ter preserves the
roots falling ngthens by its rich generous
s'imnlants the weakest ba asoas ofhar admirable
seness lure and fneness, and keeps great measure
from becoming Is extraordinary specific erase
from the skin the head that powdery sentiment which
many persons eompaa Of daily applied on hea
OF the aged. well as the vouns child.


Tho considerable sale thereof repue and extension
eay receives, certain guarantee and ought Danish
the fears that 10 his mind concerning q
caay. Each will recsve wi botue tie pro
per reatme nj ofthe hair.


Grandjeaa COMPOSITION, which has hitherto been sold
without any odeur will henceforth partake
cellent pertumes-Roe, Jessamire, Bergamo Vanilla Am
brosa, NC. &c


Principal Office No. Barclay doors
(Astor Heuse.) o,.Imr",Il A l. ID N F. s s.,Morning herald. [volume] (New York [N.Y.]) 1837-1840
1838-05-14,"- And you viii see him,
And you will bear TO him, sy, word for word,


All that this heart which breaks in parting frsm him,
Would send, ore still for ever.


Tell hnA, for years ne nursed theugat


That was not his that on his wandering way,


Daily and nightly, poured mourner's pray erx.


Tell him, rv'n now that would rather share


His lowhs 81 lot, walk by his side, an outcast
Work for him, beg with him live upoa the light
or one Kind smile from him, than wear The crown
The Bourbon lost.
Say that. II his eye


Could read this heart. It's struggles its temptations,
| His love itself would pardon that desertonl
| Look On that peer old man he Is my father;
| He stands upon the verge Of an abyss;
He calls his child TO him! Shall shrink
From him who gave me birth withhold my hand
And see parent perish! Tell him this,
And say that shall meet again In Heaven!",,Morning herald. [volume] (New York [N.Y.]) 1837-1840
1838-05-14,"THE MEHTING.-A meeukg IN TINS CITY never goes
of well, unless there is plenty Of good eating and
drinking; only publish notice, saying


""Ceme the meeting


There's eating and drinking""


and no room in the city can hold them. But the
meeting about the Charleston fire was but $3.50 af-
fair little after five oelock, about thirty or forty
well dressed men, some with cigars, some without
some picking their nails some picking their teeth,
some with their hands in their breeches pockets some
with money in Their pockets, but the greater part
without any, struted up the City Hall steps, and en-
tered the Superior Court Room. The Mayor got into
old Judge Jones's seat-Messrs Ward and Saul Alley
made themselves vice-presidenis, and Messrs. Hy-
slop and Archy Oracle, became secretaries. They
called this organising the meeting. Mr. J. Blunt
moved and read some resolutions, declaring how
much we all sympahse with the Charleston suffer
ers-some one else seconded thcm-aobody opposed
them, and the Mayor declared every thing done Sc
cxndem artem, and told them all to 90 home and
meet il his room tomorrow Tuesday and hold a
talk"" as to the best way, first Of getting money from
the citizens here and secondly the best wayto get u
sent to the citizens there!",,Morning herald. [volume] (New York [N.Y.]) 1837-1840
1838-02-05,"She stood before me-lke pure lamps OF heaven
Lighted her cnarms and those sot eyes, which turned
Ga rae with dying fondnesS-My heart burned,
A tire nblisgy with hers my Vows were given.
Then softly 'gaiasi my bosom beat her heart
These loving arms around her form thrown,
Binding her hez, eny beauty liKe a zone;
whe from her ruby, warm lips, just apart,
Like bursting roses, signs OF fragrance stole
And words OF ausis whispering In mine ear
things pare ald holy none but mine should hear.
For hey accents uttered from her soul;
For which, no tongue her innocence reproved,
And breathsd Tor oae who loved her-and was lov, d.
She hung upon my bosom-and her signs,
Fragrant and fast, were warm upon my Cheek;
And they We're all her suffering heart could speak,
save The sell language OF her eoqueateyes,
which the sight hid not, for her soul was there,
In starry brghtness-tempaiedb by Distress
All softened down with loves own tenderness;
And some wild tokens OF her hearts despair
Were trembling DER her beauty. There
Who would not have exchanged that sorrowing hour
For ali that he had dreamed In apiHres bower.
IN the wide world there one heart alone,
That blessed him with ITS love- and truth and charms
Andu was Beauty now within his arms. L. 5. 5.","





",Morning herald. [volume] (New York [N.Y.]) 1837-1840
1838-01-26,"90 The agitation on the subject Of rents is ncreas--
ing. Tenants viA NOT give the rents of last year.
Families in nddling circumstances are preparing to-
diminish these expenses by occupying, several to-
gether the same house. There will be great reduc-
ton of family expenses next year. The pressure in
private life, and among the mddng classes of socie-
~, Is severer than ever il was We must have rents
down. Flour is coming down-beef coming down
corn coming dowR-coal coming down-pride COM
ing down-fashon coming down-and impudence
all coming down. When all these things have come
down far enough, then will blessings and comfort
and happiness come down also from heaven. There
is way for every thing. Nothngis impossible, but
lscofocos getting hold of silver and gold during the
pressure.",,Morning herald. [volume] (New York [N.Y.]) 1837-1840
1838-01-10,"REGf LAR COMMUNICATIONS


a. Remttauces and drafts with freight and passage and
from Great Britain and Ireand-ROCHES COMMERCIAL
LINE. The Subscribers respectfully intimate their friends
and the public cneray that they into early
with them for the bring ing OF their families
and friends by the early spring shpshe first Of which will
running from Liverpool on the LIST February 1888,
and will continue regularly week afterwards,
aordng eugrants the most desirable and eligible convey
ance they can have.


The detention vessels Liverpool engaged this trade,
having heretofore been and Of complaint,
the subscribers DESTROYS OF removing the despatch
ing a vessel every from Liverpool effect the
establishment Of such regulations their days sailing
will enre satisfaction shippeand further
give preference their Line all
any vessels, guarantee they shall invariably
when opposed any transient vessel such will
the support and preference shippers by this Line


The employed for the convenience OF their passsn-
gers Liverpool OF the first classrunnng regularly
day from the different ports OF Ireland Scotland
convenience OF importance TO those residing the out
ports.


In relation remtances, their drafts and post the
Royal Bank OF Ireland are paid at sight free of discount
charge in province and couHtyb sides in the inland
answering the same purpose Bank of Ireland notes,
a convenience only by this establishment


Their drafts well passage orders, be orw aded by
the regular packets smiling the 1t sh 10th, and Path of
each month In the year Those residing country
address b, letters (post paid which will be punctnay at
tended to- Further particulars be asceaiaed appica
daeIsm- ROCHE BROTHERS CO.","Liver UuL. AN NEW YORK COM


MEACAAL LINE PACKE.
- ee Sn4 -",Morning herald. [volume] (New York [N.Y.]) 1837-1840
1838-07-19,"GREAT Boat RACE AT THE BEACH GROVE, WILL
LIAMsBuRoH.-The above came off in fine style on
""Wednesday afternoon last, and Immediately after the
six Dared the following four Dared boats started for
the silver goblet the William Scott. the Gpsey, and
the Eckford and won in easy style by the William
Scott Distance, S miles-time 25 minutes sec. The
w. s. was manned BY Abraham Let's, Coxswan, Hen
ny Tobles. Stephen Seck John Let's and Henry Tay-
Ior and was built by Mr. John Let's. I'll Water street;
and this his first attempt proves him rival for the best
boat builders of the day, and he richly deserves the


patronage Of all who desire swift and beautiful boat",,Morning herald. [volume] (New York [N.Y.]) 1837-1840
1838-09-18,"On the lake whore droopes the willow.


Lans time ego!
Where the rock threw back the billow.


Wkiier than snsw-
Dwet maid, beloved and cherished


By high and lew;
But with the autumn lie sf she perished.


Long time ago.
Rock and tree and flowing water.


Losg time sgo-
Bird and bee and blossom taught her


Loves spell To know
While To my ford words she listened.


Murmuring low
Tenderly her dovs-eyes giistned.


Long time ugo!
Mingled were our hearts forever.
Long lime ago.
Gan | aow forge. her !-ue yer.
No, lost one, no!
20 nSr grave these tears are given
ST. Ever TO few.
sues The star missed from heaven,


Long time ago.",,Morning herald. [volume] (New York [N.Y.]) 1837-1840
1838-09-13,"~ THE subscribers beg leave respectfully TO inform their


friends and the public that they have just reopened - above
establishment after making alterations and additions
They prepared and ready 10 those
be pleased favor them with their
have had liberal share Of public support


they hope from their late important improvements and by
Tee Library contains 6oro volumes OF works
of felton, and The intention OF the subserD, enlarge
from time time. the of their patrons may deem il
aecesary. IL systematically arranged, and comprises the
the approved the following
jects-ory, Biography Voyages and Travels Natural His
toy Natural and EIpermsnl NAL Philosophy Classical and
Literature In addition the for, going they
would partir uarly call the attention of The reading
community their extensive collection Of works Of fiction
Perhaps no Library in the city produce greater
collection No effort expense has been spared
render III department Of their Library complete
sbe Al contains present $3.50 this subject,
and daily receiving acceson Of works from The press
both OF this counry Europe IL Is also suppl with 10
American and Eurspeaa periodical together with fine
coleeti0 OF 500 Plays acting and standard.


In conclusion they ser leave state that exeron
their part shall be wanting make their Library superior, if
possible any the city, aud thereby rendering the
worthy Of general patronage and support -


ieISf II. q. LANGLEY,","Chathnm Circulating Library


Ma 81 Chatham street",Morning herald. [volume] (New York [N.Y.]) 1837-1840
1838-03-14,"Doctor Carpenter having had the advantages of regular
medical education and having received his Diploma for the
practice of Physc and Surgery from the New York State
Medical Society, having had general
and very successful practice in this city, devo,es his Personal
undivided the all diseases incident


a humanity and particularly a certain class train OF
diseases for which many nosiruDs and plans medicine
abound in the columns of the Diseases require
to be treated agreeaby Ia the symptoms that prevail
and the various and changes they may assuweand
the reflection mind that
specific nostrum eau be applicable TO sllcases.


The experience of DIR Carpenter all and
varieties Of this disease enables him offer speedy and
thorough and adop, class medicines arranged
and offend the lead suspicious


compounds totally unknown the ordinary quashs Of the
day.


1 Separate and Offices have for
the privacy OF patients. who contact
Charges moderate and adapted the capacity of the patient


An nabl preventive certaia diseases obtained
he oiice-Prce, g. ism","nOCTOR CARPENTEK,S PECK SLIP
IL DI~pkNSAMN, 80. 4. PECK SLIP, lrs door",Morning herald. [volume] (New York [N.Y.]) 1837-1840
1838-04-30,"Go AHEAD Six beaunful vessels leave this port
fer Europe at III o'clock tomorrow merang. The
Sirius, steam ship, Sor London; the ST. James
packet ship, for London; the packet ships Hiberns,
North America and Sddons, for Liverpool; and the
Utica fer Haue; all crowded with people going
chiefly 10 attend the coronation Of Rnslands maiden
Queen. The docks piers, and slips will be crowded
10 see them OF; the sight will be worth seeing. The
batteries are to FIRE salute as they pass down the
bay. Two Of the vessels carry out bands Of music
Go aheadl The race is not to the swift. Bets Of all
kinds are pending.",,Morning herald. [volume] (New York [N.Y.]) 1837-1840
1838-04-25,".CosTEuATIoS ERNEST MALTRAvERs.-The
Harpers published yesterday, Alice; as Mysteries,
shrough which we have hastily to catch the plot and
sne story, but which read over and again 10
dtnk in the beasy ofbe sentiment and the polished ele
gsnce Of the style. chord that vibraes through the
soSl is interviewer with every passage Of this mos, pow
erOl and singular work; the hidden mysteries Of our
naiare its beauties and its laid before and
meatay culver the touch ofhe hand that unveils
to in all the deformty Of vice. motives and feelings
which we to look up beautiful and good
The delineations given with masters hand and
the must be- indeed opaque cannot discover
their hdehiy. The plot is advanced to It's denouement
with versatility 81 ncdeat and continuously .increas
ing effect that rivets the page The characters
finely costrssted and the intermediate shades well
filed in. The noblesprited Msluavers-the beautiful
and sress Bveys-sre exquisite pictures and acquire
an absorbing influence attention.",,Morning herald. [volume] (New York [N.Y.]) 1837-1840
1838-10-04,"BY scsAN TIsnEn-
Awsse, svshe. the hour Is come


when saints their vigils keep;
Add spirits from their distant home


watch while thew lGv'd ones sleep:
The busy fe nds that rule the day


Oar sacred presence fear.
The nidnighi blasts oar spells obey,


No earthly sounds are here;
Theb listen 20 the Sc holy lays,
Thy waiting SPirns hymn Of praise.
Free a the shades that round thee throng,
Thy spirit now is free;
Nor need we power OF voice, nor song,
70 wake Thy ,ympathy:
The rapid thought, the sparkling eye,
The blissfui Consciousness.
The hopes that brighter worlds descry,
higher power confess.
o., privilege TO sorrow given,
Lest 10 the worid TO dwell with heaven.
And dearer than The seraph's strain,


This soft and 10 WY lay,
which comes 10 soOihe thy hours OF pain,
And chase thy tears awsy!
Yes, then art chasgd d, ana am hot


Freed from the touch OF DEAN
Light ~ the moon beam can by,


Across my trackIess pain
And mig htIy will sing to thee,
The sesg OF immortality.
oh. eould place thee by my SIDE





FIR from these scenes of night,
Together would we swiftly glide,
Nor would we check our flight,
Until the gales of heaven should b1ng
Our airy bark 10 rest
In regions Of etc rnal spring,


The dwellings of the blest;-
Sweet isles embossm'd in the deep,
Where saints The ir endless sabbaths keep.
Or wilt thou with the comet fly
Where The brig hitter suas are burning,
Drinking their Zig ht with unqusHch'd eye,
With unfagg'd wing returning;
Oh start net! ta the Spirits fight
Dull Is the whirlwind's force;
Nor fear escaping from HIS sight
Whose love shall guide thy course;
In highest heavee, in depths profound,
CIR ling his radiant throne around.
There Is thy centre ;-ceuldst thou dwell
BY Eden's living streams,
Or every rolling planet tell


That DER thee sheds its beams,
Yet would thy raptur'd spirit fac
A high her bliss was given,
In converse with the Eternal Mina,
whose smile alone is heaven
Wit thou not die these joys 10 see
Art thou not afraid 10 Ooms with me!","Tnk aaHsAALp-NkW Y0kK.

ivien oar Evexisg Edisiea- ]
Ssng Of . Spirit.",Morning herald. [volume] (New York [N.Y.]) 1837-1840
1838-09-13,"LoNDoNi aug ~ 10 o.


send this by the packet ship Quebec, thskng she
will srrive before South America from Liverpool.


The business doing for Inc week in American securities
has been upon admitted scale and the prices generally
which is attributed the large Of different stocks
brought the maks-bu the arrival of the Pen sylvana
Lverp and tho Portsmouth with dates
the lth instant has given different to- TO the market Yes
ray and today there rather business doing and
slight advance upon last weeks quo taion obtained For
The Official quotations Of this day see the list.


The English has been very heavy the
seven eight days ard deal Of stock has been thrown
the market by holders realizing which has caused
cline of foil per in Consss vel in the 81 Per
Gents Exchequer Bills have also bee sold largely by
public which has caused decline of 10 from the high
est quotatons, being marked today at la2


The value of mency whou, ation-;he
Of interest short eSns still very low demand
for the discount market although sing steadily
sufficient employ all the leose capital floating in the city
See tie list for closing prices OF the English and
Fumes this day.",Foreign Correspondence Of the Herald.,Morning herald. [volume] (New York [N.Y.]) 1837-1840
1838-07-10,"J SECOND WARD HOTEL-Nex'to The corner at
Fulton street, Nassau streelThis well known establish.
mem having undergone thorough re6tng l. com.
peie order for the accommodation of ose who
with their patronage.


There in this house, besides the lower story, which is


rewn entirely open as public bar large upon
the second story rs feet by 2 wesued for the
ton OF public meetings, together with several smaller
adapted for the of Clubs referees for the saeoa
other private business.


Clubs ana private parties accommodated with and
may be furnished with dinners supper composed OF every
species OF deicacy which The markets AFFORD
notice. EDMUND JONES', Proprt tor. eil",,Morning herald. [volume] (New York [N.Y.]) 1837-1840
1838-06-09,"AN UNMATCHED BRUTE..-One Of the most revolving
cases OF inhuman cruelty says the New Orleans True
American, has been lately pending before the police Of
our second municipality rufiian named Lee, whose
arocious cruelty places him almost beyond the pale of
humanity has been for some days past under examiaa-
ton, charged with the most bararous and brutal assault
upon the person Of his wife, which the record, of crime
furnish.


The particulars Of his beastly ac,, almost beyond
belief and entirely disgusting for narration. Lee
stands committed in bonds Of $4,000. but his offence is
one which fairly reach. As the law
never contemplated such offence it has provided ne
adequate punishment and the only flung tribunal by
law would make more indelible mark the rufian
than the br and orCain.","NO. ~

lFrom our Morning Edition. I",Morning herald. [volume] (New York [N.Y.]) 1837-1840
1838-07-27,"To give n pear wilderness to he teeth.


r. eshance the charms and beauty ~ the mouth,


And add fragrant sweetness ts the breath,


Is an attainment eng devootly wished,


Though neer ill now effectively achieved


The Orris Tooth Paste happily insures


This mush desired result, will It's use,


With premp ness asd high satisfaction, prove.
THE ORRIs TOOTH PASTE. while II beauties the
teeth, removing and preventing every appearance OF
tartar giving clear and pesrly whiteness, i'm.
proves Of the lips amt gums, and gives additional
10 the mosth-by It's sintectine
properties greatly tends the teeth from decay
and mpars that peculiar and fragrant sweetness the
breath which the Orvs Root Justly and extensively
celebrated. For sale VII, lesaie AID retail BY


n. q. HART, No lis Brosdway,
a2l.y CORNER OF Courtls pdt 81.",,Morning herald. [volume] (New York [N.Y.]) 1837-1840
1838-01-15,"FRrDAY-Thc case Of Gregory, for obtaining goods
under false prctences, was again postponed till Monday
next


Barbara Lawry and Sarah Francis, the two girls
mentioned in our Police Report who stole pocket
book and $3.50 from Captain Gould yesterday, had bill
of Indictment found against them instantly by the Grand
Jury-were arrairned and put their trial for high.
way robbery The Recorder considered, however that
this indictment could be sustained The prisoners
then pleaded guilty TO agrand larceny.


James Miller was then tried for stealing two pieces
Of cloth kerseymere from No. $50 Grand street. the
property Of Mr.. Hatch The robbery was proved, and
the property shown have been found in possession Of
the prisoner. lie was found guilty


Joseph Oliver and John Newmar were tried Tor steal
ing chain cable from Staten Island the property Of
the United States They had taken the property and",,Morning herald. [volume] (New York [N.Y.]) 1837-1840
1838-01-15,"There as your eyes around the ball ROOM stare


You the smiling and the frownng fair


Here stale virginty encased IN bone,


Stiff statue done In wood 81 ne


Almsasking Iap-dog seated on her knee,


That shares her kisses, her toast and tea -


With Alteration and her thousand airs


Her salts AID swoonngs, and her world Of Cares


The turband Dowager In stately pride


The teeming Matron-- and the blushins Bride -


Asd lonely Widow striving to look sad


Amidst scese where every heart Is elad.


Nor ceasure harshly, though she pender less


ON by-sone bli,s than future hsrpiness!


IT'S true philosophy to ook before,


And picture lows that time may have In store.


What good can flow from those which no more
The donna Of the evening was Miss -, from
Hampstead lover is In England, and the frequen
sigh heaves her bosom when her faithful fancy pic
lures to her his absent image. Happy youth, 70
whose arms form, perfect that of The Forentn,
statue that enchants the world, 10 destined and Nh.
will enc day be the cnvied owner Of Hsbe fac,
which Nenra might have envied with tho rinQet
which 1t seemed delightful TO the stern morality OF ,
Milton to iange his fingers in AT the very witchinl
hour Of night, the eoodly company obeyed the sum
mons to a well re2lenished supper, where the Cham
payne and oysters predomnatcd. Full justice wa
done to the Liquors. and bright vntaQes and TO tn
appctisant shell fish and on rising from the table
the cars received US, and we homeward hied our Joy
GUS way from the great Jamaica ball.",,Morning herald. [volume] (New York [N.Y.]) 1837-1840
1838-02-16,"ROCHESTER, Feb. 9th, 1888.


JAMES GoRDoS BENNETT, ESQ -


DEAR Sin -"" Otnellos occupation q goRev-the
flower OF the army has faded away-the Navy
Island enterprise only exists in the immortal mind,
there 10 rs till il lllHmes and eHriches the page of
history! Far mentis inceSdium giorie al least
il is among The infammablcs on the border-the de-
vasiation produced by fire asi the sword is mere in
nocent amusement compared to the soul stirring and
citing influence of intellectual aspirngs the raie
grit and grizze fumes of public sentiment"" salted
down with the brine of resolutions""


Bat jacta est dlea and so said Van Rensselaer,
when pumping out his PATRIOTISM and displaying his
fire before his troops-his invincibles who were to
go per sctua beHi; and gain per drdua tbcri!


Oh On Oh rather guess Van knew how 10
try his fist al casting, and thus repeat and repeat, ill
the cast would enable him 10 exclalm, now


'''Twi stand the hazard Of the d. =


But the apathy Of the people in ushing To his
standard proved that he had not set his life upon
cast"" but that he resolved TO eclipse the glory of the
immortal Washington, and come off from the field
the conqueror OF his ambition, and not the deliverer
Of a suffering peope""


Since peace has been proclaimed and the patriot
army abandoned their cruel purpose of putting the
inhabitants of the Canadas TO the sword"" we have
experienced most wonderful revolution. Reason,
the other day, poked his head into peneRt city,
and while shaking hands with old acquaintance,
who should he meet but Common Sense, haggard
and pale from the effects OIL about say per-
petual banishment-bat beg leave TO the ""per-
Petual since these WORTHLESS have dclgned again 10
grace the thinking department"" OF fral mortality.
AUGUSTA RAcEs.-Hamptoa Course, 4th day. Fri.
day, Feb 9lh.-The knowing ones all at fault From
the number of entries and the character Of the horses
although few doubted the result of the yet much
sport was expected Col Hanpten's Charlotte Russo
all sides the favorite, and many bets taken
her great odds agains, the held No venured
% name nag against her any odds, and great
iority ef bets and three her against
the field Nuli,udes Of bets made between John
Guedron and Leanah the friends Of the seeming
be about equal in numbers First heat won in this
ORDER, Charlotte, Leanah, john GGedron, and Mary.
Bets offered at the most unreasonable odds
| on Charlotte, and none dared touch Betting still
| ran high between Leanah and John Guedron for the
second place 10 the race. For the second heat all
| started again Charlotte, Leanah and John Guedron
| running the whole fret mile and passing the stand
almost side BY side, the latter having gained the
| track In the second mile John Guedron gained
slightly his antagonists which he held through that
and the bird mile and increasing his distance in the
| fourth the heat with great ease Charlotte aud
Leanah dropping within the distance polls Mary Gard
ner double dis,ancea. Charlotte Russo was wtndrawn,
and for the next started but John Gucd
ron and Leansh, the former winning with great ease
and Iistancng hs competitor. Thus ended the race.
the establishment and disappointment OF every body",,Morning herald. [volume] (New York [N.Y.]) 1837-1840
1838-09-10,"A. Augusta. Ga, the srd instant, little decline
Infested ir the premium New York. Sales made at
81 for city money and for country money; the banks
seems make this distraction All the banks of that city


specie payments the lst instant. But very little
doing exchange in any OF the hern markets,
much animation be expected until further advanced in
the cotton season.


BY last from Lvsrpoel the spiRnes antci
pated still further decline in prices; bat the heavy Ina
porters showed anxiety push saleson the contrary
Humphreys Riddle, Barngs and Deanistown& Co., were
not offering the market Many less account for
Mr. Biddes specuatons in cotton, especially consider
ing The high prices at which his agents purchased in New
ans Mobile Ac But the truth is the object
make money avoid losing 1T he oresaw that the
aiy the United States Bank had Of receiving payment
OF the fifteen miloa dollars due institution
from planters and banks OF the SOUTH by sustaining
the prices OF its staple production and he, therefore,
sdrercd his agents. whenever the market tagging


make large purchases Of cotton and established agencies
Liverpool London. This stroke Of Policy,
Tor although the United States Bank may and probably will
by the cotton spe uaen yet this


nothing comparison the losses which the bank would
have sustained uader weak aud ia. cent cement
This bold policy has also been of immense advantage
country at large.",,Morning herald. [volume] (New York [N.Y.]) 1837-1840
1838-08-18,"At TLOYDss sALOGN-No. So BEEkMAN
IN STREET-The public can he lated nj al hours
with Breakfast Dinner Tea and supper and every luxury
or oec the market affords win be served In style
surpassed ,he Bar we'll stocked With the choicest vines, ""
quors cigars Room supplied With NIL the leading
papers In Union Attached the establishment there IL
and retired Bisrd ssoon. where gentlemen who are
e. I'd OF this esionsble game uniting exercise with anuse
mput viii fine two splendid tables, with convenience
for the erjo, ment Of players and spectators


The undersigned grateful for past avors, would take this
opportunity returs her scknow Judgements FER the liberal
heretofore b~owed and promises that no en-
shall be afford every comfort ard accom-
odsiinn those who may favor her with the patronage


Duner Supper Parties and Clubs be ace )mmodate


with private neatly furnished good endants, and
with the choicest wives and viands.


SARAH FLOYD, Proprietor


B-The husine"" win be under the in,edis,e supen.
endeuce OF Edwin Floyd who takes this opportunity OF la
forming his r ends and the public that personal
sha render every sttereu accommodation
TO ,hns- whe m ~ favor the establishment with call","AT TLOYD,s sALOeN-No. So BEEKMAN",Morning herald. [volume] (New York [N.Y.]) 1837-1840
1838-08-18,"81 MANSION HOUSE. Port Jefferson, Gate Drowned
Meadows L. The subscriber has opened the above house


for the Of company transient and permanent The
house large, built especially for tie business and
ranged with for the comfort OF visitors tua
bays Long Island which asounds with fish and fowl Car


will all times and handsome sail
fer the accommodation Of company ne of stages
twice week and from New York, viz: rail road
Hcksvir. Ase, weekly the island Patchogue
and regular packet weekly from foot OF Oliver street, be
sides other vessels almost daily. Terms moderate


Port Jefferson L.. I'm 1888. jy2u",,Morning herald. [volume] (New York [N.Y.]) 1837-1840
1838-08-18,"- SECOND WARD HO TEL-Nsxt 10 the corner 81
Fulton street, Nassau strec-Ths well known establish
having undergone thorough re6tng l. now In com.
plele order accommodation Of ose whs may honor
with their patronage. - M


There are in tks house, besides the lower story, which Is
thrswn entirely open public bar rom large room upcs
the story IS wesued tor The accommoda
public meetings. together with several smaller
adapted the clubs referees fer the actes Of
other private business


CLUBS private parties accommodate with rooms, and


ay be furnished with dinners suppers composed OF every
species of or which the markets afford short
notice. EDMUND JONES, Proprit tor. jell",,Morning herald. [volume] (New York [N.Y.]) 1837-1840
1838-08-18,"NEW YORK TATTER ""A I.LS.-The subscri-


her having ased the lease of the above well known
and extensive establishment from Orlando Moore begs
his friends usc and the encs oil the above
establishments that he Intends devote his personal attention
and and sy all who favor him
with their To buyer seller OF horses
rges he will endeavor give satisfaction GeniemeR
the day, week month, with superior
modaons their horses and carriages livery and the best
attention paid them.


He respectfully invites dealers from the conntrv
visiting city, and having good horses for sae give
the New York Taitcrsal' cal-he superior accomm0
dations place. giving the other
bshment of the kind in the city. q w. MILLER


aule 446 Broadway.",,Morning herald. [volume] (New York [N.Y.]) 1837-1840
1838-05-08,"II Some disappointed idlers are making muss
about the removals in the custom house. Our old
friend Jesse Hoyt has, If the truth was told acted
with as much forbearance moderation, judgment, tact
and good sense under the circumstances he posi-
bly, could do. He has not removed single veteran
Of the revolution. But the article in the Evening
Post about revolutionary veterans mnst have been
written by mad poet. Who ever doubted that son
Of those founders of all the happiness this great


try enjoys, had claim prior to that of a brawling
rascally politician. Had the mastery minds who
carried on and fought in the revolutionary war, spent


all their time in trading, they might have left their
children wealthy slaves They preferred making them
peor freemen",,Morning herald. [volume] (New York [N.Y.]) 1837-1840
1838-06-08,"The sweetest fowe rs, alas how soon


With all th-ir hues Of brightness, wither
The loveliest just bud and bloom,


And dropping, fade away forever!
Yet II, as each sweet rose bud dies,


It's leaves are gather'd they will shed
A perfume that shall still arise.


Though all its beauteous tints are fled.
And thus, while kindred bosors heave,
And hearts, at meeting swell,
Hew soon. alas, those hearts must breathe
The parting sigh-the sad farewell!
Yet from such mon ents. as from 40 wers,
Shall friendship, vita de light, distil
A agrance. that shall hold past hours
Embalmed in memorys odor still",,Morning herald. [volume] (New York [N.Y.]) 1837-1840
1838-05-01,"SAD ScESE-A MopEkS CHARLOTTE AID WpR.
TER.-A shsrt time since German vessel left Ham.
ourgh for New York, having on board several pas
sengers, and amongst the rest wealthy young Ger
man student of avery philosophic turn of mind very
much like Werter in his ideas about women. Com
ing down the English channel the vessel put into
Cowes isle of wighp in distress The young Ger
man went ashore, and meeting a very lovely young
English lady al party, he fell in love with her. paid
her some attentions, proposed to, and married her,
She accordingly came with him TO this country. On
the passage her husband was seized with complete
monomania the subject Of his wifes fidelity, and
suspected his wife and the captain of an improper OF
criminal intercourse. AT one time he threatened 10
throw her overboard and at another time he threat
ened TO cut the captains throat. On shore he said
he would blow ost his wfe's brains and after cut


ting several strange shines Of this Sort he was brought
10 the Police office. Here came the wife, the cap.
tain and the crew, all proving satisfactorily the wife
innocence The husbands condsc, was singuary
wic and ludcrously savage. He was confined fol
the present",,Morning herald. [volume] (New York [N.Y.]) 1837-1840
1838-03-10,"REGULAR COMMUNICATION.


"" Remttancss and drafts with ght passage
from Great Pritain and Ircland-ROCHES COMMERCIAL
LINE. The Subscribers respectfully intimate their
and the public eneray that they early
with them for The bringing their families
friends by the early spring shps-the FIRST OF which
running from Liverpool the Isl February 1885,
will continue regularly week
aordiug eans tina most desirable and eligible
they can have.


The detention of vessels Liverpool engaged this trade
having heretofore been great and just of complaint
subscribers DESTROYS OF removing
ing vessel every week from Liverpool effect the
Of such regulations their days of sailing
will give entire satisfaction shippers further
ducement for them give preference their Line all
any vessels, guarantee they shall invariably
when opposed transient vessel at such will In
the support and preference shippers this Line


The employed for the convenience Of their
Liverpool Of the first classrunning regularly
day from the desent ports of Ireland and Scotland
convenience Of Importance to those residing at the
ports.


In relation remttances, their drafts and post
Royal Bank Of Ireland are paid at sight free Of discount
charge countybe sides the naRd
inconvenience only by this establishment


Their drafts well orders be orwa rded by
the regular packets sang the lt sh 10th, and oath
each month In the Those residing In the
address by letters (post pad) which will be Punctualy
Further particulars he ascertaned zppea
dao ,m. ROCHE BROTHERS L CO.","LIVERPOOL AM NEW YOtxK Com.


MEhCIAL INE PACKETS.
III III Il Iii",Morning herald. [volume] (New York [N.Y.]) 1837-1840
1838-02-14,"THE WESTERN FRONTIER AND CASApA.-The an
nexed from the Quebec Gazette is analogous the sent
ments have all along expressed on the subject


If the inhabitants of the American frontier and The
British Provinces a right conclusion from Tie
late events the former will adhere the Unisn Of the
States and the latter their cornexon wits the Brit
ish Empire, with stronger determination than ever.
Mutual bad feeling has get such height on the from
tiers that if the inhabitants altogether their own
masters they would soon be involved in the supro
able task of trying who can do the other the harm
instead Of peace and good neghborhood and reason
able enjoy ment Of freedom and secsriiy they would be
exposed violence and plumber. and finally military
despotism We conceive that it is only the authority of
the United States Government and that of the British
Empire that has saved them from such unfortunate
suits for the present",,Morning herald. [volume] (New York [N.Y.]) 1837-1840
1838-10-11,"K-F The fohowingis an er,rac, from letter gen.
temsn IN ibis city dated Toronto, September 10 1898.
That part where il speaks Of another isiended invasion
er Canada is perfectly ridiculous. The Canadians
have been hoaxed.


we are in a snd state some one "" your Gov.
srnmen officers on the frontier has sent letter Gov
Arthur statisg that there thirty thousand on
yout side ready 20 invade Canada The report has
ssused trembling in the tory camps here. Chief Jus
tice Robinson left here Thursday for England Ills
somestcs say, since the murder Of bosn and Mathews
he has not known What sleep is, bot walked up and
down his the most Of the night They say, also
hst Attorney General Hsgermsn leaves here for Eng
land this week An express summoning Sir George
Arthur Quebec, has created good deal OF excite
rnent-he left here on Saturday. ""-Rochester Adc.


The Montreal Herald also states that Sir George Ar.
thur has gone Quebec, 10 Lord Durham ""in con.
sequence Of having received communication from the
American General on the Frontier disclosing some very
important proceedings and plans of the sympathisers
We suspect some Major General BOb,dn has been
humbuERing Sir George.",,Morning herald. [volume] (New York [N.Y.]) 1837-1840
1838-07-02,"The SirldS mas left u.s. mol The nODe uog, ioI we
have him still--but the noble ship! Precisely AT
o'clock on Saturday afternoon she swung off by the
head from Juods wharf, and began to work out Of the
dock round the head OF the slip, holding on by the
stern hawser. All was life and animation both in the
ship and on the shore. There was hurrying to and
fro-hasty adlers--s onowfnl good byes-sad and
sweet kisses, minglins with the life-brea'h OF the
Observation-Disclosures such as almost squeeze the LIE
from out young hearts!


The docks the PIERS the wharfs, the slips, the bulk
heads, the windows, the wood piles, the house tops,
the roofs, the siie walks, the streets, The ships
masts yards, and rigging the row boats, the steam
boats the fishing boats the ferry boats every mock,
crook, and granny was crowded with human be-
ings of both sexes, young and old, black, white,
and gray And not merely was this motley col
lection of human beings to be in one spot =
but the whole line from far above Catherine Mar
ket down 10 the Battery, was crowded in the same
way. There were, at least, 5000 more persons COL
leced TO the noble stranger leave shores than
were collected to see the steam ships leave US on
any former occasion.


The day was beautiful, and the enthusiasm was
Tremendous. After the mails and all the ladies who
were going down the bay for pleasure were on
board the Sirius worked out under a strong cbb
tide.


As soon as her head was clear of the Slip, her
mighty engine was set in notion and she icrg
ahead in handsome manner


""Thrce cheers for the Sirius, the first steam ship
from Europe 10 New York."" given from the
wharf, and the mighty multitude rent the air with
shouts. The Sirius returned the compliment by fir
ing salute and those on board OF her gave three
cheers for New York. The cheering was trench
dous-so different from the feeling evinced by the
popuace the departure of the Great Western. All
seemed to look on the departure of the Sirius the
departure of friend. Many bright eye on the


AT the same moment that the Sirius shot round
the heal of judas wharf, eight or ten of our most
splendid steamboats, started out from different docks
to accompany her. Each one had goody number
of passengers on board, and most of them had
band Of music. Amongst others, we particularly no.
ticed the New York, the Citizen, the Passaic, the
Belle, the Hercules, the Cornelius Vanderbilt and
the American Star.


As the Sirius passed the stern of the several packet
ships the crews assembled on the tafral Of EACH and
gave three hearty cheers. Brooklyn heights and
wharves were crowded with the beauty and fash on
of Long Island; persons had come from Canada and
the Ohis river TO see her depart; a crowd Of mer-
chants assembled at the foot Of Wall stree, gave her
three cheers she passed. The immense multitude
on the Botery chccred; the ladies waved their hand
kerchiefs; the music was playing, the colors were
waving, the cannon ratified, and the excitement be-
came indescribable.


The slght-the scene was enchanting. The noble
steam ship led the followed by her associates;
she fingered for afew moments when of the head of
Castle Garden as if 10th to leave our shores pas
senger came alongside in a row boat and got on
board. Al this moment the steamboat Citizen, con-
taiaing band OF true republicans came alongside her
starboard quarter and gave


""Thrcc cheers fer the Sirius""


Three cheers for those who sustained her.""
Three cheers for Hamblin""-who was on board
the Sinus.


The Sirius then fred salute OF guns, turned her
head ""for England no."" and ploughed her way ra-
Pidy towards Sandy Hook. Capt. Movie then
invited oil his guests below, where most sumptuous
rcpast was prepared. viands of the most inviting
description covered the boards; and the wines were
matchess for number variety quantity and quality.


Capt. Movie gave as toast-""The United States
and its inhabitants may blessings ever srew the
path Of the latter and the sun 81 liberty shine on The
former""


A gentleman then gave


The Queen Of the British and the British Queen
they both are welcome 10 our shores""


Mr.. Sneihen gave"" The British and American
Steam Navigation Compauy-may success crown
all their experiments in steam""


Mr.. Barr gave"" Captain Movie and his Off
GERS""


Mr.. Smith returned thanks for the gallant captain
whose heart be said was TOO full to allow him 10
speak.


Mr.. Francis gave-""The Steam Ship Sirius-The
hrst steam vessel that ever crossed the Atlantic from
Engisnd TO America-msy she and her gentlemanly
officers be the last to leave il.


Mr.. Dadley returned thanks.


Mr.. Deiavan gave-""J James Gordon Bennett
though absent from sho ca his presence 10 felt
in his writings""


MT Hamelin gave"" England and America


Anunber Of other tcasts complimentary to both
countries were given. The Citizen and The Nov
York came alongside and took of the ys;,ers. The
SIRIUS slsckened her way and these two boats with
NE Belle. accompanied her down to Sandy Hook.


Ahes the vsiers efs the sirps the pleasure did bv
no means cease. Her gallant Captain Dudes
Mr. Rsmsden the Doctor, and the lady passenger,
ssms On the pep DECK. ths taffral and the wAs,l","

""She's Ger the water, and AVA",Morning herald. [volume] (New York [N.Y.]) 1837-1840
1838-04-05,"Monday night, neat little concern Several
very pretty girls graced The with their presence
Miss F. perfect little fairy, with her dark tresses
hanging in rngets round her laughing cheeks, dis
played most elegant movements Va the waltz and CO.
tilion. She was dressed in white, with black bodice
and long dark ribbon, flying from her waist. In
the German waltz the pIcuresqueness Of her various
movements was extremely beautiful There was
also very sweet looking young one, graceful in
form. arrayed in white, who danced with a peculiar
modest and graceful aIr-Mss h, if mistake not
also Miss L., Miss B., Mes t. and MISS H.. dressed
IN orange and white. The cotioa and the waltz were
alternaed during the evening Mr.. Schatier was the
master of the ceremonies, and better could not be
found HIS was very polite and attentive 10 all pre-
sent. DR.. Duncombe, the Canadian patriot, was pre-
sent, and was delighted with the dancing. Better
than fghang in Canada.",,Morning herald. [volume] (New York [N.Y.]) 1837-1840
1838-03-02,"LII NEW ORLEANS DESPATCH LINE.


4 THIS line consists OF 81 ships and brgs, OF which
49, win san weekly till the LIST OF October aher which
time two will sail weekly during the buns These
vessels all Of the FIRST class warranted TO insure lowest
and TO take BaZe Freight
viii Ne taken In this line throughout the year. 10
cent less than any other line whatever. Apply to


r. ELWELL, Packet Ofhbe, 50 Soutbsl
All goods from outpers will be shipped and forwarded
Immediately at New Orleans free commission
and attention paid dcs patch and safety Mer
chants having freight 10 dispose Of viii find decidedly for
their interests apply above. jas",,Morning herald. [volume] (New York [N.Y.]) 1837-1840
1838-07-30,"SLEEPING CARRIER.-A vagabond Irishman named
John Garvey stole trunk of clothing from offs cart
at Peck Slip and after taking possession of what he
considered available"" threw the trunk off the dock
The property belonged to an old lady, with five
grand children dependent upon her, and had sent the
trunk to Virginia Packet, whittier she was about
embarking; but not coming down as econ the
cartman did who conveyed her baggage that gentle
man stretched himself upon his cart in order to
take nap until her arrival, and while he in this


interesting situation the robbery was committed.
The perpeuator has been arrested and locked up",,Morning herald. [volume] (New York [N.Y.]) 1837-1840
1838-07-26,"IFron oar special eoussrosdsst -


LonDon. JAY 4. fssa


have scarcely any news either In wsaey o. somnercial


matters tscsmmunca,e YOU there was itils no bss
xea aet the markets one way or The eth
ar which nav he solely attributed TO ke Coronation Of
younx Queen the slightest dispositions was shown On
either part the merchant stock broker 10 do Business
short the week has been complete holiday
making one throughsu, the country Basnrss again
resuming lis former appea and money offered
more freely this ssd although the dividends due Is
viii paid until Monday next, the Of interest
both long and short periods lower We
arrivals from siae viz the George Washington
Quebec they did bring alteration either pc.
ksal matters or the state Of the stocks had particular
effect the market here but the prices continue firm
and gra usly advancing there having pretty fair
demand for American securities this and several trans
actions having taken place the quotations marked in the
Est


We have bad very late arrival from RE de Jsneo, the
date being Of the 10Th May and this is going by steam
exPect will reach before have received - late
date erect The news i more favorable as considerable
Improvement had taken place in commercial affairs The
stock had advanced So and exchange TO 2s Public busi
proceeding satisfactorily, and the
vernment becoming more popular.


In the House Lords last ught according to notice. Lord
Peterborough put quest e the Noble Lord Secretary for
fe Colonies sunc Of Lord Durhams letter which APP
peared in the Quebec Gazette Of the Sst OF May addressed
70 the members Executive Council OF Lower Canada
acquanng them that not his Intention to continue that
body Lord Peterborough wished to know whether spe.
ca had received from upon
that subject


Lord Glenelg replied that he had received direct
msncaion and that his knowledge extended further
QueDec Gazette, which accessible their
Lcrdships
the Of further discussion which took place
lord Geneg stated that the government home lad
thought advisable euer Lord Durham this point The
noble Lord had acted therefore, his responsibility.
The steamers rem your side expec.ed to au the
YER end Of this week.


There no further Of importance and bust
doing the money market The following are the off,",,Morning herald. [volume] (New York [N.Y.]) 1837-1840
1838-07-28,"III THE subscribers Sole Projectors and Manufacturers
prepared with drsoaph, all Tor their
Unrivaled Sweied Beam Wtndlass which
almost universally used being the best article
yet Notwithstanding convenience and dur by.


The saekng acted the wndass and swe led BEAM
maGe perfectly light, and free from ali liability ssg, still
leaving elasticity Ia the same, which renders particularly
simple Ia The matter OF putting and
taking down, will De fouad of but l trouble IN compaoa
with those ocr whilst the precsios with
which the component parts tled. safeguard
against the ntroauctios OF any Kind NJ verna.


Frsn taken reader each Besead perfect their
qualities for durability will recommend them parchascrs
who invited call and examine large assortment
hasd


Also arg, assortment OF elegant Furniture Mattresses
Feather Beds. DC constantly haac.


J. w L C. sou fHACK, No log Broadway,
ielh ths Fran lin","PATENT WINDLAss
u IT, ID = II ID A ID !.",Morning herald. [volume] (New York [N.Y.]) 1837-1840
1838-09-21,"Oh promise me to sise, love.


My songs in after years,
When the quiet eve shall bring, love,


The hour for blissfui tears;
WheH the busy world Is still, love,


And few dear friends are niEh,
When the moon Is on the hill, love,


And the stars are in the shy.
When the hearts where could dwell, love,
With thought of me may thrill
when the eyes that knew me well, love,


win silent tears may oil
""nen the few who neer forget love.
VIII fondly breathe my name,
VI snoald they blame aie yet, love,


VII love ms while they blame.
care not for the praise, love,


so sw eet 10 mipstrels' ear,
For the lanreior the bays, love,


The critic or his sne~r;
For the plaudlts wealth can buy, love
Or the wrea b that fame may bring
II yon'llsing them waen you sigh, love
And sigh them when You sing.",,Morning herald. [volume] (New York [N.Y.]) 1837-1840
1838-01-11,"HINTS TO GLUTToNs..-Excessve indulgence in the
pleasures Of the table does prodece its effects sud-
denly yet it gives almost Immediate warning after each
transgression The oppressive fitness the prostration
of Intellectual vigour the disqualification from all cor
poreal duties the disturbance during sleep by terrific
dreams the unrereshed and feversh WEAKNESS expe-
rienced on awakug, immediate consequences of
even one days Indulgence. What must be the effects
Of daily reiteraon The answer will be found by re-
ference to the unwieldy body the laboriou gait the in
aptitude for exertion the purple face suffused eyes,
and disrelish for every other enjoyment which charac
terize the latter years of the gourmand until sudden
breakdown indicates that the machinery has been
wrought and will no longer work.",,Morning herald. [volume] (New York [N.Y.]) 1837-1840
1838-08-21,"At TLOYD's sALOON-No. So BEEKMAN
N STREET-The public can he lated NJ all hours
with Breakfast Dinner Tea and supper, and every luxury
deic the market affords viii be served in style
stocked with the chocesi wines H.
quors cgasReading Room supplied with all the leading
papers Union. Attached the establishment there
neat retired Billiard saloon where gentlemen who
fosd Of his fashionable game, uniting exercise with
will aa splendid tables with every convenience
for the erjoy ment OF players and spectators


The Undersigned grateful for past favors would take this
opportunity sckno~ Judgements far the liberal
heretofore bestowed and promises that no expense
shall afford comfort and
who may favor her with the patronage
Dinner- supper Parties and Clubs be accommodated
private aeaty furnished and good attendants and


SARAH FLOYD, Proprietor.
n B-Tbe business will be under the smediate superin.
endence Edwin Floyd who takes this opportunity OF In
forming and the public, that personal exeron
shall spared TO render every seseu and accommodation
to who may favor the Establishment with call.


.utHl I'm,",,Morning herald. [volume] (New York [N.Y.]) 1837-1840
1838-02-07,"LIEUT.. PowELL's DEFEAT.-A letter from camp
the Everglades and twenty five miles of the
depot India River Inlet"" dated January 18th, 1885,
says -


""You viii hear, probably, before this reaches you
that Lieutenant Powell had little brush with the In
dams Jupiter Inlet. II appears that he landed
with about 80 saers with the exception of 25 reg
ulars. Soon after landing he found old squow who
offered to guide HIM the place where the Indians
were, about miles off, He followed her direc-
ton and came upon the lndanssome say &C, 90,
and others 90 The fire commenced his
side when the Indians returned it with spirit and
put the sailors into confusion, who fled and the
whole party would have been pieces, but for the
regulars, Lest. Powell and all acknowledges. Six
who only wounded, but could not retire. He
left to the tender mercy of the Indians. Dr. Light
ner. Of the navy, killed. and every officer wound
ed. The regulars behaved nobly. Two of the boats
left, in Of which were keg Of powder and
box of cartridges with rum whskey, aud other sailor
corpforfsv",,Morning herald. [volume] (New York [N.Y.]) 1837-1840
1838-02-22,"SPROVED PAPEk--wishing TO reduce present stock
offer for sale the finest selection Of Cutlery every i'm
ported into the Uatrd States consisting OF Sham WhacbOne
Self p Buck and Stag Tables and with Carvers


match the package or from The shelves Ivory Table Cut
iery with without Forks Carveis and Scers match
in mahogany Rodgers, Crooks and Wastenhomes
Scissors and small Cutlery large a.sortmen small Cutlery
Marss Razors Evans Butchers and Palette
Knives Nut Picks and do Crackers Cork Screws and Cham
payne Openers; London made Dressing Gases and Bagatee
Tables.


just received fires supply ofour celebrated
Razors, which warrant good.


Merchants wishing this city advised examine soe
previous purchasing down town, we import direct from
the manufacturers.


GT Retailers supplied as usual


q Astar Ho,co","I pR0VED PxpEE W;shna ~ rsanee orr nreser, s,ocL",Morning herald. [volume] (New York [N.Y.]) 1837-1840
1838-01-26,"REGULAR COMMUNICATION.


II kemittanc-s and drafts with freight and passage to and
from Great Britain and Ireland-R0CHES COMMERCIAL
LINE The subscribers respectfully intimate ends
and the public cnealy that they
rang emens with them for the bringing their families
and friends by the early spring shps-ine first of which will
commence running from Liverpool The Isl February
nra VIII continue 20 TO run regularly week Afterwards
ahordng TO emsrants the desirable and eligible convey
ance they can have.


The detention of vessels Liverpool engaged this
having heretofore been great and just Of
the subscribers DESTROYS Of removing
ing vessel every week from Liverpool effect the perna
nent establishment Of such regulations their
as WIZ give eHire Satisfaction shippers further
ducemen for them TO give preference their Line all
or any transient vessels they shall invariably
sail on the appointed day. full ull take freight
when opposed 10 transient such
sure the support and preference shpp this Line.


The steamers employed their pnssen-
10 Liverpool. frsl cas.-runnng regularly
every day from the different ports Of Ireland Scotland
convenience OF importance those residing the
ports


In relation remtanccs, their drafts and post
Royal Bank Of Ireland"" paid sight, free Of dseoun
charge Ia province and
owns answering the Bank OF Ireland
a coavenence oaly by this establishment.


Their drafts we'll passage he
the regular packets slng l6th
zach month IN the Those residing In country
address b, letters (post paid which viii be runctuay
tended to- Further particulars be appca
tos nj VI South street New York.


daoSn. ROCHE BROTHERS CO","LIVERPOOL AND NEW YORK COM.


MEisCiAL LINE Packets.
81 Gys Ah ii",Morning herald. [volume] (New York [N.Y.]) 1837-1840
1838-03-08,"~ PROVED PAPEk-wishing to reduce present stock
offer for sale the finest selection of Cutlery every i'm
ported the Uated STATES consisting 81 sbsms whsebone
p and Tables and with


match by the package or FROM the shelves Ivory Table Cut
with without Forks Caryeis and -ccrs match, do
in mahogany Rodgers, Crooks, and wastsnhoime
small Cutlery, large assortmeat small Cutlery
almost variety; Rogers, Butch
e and Raror Evans Lancets; Butchers and Ps~ts
Knives Nut Picks and do Crackers Cork Screws and Cham
payne Openers London made Dressing Cases snd Bsgaee
Tables.


received fresh supply ofour celebr Msthe
Rarors, which warrant good.


vis ing advised examine stock
previous to purchasing down town, import direct from
the lecturers.


az Retailers supplied as usual


re- Astar",,Morning herald. [volume] (New York [N.Y.]) 1837-1840
1838-03-08,"A Happy New year.
ira FROM JONATHAN MUGGs, AT THE MANOR HoUs


MS MASTER IN TOWN.
Honored Sir, have written 10 say


The poachers have taken your game;
The greyhound has worried the rabbits


Your favoriie hunter Is lame
Your aeighbor has entered an action,


The bull dog has bit his pigs ear
NV duty 10 you and the Missus--


Aad wish You happy New Year.
planted the bulbs that you sentus;


They were putting up beautiful shoots
Butt sow cot into the garden.


And rnmmaged them up by the roots
The cider we sade is all spoit-


Fberes singular taste in the beer;
We found we had mashed up puppy
but wish you happy New Year.
LORD Beagle has left you his card;
lie was here with the hunt and the hounds;
They came al fine sappng pace;
But they've terribly cut up the grounds.
AZ seems that they met With check,
the dollhouse had sheltered the deer;
Tvs broken the plants an. the glass,
But wish you happy New Year
The hay wasn't sold at the market
Cause somebody fred The stack.
Old Cheatsm's estates very bad;
And your bill nyon Buggley's come back
don't think you'll ever get sixpence,
find that he's much in arrear;
The man you were bound for has bolted-
wish you happy New Year
NV duty TO Missus. and tell her


The parrot walked out OF her cage,
BY some means laid bold her album,
And picked into bits every page.
Her ne phew hos got in a scrape,
And hopes you'll al once interfere;
Ien sovereigns the barmad Is aSino-
But wish you happy New Year
/ trust Missus finds herself better
q. her terrible winter complaint
(The damp has got into the study
And spoiled a great deal ot the pant)
I'm sorry 10 hear your attack
O the govt has been very severe;
Mr.. Thomson has sunk under his;
Bat wish you happy New Year
On the opposite side of the river.
Just facing the drawing room door
They're beginning so build up a soap ry-
The rops IN the summerhouse floor
The floods have much damaged the piles;
The bricks ne by ore disappear;
The carpenters sent in his bill:
But wish you happy New Year.
| sent, BY The coach, up a basket
Two turki8s Two pbeasaR;s. a goose;
They were all so crushed by the luggage
They really cont seem fit for use
The guard brought 'em back in furry,
Ana said he was tiummoxrc with fear;
Twas all through the man al the office;
But wish you happy New Year.
The servants desire me to give YOU
And Missus, their dutifu word
And hope you will not be down hearted
AT all the mishaps that's occurred
Fer you are an excellent master,
And one that we al must revere
We'd chimney on fire last night
But wish you happy New Year.
p. S. I've had your addresses all posted


They look very well on the wall


Butaeelher candidates started


They say that you've no chance at all.


I'm sorry TO add that the thieves


Last night came visiting here


The only thing taken's the plate


But wish you happy New Year,","

| Prom our Eve~isg Edkies OF yesterdsy.l


Social Lyrics.

A Happy New Year.",Morning herald. [volume] (New York [N.Y.]) 1837-1840
1838-09-28,"SINGULAR CASE OF sUIcIpr-On Monday, Thomas
Badger ESQ held an inquest at Dalton Brock, the
body Of Mary Brown. young married woman, living
at Martin near Bavry. appeared that early in this
wear abe wa, engaged 20 be married to young man
living AT Nouinghamshire but, in consequences
Of the discovery Of some Prohgscy his part, she
broke of the match and, IN her veH,ion hastily mar
lov.r preyed upon her mind she dreamed about him,


,ncied that he had drowned himself aud that she
ceiyed communications from him. On Monday week
she came TO visit her relations at Rawmsrsh On Sun
day he feast day. her husband and father eiaed her


there and she catered heartily into all the enicynents
q the day. In the of Mosday she gave watch
that she had IN her and brooch to her husband,
and wcnt out, saying she gaing 70 buy few nuts
for her neces She appears however. 70 have walked
about miles from the village and drowned herself
ia The river Dun. She wore The time her wedding
bonnet With its white ribbons, ard handsome silk
dress. She IVES Young woman 4, great beauty. and
only twenty three years IT age. The iWy found YER.
diet ., temporary insanity. sksBcld repsr.",,Morning herald. [volume] (New York [N.Y.]) 1837-1840
1838-04-19,"Copy OF a letter received through the posi- Office:
Mr j. Lrvison, Division ST. Pew York


Dear SAt the guest % friend who has lately been
liberated from the fangs Of affection by the aid of your
nabe Hunters Red Drop address He tenders you his
sincere thanks and gratitude for the blessing he
al your haad having been radically cured, by magic
were using only part of phia of dang disease
which he had rashy exposed hnse
having received batb and lesson indeed truly
grateu tor the and hopes receive sauary benefit
from the other myself who witnessed lis effects testify
10 MS merits and Christian pianhropsi,
wish that the public may be made acquainted with lis
utility.


. pour thy balm upon wounded ord,
And let the banner of disease be fured-
Lifes embers rellome-whe yet one sparks alive,
And bid the kiadling glow OF health revive
Extend thy arn-the sufferers pang appeasa,
While grooming meath the demon of Disease
And grateful hearts shall all Thy repay,
When stern affconss chains are burst away.
Defencelcss youth-if PASSIONS firm control
Has placed thee where dark Of anguish roll,
Where sorrow reigns, and storms OF sufering fall
Where mercy's ear ne'er needs thy pilsous cal-
Then flee To him who kindly holds thee
Those precious Drops that soothe and set thee free
And wien thy ust aiflctisns DER,
Go, rescued ""ckild OF wrath Il more""


Yours respectfully, Il. q. +.
Sold at NO Division 81 PNc 81 per bottle. This letter
can be- The office.


NJ b The pubic will please take rotice that the genuine
Hunters Red Drop can be obtained other place the c
ty but Division 81. m2s-lm-","FVNO ALL THE ~ OKLD BE III X NOWN-


N HUNTERS RED DROP, blessing 10 The human race.",Morning herald. [volume] (New York [N.Y.]) 1837-1840
1838-09-05,"DRAWINGS, PLANS, Gc. &c


THIS invention will produce letter with It's copy NJ one


Operations or required letter with two fac SMILES V
sesd abroad wts single pen stye) which durable thai
IL will lsst Ter centuries without repair. .
This extraordinary apparatus, f It's simplicity ana dee
patch In operation well portability construction adj
solicitors merchants and persons travelling
or going abroad; they also strongly recommended with
recently improved Copyng and Carbonic Paper which
gsures Bankers, Commission Merchants Brokers and
write much and desire To Keep copies
or send duplicates abroad whom will prove great saw
ing OF time, trouble and expense.


Wilson'S Improved N0cta graphs


this who have had The misfortune 70
their sight others in the dark enabled 10 wrt cf
Their single duplicate without The aid OF asy person wna
ever The apparatus very sample IN its construction sne
mode ofoperaion that impossible can ta Of answering
purpose with the possible trouble 10 the writer


also particularly adapted TO the clrcumsanceso ner
vous and aged persons who hnd difficulty IN mansgnF
common Pens lax the Pens requiring repairs or reed
ing, and the Ink perfectly portable and cannot blot
Mandatory 40 Nassau street, 3doorsIrom Maiden lane.","WILSON'S


HIGHLY IMPROVED
PAT MT MANlFOL I'D w KITE n b",Morning herald. [volume] (New York [N.Y.]) 1837-1840
1838-04-03,"Doctor Carpenter having had the sdvansges regular
medical education and having reeeved his Diploma for the
OF Physic and Surgery, from the New York State
Medical Society, and having hsd twenyx years general
and very successful practice In this city, devees bis personal
and uadvided the OF ell diseases incident
fra humanity and particularly 10 certain class train
diseases for which nosrus spd plans u medicOs
to be treated agreeaby the symptoms that may
the various stages and changes they sssuwsand
Lence the satisfy any discerning mind thai
10 specific nostrum can be applicable 10 all eases


The extensive xperence Of DR. Carpenter In all stages and
varieties Of this disease enables him TO oHer speedy


thorough cure and adept class Of medicaes arranged
and offend the Iced uspciop


totally unknown to the ordinary qussks Of The
day. -
the privacy Of patients. who never contact
Charges and adapted tn the capacity 81 the patient


An nfar preventive OF certain diseases be obtained
he of6r iI-Jms",,Morning herald. [volume] (New York [N.Y.]) 1837-1840
1838-04-18,"BEAUTIFUL WOMEN AT CossTASTiSopLE-Here
the traveller may numbers Of specimens Of Turkish
and Armenian yosth and beauty. The veil which CO.
the mouth just passing under the nose. leaves so
much exposed often display such perfect features
that regrets that the mouth and chin should be in
visible. Amongst the Greek wemen here also found
some that were extremely handsome. The beauty OF
the Turkish and Armenian girls has peculiarly in il
which l have seldom seen in the West: the skin 50
clear, thoroughly pure, that frecke. spot nor
redness which often inrudes in ladys complexion are
these females fair faces form Of the nose
oxgusitely defined the nostrols small and delicate
unlike those OF some women that have even heard
called pretty which appear like gaping unsightly
heles, and set sometimes nearly vertically instead OF
HORIZONTAL their eyes exquisitey clear that part
which is commonly called the white of the eye pure
and blue their eyelsshes dark and silky giving so
fine expression the eye. European ladies' tell me-
that when the veil down. and the mouth and chin are
seen, the face does not appear handsome and am
convinced, from long ebvervaton and having devoted
much time add study to ply sognomy that the mouth
the feature which sins the oenest and that there are
many persons in countries that boast OF
any sther feature being fine than the mouth all through
out the East is apt TO be tao large. This char
acter find in the Jews, who. doubtless originally
from the East and sill preserve that style Of face
generally throughout ASIA Heroes Residence in Tur
Key and Greece.",TMr. Forrest is playing at Albany.,Morning herald. [volume] (New York [N.Y.]) 1837-1840
1838-04-27,"III strangers arriving respectfully formed that this
ens highly sligby located establishment sow per-


anently arranged the plan and offers induce


epts Of economy, eomert and convenience,
which, presumed, cannot be eauaed by any hotel In the
ejv strangers particularly, will fad In every way desi
rske their meals obtained IN the same style At any
hour the charges made only for What orsersd or
hsv NAV prefer al charge Dollar and Half per day
The lodging the best eoodten and The house
trrs admits OF the recs ventior Families
can ne either the ladies' ordinary their
private which the house affords large number
.uts furnished The bar provide with the
bes Of ouors under the
r. Holt being well converssnt with The French, spa
Man Italian wh be able extend better fac


lies 70 gentlemen Of those nations who may pstropre the
bosse The dining department conducted by asa HOLT


where will found every Of the hest which the
Furnish, with super.r hot coffee and tea TO the pre-
parng which special attendance given The basement
story Is conducted by STEPHEN HOLT Sea, where, upon
his rood old fashioned par he viii he bappy ~ hrs


friends with the best Of fare on his accustomed reasonable
terms -.


NJ b. Open at all lesrs Of aeriehr s2s-Im",! a.. Tys HOTEI.-NKw YORK-The public q,Morning herald. [volume] (New York [N.Y.]) 1837-1840
1838-03-30,"MADAME ArevsrA was received with uproarioss
applause in the Bayadere on Wednesday evening at
the Park. Since her journey down the Mississippi,
she has increased her physical power, probably from
the fine bracing air Of ""old Kentuek."" She leaps
higher than ever, without losing an atom Of beauty
and grace. The house was very goec-all the ""ch.
valry"" Of Wall street being present Al the close
she was called out and made most exguisitely
graccfu eurtsey to the audience. Augusta 10 beau
tful woman, and her limbs are the most superb in
creation She outshines Leconie, bot the sres, Ce-
lsste 10 the great Celeste still",,Morning herald. [volume] (New York [N.Y.]) 1837-1840
1838-06-20,"~ THE subscribers beg leave respectfully inor their


friends and the public that they have just reopened the above
establishment after making alterations and additions
10 IL The prepared and ready accommodate those
who be pleased favor them with their naronagc
Hitherto they have had liberal share public
they hope from their late important improvements and by
their strict attention 10 business receive Increase OF ""
The Library present 60o0 volumes, and
the intention OF the subscribers enlarge from ae tme
as The wants OF their patrons may ecm II IL S
Systematically ranged comprises the greater part ohe
approved works the following suhjecisHsry. Bsg
Philosophy Classical and Miscellaneous L.era
In addition The foregoing they would
ensve collection OF works fiction Perhaps Library IN
the city produce greater varied collection
Ne effort has been spared render this depart
ment OF their Library compee possible. II contains
lag accesons ofnew works from the press both Of this
try and Europe Is also supplied with IS American and
European Periodical works. Together with fine collection
soc Plays, acting and standard


In conclusion they beg leave state that
their part shall be wanting make cir Library sbperor
possible 20 any In the city and thereby resderisg
verify Of general patronage asd support.


Jef3.tf ia m a. LANGLEY.","chatham Circulating Library,


Ne. 81 Chatham street.",Morning herald. [volume] (New York [N.Y.]) 1837-1840
1838-10-12,"II Masonsc Hail IS funny place al least it .
used for vey funny purposes. One night fad
Bltz, the magician, ,here-anolhcr night We find
learned pig exhibiting his powers anon we see Fan
ny Wright and her hackers spouiing and fighting on
Sunday night-half dozen Toll over car h. ads
and we see BOBBY Brooks hasangung a strange
medley mixture Of individuals upon a strange aimx.
tare of matters. Verify and of truth truly the wing
party, respectable, and talented, and influential as
they really are, never attain their object unit,
they east such iFprudent JoRahs as Noah Webb,
and Bosby Brooks into the of oblivion. The
meeting last night was well at,ended-;he wings
there were very numerous sns highly respectable
there was far less dr. hiking and rowdysm than at
Tanmany Hal,-and the object OF the meeting was a
high and hallowcd one. Bu, the same want Of tao,
and talent their programme and speakers as evi.
dent that peryades most OF their reetnzs The same
endless nossenscal jsrgon from rabid time serving
politicians, with empty heads and empty pockets
The same repetition of abusive slang, epitheis, and
senseess sayings about persons and particulars that
commercial community and the administration. The
resolutions werp good-the rest OF the meeting was
| leather and Prunea. There Is too much eternal
talk talk talk What the wing cause requires 10
advance it, is steady and jsdlcous bu, determined


action. general sacrifice of individual interest for
the general good And unless the wings act thus,
they will deserve little merit than the locoiocos
and will get seupdly thrashed at the coming as
the lecofocos were al the last election.",,Morning herald. [volume] (New York [N.Y.]) 1837-1840
1838-04-09,"Doctor Carpenter having ksd the advantages OF regua
medical education snd having received hts Diploma for the
prscuce o Physc and surgery, rom the New YORK STATE


sd successful practice In this city, devees his
and undivided ser,op the OF ell diseases incident


rs humanity saa particularly 10 certain class train
dsases tor which 80 many nosruss snd psns ~ neaciu
be ues,ed asreesby 70 the symptoms tbst
and the various stages and changes they
hence the iesstrehector snv discerning mind
specific nostrum car he applicable TO ell eases


The excessive experience of DR. Carpenter all stages
varieties of this disease enables him offer SPEEDY
thorough cure and 10 sdopt class OF medicines
compensated offend


compounds totally unknown ordinary qussks
day.


Inc privscy Of patients who IN CONNECT
Charges and adapted the capacity o be pattern


A infsble preventive OF ccrsis diseases otsiped
the ofRce-Prce, 81 jISms",,Morning herald. [volume] (New York [N.Y.]) 1837-1840
1838-04-09,"Forth from her bower the maiden wendell,
Al loves victorious call,
Where broad the marble steps descended
Upon the blue canal
A sudden brightness with her bringing,
As though from out the main.
Its light the vanished day was finging
Threugh sunsets gate again.
by yender shaft he leans TO hide,


The proud impatient boy
I'll steal upon his song!"" she led,


In girlhood's rosy JOY.
And CHANGING on like cushat fleet,


She gained the sad Inoonshine:
By Heaven, she stumblesi and her feet


AJAX plashiag-noi in rhine.
One lookout come. Well leave her there,
To madness and the moon;
A sweet lutte shvered by Despair,


With every strisg In tune.
A glorious bud from verHal earth,


Snapt as its bloom was blown
A grace in Beauty's bounding mirth,


Struck Instantly 10 stoae.",,Morning herald. [volume] (New York [N.Y.]) 1837-1840
1838-03-05,"DATENT LAMPS, WARRANTED-Improve


Mechanical and Lamps recently Invented by
Messrs Ocean Co. Paris superior to any former isventvs
o their utlii and beauty.


The subscriber sole agent and importer In the United
States Messrs Decau Co, bcgs leave respectfully
ladies and gentlemen this city that he open
No 10 junction ofMaden Lane and Liberty
up stairs with complete OF the above stated supe
rsr fashionable Lamps which he intends keep constantly
thereof with call being confident that this
Gle entirely from the popularity has already
among fashionable circles In Paris and from the
tensive which constantly received, that It's
fail be duly appreciated Ivy thsinergent
nifty seconds being besides sufficient TO examae aud
recognize all is useful Properties the mechanism being
ecy plain construction and operation, and being
same tine object Of curiosity by itself.


These Lamps be adapted any purpose in the way


illumination and he asserted without hesitation
geraton-ha alone produces light equal 10 Is sperm
candles One OF these lamps he used discretion whou
the least nj teratos the mantle piece, the table
| very simple combination adapted ns a chandelier.


OF b. peculiar peres this ingenious invention
the ginss tube and the wick that resua,es TIN
light the latter not in the least increased by the raising
diminished by the lowering Of the wick except however when
total extinction II requires.


Another peculiarly slss OF II that the amr
used, becoming clarified by the functions Of
which wound In the evening""
The light suitably regulated snung further aenos
required for the whole night


The subscriber hand full plain
easily adapted Candles which gives them the APP
fancy lamps and they agreeable
gentle light very recommending industrious raden
and writer's There alse such fancy o larger de-
scrptoa, and fancy globes attached TO the above lan


ji2-Sr' AU0'N DhCON",,Morning herald. [volume] (New York [N.Y.]) 1837-1840
1838-03-14,"COURT OF SESSIONS, Monday, March 1.-THE BAN.
BERs.-The of these called up, and FIVE
six Of their lawyers endeavored to make speech
hut the Recorder cut them all short by stating in sub
stance that he considered the State law
tutional and that Governor Marcy had sent back
him. FIR his action all the documentary evidence &c.
the subject he should decide dischargng the Bam-
bers Immediately.


Mr. NJ Blum, appeared and stated that under advise.
ment he should decline prosecuting the subject fur
ther


The Bambers were then released, amidst the cheers
of the assembled crowd When they reached the Park
the assembled multitude again gave their feel
ngs, IL long, loud, and continued cheers All parties
then went take a horn",,Morning herald. [volume] (New York [N.Y.]) 1837-1840
1838-06-20,"STORM AT SEA-Thc awaking ofthe winds the
IL frequently attended with signs and psrtenn
sublime any the fancy conceive. On the present
occasion the breeze that had prevailed steadily for


week was succeeded by light bsfisg puffs IT,
scious ofhe mighty powers Of the airs that
bling In their strength these inferior blasts hurry
ing and fro for a refuge. The clouds, too, were
whrlng about in uncertsin eddies many Of the hesv-
and darkest descending low along the horizon
that they had appearance Of settling the waters in
quest of repose. But the waters themselves
naturally agtated the pillows, longer following each
other in long regular waves were careerng upwards
like fiery suddenly checked in their mad
reer The usual order Of the etcrsaly unquict
lost in species Of chaotic tossines Of the element
the seas heaving themselves upward without order.
and frequently without any visblc cause This vas
the of the currents, ssd OF the infscnse of
breezes still older than the last Not the least fearful
symptom Of the hour, the terrific calmnsss Of the
air amid such scene Of menacing wildncss Eve~
the ship into the picture AID the impression Of
intense expccsssn fer with her reduced she
seemed have lest that instinct which had lately
guided her along the tracklcss and ""wsllcw
ing"" nearly helpless, among the confused Sin
she beautiful and a grand otjecs-Psrhsps tho
that than AZ any sther Tor Ter v.st
and naked spars, her well supported mssn snd az me
isgeaieus and complicated hamper sfthe machine
her q resemblance 10 snewy and ggsnue gisns--
pacing the arena in waiting for the conflict ns ~.


n hand. This is extraordinary scese ss'd nve~
who chung to her fathers arm she gsrcd ser
equally In admiration and IN awe; /"" dread esn,o'oss
ofthc sublimity Of nature. Cooper Hessrsra Sssse",,Morning herald. [volume] (New York [N.Y.]) 1837-1840
1838-02-21,"OPROVED PAPER Wishing To reduce our present stock
we offer the finest selection Of Cutlery every i'm
into the Uued States consisting fShams Whaobone
Self ip Buck and Stag Fables and Desserts with Cavers TO
malch by the package from the sheve Ivory Table Cut
lery with without Forks Carveis and Scer 10 MATCH
In mahogany eases Rodgers, Crooks and Wassnhome's
Scissors and small Cutlery, large sentiments small Cutlery
o. common makers almost every variety 10 gers Butch
es and Mars Evans Lancets; Butchers and Palette
Knives Nut Picks do Crackers Cork Screws and Cham
Opensrs London made Dressing Cases and Bagatce
Tables.


Just received fresh supply ofour celebrated Mathematical
RaZors, which warrant good.


Merchants visiting this advised examine stock
previous chasing down town, import direct from
the manufacturers.


"" Retailers supplied as usual -","CHEAP CUTLERY F0H CASH Or AP
81 shinpfn rsduc nur mt",Morning herald. [volume] (New York [N.Y.]) 1837-1840
1838-08-20,"NEW YORK TATTER sAILS-Thr subscri-


Der having the lease OF the above wei knswn
and extensive establishment from Orlando Moore bsg leave
inform his friends public the friends OF the above
establishment that he intends to devote his personal attention
and please and all who hiai
their commands To buyer seller Of horses
rsges he wiendeavor give satisfaction Gentemea
furnished day, week month, with superior
modaons fer their and carriages livery and the best
attention paid them.


He also respec fully invites horse dealers om the country,
when visiting city, and having good horses for sae TO give
the New York Tatersasr csll-,he superior sccomme
dstons the place, giving the advantage other
establishment Of the Kind in the city. q. w. MILLER,


aulg $46 Broadway.",,Morning herald. [volume] (New York [N.Y.]) 1837-1840
1838-08-20,"3O3 BROADWAY. ENTRANCE IN DUANE STREET,
attends Diseases ofe Eye and Hperctons Of Piston only
~ from many ears study and undivided under
the celebrated in Europe aad one OF the best
operators Amercs, with the extensive and successful
practice IN the Union, DIR e. with confidence that
he the perfect ven subject the most
disease with very little pain inconvenience
his patients they in being capable of attending their
usual avoc ations while under ueament.


OPTICS.


The enthusiasm with which Dr. has studied the science
Of Opucs Is essential the ocus has enabled him
piete his newly invented optical Instruments by the magnify
ing power which he detect the slightest indication
disease imperection of vision. aul6lms","DISEASES OF THk EYE.
DIR. Elliot, OeMliss.",Morning herald. [volume] (New York [N.Y.]) 1837-1840
1838-08-20,"AT TLOYD'S SALO0N-No. So BEEKMAN
""A STkEET-The public can be lated all hours
with Breakfast Dinner, Tea and supper and every luxury
or deicacy affords will be served up in style
surpassed 1.-The Bar well stocked with the choices Wines H.
quors cigarsReadng Room applied with all the leading
papers Union Attached to the establishment there
retired Billiard saloon, where gen,m who
fond of This fashionable game uniting exercise with amuse-
will fns splendid tables, with every convenience
for the enjoy ment OF players and spectators.


The Undersigned grateful for past favors, would take this
heretofore bestowed and promises that no
shall be spared aord every comfort and accom-
alton who may favor her with heI patronage
Dinner Supper Parties and Clubs be accommodated
with private aeay furnished good attendants and
with the choicest wines aad viands-


SARAH FLOYD, Proprietor.
B-The business will BE- under The i'm mediate superin-
tendence dwin Floyd who takes this opportunity OF In
forming his friends and the public, that personal exeron
shabe spared render every aerten and accommodation
TO those who may favor the establishment with call.
uie m",,Morning herald. [volume] (New York [N.Y.]) 1837-1840
1838-10-06,"CoKoNER's orrIcE.--Snpposed Lore and Suicide
An elderly lady called THURSDAY evening at the
Coroners ofics, and Showed his clerk letter which
had been that morning found the dressing table OF
young lady, who had few hours before left home since
which could be found OF her. and her friends
feared that she had committed suicide. The letter
written by Miss Mary Cecilia Rodgers, who resided
IA Pitt street. and directed 10 her mother. In
this letter the young lady took afectonste farewell
Of her mother and informed her that she had left home
with the fixed and unalterabe deter miaaen destroy
herself As the mother Of the young lady re
ceived the letter. she messengers in different d
recons in search Of her daughter but up late hour
on Thursday evening they had not succeeded in dis
covering any trace Of her The young lady il appears
had time back attended in a store in Broadway
and while there, had been, for several mepths, raid
particular attention by gentleman, who since ceased
his stentous and left the city and il is supposed that
this circumstance had operated upon the young lsdys
mind as 70 produce the occurrence relate. When
leaving her mothers house, on Thursday morning she
was dressed IN brown satin frock Tuscan hat, and
wore small red silk handkerchief on her neck.",,Morning herald. [volume] (New York [N.Y.]) 1837-1840
1838-10-06,"This VI the vi test IN the city end has
bees considered second 10 IN the United states,
reputation has been earned and sustained the great
eynsed give IN every Instance complete satisfaction. The
specimen books exhibit examples ~ vidng and Commercsl
Cad Engraving n res the delicate Isan Tor
LADIES hand Ia the old Epeb and Grecs- character the
eIecuuon OF which esrrss with It's conmerdsiior
The with puest enamel having the surface
highly polished and psie 81 the hses impress
aon


Silver Plated Dcor and Number Plates, the plating Of
which dnsusly hickthe silver being expressly relied Tor
the subscriber


Lel,er sisrps Consular and Notsrial Seals


Brass Door Plates and Knockers


Coat, of Arms Cres nc silver Spoons KNIVES Forks
nc Inscription op Rings Lockpts, nc.


CurLnay-Just imported most spepdia assortment OF
Rsror Inss Pearl and livery They are "" cases choice
ucles sd are warranted GEO. "". STOUT.


n Sou c.rrer Of MAIDEN lave and Broadwsy","- T0yT,s ENGRAVING ESTABLISH",Morning herald. [volume] (New York [N.Y.]) 1837-1840
1838-02-01,"CUTLERY ESTABLISHMENT.-H com.
~ pleed arrangements with the mvnuacturer land
wishing stockl offer FOR SALE either by
Inc package or from shelves tor approved paper
one Of the choces Table and Small Cutlery the
Usited stses-amongst which silver, pearl and ivory
handle table ard desert Knives and Forks self tip white
Bone asd shars by the package.


Rogrr Crooks, Marshes and Butchers Rsrors and snail
Cutlery, in almost endless variety ladies' and gentemrr
Dressing Cases. Bagstes Tables, and Travelling Cases
belt holster asd duein- Pistols; Nut Crackers, Cheese
scoops and Champaign Openers Furnishing sta
TONERS and alters supplied ss Beuai


sole agent. Tor The sale of Mrchs Srops Rsror kc
nc GHANkLbf WREAk~,


Sim Astar House.","DHICE REDUCED TO Is CEnTs.-ExHl.


Il BiTION or ELECTRoMAGNETIC RAIL ROAD,

CUTLERY EsTAu sHMENT.-Hav,ny c,",Morning herald. [volume] (New York [N.Y.]) 1837-1840
1838-05-22,"Ii AND HEALTH RESTORATIVE To persons suffer.
ing from the abuse Of mercury and the ec
order imperiecy cured with disease sla
lurking IN the stem sspPng the yitals and undermining
consuutin this medicine indeed invaluable.
tive and purifier OF the blood is particularly adapted 10 those
afflicted with The sypttic and mecurial rhe uma,im with
pains in the bones sometimes nded with and udura-


ions tedious indoent and scrofuus ulcers and
pains the head dcooralion and eruptons tie skn with
falling off Of the hair attended with general debility This
medicine while il ceanses and PARTIES the blood eradcatng
particle ofdsease, at the time
ton aids digestion and imparts flesh tore and
whole SYSTEM renovatng and restoring the broken
ion, when all other remedies of no avail.


Sold at HUNTERS Medical Office, No. Division street.
where the unfortunate call without fear Of exposure. Al
as folows:-5s North Sixth Philadelphia; Beaver
ST. Abany hanoversL Boston; ""a Camp New oriean
and in Louisville, Ky.


Price 50 bottle. I'm","ElUNTER,s ANTI-MRF CURIAL SYHUp
IL AND HEALTH RESTORATIVE-To persons infer.",Morning herald. [volume] (New York [N.Y.]) 1837-1840
1838-07-13,"NEUTRALITY-SUSPICIOUS. T. HANIN0rON has
~ the hoaor the czens Of the Uncs States ha
he has ready disposal ttersu aat most noble
breed Of Dogs the Mount kernard whose useful qualities
are TOO well known need much cemmen Their ssgacy
and ahfulness makes them invaluable companions OF which
need further than the charitable offices they
made perform Mount st. Bernardo where they are
kept by the monks travellers from The eternal SHOWS
that this mountain and who would other wise PERISH but
for the timely aid afforded by these dogs who ter size and
strength unrivaed that renders them well
calculated protect property and guard from the assaults
OF wisss punderers well 10 watch over The lives at
their many Of whom their existence 10 these
friendly companions of the human


Als0 for SALE NewfouOda Wheps, which
for size and beauty be surpassed and who bred
from the celebrated dog Oscar Early application will insure
\ choice selection.


In Mr. Hanngtons collection will be found several valuable
dogs including Italian GreyhounAs, Poodles and Lapd


NJ Is. On hand, choice Meckng Birds In full
and animals OF various descriptions forming altogether most
interesting exhibition.


Admi IS cens552 Broadway opposite the Lyceum.


ieI Ipix",,Morning herald. [volume] (New York [N.Y.]) 1837-1840
1838-01-15,"III Remtancrs and drafts with ire
from Great Britain and Ireland-ROCHES COMMERCIAL
LINE The Subscribers respectfully intimate their friends
and the public cneray that they
rangements with them for the bringing Of their families
and friends by the early spring hiptbe first will
running from Liverpool the LIST February 1885,
and will continue regularly
aordiug emigrans the desirable eligible
they have.


The detention of vessels Liverpool engaged trade
having heretofore been great and complaint
the subscribers DESTROYS OF removing
ing vessel every week from Liverpool the perna
establishment OF such uations in their sailing
will give entre satisfaction TO shippers and further
arcemen for them TO give preference their all
transient vessels guarantee they shall invariably
sail on the appointed day, full a fu take freight
when opposed to transient vessel such will
the support and preference shippers this Line


The steamers employed for the convenience their
gers 10 Liverpool Of the first class-runnng eulary
every day from the different Of Ireland Scotland
convenience Of Importance to those residing the
ports.


IN relation rcmttance their drafts and post
Royal Bank Of Ireland are paid al sight free OF discount
towr answering the Bank notes,
convenience only by this establishment


Their dras, well passage orders be by
the regular packets sailing 9Th 6th and oath of
zach month in the Those residing country can
address by letters, (post padl which will be puncuay
tended to- Further particulars he on aprca
ton al 81 South street, New York.
deO5m~ ROCHE BROTHERS Co","LIVERPOOL AND NEW YORK COM


MERCIAL LINE PACKETS.
Ill III III t

REGULAR COMMUNICATION",Morning herald. [volume] (New York [N.Y.]) 1837-1840
1838-04-11,"Doctor Carpenter having had the sdvasges Of regular
MEDICAL education and having reeeived his Diploma for the
practice OF Pbyse and Surgery, from the New York Sts
Medical Society and having had twenys years general


very saccxssfu practice In this city, devces his
and undivided attention. the of OIL diseases incident
ral humanity, sod particularly 10 certsn class train OF
diseases which and plans ~ medicine
ssoupd IN the columns of the Diseases require
to be uesed agreeaby 10 the symptoms that prevail
and vsrisus and cbsoees they msy
the least reflection satisfy sny discerning mind tina
10 specific nostrum car lie applicable 10 oil eases


The excessive experience al DR. Carpenter IN all stages and
varieties ~ this disease enables him otter speedy
thorough and sdep, class OF medicines arranged
and Offend the lead suspicious


compounds totally unknown to the ordinary quas Of The
day. -


Or Separate and Offices hsvebeen srseeed for
the privacy OF patients who never contact
Charges moderate and adapted the capacity Of the patient


An nnble preventive OF certain diseases he obtaioed
the ohice-Proe. ""a Ism","IL DIsPENsAHY, NO. a, PECK SLIP, 6rs do'",Morning herald. [volume] (New York [N.Y.]) 1837-1840
1838-08-14,"III Kris TOOTH PASTE-As elegant highly
"" approved Den,rifcc.-


To give a pcsr!y whiteness 10 the teeth,


X ephance the charms and besuty the mouth.


And add fragrant sweetsess 10 the breath,


Is an attainment lang devcuty wished,


Though meier tlhow effectively achieved


Tisc Orrs Tooth Paste happily insures


THIS much desired result, ss will It's use,


With prenpipess and high satisfaction, prove.
The ORRIS TOOTH PASTE, while ID beautffes tho
teeth, removing and preventing every appearance OF
ur'sr and giving 10 them clear and pesy witeues, I'm.
proves the color Of the lips and gums and gives additional
beauty 10 the su observable Of the moBlh-by It's siniectng
properties greatly ends the teeth from decay,
and se impss that peculiar the
breath for which the Orris Roots Justly and extensively
celebrated. For sale vht lesale and retail by


III. G. HART, No It's broadway,
s2I-y corner OF Courtandt st.",,Morning herald. [volume] (New York [N.Y.]) 1837-1840
1838-09-27,""" THE Subscribers Sole Propretcrs and Manufacturers
prepared with despatch all orders for their
Unrvaled Patent Sweled Beam Wiad Beadseads which
universally used being the best article
yet Notwithstanding ease convenience and durability
The sackng acted upon the wndlss and sweed beam
made perfectly light and free from all liability TO still
leaving elasticity in the same which readers
easy simple in construction the matter of putting and
taking will be found Of but little trouble in Comparison
with those Of any other construction, whilst the precision with
which the component parts fitted, safeguard
against the introduction of any kind OF vcrmin


taken render each Bedstead perfect their
qualities durability will recommend them to purchasers
invited call and examine large assortment now
hand.


Ao large assortment of elegant Frnture, Mattresses,
Feather beds, &c constantly on hand,


j. W. h c. SOUTHACK, No. 1876 broadway,
iel5y ODD ,ste the Franklin House","PATENT WINDLAsSI
r r. DIS II r. A ID.",Morning herald. [volume] (New York [N.Y.]) 1837-1840
1838-07-11,"III MANSION HOUSE, Port Jefferson ilats Drowned
Meadcws) The subscriber has opened the above
for the reception Of company transient permanent The
house large, buk especially for the hssaess and
ranged with every for the comfort OF vite Ii
ted at The head OF, and commanding view of
bays on Long Island, which usounds with fish and fowl
rages will in readiness all times and handsome sail
boats fer the accommodation of company. line OF stages
run twice week and from New Yerk viz: per rail
10 Hcksvir Also weekly The island Patchogue
and areguar packet weekly from foot Of Oliver street,
sides other vessels almost daily. Terms moderate


BENZ. +. WiLLSE.


Fort Jefferson, l.. l., June 80, 1888. jy2H",,Morning herald. [volume] (New York [N.Y.]) 1837-1840
1838-07-25,"F"" NAL ACKNOWLEDGEMENTS the
dreadful steamboat accidents and consequent, loss Of
lives tina, have occurred within the last year in every
section of the country produced principally by racing
and the loud denuncaiions of different Journals ganst
steamboat racing. still find exchange papers pub
fishing approbatoy cards and audatory peans and
graphs. respecting the speed Of certain steamboats,.


The Detroit Advertiser says all those who appre-
cate speed will travel by the Milwaukee,; and with
other journals And the city papers this morning all
growliag about the arrival of the Royal William
and cendemning her a slow boat. Out upon such
verse than foolish inconsistency.",,Morning herald. [volume] (New York [N.Y.]) 1837-1840
1838-08-23,"LIE. Ei10t, OeuLSts
3O3 BROADWAY, ENTRANCE IN DUANE STREET,
Diseases the Eye and Impocios Of Pison osly
III From many years study undivided under
the mss celebrated surgeon Europe aad OF the best
operators America with the extensive and successful
acce Union DIR e. with confidence assert that
he restores eye perfect vision subject the
his patients they general being capable of attending their
usual avoc atoms while under treatment


OPTICS.


The with which Dr. r. has studied the science
of Opucs Is essential the ocuist has enabled him to
pete his newly invented optical Instruments by the magnfy
ing power which he detect the slightest indication
disease mperiecton OF vision. auls-lms","DISEASES OF THE EYE.
DIR. Elliot, OctIist,",Morning herald. [volume] (New York [N.Y.]) 1837-1840
1838-04-05,"Monday night, was a neat little concern. Several
very pretty girls graced The with their presence
Miss F. a perfect little fairy, with her dark tresses
hanging in nnglets round her laughing cheeks, dis
played most elegant movements ira the waltz and CO.
tilon. She was dressed in white, with black bodice
and long dark ribbon flying from her waist. In
the German waltz the pcturesqueness Of her varous
movements extremely beautiful There was
form, arrayed in white, who danced with peculiar
modest and graceful air-Miss H., if mistake not
also Miss L., Miss B., Mes t. and MISS H.. dressed
in orange and white. The coon and the waltz were
alternaed during the evening Mr.. Schaffer was the
master osthe ceremonies, and better could not be
found. HIS very polite and attentive to all pre-
seat. DR.. Duncombe, the Canadian patriot, was pre-
sent, and was delighted with the dancing. Better
than fighting in Canada.",,Morning herald. [volume] (New York [N.Y.]) 1837-1840
1838-05-05,"70 Some are beaten into sotoriey-some are
written into noteriey-snd some are blown into noto-
rie,y bat ell the elements Of creation seem to have
combined bring friend Charley Deavsn into motto
riety-Kings, Queens, England. France, the Atlantic
Ocean, the United States. the Revolutionary War,
Martin Van Burea, Temperance Society, Andrew Jack
son, Queen Victoria, United States Bank, Governor
Marcy Nick Bddle, Hesven and Earth, Air, Fire, and
wateri Some how or other he is mixed up and con
nested with al these Butt last FIRE and water,
have done more for him than the ofcreaon they
have caused him TO Ct up store. Ear from his
old one, which gees ,seis ahead Of any other in the
city. Go and ace him:


Over the wser and ever the lea


Asdsvcr the water 10 Charley""",,Morning herald. [volume] (New York [N.Y.]) 1837-1840
1838-04-26,"Sprochfy ing.


Drinking. d, ing,


Lsnghiag, CRYING,


Suab n set OF merry me n caA meet earth more


""The Dog Star RACES""


Our European Asiatic, African, and American read
ers have all been told that the first steamship that
came direct from Europe to this great continent
reached our shores ON Sunday night.


50 far. so good They also have been told that the
whole city thereby thrown into state Of delightful
commot,on. from which il has not yet recovered


Our Corporation determined 90 on board the illus
trious stranger, and give her hearty welcomes but as
Corporations have souls, and generally very heavy
lazy bodies IL took corporation six an thirty hours
20 get their up aud get well under way Aier


good deal of backing and filling shsning and sweating
club hauling and keel hauling during the day on Mon
day and Tuesday the Corporation including the Mayor
and select few"" of very select made their
appearance the Castle Garden stairs about high noon
Tuesday, which means one O'Clock.


But as we do not wish get ahead OF our story, we
shall just state what and heard bona fde just as
il was said and done from the commencement of the
concern.


After spending all the morning in examining the truly
gorgeous and superb saloon of the Great Western
hailed one Of newsboat captains, Tom Boxer and
told him To bring the Heralds LIST alongside
aye aye sir. said Tom placing his brown fore finger
right angles with the rim of his hat, of war fash
ion, ""Aye AVE. sir And sutng the action to the
word the Teazer placed uxta position with
u.s. and skimmng the surface Of the
East river, in the beautiful little boat.


just ahead of us went Eve and twenty, beautiful
sharp, long low, black boats, Including barges
gigs, &c. &C.. belonging the United States
Navy. These boats lay to in most handsome order
off the Battery stairs. and tosk board the Corporana


The Teazer steered by Tom Boxer glided gracefully
by the beautiful little moschetto feet giving and receiv
ing hearty salute As passed the head navy barge
the little dapper Mayor of New York, it'll his
little dapper wig. and his bright and twinkng
little eyes; irmediaely opposite to him. in the
sheets, the mrth moving rich round face of the
President of the Board Of Aldermen. supported on his
left by that excellent father of the city. Alderman
Taylor, of the ward wherein chronicle these doings
He supported on the left by gentleman who may
be good man, but who cannot be better one.


Bensons quick, laughing eye, caught
passed Look, Taylor, look"" cried Benson there's
the Herald's Teazeri Mr.. Mayor, Mr. Mayer, there's
Tom Boxer and the Teazer The Mayer turned his
head, and gentlemanly he always bowed with
much grace and suavity his sitting position would al
low. We saluted the barge in capt. Striag
err"" said the mayor, the Herads boat salute, YOU
The good locking, genemaRly and gallant captain re.
turned IT. Trail your men,, said he, ""give three
cheers for the Herald, and let her lead the way
Three cheers for the Herald"" shouted the seamen
that's not afraid expose the abuses in the navy.
And three such deafeuing cheers received have
seldom been heard. play something lively, men,""
said the officer the band in the second barge and the
naval band s,ruck up See the conquering hero comes
We then led the WY under the Battery bridge, the
beautiful little fleet Of boats following in wake
trailing their under the bridge. Give way, men,
said Tom Boxer his srew-""give way, and pass
athwart hawse Of the srius~ They did so; We
stretched out towards the Havre packet, Burgundy.
lying in the sream-went round the bow Of the Sirius
and Ieaping into the arbesrd fore chains.
welcomed on her quarter deck by her handsome, gal
liant and generous commander Capt Roberts.


And from the quarter deck Of this truly noble crah
was be . sight that wc shall long remember
The 25 Navy boats sweeping gracefully round the
of the Sirius her larboard quarter in three
lines; they reached the ship they closed in landed
shs vsters and dropped in long line, the
cexswain in the bow Of each boat holding with his
boat hook TO The boat ahead IF him.


The American flag. the stars and stripes waved
gracefully from the Of each boat The Sirius had
the back stays OF each mast decorated with about 60
flags of diheren, nstionsihe ""metcor flag"" Of merry
Old England, floating proudly in the breeze, at her
stern. The handsome packet ships had their oolors
fying--the Bsery and the whole front of the Castle
Garden crowded with well dressed spectators-,he
NORTH river was covered WIN Deab-anu large steam
ferry boat filed with passengers, came up the
board qssrter, with band playing "" Hail Columbia""
The band board the Sirss struck up Yankee Doc
die, and the band in the navy boats played ""Rue
Britannia"" The sight Of the most cheering
and animated No words can do justice 10 IT.
the fertile imagination must fall short in its
eeytons Of H. Those who saw IL alone understand
and appreciate IL.


AT the side ON deck of the Sirius stood the gallant
John Dudley bare headed usher up the visitors. At
his side stood Captain Rsberts- The British Conssl
6rston deck, and introduced the Mayor and Cor
poration, AZ they came up God bless You all, my
boys"" said the warm hearted Roberts. !"" God bless
you.-go bclow-mske bones about it-fsll to, and
eat like fghtus cocks""


Whitaker and Briggs, well dressed and well looking
ushered them down stairs, where the handsome gew-
ardess smiles from ALL and made havoc with many
hearts.


Down stairs they all and filled the saloon
This besuful apartment contained large cress table AT
abe head fanked by two side tables, together with
long table down the These four were covered
with the mos, costly and sumpaous vsnds and wines Of
MI descriptions


Captain Roberts sat a, the head Of the saloon sun
ported the right by the Mayor and Benson the Pres
sdent &C the Board and the left by Hoxe a. Chair
snan of the Committee Of Arrangements and The Brush
Consul Judge Lowndss, Taylor, Randall Smith pot
,er sandy Welsh, &c. &e filed the side tables.


Fall TO- nay fine fellows, said Roberts and a, II wen,
all Aldrrmeu like hungry solvcs Nevex Ala -.",,Morning herald. [volume] (New York [N.Y.]) 1837-1840
1838-02-23,"LIOLT'S HOTEL-The propretors OF this well known


and popular establishment IN conforming the wishes
and r., solicitations Of their
TONERS, have determined that and ser Of Feb
rusry they viii eosduct their House Europe
plan, where citizens travellers lodgiag
spsrtrent without board; and TO those whs choose
have their meals in the building regular
Table set ri the usual hours OF breakfast end table
rem ~ I'LL for dinner, served 10 the best wah all the
Injuries mark Affords dbed order, he paid
according rates Of biz OF fare placed daily before them
The bars viii he furnished with the best of Wines ssd Liquors


the cooks and walters OF the first every thing done
the Of the propfietors render comfortable all tse
who please ~ faver them with call


N The Lodging Department viii be conducted BY Asa
HOLT.


The Eating Department by ROBERT MOORE sad IRA
COBURN


J,nssry 81, 1888.


The Morning Evening papers Of this city will please
py the above and insert week, and send the bill 10 the
Hotel N1m",,Morning herald. [volume] (New York [N.Y.]) 1837-1840
1838-01-19,"Doctor Carpenter having had the advantages regular
medical education, and having received his Diploma
practice OF Physc and Surgery from the New York
Medical Society. AMI favng had general
and successful practice this city, personal
undivided attention the all diseases
raii humanity, and particularly certain class OF
diseases for which nosums AND plans OF medicine
abound IN the columns OF the newspapers Diseases require
t. be treated ayreenby 10 the symptoms that prevail
and the various stages and changes they may
hence the least reflection thai
no specific nos,rum can be applicable to all cases.


The extensive experience OF DIR Carpenter in all
varieties OF this disease, enables Kim offer speedy and
thorough and adept class medicines so arranged
and compounded offend lead TO suspicious
compounds totally unknown the ordinary quasks the
day.


b Separate have been arranged for
The privacy Of patients. who contact
Charges moderate and adapted the capacity the patient
An nfalIle preventive Of certain diseases We
the ofice-Price. So linn","- DIsP I'm sAKI, 40. 4, Pc OK sir, frs, door",Morning herald. [volume] (New York [N.Y.]) 1837-1840
1838-03-09,"REGULAR COMMUNICATION.


u Remittanccs and drafts with freight and passage and
from Great Britain and Ireand--ROCHES COMMERCIAL
LINE. The Subscribers respectfully intimate their friends
and the pubcg eneray that they into early
with them for the bringing their families
and friends by the early sprRg shps-the FIRST OF which will
running from Liverpool the Isl February 1885,
and will continue regularly every week afterwards
afordug thc most desirable and eligible Convey
ance they can have.


The detention of vessels Liverpool engaged this trade
having heretofore been great and just Of complaint
the subscribers DESTROYS NJ removing despatch
ing vessel every week from Liverpool effect the perma
establishment Of such regulations their days sailing
will give entre satisfaction shippers and further In
ducenen for them give preference their Line all
rany transient vessels we EuaraRtee they shall invariably
sail the appointed day. full full and take freight
when opposed any transient vessel at such rates will In
the support and preference shippers by this Line.


The employed for the convenience OF their passn
gers vrrpool OF the first cass-runnng regularly
day from the deten ports of Ireland and Scotland
convenience OF importance 10 those residing the
ports.


In relation rcmtsnces their drafts post
Bank Of Ireland"" are paid At sight free Of dsoua
charge province ana counyb sides in the inland
answering the Bank Of Ireland
inconvenience only by this establishment.


Their drafts well orders be forwarded by
the regular packets sailing the st sth l6h and Path o
each month In the year, Those residing In the country
address by letters tpos paid which will be Punctuay at
tended Further particulars be asceaned appea


daoSsm. ROCHE BROTHERS 4 co.","LIVEKPOOL AM NEW YOtSk Goa.


MERCIAL me PACKETS.
Ill ri iii III",Morning herald. [volume] (New York [N.Y.]) 1837-1840
1838-04-17,"Copy vi litter received through The post Office
aar j Lcvison 5 Division Il. dew York


Dear srAt the r. quest % Trend who has lately been
liberated from The angs uf acon by the aid your
Eaole Hunters Red Drop address lie you his
hand, having been radically cured by magic it
were, (usng Only part of pha OF dang disease
which he rasy exposed hne usguarded heur but
haviRe received both and lesson, il indeed truly
grae'u Tor the and hopes receive sautay benefit
from the other myself who witnessed its effect, testify
10 MS merits, and Christian philanthropi
wish that the public may be made acquainted with its
utility.


pour thy balm upon wounded orld


And let the banner of disease be furled-


Les enbers reiume-while YET one sparks alive,
And bid the kadlHg glow OF health revive
Extend thy arm-the sufferers pang appeass,
While grooming meath the demon OF Disease
And grateful hearts shall all Thy repay
When stern afnctionss chains burst away.
Deencelcss youth-if PASSIONS firm control
Has placed thee where dark Of angusb roll,
Where sorrow rsigns, and storms OF suIerng fall
Where mercy's ear meier needs thy pigeons call
Then flee to him who kindly holds for thee
Those precious Drops that soothe and set theefrse-
And when thy ust Affections i DER,
Go, rescued ""child of wrath, . sin mere""


Yours rssreciiully, K. u. p
Sold at No 5Dvison 81 Pnce 81 per bottle This letter
can be at the Office.


b. The pubic viii please take notice that the genuine
Hunters Red Drop be obtained other place the CT
ty but Division 81. M28lm-","

4 yITNTEP,s M M 49, H., - - -",Morning herald. [volume] (New York [N.Y.]) 1837-1840
1838-08-21,"Praise who will the duller liquor,
JUICE Of Portugal or Spain;
Fill for me with lighter-quieker-
Fill for me with Rose Champagne.
See the glass its feam upgiving,
Creamiag-beading- round tie hria,
Such we've old Anscreea living,
Such should be the wine for him!
Elixir blesi! Racchus and Flora,
Twas he propnsed-she smiled G. mpiarce-
Thea spell for mortal sorrow,
Thee devised in COY alliancr,
Full Of the plan. they leapt selightsd
From leafy couch, where each reposes;
And while they piled their task united,
(Oae gave the grapes, and one the roses,)
Young Love stood near, with curious ewes,
And heedful watched the cbemic union,
And smiled 10 think how, by and bye.
The play oflooks the souls communion,
Ane the tied tongues first liberty
Should thrive beneath that magic essence.
And wkat, thou glorious alchemy!
What though thy primal enervescence.
Like Lave's, too bright-too dear TO stay
Like Loves die alAlost In the tasting
Yet each snatch, as best may;
All. why are both 80 little lasting,",Champagne Rose.,Morning herald. [volume] (New York [N.Y.]) 1837-1840
1838-07-25,"LONDON, July Z, 1883.
have scarcely any either In money or commercial
matters tocsmmunIcac to there co bust
ding last affect tie srkes the 9TH
which be solely attributed the Coronation Of our
young Queen the slightest disposition was shown on
either the part Of the merchant broker business
TO extent 10 short the week complete hold ""
making throughout the country. Business again
resuning It's former appeal and msney has
freely this week and although the dividends due Il
month will not he paid usl Monday nex the Of nlerf
both for long and short periods Is lower We had
arrivals fsm side viz the George Washington and the
Quebec but they did bring either in po
ideal matters or he Of the stocks, bad particular
Ell the market here hut the prices coanue firm
and graz uay advancing having been Prety fair
demand Tor American securities this and several trans
sections having taken place the quotations marked in he
list.


The frem your side expeced To arrive the lat.
ter end 81 tails week.


ness doing in the money markell The following are the Off",From our spec al correspondent. 4,Morning herald. [volume] (New York [N.Y.]) 1837-1840
1838-06-01,"VISITING CARDS in plain writng the Italian and fancy
hands printed The polished German Porcelain Card may
he procured nj the Of Maiden Lase Broadway
sTOUs Engraving Establishment, where specimen
may be


Also, silver plated Number plates the plaag OF
which uncommony thick the silver being expressly rolled
Cor the advertiser.


Merchants Commission Cards executed with dne ess and
taste.


order.


Brass Door Plates Knockers, nc.


STOUT, corner OF Maiden Lane
ale5m and Broadway.
III MRS. BIRD, Midwife and Femai- hyscisn has re.
moved TO 372 Bawery door above Beecker street
ladies be accommodated with board pleasant furnished
and the best OF attendance during their
MIS- srd costumes be consulted all incidental
10 females. Advice gratis .3n.","NORTHUMBERLAND.


CARDS.


AT f79 nm nAnWAv",Morning herald. [volume] (New York [N.Y.]) 1837-1840
1838-05-24,"SAMUEL wooDwokTH.
How dear TO this heart the scenes OF my child HOOD
when fond recollection presents them 70 view!
The orchard the meadow, the deep tangled wild wood,
Asd every loved spot which m, infsncy knewi
The Wide spreading pond and the mill which Sood by it,
The bridge aad the rock where the cataract fell
The cot Of nav father, the dairy house nigh IL


And cen the rude bucket that nung IN the well
The old eaken bucket, the iron. boand bucket
The moss. covered bucket which hung In the well
That moss covered vessel hail AZ treasure;


For slten, al noen, when returned from the fs Id,
j found il the source OF an exquisite pleasure,


The puresi and sweetest that ure can yield,
How ardent seized il, with hands that glowing
Ana Quick to the white pebhled b,liom II fell;
Then with the emblem OF truth overfs wing;
Ana dr piping with cooness, il rose from the well!
The old oaken bucket, the iron bound bucket,
The mess-eovcred bucket arose from the well.
How sweet from the green messy brm TO receive il,
As poised on the oarb il inclined tc nay lips!
Not full blnsang goblet could tempt me 10 leaveit,
Though filed with the nectar which Jupiter sips.
And Tar renewed from tAe loved situation,
The tear Of reg ret wilt intrusvey swell,
As fancy reseru 10 my iathers plantation,


And sighs ter the bucket that hung in the well;
The old osken bucket, the irenboan bucket
The mess-covered bucket that hangs in the wei.","



nv sAmuxL woopwoKrH.",Morning herald. [volume] (New York [N.Y.]) 1837-1840
1838-05-16,"DIAPHANOUS WINDOW SHADES,


WARRANTED


TO WASH WITH SPONGE AND WATER


AND TO STAND ALL CLIMATES.
These elegant and graceful creations of much pa
tronzed by the ahonabes Of Paris and London-mus be
@ e appreciated. They
UNITE FASHION WITH TASTE AND ECONOMY,
equally suited for the drawing paor boudoir
bedroom and universally admired for their novelty,
beauty for their pleasing and cheerful appear



sponge wipes these shades clean and r
freshness snd beauty With ordinary they mill years.
and consequently at their present low prices. they
NOT ONLY THE MOST ORNAMENTAL


BUT THE CHEAPEST AND


THE MOST ECONOMICAL


WINDOW SHADES


EVER OFFERED TO THE PUBLIC.
Sold wholesale and retail, by X. DOYLE,


Bcekman street, Clinton Hall
And by A. LENT SIT Broadway.
my3-lm Opposite Nbls's Gardens.",,Morning herald. [volume] (New York [N.Y.]) 1837-1840
1838-10-12,"EDINBURGH pEGETABLE UNIVERSAL


MEDICINE.
CULLEN'S PRSPHYLACTIC PILLS All
~ who recommend them These pts have b.rn bit
very short ue before the ublc he general has from
be- OF the most unnu ed
al Efficacy dssvsd the hghes
responsibility but uenaine TIN they should &c Introduced
solely by their merits and tecr hss-dupan
tneir virtues, determined fer tesnin
their favor except such should spontaneously arise
where the facts be refer
and suffering humanity derive the seneht Despsng
and GINNING the m positions practc al the pess day
which makes the judcou gieve, and causes
even creduty itself viii wonder he will simply say,
TkY THEN-the most skepucal will be convinced.","HEALTH PRESERVED AND DISEASE


CURED BY THE Use OF THE",Morning herald. [volume] (New York [N.Y.]) 1837-1840
1838-08-22,"SAILING or THE EXPLORING ErPrDrrIos.-Asou'
four o'clock on Saturday afternoon, the squadron got
under way from Hampton Roads, and about dusk had
advanced beyond the Light boat the yincennes in the
rear.


The Squadron got TO that evening"" as no ship war
visible early yesterday morning in the bay.


The names OF the vessels composing the Squadron
and their Commanders, are follows


sloop II war vincenres, Lieut. Wilkes comm snaing
she squadron ship Relief Lieut. Long; Sloop Of war
Peacock, Lieut.. Hudson brig Porpoise Lieut.. Ring.
gold sehr. Plying Fish, Passed Midshipman Knox. snd
schr Sea Gull, Passed Midshippsn Reid. The sehs.
are pilo; boat built and Of the rise Of 100 tons.",,Morning herald. [volume] (New York [N.Y.]) 1837-1840
1838-06-25,"~ THE subscribers Sole Propretos and Manu-
prepared execute, WITH despatch, all for their
Unrivsed PaenI Sweled seam Wndsss Bedsteads which
almost universally used, beng the best article
yet Notwithstanding case, and ability.


The saskng acted upon the wndass led beam,
Is made perfectly light, and free from ali liability sag still
eaving tie same which tenders particularly
ple in construction; the rater OF putting and
taking down. will ousd of but t. trouble comparison
other eoH, whilst the prrces with
which the component paris hued a safeguard
against the inroductios OF any Kind af vermin


taken each Bedstead perfect their
qualities durability will recommend them purchaser
who invited call and examine large assortment now
hasd.


Also larC, assortment Of elegant Furniture Mattresses
Feather Beds. nc constantly on haso.


j. W. c. sou fHACK, No 1906 Broadway,


isi5y opposite the Franklin House.","PATENT wINDLAss
II r. ID = II H. ""A ID J.",Morning herald. [volume] (New York [N.Y.]) 1837-1840
1838-01-17,"DGOSSn N OOs's One Fr1ceu H8t STORE.
II THE subscribers since the year 1884. have aimed 81
furnishing the Pnblic with elegant and substantial
hat 0i the most graceful form the accommodating
price Of So They can say that their efforts have
heeR with triumphant
tured by them during the last three months surpass beauty
and finish any heretofore offered and stand preennsnt
among those higher prices by the part Of
the community


They have just completed their paiu
Caster Hat for $3.50, which point finish,
gance OF orra and general will
oil me hghes prices All sales for cah and deviation in
price.


BROWN co.
s'e-S-nS liza Chatham Square. Mot II",,Morning herald. [volume] (New York [N.Y.]) 1837-1840
1838-09-22,"FOR COPYING LETTERS, INVOICES,


DRAWINGS, PLANS, nc. NC.
THIS invention will produce letter with It's copy z one


operation or, required, letter with two FAC smes 70
abroad with asngis pen se) which 50 durable thai
II will last for centuries without repair 80


This extraordinary spparatas IL simplicity and des
patch in operation well portability construction adj
irably adapted solicitors merchants and persons travelling
going abroad; they strongly recommended with
the recently improved Copying and Carbonic Paper which
quite free frcm smelly TO the clergy members OF Congress- LIE
gssures Bakers Commission Merchants, Brokers' and 70
all who to write and desire to keep copies
send duplicates abroad whom II will prove great saw
ing of time, trouble and expense


Wilson'S Improved NOctagraphs.
ny this invention persons who have had the misfortune
ese their sight, others enabled TO wrt Ell
Their single duplicate without The aid OF person wnat
The apparatus very simple In its ING
mode operation that Is impossible fall OF Answehk
purpose with the least possible trouble to the writer
II also particularly adapted the circumstances neI
and aged persons, who find a difficulty in managing
Pens and Rk the Pens requiring No repairs or reed
ing, and the Ink perfectly portable and cannot blet
Mandatory, 40 Nassau 3doorsrom Maiden lane.
O-lvuu","WILL SON'S


HIGHLY IMPROVED
p K II MANIFO ID w Fit II IL ,,",Morning herald. [volume] (New York [N.Y.]) 1837-1840
1838-07-30,"PUBLIC LiDRARY-The Boston Daily Advertiser,
few days since stated that distinguished citizen Of
New York had made splendid donation to the city, for
the purpose Of establishing public library The state
rnent made in the Advertiser being somewhat indef-
nts that paper Of Thursday has the following paragraph
the subject.


""Mr. John Jacob Aston, with an enlightened and
liberal spirit which does him immortal honor, has made
10 the corpor alton Of the city Of New York donation,
amounting to s35.ooo for the establishment Of Public
Library including lot Of land most eligby situated
fer the erection Of building for the accommodation Of
the institution We cosld ether particulars,
but we deem proper wait sntil they shall reach
from another source""",,Morning herald. [volume] (New York [N.Y.]) 1837-1840
1838-08-13,"The Exchange Bank OF Virginia asost 60 into opera


ton mselng OF the Directors the sh inst the tel
lers aad clerks appointed.


From parts o the country symptoms of resump-
Jon are daily becsming visible. The Harsbsreh Bank and
the Per yana rsdeeung their notes
specie aad have already paid out, respectively 800 dollars
per aay.


from the ssuih and soaih give but little
hope resumpuoa in those quarters least until the
January, 1885, o. this subject Nashville whig has the
following


viii banks be- prepared the 6 OF January Tbiss


question frequently asked, and which would change
enquire the banks be prepared. Then might
safely reply in the Affirmative The Planters Union
Banks by cooperation with each Other and with the
bank their affairs by the time named,
think be by the coxor ofheir
and liabilities; although II may be small sacrifice the
stockbodern consideration by the that
reg arded when the creditof the bank n stake.",,Morning herald. [volume] (New York [N.Y.]) 1837-1840
1838-09-28,"Y The Subscriber, in returning his
past avor would respectfully inform his and the
public Ia that he has received direct from France
another of those superior French Calf Skins that have
given so much satisfaction for the ast two years.


Gentlemen leaving their measures, have their Boots
made Of substance without the least fear OF their breaking
Ths has bee consideration that has claimed the aen
ton OF the subscriber for he has much
sure In assuring the public that his Boots usually
out the second or third sole without breaking


Customers to leave their orders for their fan
work as early possible particularly those for OPERA Corr
Sole, or Water PTosf Boots


Strangers visiting the city invited to call and
his mach admired Gentemens CATERS whch have in great
measure superseded the Use OF Opera Roots.


Southern and Wese Merchants giving their orders for ua
werk, requested examine endd article Of Opera
Dress and Cork Sole Boots Genenen's Caters, ar Nsyr
shoes making for the New Orleans, Mobile and Vcxsburi
markets


Ali orders thankfully received ard punctuay attended
particularly those for cash. URIAH RYDER,


au4dtOp Ne. 5 Beekman ST. Clint Hail.",,Morning herald. [volume] (New York [N.Y.]) 1837-1840
1838-01-17,"REGULAR COMMUNICATIONS


Il Remittances and drafts with freight and and
from Great Britain and Ircland-ROCHES COMMERCIAL
LINE The subscribers respectfully intimate their friends
and the public cneray that they early
rangen~nts with them for the bringing of families
and friends by the early spring hpsthe FIST which will
running from Liverpool the LIST February
and Will continue 20 TO regularly week
ahordrg to enisrans the desirable eligible coavey
ance they can have.


The detention of vessels Liverpool engaged this trade
having heretofore been great and complaint
the subscribers DESTROYS of removing
ing vessel every week from Liverpool effect perma-
nent establishment OF such regulations sailing
as will give eatire Satisfaction to shippers
aucemen for them to give preference their Line over all
Or any transient vessels they shall invariably
when opposed 10 transient viii
sure the support and preference shippers by this Line


The steamers employed for the efter passsn
gers To Lyrpooi OF the FIRST clas-running regularly
every day from the different ports OF Ireland scotland
convenience OF importance 10 those residing the
ports


In relation to remsnces, their drafts pos, the
Royal Bank OF Ireand are paid al sight free OF discount
charge n every province and sides
aconvenence only by this establishment


Their drafts well passage orders he by
the regular packets, sang the lt sh i6th, and
each month in the year. Those residing the eountry can
address by letters tpost pad) which will be punctuay
tended to- Further particulars be ascstained sppca
toe ~ 81 South street, New York.


dso5m. ROCHE BROTHERS CO.","LIVERPOOL ANT NEW YORK COM


MENCIAL LINE Packets.
iii M4 Iii Iii",Morning herald. [volume] (New York [N.Y.]) 1837-1840
1838-02-12,"Edsesa VIII use alone o. BkAs sG RS vegetable
Universal rs are published for public perusa Its TO be
hoped they WIN be read Without prejudice 9itt
Case VII. Inaamnatory Rheumalism--Mrs Thomas, In
IL ~ took heavy cold
with distressing akness which continued
dca had in The case is well 10 observe that
The time OF commencing with the Pills. scarcely able
their she induced to make trial Of them The first
few doses afforded relief Being encouraged she
result that after ung the above medicine about six
wess The found sers nS only eprsd Of
ed IKE darkness before the mornng sun signed,


Vine street, between sth and 10th streets Philadelphia
Case VIII. Dyspepsia, pain in the side, head, &c Mrs.
Wsch living in Market s. near isih Phi!sdepha had been
pain in the left sde dizziness and pain IN the stoach had
but without receiving any essential benef; induced
throus the oil her friends make trial
without effect she felt almost discouraged
tossment the medicine accomplished what all others had
her anguine hopes The symptoms yielded after
aao,her she happy to state mat she enjoys better
Vegetable Universal Pills for her Hassnce recon-
long time with complaint her noe which she pleased
doing WELL and appearance being completely
Case TX. Consumption, caused by Worms This medicine
has been found ngulary effective In expeiag Worms Mrs
afflicted years with pans her side and breast
attended with gaawng sensationin the stomach Her ply





at time she had the consumption another time the liver
hsr % me Is osn Ser
The short space Of days over 1000 various zes
Of health sunooLed for by herself astonishing
Case x Tape Worm David Andrews, an apprentice 10
Mr. Myers pump maker Queen street, between Front and
second streets had been complaining long with pains
mes had become reduced mere Skeleton, was ad
ysed by bis friends make trial of the Brandreh Pills few
length needess TO add that after this he mended apace
and soon in the enjoyment at SOUND health


said worm can at any time be seen at the Philadelphia Of
fee, 1853 Race street


permitted 10 make public, although She has kindly permitted
10 refer suy peson e her. afflicted much lathe
NumberIess other Instances have occurred similar to the
detail ''' '''' - 'p''e ""' pe''' - s'e :
only another link the strong chain of evidences in proof Of
the virtses of your excellent Pills


Case XII. MISUNDERSTANDING ine, April 4 1sS7-Mr
William WIight Dear S-In the winter of 1885, ny wife
very much afflicted with inaammatory rheumatism, SO
together durag which time she had tried Of
%eOsns whsq p ens hearing
give her ,hem Before she had used br1es perfect cure


- EDWARD PRICE
Case KILL serU y highly
requests that his may appear in the
the
eraned upon him. Hshad been afflicted with scroua since





ment OF some OF the most eminent faculty of Philadelphia
without receiving other thar partial relief thinks he had used
much fifty dollars worth OF Swars Panacea but TO
effect He had tried the Th0mpsonan medicines ee ctualy
received benefit and finally induced make
trial Vegetable Universal Pills, although he confessed
that could have been preudced against the
medicine than himself 1t appeared him impossible
medicine simple In its operation to perform much but
after using few boxes his doubts all which
before he began The Pills entire ulcer
though dreadfuy ed completely healed
healthy enable him shave with comparative
comforts and one efhs arms which was fearIuy liberated
is now, lac thinks, perfectly sound.


NJ B. His address is left at the Philadelphia Office, l6s
Race street.


Epe Psy falling Sickness astonishing results
have followed the of the Pills. They have invariably,
when with according drecen obtained
pete triumph over this most distressing disease.


We have several certificates Of OF this dreadful
pant only Philadelphia bu also in the surrounding
country and where they have been afflicted



Case XIV. Eplepsy-A gentleman Twin the upper part
Of Philadelphia bad been troubled with the complaint
IA the fit becoming and frequent and with
increasing Violence until he Mad become almost incapable
attending business length last resort he made trial
effect upon him the FITS Immediately began subsde,
he thinks himself perfectly free from the above complaint
having had any for i've months Several
similar the above have under my immediate OBJ
servaon all proving the extraordinary Of the Brand
reth Pitts removing diseases OF apparently obst
nate character Ia fact making words true there
is necessity for any other medicine""


There things mpertaRt-io procure the Genuine
and purchase sf Drug Stores


DIR. BRANDRETHS Offices in New York are-E


Prncpa-ls7 Hudson street


Ceutrsl-i Spruce street.


Bowery-276 Bowery.


Beware Of Oounterfehs. jlSlnt
ETnrU a ~ N n 4 n TInnVUN """,,Morning herald. [volume] (New York [N.Y.]) 1837-1840
1838-01-17,"The reported failure of this bank attributed to its
with the Commonwealth Bank 1t generally alledged that
both these banks have been runsd Ivy their with
the government and the influence Of spectators One half
of the Boston and Massachusetts, banks very
crippled condition We preparing full statement epara
ting the good from the bad in detail ard shall publish them


day or wo The subject has been taken up in the Massa
chusett Leg stature and there of
examination Great efforts making by the public prints OF
Boston the belief that all
and solvent When declarations of perfect sevency
made just before bank failed Can forget the
duct of the Dry Dock and other banks here We perfect
y satisfied that the revulsien among the banks will proceed
till half Of the existing institutions closed Nor
such thing to be feared amented produce PAN
ic. The foreign and domestic trade is this
sractng itself abetter and souHde Those
only who were demolished cry


From Philadelphia have received the aggregate bank
statements Of Pennsylvania for November last They
curious and instructive The following the banks
for the city of Philadelphia","EsEx BANK, CAMBRIDGE MASS.

$328.l53

$32s,l53",Morning herald. [volume] (New York [N.Y.]) 1837-1840
1838-03-31,"TIE Hos. MRs NoRTos, THE NovELrsr.-It is
with great that hear ot the serious illness Of
the Hon. Mrs Norton whose health has been for soms
time very delicate. The cruel circumstances which
have couded over and may perhaps put early period
to- the life Of OF the ceveres and beautiful
women Of our day known in part to the public.
Much there is Of mystery AND strangeness connected
with these events which both friends and enemies from
different motives determined the public shall not
know and which itself may only partially discover
The rumor now TO- that Mr. Norton has sworn never to
permit hs wife ., behold her children unless she return
his house and that for that end they have been co.,
signed the custody Of the husbands sister with strict
njunctions to aew commune alton respecting them
20 be forwarded to their mother.",,Morning herald. [volume] (New York [N.Y.]) 1837-1840
